model,iupac_name,template_index,true_label,response_type,predicted_label,matched_form,correct_strict,gold_contained,generation
meta-llama-Llama-3.1-8B,Propane,0,none (alkane),malformed,,,0,0,"(s) ____________.
A. alcohol
"
meta-llama-Llama-3.1-8B,Propane,1,none (alkane),malformed,,,0,0,":
A. Alkene
B. Al"
meta-llama-Llama-3.1-8B,Propane,2,none (alkane),non_answer,,,0,0," the same as the class of the parent compound,"
meta-llama-Llama-3.1-8B,Propane,3,none (alkane),non_answer,,,0,0, single carbon atom and three hydrogen atoms. It is
meta-llama-Llama-3.1-8B,Propane,4,none (alkane),non_answer,,,0,0, the methyl group (CH3). The methyl group
meta-llama-Llama-3.1-8B,Propane,5,none (alkane),answer_correct,none (alkane),Alkane,1,1,":
The correct answer is  Alkane.
"
meta-llama-Llama-3.1-8B,Propane,6,none (alkane),answer_correct,none (alkane),alkane,1,1, member of the alkane family. Alkanes
meta-llama-Llama-3.1-8B,Propane,7,none (alkane),non_answer,,,0,0, present in the molecule. The functional group is the
meta-llama-Llama-3.1-8B,Propane,8,none (alkane),malformed,,,0,1,"
A. alkane
B. alkene"
meta-llama-Llama-3.1-8B,Propane,9,none (alkane),non_answer,,,0,0, the carbon-carbon bond. The carbon-carbon
meta-llama-Llama-3.1-8B,Butane,0,none (alkane),malformed,,,0,0,"(s) of:
A. alkene
B"
meta-llama-Llama-3.1-8B,Butane,1,none (alkane),answer_correct,none (alkane),alkane,1,1, the alkane functional group. The alkane functional
meta-llama-Llama-3.1-8B,Butane,2,none (alkane),answer_correct,none (alkane),alkanes,1,1, alkanes. The functional-group class of an
meta-llama-Llama-3.1-8B,Butane,3,none (alkane),non_answer,,,0,0, carbon chain with four carbon atoms. The chemical formula
meta-llama-Llama-3.1-8B,Butane,4,none (alkane),malformed,,,0,0,":
A. Alkene
B. Al"
meta-llama-Llama-3.1-8B,Butane,5,none (alkane),answer_correct,none (alkane),alkane,1,1, the alkane functional group. The alkane functional
meta-llama-Llama-3.1-8B,Butane,6,none (alkane),answer_correct,none (alkane),alkane,1,1, member of the alkane family. Alkanes
meta-llama-Llama-3.1-8B,Butane,7,none (alkane),answer_correct,none (alkane),alkane,1,1, as an alkane. Alkanes are hydro
meta-llama-Llama-3.1-8B,Butane,8,none (alkane),malformed,,,0,1,"
A. Alkane
B. Al"
meta-llama-Llama-3.1-8B,Butane,9,none (alkane),answer_correct,none (alkane),alkane,1,1, the alkane. The alkane functional group is
meta-llama-Llama-3.1-8B,Pentane,0,none (alkane),malformed,,,0,1,"(s) of
A. alkane
B"
meta-llama-Llama-3.1-8B,Pentane,1,none (alkane),malformed,,,0,1,"
A. Alkane
B. Al"
meta-llama-Llama-3.1-8B,Pentane,2,none (alkane),answer_correct,none (alkane),aliphatic,1,1," aliphatic, the carbon-chain class is saturated"
meta-llama-Llama-3.1-8B,Pentane,3,none (alkane),non_answer,,,0,0, chain of five carbon atoms. The carbon atoms are
meta-llama-Llama-3.1-8B,Pentane,4,none (alkane),non_answer,,,0,0,"
The characteristic functional group of Pentane (CCCC"
meta-llama-Llama-3.1-8B,Pentane,5,none (alkane),non_answer,,,0,0,":
The functional group is the part of the molecule"
meta-llama-Llama-3.1-8B,Pentane,6,none (alkane),answer_correct,none (alkane),hydrocarbon,1,1, hydrocarbon. The molecular formula for pentane is
meta-llama-Llama-3.1-8B,Pentane,7,none (alkane),answer_correct,none (alkane),alkane,1,1, as an alkane. Alkanes are hydro
meta-llama-Llama-3.1-8B,Pentane,8,none (alkane),malformed,,,0,1,"
A. Alkane
B. Al"
meta-llama-Llama-3.1-8B,Pentane,9,none (alkane),answer_correct,none (alkane),alkane,1,1, the alkane. The alkane functional group is
meta-llama-Llama-3.1-8B,Hexane,0,none (alkane),malformed,,,0,1,"(s) alkane.
A. true
B"
meta-llama-Llama-3.1-8B,Hexane,1,none (alkane),malformed,,,0,0,"
A. alcohol
B. carboxy"
meta-llama-Llama-3.1-8B,Hexane,2,none (alkane),answer_correct,none (alkane),Aliphatic,1,1, Aliphatic Hydrocarbon. The functional-group class
meta-llama-Llama-3.1-8B,Hexane,3,none (alkane),non_answer,,,0,0, carbon chain with six carbon atoms. It is a
meta-llama-Llama-3.1-8B,Hexane,4,none (alkane),answer_correct,none (alkane),alkane,1,1,"
Hexane is an alkane with six carbon"
meta-llama-Llama-3.1-8B,Hexane,5,none (alkane),answer_correct,none (alkane),hydrocarbon,1,1,":
Hexane is a hydrocarbon with the chemical"
meta-llama-Llama-3.1-8B,Hexane,6,none (alkane),answer_correct,none (alkane),hydrocarbon,1,1," hydrocarbon. It is a saturated hydrocarbon,"
meta-llama-Llama-3.1-8B,Hexane,7,none (alkane),answer_correct,none (alkane),alkane,1,1, as an alkane. Alkanes are hydro
meta-llama-Llama-3.1-8B,Hexane,8,none (alkane),malformed,,,0,1,"
A. Alkane
B. Al"
meta-llama-Llama-3.1-8B,Hexane,9,none (alkane),answer_correct,none (alkane),alkane,1,1, the alkane. The alkane functional group is
meta-llama-Llama-3.1-8B,Propan-1-ol,0,alcohol,answer_correct,alcohol,alcohol,1,1," of an alcohol. It is a colorless,"
meta-llama-Llama-3.1-8B,Propan-1-ol,1,alcohol,answer_correct,alcohol,hydroxyl,1,1, the hydroxyl group (OH). The hydro
meta-llama-Llama-3.1-8B,Propan-1-ol,2,alcohol,answer_correct,alcohol,alcohols,1,1," alcohols, and the functional-group type is"
meta-llama-Llama-3.1-8B,Propan-1-ol,3,alcohol,answer_correct,alcohol,hydroxyl,1,1, hydroxyl group (OH) and a methyl
meta-llama-Llama-3.1-8B,Propan-1-ol,4,alcohol,answer_correct,alcohol,hydroxyl,1,1, the hydroxyl group (OH). The hydro
meta-llama-Llama-3.1-8B,Propan-1-ol,5,alcohol,malformed,,,0,1,"
A. Alcohol
B. Aldehyde
"
meta-llama-Llama-3.1-8B,Propan-1-ol,6,alcohol,answer_correct,alcohol,alcohol,1,1, primary alcohol. The functional group is the -OH
meta-llama-Llama-3.1-8B,Propan-1-ol,7,alcohol,answer_correct,alcohol,alcohol,1,1," as an alcohol. It is a colorless,"
meta-llama-Llama-3.1-8B,Propan-1-ol,8,alcohol,malformed,,,0,1,"
A. alcohol
B. ether
C"
meta-llama-Llama-3.1-8B,Propan-1-ol,9,alcohol,answer_correct,alcohol,hydroxyl,1,1, the hydroxyl group. The hydroxyl
meta-llama-Llama-3.1-8B,Butan-1-ol,0,alcohol,answer_correct,alcohol,alcohol,1,1, alcohol. The alcohol group is a hydroxyl
meta-llama-Llama-3.1-8B,Butan-1-ol,1,alcohol,answer_correct,alcohol,alcohol,1,1, the alcohol group (OH). The alcohol group is
meta-llama-Llama-3.1-8B,Butan-1-ol,2,alcohol,answer_correct,alcohol,alcohols,1,1, alcohols. The functional group is the hydro
meta-llama-Llama-3.1-8B,Butan-1-ol,3,alcohol,answer_correct,alcohol,alcohol,1,1, primary alcohol functional group. The IUPAC name
meta-llama-Llama-3.1-8B,Butan-1-ol,4,alcohol,answer_correct,alcohol,hydroxyl,1,1, the hydroxyl group (OH). The hydro
meta-llama-Llama-3.1-8B,Butan-1-ol,5,alcohol,answer_correct,alcohol,alcohol,1,1, an alcohol group. The alcohol group is a hydro
meta-llama-Llama-3.1-8B,Butan-1-ol,6,alcohol,answer_correct,alcohol,alcohol,1,1, primary alcohol. The IUPAC name for But
meta-llama-Llama-3.1-8B,Butan-1-ol,7,alcohol,answer_correct,alcohol,alcohol,1,1, as an alcohol. The alcohol functional group is a
meta-llama-Llama-3.1-8B,Butan-1-ol,8,alcohol,malformed,,,0,1,"
A. alcohol
B. ether
C"
meta-llama-Llama-3.1-8B,Butan-1-ol,9,alcohol,answer_correct,alcohol,alcohol,1,1, the alcohol group (COH). The alcohol group
meta-llama-Llama-3.1-8B,Pentan-1-ol,0,alcohol,answer_correct,alcohol,alcohol,1,1,(s) alcohol. The alcohol functional group is a
meta-llama-Llama-3.1-8B,Pentan-1-ol,1,alcohol,answer_correct,alcohol,alcohol,1,1, an alcohol. The alcohol functional group is a hydro
meta-llama-Llama-3.1-8B,Pentan-1-ol,2,alcohol,answer_correct,alcohol,alcohol,1,1," alcohol, and the molecular formula is C5H"
meta-llama-Llama-3.1-8B,Pentan-1-ol,3,alcohol,answer_correct,alcohol,alcohol,1,1, primary alcohol functional group. The functional group is the
meta-llama-Llama-3.1-8B,Pentan-1-ol,4,alcohol,non_answer,,,0,0,"
The characteristic functional group of Pentan-1"
meta-llama-Llama-3.1-8B,Pentan-1-ol,5,alcohol,answer_correct,alcohol,alcohol,1,1, alcohol. The functional group is present at the end
meta-llama-Llama-3.1-8B,Pentan-1-ol,6,alcohol,answer_correct,alcohol,alcohol,1,1, primary alcohol. The functional group is the -OH
meta-llama-Llama-3.1-8B,Pentan-1-ol,7,alcohol,answer_correct,alcohol,alcohol,1,1, as an alcohol. The functional group is the -
meta-llama-Llama-3.1-8B,Pentan-1-ol,8,alcohol,malformed,,,0,1,"
A. alcohol
B. ether
C"
meta-llama-Llama-3.1-8B,Pentan-1-ol,9,alcohol,answer_correct,alcohol,alcohol,1,1, the alcohol group (OH). The molecule is a
meta-llama-Llama-3.1-8B,Hexan-1-ol,0,alcohol,answer_correct,alcohol,alcohol,1,1, of an alcohol. The alcohol functional group is a
meta-llama-Llama-3.1-8B,Hexan-1-ol,1,alcohol,answer_correct,alcohol,alcohol,1,1, an alcohol. The alcohol functional group is a hydro
meta-llama-Llama-3.1-8B,Hexan-1-ol,2,alcohol,answer_correct,alcohol,alcohol,1,1, alcohol. The functional-group class is the class of
meta-llama-Llama-3.1-8B,Hexan-1-ol,3,alcohol,answer_correct,alcohol,hydroxyl,1,1, hydroxyl group. It is a colorless
meta-llama-Llama-3.1-8B,Hexan-1-ol,4,alcohol,answer_correct,alcohol,hydroxyl,1,1, the hydroxyl group (OH). The hydro
meta-llama-Llama-3.1-8B,Hexan-1-ol,5,alcohol,answer_correct,alcohol,alcohol,1,1, alcohol. The alcohol functional group is a hydrox
meta-llama-Llama-3.1-8B,Hexan-1-ol,6,alcohol,answer_correct,alcohol,alcohol,1,1, primary alcohol. The functional group is the -OH
meta-llama-Llama-3.1-8B,Hexan-1-ol,7,alcohol,answer_correct,alcohol,alcohol,1,1, as an alcohol. The alcohol functional group is a
meta-llama-Llama-3.1-8B,Hexan-1-ol,8,alcohol,non_answer,,,0,0, alkanol. The functional-group identity of Hex
meta-llama-Llama-3.1-8B,Hexan-1-ol,9,alcohol,answer_correct,alcohol,alcohol,1,1, the alcohol group (COH). The alcohol group
meta-llama-Llama-3.1-8B,Propane-1-thiol,0,thiol,answer_correct,thiol,thiol,1,1, thiol. It is a colorless liquid with
meta-llama-Llama-3.1-8B,Propane-1-thiol,1,thiol,answer_correct,thiol,thiol,1,1, a thiol group. The thiol group is
meta-llama-Llama-3.1-8B,Propane-1-thiol,2,thiol,answer_correct,thiol,thiol,1,1," thiol, the functional-group type is thiol"
meta-llama-Llama-3.1-8B,Propane-1-thiol,3,thiol,answer_correct,thiol,thiol,1,1, thiol group. Thiol groups are known to
meta-llama-Llama-3.1-8B,Propane-1-thiol,4,thiol,answer_correct,thiol,thiol,1,1, the thiol group (SH). The thiol
meta-llama-Llama-3.1-8B,Propane-1-thiol,5,thiol,malformed,,,0,0,"
A. Aldehyde
B. Ketone"
meta-llama-Llama-3.1-8B,Propane-1-thiol,6,thiol,answer_correct,thiol,thiol,1,1, thiol. Thiols are compounds that contain a
meta-llama-Llama-3.1-8B,Propane-1-thiol,7,thiol,answer_correct,thiol,thiol,1,1, as a thiol. Thiol is a functional
meta-llama-Llama-3.1-8B,Propane-1-thiol,8,thiol,answer_correct,thiol,Thiol,1,1, Thiol. The CAS registry number of the Pro
meta-llama-Llama-3.1-8B,Propane-1-thiol,9,thiol,answer_correct,thiol,thiol,1,1, the thiol group. The thiol group is
meta-llama-Llama-3.1-8B,Butane-1-thiol,0,thiol,answer_correct,thiol,thiol,1,1, thiol (SH). It is a colorless
meta-llama-Llama-3.1-8B,Butane-1-thiol,1,thiol,answer_correct,thiol,thiol,1,1, a thiol group. The thiol group is
meta-llama-Llama-3.1-8B,Butane-1-thiol,2,thiol,answer_correct,thiol,Thiol,1,1, Thiol (SH). The functional-group class is
meta-llama-Llama-3.1-8B,Butane-1-thiol,3,thiol,answer_correct,thiol,thiol,1,1, thiol group. Thiol groups are known to
meta-llama-Llama-3.1-8B,Butane-1-thiol,4,thiol,non_answer,,,0,0,"
The characteristic functional group of Butane-1"
meta-llama-Llama-3.1-8B,Butane-1-thiol,5,thiol,answer_correct,thiol,Thiol,1,1,"
The correct answer is  Thiol.
But"
meta-llama-Llama-3.1-8B,Butane-1-thiol,6,thiol,answer_correct,thiol,thiol,1,1, thiol. Thiol is a functional group that
meta-llama-Llama-3.1-8B,Butane-1-thiol,7,thiol,answer_correct,thiol,thiol,1,1, as a thiol. The thiol functional group
meta-llama-Llama-3.1-8B,Butane-1-thiol,8,thiol,answer_correct,thiol,Thiols,1,1, Thiols. The CAS registry number of the But
meta-llama-Llama-3.1-8B,Butane-1-thiol,9,thiol,answer_correct,thiol,thiol,1,1, the thiol group. The thiol group is
meta-llama-Llama-3.1-8B,Pentane-1-thiol,0,thiol,answer_correct,thiol,thiol,1,1, thiol. It is a colorless liquid with
meta-llama-Llama-3.1-8B,Pentane-1-thiol,1,thiol,malformed,,,0,0,"
A. Aldehyde
B. Ketone"
meta-llama-Llama-3.1-8B,Pentane-1-thiol,2,thiol,answer_correct,thiol,Thiol,1,1," Thiol (SH).
For Pentane-1"
meta-llama-Llama-3.1-8B,Pentane-1-thiol,3,thiol,answer_correct,thiol,thiol,1,1, thiol group. Thiol groups are known to
meta-llama-Llama-3.1-8B,Pentane-1-thiol,4,thiol,answer_correct,thiol,Thiol,1,1, Thiol (SH). The molecular formula of Pent
meta-llama-Llama-3.1-8B,Pentane-1-thiol,5,thiol,answer_correct,thiol,Thiol,1,1,"
The correct answer is  Thiol.
P"
meta-llama-Llama-3.1-8B,Pentane-1-thiol,6,thiol,answer_correct,thiol,thiol,1,1, thiol. Thiol is a functional group that
meta-llama-Llama-3.1-8B,Pentane-1-thiol,7,thiol,answer_correct,thiol,thiol,1,1, as a thiol. It is a colorless
meta-llama-Llama-3.1-8B,Pentane-1-thiol,8,thiol,answer_correct,thiol,Thiol,1,1, Thiol. The functional-group identity of Pentane
meta-llama-Llama-3.1-8B,Pentane-1-thiol,9,thiol,answer_correct,thiol,thiol,1,1, the thiol group. The thiol group is
meta-llama-Llama-3.1-8B,Hexane-1-thiol,0,thiol,answer_correct,thiol,thiol,1,1, thiol. It is a colorless liquid with
meta-llama-Llama-3.1-8B,Hexane-1-thiol,1,thiol,answer_correct,thiol,thiol,1,1, a thiol group. The thiol group is
meta-llama-Llama-3.1-8B,Hexane-1-thiol,2,thiol,answer_correct,thiol,Thiol,1,1, Thiol (SH). The functional-group class is
meta-llama-Llama-3.1-8B,Hexane-1-thiol,3,thiol,answer_correct,thiol,thiol,1,1, thiol group. It is a colorless liquid
meta-llama-Llama-3.1-8B,Hexane-1-thiol,4,thiol,answer_correct,thiol,thiol,1,1, the thiol group (SH). The thiol
meta-llama-Llama-3.1-8B,Hexane-1-thiol,5,thiol,non_answer,,,0,0,"
Hexane-1-thiol (CCCCCCS"
meta-llama-Llama-3.1-8B,Hexane-1-thiol,6,thiol,answer_correct,thiol,thiol,1,1, thiol. Thiol is a functional group that
meta-llama-Llama-3.1-8B,Hexane-1-thiol,7,thiol,answer_correct,thiol,thiol,1,1, as a thiol. It is a colorless
meta-llama-Llama-3.1-8B,Hexane-1-thiol,8,thiol,answer_correct,thiol,Thiol,1,1, Thiol. The functional-group identity of Hexane
meta-llama-Llama-3.1-8B,Hexane-1-thiol,9,thiol,answer_correct,thiol,thiol,1,1, the thiol group. The thiol group is
meta-llama-Llama-3.1-8B,Propanal,0,aldehyde,answer_correct,aldehyde,aldehyde,1,1, of an aldehyde. The aldehyde group is
meta-llama-Llama-3.1-8B,Propanal,1,aldehyde,answer_correct,aldehyde,aldehyde,1,1, the aldehyde group. The aldehyde group is
meta-llama-Llama-3.1-8B,Propanal,2,aldehyde,answer_correct,aldehyde,aldehyde,1,1," aldehyde, the hybridization of the carbon atom"
meta-llama-Llama-3.1-8B,Propanal,3,aldehyde,underspecified,,,0,0, carbonyl group. The carbonyl group
meta-llama-Llama-3.1-8B,Propanal,4,aldehyde,answer_correct,aldehyde,aldehyde,1,1, the aldehyde group. The aldehyde group is
meta-llama-Llama-3.1-8B,Propanal,5,aldehyde,answer_correct,aldehyde,Aldehyde,1,1,"
The correct answer is  Aldehyde.
Pro"
meta-llama-Llama-3.1-8B,Propanal,6,aldehyde,answer_wrong,ketone,ketone,0,0, ketone. Ketones are organic compounds that contain
meta-llama-Llama-3.1-8B,Propanal,7,aldehyde,answer_correct,aldehyde,aldehyde,1,1, as an aldehyde. The aldehyde functional group
meta-llama-Llama-3.1-8B,Propanal,8,aldehyde,malformed,,,0,1,"
A. aldehyde
B. ketone"
meta-llama-Llama-3.1-8B,Propanal,9,aldehyde,answer_correct,aldehyde,aldehyde,1,1, the aldehyde group. The aldehyde group is
meta-llama-Llama-3.1-8B,Butanal,0,aldehyde,answer_correct,aldehyde,aldehyde,1,1,(s) aldehyde. The aldehyde functional group
meta-llama-Llama-3.1-8B,Butanal,1,aldehyde,answer_correct,aldehyde,aldehyde,1,1, the aldehyde group. The aldehyde group is
meta-llama-Llama-3.1-8B,Butanal,2,aldehyde,answer_correct,aldehyde,aldehyde,1,1, aldehyde. The functional-group class is the first
meta-llama-Llama-3.1-8B,Butanal,3,aldehyde,underspecified,,,0,0, carbonyl group. The carbonyl group
meta-llama-Llama-3.1-8B,Butanal,4,aldehyde,underspecified,,,0,0, the carbonyl group. The carbonyl
meta-llama-Llama-3.1-8B,Butanal,5,aldehyde,answer_correct,aldehyde,aldehyde,1,1, the aldehyde group. The aldehyde group is
meta-llama-Llama-3.1-8B,Butanal,6,aldehyde,answer_wrong,ketone,ketone,0,0, ketone. Ketones are organic compounds that contain
meta-llama-Llama-3.1-8B,Butanal,7,aldehyde,answer_correct,aldehyde,aldehyde,1,1, as an aldehyde. The aldehyde functional group
meta-llama-Llama-3.1-8B,Butanal,8,aldehyde,malformed,,,0,1,"
A. aldehyde
B. ketone"
meta-llama-Llama-3.1-8B,Butanal,9,aldehyde,answer_correct,aldehyde,aldehyde,1,1, the aldehyde group. The aldehyde group is
meta-llama-Llama-3.1-8B,Pentanal,0,aldehyde,answer_correct,aldehyde,aldehyde,1,1,(s) aldehyde. The aldehyde functional group
meta-llama-Llama-3.1-8B,Pentanal,1,aldehyde,answer_correct,aldehyde,aldehyde,1,1, the aldehyde group. The aldehyde group is
meta-llama-Llama-3.1-8B,Pentanal,2,aldehyde,answer_correct,aldehyde,aldehyde,1,1, aldehyde. The functional-group class is the first
meta-llama-Llama-3.1-8B,Pentanal,3,aldehyde,underspecified,,,0,0, carbonyl group. The carbonyl group
meta-llama-Llama-3.1-8B,Pentanal,4,aldehyde,non_answer,,,0,0,"
The characteristic functional group of Pentanal (CCCC"
meta-llama-Llama-3.1-8B,Pentanal,5,aldehyde,answer_correct,aldehyde,Aldehyde,1,1,"
The correct answer is  Aldehyde.
P"
meta-llama-Llama-3.1-8B,Pentanal,6,aldehyde,answer_wrong,ketone,ketone,0,0, ketone. Ketones are organic compounds that contain
meta-llama-Llama-3.1-8B,Pentanal,7,aldehyde,answer_correct,aldehyde,aldehyde,1,1, as an aldehyde. The aldehyde functional group
meta-llama-Llama-3.1-8B,Pentanal,8,aldehyde,malformed,,,0,1,"
A. aldehyde
B. ketone"
meta-llama-Llama-3.1-8B,Pentanal,9,aldehyde,answer_correct,aldehyde,aldehyde,1,1, the aldehyde group. The aldehyde group is
meta-llama-Llama-3.1-8B,Hexanal,0,aldehyde,answer_correct,aldehyde,aldehyde,1,1, of an aldehyde. The aldehyde group is
meta-llama-Llama-3.1-8B,Hexanal,1,aldehyde,answer_correct,aldehyde,aldehyde,1,1, the aldehyde group. The aldehyde group is
meta-llama-Llama-3.1-8B,Hexanal,2,aldehyde,answer_correct,aldehyde,aldehyde,1,1, aldehyde. The functional-group class is the class
meta-llama-Llama-3.1-8B,Hexanal,3,aldehyde,underspecified,,,0,0, carbonyl group. It is a colorless
meta-llama-Llama-3.1-8B,Hexanal,4,aldehyde,answer_correct,aldehyde,aldehyde,1,1, the aldehyde group. The aldehyde group is
meta-llama-Llama-3.1-8B,Hexanal,5,aldehyde,non_answer,,,0,0,"
Hexanal is an organic compound with the formula"
meta-llama-Llama-3.1-8B,Hexanal,6,aldehyde,underspecified,,,0,0, carbonyl compound. Hexanal is a color
meta-llama-Llama-3.1-8B,Hexanal,7,aldehyde,answer_correct,aldehyde,aldehyde,1,1, as an aldehyde. It is a colorless
meta-llama-Llama-3.1-8B,Hexanal,8,aldehyde,malformed,,,0,1,"
A. aldehyde
B. ketone"
meta-llama-Llama-3.1-8B,Hexanal,9,aldehyde,answer_correct,aldehyde,aldehyde,1,1, the aldehyde group. The aldehyde group is
meta-llama-Llama-3.1-8B,Propanoic acid,0,carboxylic acid,answer_correct,carboxylic acid,carboxylic acid,1,1, carboxylic acid. The carboxy
meta-llama-Llama-3.1-8B,Propanoic acid,1,carboxylic acid,answer_correct,carboxylic acid,carboxylic acid,1,1, carboxylic acid. The carboxy
meta-llama-Llama-3.1-8B,Propanoic acid,2,carboxylic acid,answer_correct,carboxylic acid,carboxylic acid,1,1, carboxylic acid. The carboxy
meta-llama-Llama-3.1-8B,Propanoic acid,3,carboxylic acid,answer_correct,carboxylic acid,carboxylic acid,1,1, carboxylic acid functional group. The car
meta-llama-Llama-3.1-8B,Propanoic acid,4,carboxylic acid,answer_correct,carboxylic acid,carboxylic acid,1,1, the carboxylic acid group. The car
meta-llama-Llama-3.1-8B,Propanoic acid,5,carboxylic acid,answer_correct,carboxylic acid,carboxylic acid,1,1, carboxylic acid. The carboxy
meta-llama-Llama-3.1-8B,Propanoic acid,6,carboxylic acid,answer_correct,carboxylic acid,carboxylic acid,1,1, carboxylic acid. Propanoic
meta-llama-Llama-3.1-8B,Propanoic acid,7,carboxylic acid,answer_correct,carboxylic acid,carboxylic acid,1,1, as a carboxylic acid. It is
meta-llama-Llama-3.1-8B,Propanoic acid,8,carboxylic acid,malformed,,,0,1,"
A. carboxylic acid
B"
meta-llama-Llama-3.1-8B,Propanoic acid,9,carboxylic acid,answer_correct,carboxylic acid,carboxylic acid,1,1, the carboxylic acid group. The car
meta-llama-Llama-3.1-8B,Butanoic acid,0,carboxylic acid,answer_correct,carboxylic acid,carboxylic acid,1,1, carboxylic acid. The carboxy
meta-llama-Llama-3.1-8B,Butanoic acid,1,carboxylic acid,answer_correct,carboxylic acid,carboxylic acid,1,1, the carboxylic acid group. The car
meta-llama-Llama-3.1-8B,Butanoic acid,2,carboxylic acid,answer_correct,carboxylic acid,carboxylic acid,1,1, carboxylic acid. The carboxy
meta-llama-Llama-3.1-8B,Butanoic acid,3,carboxylic acid,answer_correct,carboxylic acid,carboxylic acid,1,1, carboxylic acid functional group. The car
meta-llama-Llama-3.1-8B,Butanoic acid,4,carboxylic acid,answer_correct,carboxylic acid,carboxylic acid,1,1, the carboxylic acid group. The car
meta-llama-Llama-3.1-8B,Butanoic acid,5,carboxylic acid,answer_correct,carboxylic acid,carboxylic acid,1,1, carboxylic acid. The carboxy
meta-llama-Llama-3.1-8B,Butanoic acid,6,carboxylic acid,answer_correct,carboxylic acid,carboxylic acid,1,1, carboxylic acid. Butanoic acid
meta-llama-Llama-3.1-8B,Butanoic acid,7,carboxylic acid,answer_correct,carboxylic acid,carboxylic acid,1,1, as a carboxylic acid. It is
meta-llama-Llama-3.1-8B,Butanoic acid,8,carboxylic acid,malformed,,,0,1,"
A. carboxylic acid
B"
meta-llama-Llama-3.1-8B,Butanoic acid,9,carboxylic acid,answer_correct,carboxylic acid,carboxylic acid,1,1, the carboxylic acid group. The car
meta-llama-Llama-3.1-8B,Pentanoic acid,0,carboxylic acid,answer_correct,carboxylic acid,carboxylic acid,1,1, carboxylic acid. The carboxy
meta-llama-Llama-3.1-8B,Pentanoic acid,1,carboxylic acid,answer_correct,carboxylic acid,carboxylic acid,1,1, the carboxylic acid group. The car
meta-llama-Llama-3.1-8B,Pentanoic acid,2,carboxylic acid,answer_correct,carboxylic acid,carboxylic acid,1,1, carboxylic acid. The functional group is
meta-llama-Llama-3.1-8B,Pentanoic acid,3,carboxylic acid,answer_correct,carboxylic acid,carboxylic acid,1,1, carboxylic acid functional group. The car
meta-llama-Llama-3.1-8B,Pentanoic acid,4,carboxylic acid,non_answer,,,0,0,"
The characteristic functional group of Pentanoic acid"
meta-llama-Llama-3.1-8B,Pentanoic acid,5,carboxylic acid,answer_correct,carboxylic acid,carboxylic acid,1,1, carboxylic acid. The carboxy
meta-llama-Llama-3.1-8B,Pentanoic acid,6,carboxylic acid,answer_correct,carboxylic acid,carboxylic acid,1,1, carboxylic acid. Pentanoic acid
meta-llama-Llama-3.1-8B,Pentanoic acid,7,carboxylic acid,answer_correct,carboxylic acid,carboxylic acid,1,1, as a carboxylic acid. The car
meta-llama-Llama-3.1-8B,Pentanoic acid,8,carboxylic acid,malformed,,,0,1,"
A. carboxylic acid
B"
meta-llama-Llama-3.1-8B,Pentanoic acid,9,carboxylic acid,answer_correct,carboxylic acid,carboxylic acid,1,1, the carboxylic acid group. The car
meta-llama-Llama-3.1-8B,Hexanoic acid,0,carboxylic acid,answer_correct,carboxylic acid,carboxylic acid,1,1, carboxylic acid. It is a color
meta-llama-Llama-3.1-8B,Hexanoic acid,1,carboxylic acid,answer_correct,carboxylic acid,carboxylic acid,1,1, carboxylic acid. The carboxy
meta-llama-Llama-3.1-8B,Hexanoic acid,2,carboxylic acid,answer_correct,carboxylic acid,carboxylic acid,1,1, carboxylic acid. The carboxy
meta-llama-Llama-3.1-8B,Hexanoic acid,3,carboxylic acid,answer_correct,carboxylic acid,carboxylic acid,1,1, carboxylic acid functional group. It is
meta-llama-Llama-3.1-8B,Hexanoic acid,4,carboxylic acid,answer_correct,carboxylic acid,carboxylic acid,1,1, the carboxylic acid group. The car
meta-llama-Llama-3.1-8B,Hexanoic acid,5,carboxylic acid,answer_correct,carboxylic acid,carboxylic acid,1,1, carboxylic acid. The carboxy
meta-llama-Llama-3.1-8B,Hexanoic acid,6,carboxylic acid,answer_correct,carboxylic acid,carboxylic acid,1,1, carboxylic acid. It is a color
meta-llama-Llama-3.1-8B,Hexanoic acid,7,carboxylic acid,answer_correct,carboxylic acid,carboxylic acid,1,1, as a carboxylic acid. It is
meta-llama-Llama-3.1-8B,Hexanoic acid,8,carboxylic acid,answer_correct,carboxylic acid,carboxylic acid,1,1, carboxylic acid. The carboxy
meta-llama-Llama-3.1-8B,Hexanoic acid,9,carboxylic acid,answer_correct,carboxylic acid,carboxylic acid,1,1, the carboxylic acid group. The car
meta-llama-Llama-3.1-8B,Propan-1-amine,0,amine,answer_correct,amine,amine,1,1, of a primary amine. The amine group
meta-llama-Llama-3.1-8B,Propan-1-amine,1,amine,answer_correct,amine,amine,1,1, an amine. The amine functional group is
meta-llama-Llama-3.1-8B,Propan-1-amine,2,amine,answer_correct,amine,amine,1,1, amine. The functional-group class is the most
meta-llama-Llama-3.1-8B,Propan-1-amine,3,amine,answer_correct,amine,amine,1,1, primary amine. The primary amine is the
meta-llama-Llama-3.1-8B,Propan-1-amine,4,amine,answer_correct,amine,amine,1,1, the amine group. The amine group is
meta-llama-Llama-3.1-8B,Propan-1-amine,5,amine,malformed,,,0,0,"
A. Alkene
B. Al"
meta-llama-Llama-3.1-8B,Propan-1-amine,6,amine,answer_correct,amine,amine,1,1, primary amine. The primary amine functional group
meta-llama-Llama-3.1-8B,Propan-1-amine,7,amine,answer_correct,amine,amine,1,1, as an amine. The amine functional group
meta-llama-Llama-3.1-8B,Propan-1-amine,8,amine,answer_correct,amine,amine,1,1, Primary amine. The functional-group identity of Pro
meta-llama-Llama-3.1-8B,Propan-1-amine,9,amine,answer_correct,amine,amine,1,1, the amine group. The amine group is
meta-llama-Llama-3.1-8B,Butan-1-amine,0,amine,answer_correct,amine,amine,1,1,(s) amine. The amine functional group
meta-llama-Llama-3.1-8B,Butan-1-amine,1,amine,answer_correct,amine,amine,1,1, an amine group. The amine group is
meta-llama-Llama-3.1-8B,Butan-1-amine,2,amine,answer_correct,amine,amine,1,1, amine. The functional-group class is the first
meta-llama-Llama-3.1-8B,Butan-1-amine,3,amine,answer_correct,amine,amine,1,1, primary amine. The amine group is attached
meta-llama-Llama-3.1-8B,Butan-1-amine,4,amine,answer_correct,amine,amine,1,1, the amine group (NH2). The am
meta-llama-Llama-3.1-8B,Butan-1-amine,5,amine,answer_correct,amine,amine,1,1, an amine group. The amine group is
meta-llama-Llama-3.1-8B,Butan-1-amine,6,amine,answer_correct,amine,amine,1,1, primary amine. The amine functional group is
meta-llama-Llama-3.1-8B,Butan-1-amine,7,amine,answer_correct,amine,amine,1,1, as an amine. The amine functional group
meta-llama-Llama-3.1-8B,Butan-1-amine,8,amine,malformed,,,0,1,"
A. aldehyde
B. amine"
meta-llama-Llama-3.1-8B,Butan-1-amine,9,amine,answer_correct,amine,amine,1,1, the amine group. The amine group is
meta-llama-Llama-3.1-8B,Pentan-1-amine,0,amine,answer_correct,amine,amine,1,1,(s) amine. The amine functional group
meta-llama-Llama-3.1-8B,Pentan-1-amine,1,amine,answer_correct,amine,amine,1,1, an amine group. The amine group is
meta-llama-Llama-3.1-8B,Pentan-1-amine,2,amine,answer_correct,amine,amine,1,1, amine. The functional-group class is the most
meta-llama-Llama-3.1-8B,Pentan-1-amine,3,amine,answer_correct,amine,amine,1,1, primary amine. The primary amine functional group
meta-llama-Llama-3.1-8B,Pentan-1-amine,4,amine,malformed,,,0,0,"
A. -NH2
B. -"
meta-llama-Llama-3.1-8B,Pentan-1-amine,5,amine,malformed,,,0,0,"
A. Aldehyde
B. Ketone"
meta-llama-Llama-3.1-8B,Pentan-1-amine,6,amine,answer_correct,amine,amine,1,1, primary amine. The primary amine functional group
meta-llama-Llama-3.1-8B,Pentan-1-amine,7,amine,non_answer,,,0,0,(s) present in the molecule. The functional group
meta-llama-Llama-3.1-8B,Pentan-1-amine,8,amine,malformed,,,0,1,"
A. aldehyde
B. amine"
meta-llama-Llama-3.1-8B,Pentan-1-amine,9,amine,answer_correct,amine,amine,1,1, the amine group. The amine group is
meta-llama-Llama-3.1-8B,Hexan-1-amine,0,amine,answer_correct,amine,amine,1,1,(s) amine. The functional group(s)
meta-llama-Llama-3.1-8B,Hexan-1-amine,1,amine,answer_correct,amine,amine,1,1, an amine group. The amine group is
meta-llama-Llama-3.1-8B,Hexan-1-amine,2,amine,answer_correct,amine,amine,1,1, amine. The functional-group class is the first
meta-llama-Llama-3.1-8B,Hexan-1-amine,3,amine,answer_correct,amine,amine,1,1, primary amine. The primary amine is the
meta-llama-Llama-3.1-8B,Hexan-1-amine,4,amine,answer_correct,amine,amine,1,1, the amine group. The amine group is
meta-llama-Llama-3.1-8B,Hexan-1-amine,5,amine,non_answer,,,0,0,":
Hexan-1-amine (CCCCCCN"
meta-llama-Llama-3.1-8B,Hexan-1-amine,6,amine,answer_correct,amine,amine,1,1, primary amine. The primary amine functional group
meta-llama-Llama-3.1-8B,Hexan-1-amine,7,amine,answer_correct,amine,amine,1,1, as an amine. Amines are organic
meta-llama-Llama-3.1-8B,Hexan-1-amine,8,amine,answer_correct,amine,amine,1,1, Primary amine. The functional-group identity of Hex
meta-llama-Llama-3.1-8B,Hexan-1-amine,9,amine,answer_correct,amine,amine,1,1, the amine group. The amine group is
meta-llama-Llama-3.1-8B,Propanenitrile,0,nitrile,non_answer,,,0,0, -CN. It is a colorless liquid with
meta-llama-Llama-3.1-8B,Propanenitrile,1,nitrile,answer_correct,nitrile,nitrile,1,1, the nitrile group. The nitrile
meta-llama-Llama-3.1-8B,Propanenitrile,2,nitrile,answer_correct,nitrile,nitrile,1,1, nitrile. The functional-group class is the
meta-llama-Llama-3.1-8B,Propanenitrile,3,nitrile,answer_correct,nitrile,nitrile,1,1, nitrile group. It is a colorless
meta-llama-Llama-3.1-8B,Propanenitrile,4,nitrile,answer_correct,nitrile,nitrile,1,1," the nitrile group, -C≡N"
meta-llama-Llama-3.1-8B,Propanenitrile,5,nitrile,malformed,,,0,0,"
A. Aldehyde
B. Ketone"
meta-llama-Llama-3.1-8B,Propanenitrile,6,nitrile,answer_correct,nitrile,nitrile,1,1, nitrile. The nitrile group is
meta-llama-Llama-3.1-8B,Propanenitrile,7,nitrile,answer_correct,nitrile,nitrile,1,1, as an aliphatic nitrile. It
meta-llama-Llama-3.1-8B,Propanenitrile,8,nitrile,malformed,,,0,0,: a) aldehyde b) amine c
meta-llama-Llama-3.1-8B,Propanenitrile,9,nitrile,answer_correct,nitrile,nitrile,1,1, the nitrile group. The nitrile
meta-llama-Llama-3.1-8B,Butanenitrile,0,nitrile,answer_wrong,aldehyde,aldehyde,0,0,(s) of: a) aldehyde b)
meta-llama-Llama-3.1-8B,Butanenitrile,1,nitrile,answer_correct,nitrile,nitrile,1,1, the nitrile group. The nitrile
meta-llama-Llama-3.1-8B,Butanenitrile,2,nitrile,answer_correct,nitrile,Nitrile,1,1, Nitrile (C#N). The functional
meta-llama-Llama-3.1-8B,Butanenitrile,3,nitrile,non_answer,,,0,0, carbon-nitrogen triple bond. The triple bond
meta-llama-Llama-3.1-8B,Butanenitrile,4,nitrile,answer_correct,nitrile,nitrile,1,1, the nitrile group (CN). The n
meta-llama-Llama-3.1-8B,Butanenitrile,5,nitrile,answer_correct,nitrile,nitrile,1,1, the nitrile group. The nitrile
meta-llama-Llama-3.1-8B,Butanenitrile,6,nitrile,answer_correct,nitrile,nitrile,1,1, nitrile. Nitriles are organic compounds
meta-llama-Llama-3.1-8B,Butanenitrile,7,nitrile,answer_correct,nitrile,nitrile,1,1, as an aliphatic nitrile. It
meta-llama-Llama-3.1-8B,Butanenitrile,8,nitrile,malformed,,,0,0,"
A. aldehyde
B. ketone"
meta-llama-Llama-3.1-8B,Butanenitrile,9,nitrile,answer_correct,nitrile,nitrile,1,1, the nitrile group. The nitrile
meta-llama-Llama-3.1-8B,Pentanenitrile,0,nitrile,malformed,,,0,0,"(s) of:
A. Alkane
"
meta-llama-Llama-3.1-8B,Pentanenitrile,1,nitrile,malformed,,,0,0,"
A. Alkane
B. Al"
meta-llama-Llama-3.1-8B,Pentanenitrile,2,nitrile,answer_correct,nitrile,nitrile,1,1," nitrile.
For Pentanenitrile"
meta-llama-Llama-3.1-8B,Pentanenitrile,3,nitrile,non_answer,,,0,0, carbon chain with a functional group. The functional group
meta-llama-Llama-3.1-8B,Pentanenitrile,4,nitrile,non_answer,,,0,0,"
The characteristic functional group of Pentanenitr"
meta-llama-Llama-3.1-8B,Pentanenitrile,5,nitrile,non_answer,,,0,0,"
The correct answer is  Alkyne.
"
meta-llama-Llama-3.1-8B,Pentanenitrile,6,nitrile,answer_correct,nitrile,nitrile,1,1, nitrile. Nitriles are organic compounds
meta-llama-Llama-3.1-8B,Pentanenitrile,7,nitrile,non_answer,,,0,0,(s) present. The functional group(s) in
meta-llama-Llama-3.1-8B,Pentanenitrile,8,nitrile,malformed,,,0,0,"
A. Alkane
B. Al"
meta-llama-Llama-3.1-8B,Pentanenitrile,9,nitrile,answer_correct,nitrile,nitrile,1,1, the nitrile group. The nitrile
meta-llama-Llama-3.1-8B,Hexanenitrile,0,nitrile,answer_correct,nitrile,nitrile,1,1, of a nitrile. The nitrile
meta-llama-Llama-3.1-8B,Hexanenitrile,1,nitrile,answer_correct,nitrile,nitrile,1,1, the nitrile group. The nitrile
meta-llama-Llama-3.1-8B,Hexanenitrile,2,nitrile,answer_correct,nitrile,nitrile,1,1," nitrile.
For Hexanenitrile"
meta-llama-Llama-3.1-8B,Hexanenitrile,3,nitrile,answer_correct,nitrile,nitrile,1,1, nitrile group. It is a colorless
meta-llama-Llama-3.1-8B,Hexanenitrile,4,nitrile,answer_correct,nitrile,nitrile,1,1," the nitrile group, which is a carbon"
meta-llama-Llama-3.1-8B,Hexanenitrile,5,nitrile,non_answer,,,0,0,"
Hexanenitrile (CCCCCC#N"
meta-llama-Llama-3.1-8B,Hexanenitrile,6,nitrile,answer_correct,nitrile,nitrile,1,1, nitrile. Nitriles are organic compounds
meta-llama-Llama-3.1-8B,Hexanenitrile,7,nitrile,non_answer,,,0,0, as an alkyne. Alkynes are
meta-llama-Llama-3.1-8B,Hexanenitrile,8,nitrile,answer_correct,nitrile,nitrile,1,1, Alkyl nitrile. Hexanen
meta-llama-Llama-3.1-8B,Hexanenitrile,9,nitrile,answer_correct,nitrile,nitrile,1,1, the nitrile group. The nitrile
meta-llama-Llama-3.1-8B,Methyl ethanoate,0,ester,answer_correct,ester,ester,1,1, of an ester. The ester functional group
meta-llama-Llama-3.1-8B,Methyl ethanoate,1,ester,answer_correct,ester,ester,1,1, the ester group. The ester group is
meta-llama-Llama-3.1-8B,Methyl ethanoate,2,ester,answer_wrong,carboxylic acid,carboxylic acid,0,0, carboxylic acid derivative. The functional group
meta-llama-Llama-3.1-8B,Methyl ethanoate,3,ester,underspecified,,,0,0, carbonyl group. The carbonyl group
meta-llama-Llama-3.1-8B,Methyl ethanoate,4,ester,answer_correct,ester,ester,1,1, the ester group. The ester group is
meta-llama-Llama-3.1-8B,Methyl ethanoate,5,ester,answer_correct,ester,ester,1,1, ester. The ester functional group is a
meta-llama-Llama-3.1-8B,Methyl ethanoate,6,ester,answer_correct,ester,ester,1,1, carboxylic acid ester. Methyl
meta-llama-Llama-3.1-8B,Methyl ethanoate,7,ester,answer_correct,ester,ester,1,1, as an ester. The ester functional group
meta-llama-Llama-3.1-8B,Methyl ethanoate,8,ester,answer_correct,ester,ester,1,1, ester. The functional-group identity of Methyl
meta-llama-Llama-3.1-8B,Methyl ethanoate,9,ester,answer_correct,ester,ester,1,1, the ester group. The ester group is
meta-llama-Llama-3.1-8B,Methyl propanoate,0,ester,answer_correct,ester,ester,1,1, of an ester. The ester functional group
meta-llama-Llama-3.1-8B,Methyl propanoate,1,ester,answer_wrong,carboxylic acid,carboxylic acid,0,0, the carboxylic acid group. The car
meta-llama-Llama-3.1-8B,Methyl propanoate,2,ester,answer_wrong,carboxylic acid,carboxylic acid,0,0, carboxylic acid derivative. The functional group
meta-llama-Llama-3.1-8B,Methyl propanoate,3,ester,underspecified,,,0,0, carbonyl group (C=O) and
meta-llama-Llama-3.1-8B,Methyl propanoate,4,ester,answer_correct,ester,ester,1,1, the ester group. The ester group is
meta-llama-Llama-3.1-8B,Methyl propanoate,5,ester,answer_wrong,carboxylic acid,carboxylic acid,0,0, carboxylic acid. The carboxy
meta-llama-Llama-3.1-8B,Methyl propanoate,6,ester,answer_correct,ester,ester,1,1, carboxylic acid ester. Methyl
meta-llama-Llama-3.1-8B,Methyl propanoate,7,ester,answer_correct,ester,ester,1,1, as an ester. It is a colorless
meta-llama-Llama-3.1-8B,Methyl propanoate,8,ester,malformed,,,0,1,"
A. ester
B. carbox"
meta-llama-Llama-3.1-8B,Methyl propanoate,9,ester,answer_correct,ester,ester,1,1, the ester group. The ester group is
meta-llama-Llama-3.1-8B,Methyl butanoate,0,ester,answer_correct,ester,ester,1,1, of an ester. The ester functional group
meta-llama-Llama-3.1-8B,Methyl butanoate,1,ester,answer_correct,ester,ester,1,1, the ester group. The ester group is
meta-llama-Llama-3.1-8B,Methyl butanoate,2,ester,answer_correct,ester,ester,1,1, ester. The functional group is the part of
meta-llama-Llama-3.1-8B,Methyl butanoate,3,ester,answer_correct,ester,ester,1,1, carboxylic acid ester functional group.
meta-llama-Llama-3.1-8B,Methyl butanoate,4,ester,answer_correct,ester,ester,1,1, the ester group. The ester group is
meta-llama-Llama-3.1-8B,Methyl butanoate,5,ester,answer_correct,ester,ester,1,1, ester. The ester functional group is a
meta-llama-Llama-3.1-8B,Methyl butanoate,6,ester,answer_correct,ester,ester,1,1, carboxylic acid ester (RC(=
meta-llama-Llama-3.1-8B,Methyl butanoate,7,ester,answer_correct,ester,ester,1,1, as an ester. The ester functional group
meta-llama-Llama-3.1-8B,Methyl butanoate,8,ester,malformed,,,0,1,"
A. ester
B. ether
"
meta-llama-Llama-3.1-8B,Methyl butanoate,9,ester,answer_correct,ester,ester,1,1, the ester group. The ester group is
meta-llama-Llama-3.1-8B,Methyl pentanoate,0,ester,malformed,,,0,1,"(s) of:
A. ester
B"
meta-llama-Llama-3.1-8B,Methyl pentanoate,1,ester,answer_correct,ester,ester,1,1," ester.
The primary functional group in Methyl"
meta-llama-Llama-3.1-8B,Methyl pentanoate,2,ester,answer_correct,ester,ester,1,1, ester. The functional-group class is the class
meta-llama-Llama-3.1-8B,Methyl pentanoate,3,ester,answer_correct,ester,ester,1,1, carboxylic acid ester functional group.
meta-llama-Llama-3.1-8B,Methyl pentanoate,4,ester,non_answer,,,0,0,"
The correct answer is  Carboxylic"
meta-llama-Llama-3.1-8B,Methyl pentanoate,5,ester,answer_correct,ester,ester,1,1, ester. The ester functional group is a
meta-llama-Llama-3.1-8B,Methyl pentanoate,6,ester,answer_correct,ester,ester,1,1, carboxylic acid ester (C(=
meta-llama-Llama-3.1-8B,Methyl pentanoate,7,ester,non_answer,,,0,0,(s) present in the molecule. The functional group
meta-llama-Llama-3.1-8B,Methyl pentanoate,8,ester,malformed,,,0,1,"
A. ester
B. alcohol
"
meta-llama-Llama-3.1-8B,Methyl pentanoate,9,ester,answer_correct,ester,ester,1,1, the ester group. The ester group is
meta-llama-Llama-3.1-8B,Propan-2-one,0,ketone,answer_correct,ketone,ketone,1,1, of a ketone. The carbonyl group
meta-llama-Llama-3.1-8B,Propan-2-one,1,ketone,underspecified,,,0,0, the carbonyl group. The carbonyl
meta-llama-Llama-3.1-8B,Propan-2-one,2,ketone,malformed,,,0,1, Aldehydes and Ketones. The functional group
meta-llama-Llama-3.1-8B,Propan-2-one,3,ketone,answer_correct,ketone,ketone,1,1, ketone functional group. The ketone functional group
meta-llama-Llama-3.1-8B,Propan-2-one,4,ketone,answer_correct,ketone,ketone,1,1, the ketone group. The ketone group is
meta-llama-Llama-3.1-8B,Propan-2-one,5,ketone,underspecified,,,0,0, the carbonyl group. The carbonyl
meta-llama-Llama-3.1-8B,Propan-2-one,6,ketone,answer_correct,ketone,ketone,1,1, ketone. The molecular formula identifies each type of
meta-llama-Llama-3.1-8B,Propan-2-one,7,ketone,answer_correct,ketone,ketone,1,1, as a ketone. It is a colorless
meta-llama-Llama-3.1-8B,Propan-2-one,8,ketone,malformed,,,0,1,"
A. ketone
B. aldehyde"
meta-llama-Llama-3.1-8B,Propan-2-one,9,ketone,answer_correct,ketone,ketone,1,1, the ketone group. The ketone group is
meta-llama-Llama-3.1-8B,Butan-2-one,0,ketone,answer_correct,ketone,ketone,1,1, of a ketone. The carbonyl group
meta-llama-Llama-3.1-8B,Butan-2-one,1,ketone,underspecified,,,0,0, the carbonyl group. The carbonyl
meta-llama-Llama-3.1-8B,Butan-2-one,2,ketone,malformed,,,0,1, aldehyde/ketone. The functional-group class
meta-llama-Llama-3.1-8B,Butan-2-one,3,ketone,underspecified,,,0,0, carbonyl group. The carbonyl group
meta-llama-Llama-3.1-8B,Butan-2-one,4,ketone,answer_correct,ketone,ketone,1,1, the ketone group. The ketone group is
meta-llama-Llama-3.1-8B,Butan-2-one,5,ketone,underspecified,,,0,0, the carbonyl group. The carbonyl
meta-llama-Llama-3.1-8B,Butan-2-one,6,ketone,answer_correct,ketone,ketone,1,1, ketone. Butan-2-one is a
meta-llama-Llama-3.1-8B,Butan-2-one,7,ketone,answer_correct,ketone,ketone,1,1, as a ketone. The IUPAC name
meta-llama-Llama-3.1-8B,Butan-2-one,8,ketone,malformed,,,0,1,"
A. ketone
B. aldehyde"
meta-llama-Llama-3.1-8B,Butan-2-one,9,ketone,answer_correct,ketone,ketone,1,1, the ketone. The IUPAC name for
meta-llama-Llama-3.1-8B,Pentan-2-one,0,ketone,answer_correct,ketone,ketone,1,1, ketone. The carbonyl group is the
meta-llama-Llama-3.1-8B,Pentan-2-one,1,ketone,underspecified,,,0,0, the carbonyl group. The carbonyl
meta-llama-Llama-3.1-8B,Pentan-2-one,2,ketone,answer_correct,ketone,ketone,1,1, ketone. The functional-group class is the most
meta-llama-Llama-3.1-8B,Pentan-2-one,3,ketone,answer_correct,ketone,ketone,1,1, ketone functional group. The molecule is a color
meta-llama-Llama-3.1-8B,Pentan-2-one,4,ketone,answer_correct,ketone,ketone,1,1, the ketone group. The ketone group is
meta-llama-Llama-3.1-8B,Pentan-2-one,5,ketone,answer_correct,ketone,ketone,1,1, ketone. The functional group is present in the
meta-llama-Llama-3.1-8B,Pentan-2-one,6,ketone,answer_correct,ketone,ketone,1,1, ketone. Ketones are organic compounds that contain
meta-llama-Llama-3.1-8B,Pentan-2-one,7,ketone,answer_correct,ketone,ketone,1,1, as a ketone. The functional group is the
meta-llama-Llama-3.1-8B,Pentan-2-one,8,ketone,malformed,,,0,1,"
A. ketone
B. aldehyde"
meta-llama-Llama-3.1-8B,Pentan-2-one,9,ketone,answer_correct,ketone,ketone,1,1, the ketone. The ketone is the carbon
meta-llama-Llama-3.1-8B,Hexan-2-one,0,ketone,answer_correct,ketone,ketone,1,1, ketone. The carbonyl group is the
meta-llama-Llama-3.1-8B,Hexan-2-one,1,ketone,underspecified,,,0,0, the carbonyl group. The carbonyl
meta-llama-Llama-3.1-8B,Hexan-2-one,2,ketone,answer_correct,ketone,ketone,1,1, ketone. The functional-group class is the most
meta-llama-Llama-3.1-8B,Hexan-2-one,3,ketone,answer_correct,ketone,ketone,1,1, ketone functional group. The ketone functional group
meta-llama-Llama-3.1-8B,Hexan-2-one,4,ketone,answer_correct,ketone,ketone,1,1, the ketone group. The ketone group is
meta-llama-Llama-3.1-8B,Hexan-2-one,5,ketone,underspecified,,,0,0, the carbonyl group. The carbonyl
meta-llama-Llama-3.1-8B,Hexan-2-one,6,ketone,answer_correct,ketone,ketone,1,1, ketone. The molecular formula identifies each type of
meta-llama-Llama-3.1-8B,Hexan-2-one,7,ketone,answer_correct,ketone,ketone,1,1, as a ketone. Ketones are organic compounds
meta-llama-Llama-3.1-8B,Hexan-2-one,8,ketone,answer_correct,ketone,ketone,1,1, ketone. The functional-group identity of 2
meta-llama-Llama-3.1-8B,Hexan-2-one,9,ketone,answer_correct,ketone,ketone,1,1, the ketone. The ketone is the carbon
meta-llama-Llama-3.1-8B,Propanamide,0,amide,answer_correct,amide,amide,1,1, of an amide. The amide functional group
meta-llama-Llama-3.1-8B,Propanamide,1,amide,answer_correct,amide,amide,1,1, the amide group. The amide group is
meta-llama-Llama-3.1-8B,Propanamide,2,amide,answer_correct,amide,amide,1,1," amide, the functional-group type is amide"
meta-llama-Llama-3.1-8B,Propanamide,3,amide,underspecified,,,0,0, carbonyl group. The carbonyl group
meta-llama-Llama-3.1-8B,Propanamide,4,amide,non_answer,,,0,0,"
The characteristic functional group of Propanamide ("
meta-llama-Llama-3.1-8B,Propanamide,5,amide,non_answer,,,0,0,"
The correct answer is  Carboxamide.
"
meta-llama-Llama-3.1-8B,Propanamide,6,amide,non_answer,,,0,0, carboxamide. The carboxamide functional group
meta-llama-Llama-3.1-8B,Propanamide,7,amide,answer_correct,amide,amide,1,1, as an amide. The amide functional group
meta-llama-Llama-3.1-8B,Propanamide,8,amide,malformed,,,0,1,"
A. amide
B. ester"
meta-llama-Llama-3.1-8B,Propanamide,9,amide,answer_correct,amide,amide,1,1, the amide group. The amide group is
meta-llama-Llama-3.1-8B,Butanamide,0,amide,answer_correct,amide,amide,1,1,(s) amide. The amide functional group
meta-llama-Llama-3.1-8B,Butanamide,1,amide,answer_correct,amide,amide,1,1, the amide group. The amide group is
meta-llama-Llama-3.1-8B,Butanamide,2,amide,answer_correct,amide,amide,1,1, amide. The functional-group class is the most
meta-llama-Llama-3.1-8B,Butanamide,3,amide,answer_correct,amide,amide,1,1, primary amide functional group. The amide functional
meta-llama-Llama-3.1-8B,Butanamide,4,amide,non_answer,,,0,0,"
The characteristic functional group of Butanamide ("
meta-llama-Llama-3.1-8B,Butanamide,5,amide,answer_correct,amide,amide,1,1, the amide group. The amide group is
meta-llama-Llama-3.1-8B,Butanamide,6,amide,non_answer,,,0,0, carboxamide. Butanamide is a color
meta-llama-Llama-3.1-8B,Butanamide,7,amide,answer_correct,amide,amide,1,1, as an amide. The amide functional group
meta-llama-Llama-3.1-8B,Butanamide,8,amide,malformed,,,0,0,"
A. Aldehyde
B. Ketone"
meta-llama-Llama-3.1-8B,Butanamide,9,amide,answer_correct,amide,amide,1,1, the amide group. The amide group is
meta-llama-Llama-3.1-8B,Pentanamide,0,amide,answer_correct,amide,amide,1,1,(s) amide (C(=O)N
meta-llama-Llama-3.1-8B,Pentanamide,1,amide,malformed,,,0,1,"
A. amide
B. carbox"
meta-llama-Llama-3.1-8B,Pentanamide,2,amide,answer_correct,amide,amide,1,1," amide, and the functional-group type is am"
meta-llama-Llama-3.1-8B,Pentanamide,3,amide,underspecified,,,0,0, carbonyl group (C=O) and
meta-llama-Llama-3.1-8B,Pentanamide,4,amide,non_answer,,,0,0,"
The characteristic functional group of Pentanamide ("
meta-llama-Llama-3.1-8B,Pentanamide,5,amide,non_answer,,,0,0,"
The correct answer is  Carboxamide.
"
meta-llama-Llama-3.1-8B,Pentanamide,6,amide,non_answer,,,0,0, carboxamide. Carboxamides are organic
meta-llama-Llama-3.1-8B,Pentanamide,7,amide,non_answer,,,0,0,(s) present in the molecule. The functional groups
meta-llama-Llama-3.1-8B,Pentanamide,8,amide,malformed,,,0,0,"
A. Aldehyde
B. Ketone"
meta-llama-Llama-3.1-8B,Pentanamide,9,amide,answer_correct,amide,amide,1,1, the amide group. The amide group is
meta-llama-Llama-3.1-8B,Hexanamide,0,amide,answer_correct,amide,amide,1,1,(s) amide. The amide functional group
meta-llama-Llama-3.1-8B,Hexanamide,1,amide,answer_correct,amide,amide,1,1, the amide group. The amide group is
meta-llama-Llama-3.1-8B,Hexanamide,2,amide,answer_correct,amide,amide,1,1," amide, and the functional-group class is am"
meta-llama-Llama-3.1-8B,Hexanamide,3,amide,answer_correct,amide,amide,1,1, primary amide functional group. The amide functional
meta-llama-Llama-3.1-8B,Hexanamide,4,amide,non_answer,,,0,0,"
Hexanamide (CCCCCC(N)=O)"
meta-llama-Llama-3.1-8B,Hexanamide,5,amide,non_answer,,,0,0,"
Hexanamide (CCCCCC(N)=O)"
meta-llama-Llama-3.1-8B,Hexanamide,6,amide,non_answer,,,0,0, carboxamide. The carboxamide functional group
meta-llama-Llama-3.1-8B,Hexanamide,7,amide,answer_correct,amide,amide,1,1, as an amide. Amides are compounds that
meta-llama-Llama-3.1-8B,Hexanamide,8,amide,malformed,,,0,1,"
A. amide
B. ester"
meta-llama-Llama-3.1-8B,Hexanamide,9,amide,answer_correct,amide,amide,1,1, the amide group. The amide group is
meta-llama-Llama-3.1-8B,1-Chloropropane,0,alkyl chloride,malformed,,,0,0,"(s) of:
A. alcohol
B."
meta-llama-Llama-3.1-8B,1-Chloropropane,1,alkyl chloride,answer_correct,alkyl chloride,Chloro,1,1, the Chloro group. The Chloro group is
meta-llama-Llama-3.1-8B,1-Chloropropane,2,alkyl chloride,answer_wrong,none (alkane),alkane,0,0, halogenated alkane. The functional group is
meta-llama-Llama-3.1-8B,1-Chloropropane,3,alkyl chloride,answer_wrong,none (alkane),alkane,0,0, halogenated alkane. It is a color
meta-llama-Llama-3.1-8B,1-Chloropropane,4,alkyl chloride,underspecified,,,0,0, the halogen functional group. The halogen functional
meta-llama-Llama-3.1-8B,1-Chloropropane,5,alkyl chloride,underspecified,,,0,0, the alkyl halide functional group. The alk
meta-llama-Llama-3.1-8B,1-Chloropropane,6,alkyl chloride,non_answer,,,0,0, chloroalkane. Chloroalkanes are
meta-llama-Llama-3.1-8B,1-Chloropropane,7,alkyl chloride,underspecified,,,0,0, as an alkyl halide. The alkyl
meta-llama-Llama-3.1-8B,1-Chloropropane,8,alkyl chloride,malformed,,,0,0,"
A. Alkane
B. Al"
meta-llama-Llama-3.1-8B,1-Chloropropane,9,alkyl chloride,answer_correct,alkyl chloride,chlorine,1,1, the chlorine atom. The chlorine atom is attached to
meta-llama-Llama-3.1-8B,1-Chlorobutane,0,alkyl chloride,underspecified,,,0,0, of a halogen. The halogen is the
meta-llama-Llama-3.1-8B,1-Chlorobutane,1,alkyl chloride,answer_correct,alkyl chloride,Chloro,1,1, the Chloro group. The Chloro group is
meta-llama-Llama-3.1-8B,1-Chlorobutane,2,alkyl chloride,answer_wrong,none (alkane),alkane,0,0, halogenated alkane. The functional group is
meta-llama-Llama-3.1-8B,1-Chlorobutane,3,alkyl chloride,answer_wrong,none (alkane),alkane,0,0, halogenated alkane. It is a color
meta-llama-Llama-3.1-8B,1-Chlorobutane,4,alkyl chloride,underspecified,,,0,0, the alkyl halide. The alkyl hal
meta-llama-Llama-3.1-8B,1-Chlorobutane,5,alkyl chloride,underspecified,,,0,0, the alkyl halide functional group. The alk
meta-llama-Llama-3.1-8B,1-Chlorobutane,6,alkyl chloride,non_answer,,,0,0, chloroalkane. Chloroalkanes are
meta-llama-Llama-3.1-8B,1-Chlorobutane,7,alkyl chloride,underspecified,,,0,0, as an alkyl halide. The alkyl
meta-llama-Llama-3.1-8B,1-Chlorobutane,8,alkyl chloride,malformed,,,0,0,"
A. alkane
B. alkene"
meta-llama-Llama-3.1-8B,1-Chlorobutane,9,alkyl chloride,answer_correct,alkyl chloride,chlorine,1,1, the chlorine atom. The chlorine atom is attached to
meta-llama-Llama-3.1-8B,1-Chloropentane,0,alkyl chloride,underspecified,,,0,0,(s) alkyl halide. The functional group
meta-llama-Llama-3.1-8B,1-Chloropentane,1,alkyl chloride,underspecified,,,0,0, the alkyl halide. The alkyl hal
meta-llama-Llama-3.1-8B,1-Chloropentane,2,alkyl chloride,underspecified,,,0,0, alkyl halide. The functional group is the
meta-llama-Llama-3.1-8B,1-Chloropentane,3,alkyl chloride,underspecified,,,0,1, halogen. The halogen is the chlorine atom
meta-llama-Llama-3.1-8B,1-Chloropentane,4,alkyl chloride,underspecified,,,0,0, the alkyl group. The alkyl group is
meta-llama-Llama-3.1-8B,1-Chloropentane,5,alkyl chloride,underspecified,,,0,0, the alkyl halide functional group. The alk
meta-llama-Llama-3.1-8B,1-Chloropentane,6,alkyl chloride,non_answer,,,0,0, chloroalkane. It is a colorless
meta-llama-Llama-3.1-8B,1-Chloropentane,7,alkyl chloride,underspecified,,,0,0, as an alkyl halide. The alkyl
meta-llama-Llama-3.1-8B,1-Chloropentane,8,alkyl chloride,malformed,,,0,0,"
A. Alkyl halide
B"
meta-llama-Llama-3.1-8B,1-Chloropentane,9,alkyl chloride,answer_correct,alkyl chloride,chlorine,1,1, the chlorine atom. The chlorine atom is attached to
meta-llama-Llama-3.1-8B,1-Chlorohexane,0,alkyl chloride,malformed,,,0,0,"(s) of:
A. Alkane
"
meta-llama-Llama-3.1-8B,1-Chlorohexane,1,alkyl chloride,underspecified,,,0,0, the alkyl halide. The alkyl hal
meta-llama-Llama-3.1-8B,1-Chlorohexane,2,alkyl chloride,underspecified,,,0,0, alkyl halide. The functional group is the
meta-llama-Llama-3.1-8B,1-Chlorohexane,3,alkyl chloride,answer_wrong,none (alkane),alkane,0,0, halogenated alkane. It is a color
meta-llama-Llama-3.1-8B,1-Chlorohexane,4,alkyl chloride,underspecified,,,0,0, the alkyl halide. The alkyl hal
meta-llama-Llama-3.1-8B,1-Chlorohexane,5,alkyl chloride,underspecified,,,0,0, the alkyl halide functional group. The alk
meta-llama-Llama-3.1-8B,1-Chlorohexane,6,alkyl chloride,non_answer,,,0,0, chloroalkane. Chloroalkanes are
meta-llama-Llama-3.1-8B,1-Chlorohexane,7,alkyl chloride,underspecified,,,0,0, as an alkyl halide. The alkyl
meta-llama-Llama-3.1-8B,1-Chlorohexane,8,alkyl chloride,malformed,,,0,0,"
A. Alkyl halide
B"
meta-llama-Llama-3.1-8B,1-Chlorohexane,9,alkyl chloride,answer_correct,alkyl chloride,chlorine,1,1, the chlorine atom. The chlorine atom is attached to
meta-llama-Llama-3.1-8B,1-Fluoropropane,0,alkyl fluoride,non_answer,,,0,0, of a fluorocarbon. It is a color
meta-llama-Llama-3.1-8B,1-Fluoropropane,1,alkyl fluoride,answer_correct,alkyl fluoride,fluorine,1,1, the carbon-fluorine bond. The carbon
meta-llama-Llama-3.1-8B,1-Fluoropropane,2,alkyl fluoride,answer_wrong,none (alkane),aliphatic,0,0," aliphatic, the functional-group type is hal"
meta-llama-Llama-3.1-8B,1-Fluoropropane,3,alkyl fluoride,answer_correct,alkyl fluoride,fluorine,1,1, fluorine atom. It is a colorless gas
meta-llama-Llama-3.1-8B,1-Fluoropropane,4,alkyl fluoride,answer_correct,alkyl fluoride,fluorine,1,1, the carbon-fluorine bond. The carbon
meta-llama-Llama-3.1-8B,1-Fluoropropane,5,alkyl fluoride,answer_correct,alkyl fluoride,Fluorine,1,1, the Fluorine atom. The Fluorine
meta-llama-Llama-3.1-8B,1-Fluoropropane,6,alkyl fluoride,non_answer,,,0,0, fluorocarbon. Fluorocarbons are
meta-llama-Llama-3.1-8B,1-Fluoropropane,7,alkyl fluoride,underspecified,,,0,0, as an alkyl halide. It is a
meta-llama-Llama-3.1-8B,1-Fluoropropane,8,alkyl fluoride,malformed,,,0,0,"
A. aldehyde
B. alcohol
"
meta-llama-Llama-3.1-8B,1-Fluoropropane,9,alkyl fluoride,answer_correct,alkyl fluoride,fluorine,1,1, the carbon-fluorine bond. The carbon
meta-llama-Llama-3.1-8B,1-Fluorobutane,0,alkyl fluoride,non_answer,,,0,0, of a fluorocarbon. It is a color
meta-llama-Llama-3.1-8B,1-Fluorobutane,1,alkyl fluoride,non_answer,,,0,0, the alkyne group. The alkyne
meta-llama-Llama-3.1-8B,1-Fluorobutane,2,alkyl fluoride,answer_wrong,none (alkane),alkanes,0,0, alkanes and the functional group is alkan
meta-llama-Llama-3.1-8B,1-Fluorobutane,3,alkyl fluoride,answer_correct,alkyl fluoride,fluorine,1,1, carbon-fluorine bond. It is a
meta-llama-Llama-3.1-8B,1-Fluorobutane,4,alkyl fluoride,answer_correct,alkyl fluoride,fluorine,1,1, the carbon-fluorine bond. The carbon
meta-llama-Llama-3.1-8B,1-Fluorobutane,5,alkyl fluoride,non_answer,,,0,0, the alkyne group. The alkyne
meta-llama-Llama-3.1-8B,1-Fluorobutane,6,alkyl fluoride,non_answer,,,0,0, fluorocarbon. Fluorocarbons are
meta-llama-Llama-3.1-8B,1-Fluorobutane,7,alkyl fluoride,underspecified,,,0,0, as an alkyl halide. It is a
meta-llama-Llama-3.1-8B,1-Fluorobutane,8,alkyl fluoride,malformed,,,0,0,"
A. Alkane
B. Al"
meta-llama-Llama-3.1-8B,1-Fluorobutane,9,alkyl fluoride,answer_correct,alkyl fluoride,fluorine,1,1, the carbon-fluorine bond. The carbon
meta-llama-Llama-3.1-8B,1-Fluoropentane,0,alkyl fluoride,non_answer,,,0,0, of a fluorocarbon. It is a color
meta-llama-Llama-3.1-8B,1-Fluoropentane,1,alkyl fluoride,underspecified,,,0,0, the alkyl halide. The alkyl hal
meta-llama-Llama-3.1-8B,1-Fluoropentane,2,alkyl fluoride,answer_wrong,none (alkane),alkanes,0,0, alkanes. The functional-group class is the
meta-llama-Llama-3.1-8B,1-Fluoropentane,3,alkyl fluoride,answer_correct,alkyl fluoride,fluorine,1,1, fluorine atom. It is a colorless liquid
meta-llama-Llama-3.1-8B,1-Fluoropentane,4,alkyl fluoride,answer_wrong,none (alkane),alkane,0,0, the alkane. The alkane functional group is
meta-llama-Llama-3.1-8B,1-Fluoropentane,5,alkyl fluoride,answer_wrong,none (alkane),alkanes,0,0, alkanes. Alkanes are hydrocar
meta-llama-Llama-3.1-8B,1-Fluoropentane,6,alkyl fluoride,non_answer,,,0,0, fluorocarbon. Fluorocarbons are
meta-llama-Llama-3.1-8B,1-Fluoropentane,7,alkyl fluoride,answer_wrong,none (alkane),alkane,0,0, as an alkane. It is a colorless
meta-llama-Llama-3.1-8B,1-Fluoropentane,8,alkyl fluoride,malformed,,,0,0,"
A. Alkane
B. Al"
meta-llama-Llama-3.1-8B,1-Fluoropentane,9,alkyl fluoride,non_answer,,,0,0, the C-F bond. The C-F bond is
meta-llama-Llama-3.1-8B,1-Fluorohexane,0,alkyl fluoride,non_answer,,,0,0, of a fluorocarbon. Fluorocar
meta-llama-Llama-3.1-8B,1-Fluorohexane,1,alkyl fluoride,underspecified,,,0,0, the alkyl group. The alkyl group is
meta-llama-Llama-3.1-8B,1-Fluorohexane,2,alkyl fluoride,answer_wrong,none (alkane),aliphatic,0,0," aliphatic, the functional group is aliph"
meta-llama-Llama-3.1-8B,1-Fluorohexane,3,alkyl fluoride,answer_correct,alkyl fluoride,fluorine,1,1, fluorine atom. It is a colorless liquid
meta-llama-Llama-3.1-8B,1-Fluorohexane,4,alkyl fluoride,answer_wrong,none (alkane),alkane,0,0, the alkane. The alkane functional group is
meta-llama-Llama-3.1-8B,1-Fluorohexane,5,alkyl fluoride,answer_wrong,none (alkane),aliphatic,0,0, aliphatic hydrocarbon. The aliphatic
meta-llama-Llama-3.1-8B,1-Fluorohexane,6,alkyl fluoride,non_answer,,,0,0, fluorocarbon. Fluorocarbons are
meta-llama-Llama-3.1-8B,1-Fluorohexane,7,alkyl fluoride,answer_wrong,none (alkane),alkane,0,0, as an alkane. Alkanes are hydro
meta-llama-Llama-3.1-8B,1-Fluorohexane,8,alkyl fluoride,malformed,,,0,0,"
A. Alkane
B. Al"
meta-llama-Llama-3.1-8B,1-Fluorohexane,9,alkyl fluoride,non_answer,,,0,0, the C-F bond. The C-F bond is
meta-llama-Llama-3.1-8B,1-Bromopropane,0,alkyl bromide,answer_wrong,none (alkane),alkane,0,0, of a halogenated alkane. It is
meta-llama-Llama-3.1-8B,1-Bromopropane,1,alkyl bromide,answer_correct,alkyl bromide,bromide,1,1, the bromide ion. The bromide ion is
meta-llama-Llama-3.1-8B,1-Bromopropane,2,alkyl bromide,malformed,,,0,0,"
A. halogen
B. alcohol
"
meta-llama-Llama-3.1-8B,1-Bromopropane,3,alkyl bromide,answer_correct,alkyl bromide,bromine,1,1, bromine atom and a carbon atom. It is
meta-llama-Llama-3.1-8B,1-Bromopropane,4,alkyl bromide,answer_correct,alkyl bromide,bromine,1,1, the bromine atom. The bromine atom is
meta-llama-Llama-3.1-8B,1-Bromopropane,5,alkyl bromide,malformed,,,0,0,"
A. Alkyl halide
B"
meta-llama-Llama-3.1-8B,1-Bromopropane,6,alkyl bromide,answer_wrong,none (alkane),hydrocarbon,0,0, halogenated hydrocarbon. It is a color
meta-llama-Llama-3.1-8B,1-Bromopropane,7,alkyl bromide,underspecified,,,0,0, as an alkyl halide. It is a
meta-llama-Llama-3.1-8B,1-Bromopropane,8,alkyl bromide,non_answer,,,0,0, a bromoalkane. The functional-group identity
meta-llama-Llama-3.1-8B,1-Bromopropane,9,alkyl bromide,answer_correct,alkyl bromide,bromine,1,1, the bromine atom. The bromine atom is
meta-llama-Llama-3.1-8B,1-Bromobutane,0,alkyl bromide,underspecified,,,0,0, of an alkyl halide. The alkyl
meta-llama-Llama-3.1-8B,1-Bromobutane,1,alkyl bromide,answer_correct,alkyl bromide,bromide,1,1, the bromide ion. The bromide ion is
meta-llama-Llama-3.1-8B,1-Bromobutane,2,alkyl bromide,underspecified,,,0,0, alkyl halide. The functional group is the
meta-llama-Llama-3.1-8B,1-Bromobutane,3,alkyl bromide,underspecified,,,0,1, halogen. The halogen is the bromine
meta-llama-Llama-3.1-8B,1-Bromobutane,4,alkyl bromide,answer_correct,alkyl bromide,bromide,1,1, the bromide ion. The bromide ion is
meta-llama-Llama-3.1-8B,1-Bromobutane,5,alkyl bromide,answer_correct,alkyl bromide,bromide,1,1, the bromide group. The bromide group is
meta-llama-Llama-3.1-8B,1-Bromobutane,6,alkyl bromide,underspecified,,,0,0, halogenoalkane. The halogeno
meta-llama-Llama-3.1-8B,1-Bromobutane,7,alkyl bromide,underspecified,,,0,0, as an alkyl halide. The alkyl
meta-llama-Llama-3.1-8B,1-Bromobutane,8,alkyl bromide,malformed,,,0,0,"
A. alkyl halide
B."
meta-llama-Llama-3.1-8B,1-Bromobutane,9,alkyl bromide,answer_correct,alkyl bromide,bromine,1,1, the bromine atom. The bromine atom is
meta-llama-Llama-3.1-8B,1-Bromopentane,0,alkyl bromide,underspecified,,,0,0,(s) alkyl halide. The functional group
meta-llama-Llama-3.1-8B,1-Bromopentane,1,alkyl bromide,answer_correct,alkyl bromide,bromide,1,1, the bromide group. The bromide group is
meta-llama-Llama-3.1-8B,1-Bromopentane,2,alkyl bromide,underspecified,,,0,0, alkyl halide. The functional group is the
meta-llama-Llama-3.1-8B,1-Bromopentane,3,alkyl bromide,non_answer,,,0,1, functional group. The functional group is the bromine
meta-llama-Llama-3.1-8B,1-Bromopentane,4,alkyl bromide,underspecified,,,0,0, the alkyl group. The alkyl group is
meta-llama-Llama-3.1-8B,1-Bromopentane,5,alkyl bromide,underspecified,,,0,0, the alkyl halide functional group. The alk
meta-llama-Llama-3.1-8B,1-Bromopentane,6,alkyl bromide,underspecified,,,0,0, halogenoalkane. The halogeno
meta-llama-Llama-3.1-8B,1-Bromopentane,7,alkyl bromide,underspecified,,,0,0, as an alkyl halide. The alkyl
meta-llama-Llama-3.1-8B,1-Bromopentane,8,alkyl bromide,malformed,,,0,0,"
A. alkyl halide
B."
meta-llama-Llama-3.1-8B,1-Bromopentane,9,alkyl bromide,answer_correct,alkyl bromide,bromine,1,1, the bromine atom. The bromine atom is
meta-llama-Llama-3.1-8B,1-Bromohexane,0,alkyl bromide,underspecified,,,0,0, of an alkyl halide. The alkyl
meta-llama-Llama-3.1-8B,1-Bromohexane,1,alkyl bromide,answer_correct,alkyl bromide,bromide,1,1, the bromide group. The bromide group is
meta-llama-Llama-3.1-8B,1-Bromohexane,2,alkyl bromide,underspecified,,,0,0, alkyl halide. The functional group is the
meta-llama-Llama-3.1-8B,1-Bromohexane,3,alkyl bromide,underspecified,,,0,1," halogen. The halogen is bromine,"
meta-llama-Llama-3.1-8B,1-Bromohexane,4,alkyl bromide,answer_correct,alkyl bromide,bromide,1,1, the bromide group. The bromide group is
meta-llama-Llama-3.1-8B,1-Bromohexane,5,alkyl bromide,underspecified,,,0,0, the alkyl halide functional group. The alk
meta-llama-Llama-3.1-8B,1-Bromohexane,6,alkyl bromide,underspecified,,,0,0, halogenoalkane. The halogeno
meta-llama-Llama-3.1-8B,1-Bromohexane,7,alkyl bromide,underspecified,,,0,0, as an alkyl halide. The alkyl
meta-llama-Llama-3.1-8B,1-Bromohexane,8,alkyl bromide,malformed,,,0,0,"
A. alkyl halide
B."
meta-llama-Llama-3.1-8B,1-Bromohexane,9,alkyl bromide,answer_correct,alkyl bromide,bromine,1,1, the bromine atom. The bromine atom is
meta-llama-Llama-3.1-8B,1-Iodopropane,0,alkyl iodide,malformed,,,0,0,"(s) ____________.
A. alkane"
meta-llama-Llama-3.1-8B,1-Iodopropane,1,alkyl iodide,malformed,,,0,0,"
A. Alkyl
B. Al"
meta-llama-Llama-3.1-8B,1-Iodopropane,2,alkyl iodide,underspecified,,,0,0, alkyl halide. The functional group is the
meta-llama-Llama-3.1-8B,1-Iodopropane,3,alkyl iodide,answer_wrong,none (alkane),alkane,0,0, halogenated alkane. It is a color
meta-llama-Llama-3.1-8B,1-Iodopropane,4,alkyl iodide,non_answer,,,0,0,"
The characteristic functional group of 1-Iod"
meta-llama-Llama-3.1-8B,1-Iodopropane,5,alkyl iodide,non_answer,,,0,0,"
The main functional group present in 1-I"
meta-llama-Llama-3.1-8B,1-Iodopropane,6,alkyl iodide,answer_wrong,none (alkane),alkane,0,0, halogenated alkane. The chemical formula for
meta-llama-Llama-3.1-8B,1-Iodopropane,7,alkyl iodide,underspecified,,,0,0, as an alkyl halide. The alkyl
meta-llama-Llama-3.1-8B,1-Iodopropane,8,alkyl iodide,malformed,,,0,0,"
A. Alkane
B. Al"
meta-llama-Llama-3.1-8B,1-Iodopropane,9,alkyl iodide,underspecified,,,0,0, the alkyl halide. The alkyl hal
meta-llama-Llama-3.1-8B,1-Iodobutane,0,alkyl iodide,malformed,,,0,0,"(s) of:
A. Alkane
"
meta-llama-Llama-3.1-8B,1-Iodobutane,1,alkyl iodide,underspecified,,,0,0, an alkyl halide. The alkyl hal
meta-llama-Llama-3.1-8B,1-Iodobutane,2,alkyl iodide,underspecified,,,0,0, alkyl halide. The functional group is the
meta-llama-Llama-3.1-8B,1-Iodobutane,3,alkyl iodide,answer_wrong,none (alkane),alkane,0,0, halogenated alkane. It is a color
meta-llama-Llama-3.1-8B,1-Iodobutane,4,alkyl iodide,underspecified,,,0,0, the alkyl halide group. The alkyl
meta-llama-Llama-3.1-8B,1-Iodobutane,5,alkyl iodide,underspecified,,,0,0, an alkyl halide. The alkyl hal
meta-llama-Llama-3.1-8B,1-Iodobutane,6,alkyl iodide,answer_wrong,none (alkane),alkane,0,0, halogenated alkane. Alkanes are
meta-llama-Llama-3.1-8B,1-Iodobutane,7,alkyl iodide,underspecified,,,0,0, as an alkyl halide. It is a
meta-llama-Llama-3.1-8B,1-Iodobutane,8,alkyl iodide,malformed,,,0,0,"
A. Alkane
B. Al"
meta-llama-Llama-3.1-8B,1-Iodobutane,9,alkyl iodide,underspecified,,,0,0, the alkyl halide. The alkyl hal
meta-llama-Llama-3.1-8B,1-Iodopentane,0,alkyl iodide,malformed,,,0,0,"(s) of
A. alcohol
B."
meta-llama-Llama-3.1-8B,1-Iodopentane,1,alkyl iodide,malformed,,,0,0,"
A. Alkyl
B. Al"
meta-llama-Llama-3.1-8B,1-Iodopentane,2,alkyl iodide,answer_wrong,none (alkane),alkane,0,0," alkane, and the functional group is alkyl"
meta-llama-Llama-3.1-8B,1-Iodopentane,3,alkyl iodide,answer_wrong,none (alkane),alkane,0,0, halogenated alkane. It is a color
meta-llama-Llama-3.1-8B,1-Iodopentane,4,alkyl iodide,non_answer,,,0,0,"
The characteristic functional group of 1-Iod"
meta-llama-Llama-3.1-8B,1-Iodopentane,5,alkyl iodide,non_answer,,,0,0,"
The correct answer is  Alkyl hal"
meta-llama-Llama-3.1-8B,1-Iodopentane,6,alkyl iodide,underspecified,,,0,0, halogenoalkane. The halogeno
meta-llama-Llama-3.1-8B,1-Iodopentane,7,alkyl iodide,underspecified,,,0,0, as an alkyl halide. The alkyl
meta-llama-Llama-3.1-8B,1-Iodopentane,8,alkyl iodide,malformed,,,0,0,"
A. Alkane
B. Al"
meta-llama-Llama-3.1-8B,1-Iodopentane,9,alkyl iodide,answer_correct,alkyl iodide,iodine,1,1, the iodine atom. The iodine atom is
meta-llama-Llama-3.1-8B,1-Iodohexane,0,alkyl iodide,malformed,,,0,0,"(s) of:
A. Alkane
"
meta-llama-Llama-3.1-8B,1-Iodohexane,1,alkyl iodide,underspecified,,,0,0, an alkyl halide. The alkyl hal
meta-llama-Llama-3.1-8B,1-Iodohexane,2,alkyl iodide,underspecified,,,0,0, alkyl halide. The functional group is the
meta-llama-Llama-3.1-8B,1-Iodohexane,3,alkyl iodide,answer_wrong,none (alkane),alkane,0,0, halogenated alkane. It is a color
meta-llama-Llama-3.1-8B,1-Iodohexane,4,alkyl iodide,non_answer,,,0,0,"
The characteristic functional group of 1-Iod"
meta-llama-Llama-3.1-8B,1-Iodohexane,5,alkyl iodide,non_answer,,,0,0,":
The correct answer is  Alkyl hal"
meta-llama-Llama-3.1-8B,1-Iodohexane,6,alkyl iodide,answer_wrong,none (alkane),alkane,0,0, alkane. Alkanes are hydrocarbons
meta-llama-Llama-3.1-8B,1-Iodohexane,7,alkyl iodide,non_answer,,,0,0,(s) present in the molecule. The functional group
meta-llama-Llama-3.1-8B,1-Iodohexane,8,alkyl iodide,malformed,,,0,0,"
A. Alkyl halide
B"
meta-llama-Llama-3.1-8B,1-Iodohexane,9,alkyl iodide,answer_correct,alkyl iodide,iodine,1,1, the iodine atom. The iodine atom is
meta-llama-Llama-3.1-8B,Methoxyethane,0,ether,non_answer,,,0,0, methoxy (OCH3). It is a
meta-llama-Llama-3.1-8B,Methoxyethane,1,ether,malformed,,,0,1,"
A. Alcohol
B. Ether
C"
meta-llama-Llama-3.1-8B,Methoxyethane,2,ether,answer_correct,ether,ether,1,1," ether, the functional-group type is ether, and"
meta-llama-Llama-3.1-8B,Methoxyethane,3,ether,non_answer,,,0,0, carbon-carbon double bond. The carbon-carbon
meta-llama-Llama-3.1-8B,Methoxyethane,4,ether,non_answer,,,0,0,"
The characteristic functional group of Methoxyethane"
meta-llama-Llama-3.1-8B,Methoxyethane,5,ether,answer_correct,ether,Ether,1,1,"
The correct answer is  Ether.
Meth"
meta-llama-Llama-3.1-8B,Methoxyethane,6,ether,answer_correct,ether,ethers,1,1, member of the ethers. Methoxyethane (
meta-llama-Llama-3.1-8B,Methoxyethane,7,ether,answer_correct,ether,ether,1,1, as an ether. It is a colorless liquid
meta-llama-Llama-3.1-8B,Methoxyethane,8,ether,malformed,,,0,1,"
A. Alcohol
B. Ether
C"
meta-llama-Llama-3.1-8B,Methoxyethane,9,ether,answer_correct,ether,ether,1,1, the ether group. The ether group is a functional
meta-llama-Llama-3.1-8B,1-Methoxypropane,0,ether,answer_correct,ether,ether,1,1," of an ether. It is a colorless,"
meta-llama-Llama-3.1-8B,1-Methoxypropane,1,ether,malformed,,,0,1,"
A. alcohol
B. ether
C"
meta-llama-Llama-3.1-8B,1-Methoxypropane,2,ether,answer_correct,ether,Ether,1,1," Alkyl Ether.
For 1-Meth"
meta-llama-Llama-3.1-8B,1-Methoxypropane,3,ether,non_answer,,,0,0, carbon-carbon double bond. The carbon-carbon
meta-llama-Llama-3.1-8B,1-Methoxypropane,4,ether,non_answer,,,0,0,"
The characteristic functional group of 1-Meth"
meta-llama-Llama-3.1-8B,1-Methoxypropane,5,ether,answer_wrong,alcohol,Alcohol,0,0,"
The correct answer is  Alcohol.
1-M"
meta-llama-Llama-3.1-8B,1-Methoxypropane,6,ether,answer_correct,ether,ether,1,1, ether. The chemical formula for 1-Meth
meta-llama-Llama-3.1-8B,1-Methoxypropane,7,ether,answer_correct,ether,ether,1,1, as an ether. It is a colorless liquid
meta-llama-Llama-3.1-8B,1-Methoxypropane,8,ether,malformed,,,0,1,"
A. ether
B. alcohol
C"
meta-llama-Llama-3.1-8B,1-Methoxypropane,9,ether,answer_correct,ether,ether,1,1, the ether group. The ether group is a functional
meta-llama-Llama-3.1-8B,1-Methoxybutane,0,ether,answer_correct,ether,ether,1,1, of an ether. The ether functional group is a
meta-llama-Llama-3.1-8B,1-Methoxybutane,1,ether,answer_correct,ether,ether,1,1, an ether group. The ether group is a functional
meta-llama-Llama-3.1-8B,1-Methoxybutane,2,ether,answer_correct,ether,Ether,1,1," Alkyl Ether.
For 1-Meth"
meta-llama-Llama-3.1-8B,1-Methoxybutane,3,ether,non_answer,,,0,0, carbon chain with a functional group attached to it.
meta-llama-Llama-3.1-8B,1-Methoxybutane,4,ether,malformed,,,0,0,"
A. Aldehyde
B. Ketone"
meta-llama-Llama-3.1-8B,1-Methoxybutane,5,ether,answer_correct,ether,ether,1,1, an ether group. The ether group is a functional
meta-llama-Llama-3.1-8B,1-Methoxybutane,6,ether,answer_wrong,alcohol,alcohol,0,0, primary alcohol. The functional group is the part of
meta-llama-Llama-3.1-8B,1-Methoxybutane,7,ether,non_answer,,,0,0,(s) present in the molecule. The functional group
meta-llama-Llama-3.1-8B,1-Methoxybutane,8,ether,malformed,,,0,1,"
A. ether
B. alcohol
C"
meta-llama-Llama-3.1-8B,1-Methoxybutane,9,ether,non_answer,,,0,0, the methyl group (CH3) attached to the
meta-llama-Llama-3.1-8B,1-Methoxypentane,0,ether,malformed,,,0,1,(s) alcohol and ether. The alcohol functional group
meta-llama-Llama-3.1-8B,1-Methoxypentane,1,ether,answer_correct,ether,ether,1,1, an ether group. The ether group is a functional
meta-llama-Llama-3.1-8B,1-Methoxypentane,2,ether,answer_wrong,alcohol,Alcohol,0,0," Alcohol.
For 1-Methoxypent"
meta-llama-Llama-3.1-8B,1-Methoxypentane,3,ether,non_answer,,,0,0, carbon chain with a methyl group attached to it.
meta-llama-Llama-3.1-8B,1-Methoxypentane,4,ether,malformed,,,0,0,"
A. Aldehyde
B. Ketone"
meta-llama-Llama-3.1-8B,1-Methoxypentane,5,ether,answer_correct,ether,ether,1,1, an ether group. The ether group is a functional
meta-llama-Llama-3.1-8B,1-Methoxypentane,6,ether,answer_wrong,alcohol,alcohol,0,0, primary alcohol. The functional group is the part of
meta-llama-Llama-3.1-8B,1-Methoxypentane,7,ether,answer_correct,ether,ether,1,1, as an ether. The ether functional group is a
meta-llama-Llama-3.1-8B,1-Methoxypentane,8,ether,malformed,,,0,1,"
A. alcohol
B. ether
C"
meta-llama-Llama-3.1-8B,1-Methoxypentane,9,ether,non_answer,,,0,0, the methyl group. The methyl group is a hydro
meta-llama-Llama-3.1-8B,(Methylsulfanyl)ethane,0,thioether,answer_correct,thioether,thioether,1,1, of a thioether. It is a color
meta-llama-Llama-3.1-8B,(Methylsulfanyl)ethane,1,thioether,answer_correct,thioether,thioether,1,1, a thioether. The thioether functional
meta-llama-Llama-3.1-8B,(Methylsulfanyl)ethane,2,thioether,non_answer,,,0,0, Sulfur-containing compounds. The functional-group class
meta-llama-Llama-3.1-8B,(Methylsulfanyl)ethane,3,thioether,non_answer,,,0,0, carbon-sulfur bond. It is a color
meta-llama-Llama-3.1-8B,(Methylsulfanyl)ethane,4,thioether,non_answer,,,0,0, the methylsulfanyl group. The methyls
meta-llama-Llama-3.1-8B,(Methylsulfanyl)ethane,5,thioether,answer_wrong,thiol,Thiol,0,0,"
The correct answer is  Thiol.
Th"
meta-llama-Llama-3.1-8B,(Methylsulfanyl)ethane,6,thioether,answer_correct,thioether,sulfide,1,1, sulfide. Sulfides are compounds that contain
meta-llama-Llama-3.1-8B,(Methylsulfanyl)ethane,7,thioether,answer_wrong,none (alkane),alkane,0,0, as an alkane. It is a colorless
meta-llama-Llama-3.1-8B,(Methylsulfanyl)ethane,8,thioether,non_answer,,,0,0,"
The functional-group identity of (Methyls"
meta-llama-Llama-3.1-8B,(Methylsulfanyl)ethane,9,thioether,non_answer,,,0,0, the methylsulfanyl group. The methyls
meta-llama-Llama-3.1-8B,1-(Methylsulfanyl)propane,0,thioether,answer_correct,thioether,thioether,1,1, of a thioether. It is a color
meta-llama-Llama-3.1-8B,1-(Methylsulfanyl)propane,1,thioether,answer_correct,thioether,thioether,1,1, a thioether. The thioether functional
meta-llama-Llama-3.1-8B,1-(Methylsulfanyl)propane,2,thioether,answer_wrong,none (alkane),alkane,0,0, alkane. The functional group is the methyls
meta-llama-Llama-3.1-8B,1-(Methylsulfanyl)propane,3,thioether,non_answer,,,0,0, carbon-carbon double bond. The molecule is a
meta-llama-Llama-3.1-8B,1-(Methylsulfanyl)propane,4,thioether,non_answer,,,0,0, the methylsulfanyl group. The methyls
meta-llama-Llama-3.1-8B,1-(Methylsulfanyl)propane,5,thioether,non_answer,,,0,0,"
The main functional group present in 1-("
meta-llama-Llama-3.1-8B,1-(Methylsulfanyl)propane,6,thioether,answer_correct,thioether,thioether,1,1, thioether. Thioethers are compounds
meta-llama-Llama-3.1-8B,1-(Methylsulfanyl)propane,7,thioether,answer_correct,thioether,thioether,1,1, as a thioether. It is a color
meta-llama-Llama-3.1-8B,1-(Methylsulfanyl)propane,8,thioether,answer_correct,thioether,Sulfide,1,1, Sulfide. The functional-group identity of 
meta-llama-Llama-3.1-8B,1-(Methylsulfanyl)propane,9,thioether,non_answer,,,0,0, the methylsulfanyl group. The methyls
meta-llama-Llama-3.1-8B,1-(Methylsulfanyl)butane,0,thioether,answer_correct,thioether,thioether,1,1, of a thioether. It is a color
meta-llama-Llama-3.1-8B,1-(Methylsulfanyl)butane,1,thioether,answer_correct,thioether,thioether,1,1, a thioether. The thioether functional
meta-llama-Llama-3.1-8B,1-(Methylsulfanyl)butane,2,thioether,answer_wrong,none (alkane),Alkane,0,0," Alkane.
For 1-(Methyl"
meta-llama-Llama-3.1-8B,1-(Methylsulfanyl)butane,3,thioether,non_answer,,,0,0, carbon chain with a methylsulfanyl group.
meta-llama-Llama-3.1-8B,1-(Methylsulfanyl)butane,4,thioether,non_answer,,,0,0, the methylsulfanyl group. The methyls
meta-llama-Llama-3.1-8B,1-(Methylsulfanyl)butane,5,thioether,non_answer,,,0,0, the methylsulfanyl group. The methyls
meta-llama-Llama-3.1-8B,1-(Methylsulfanyl)butane,6,thioether,answer_correct,thioether,sulfide,1,1, sulfide. Sulfides are compounds that contain
meta-llama-Llama-3.1-8B,1-(Methylsulfanyl)butane,7,thioether,non_answer,,,0,0,(s) attached to the carbon skeleton. The functional
meta-llama-Llama-3.1-8B,1-(Methylsulfanyl)butane,8,thioether,answer_correct,thioether,sulfide,1,1,": methyl sulfide
The functional-group identity of"
meta-llama-Llama-3.1-8B,1-(Methylsulfanyl)butane,9,thioether,non_answer,,,0,0, the methylsulfanyl group. The methyls
meta-llama-Llama-3.1-8B,1-(Methylsulfanyl)pentane,0,thioether,answer_correct,thioether,thioether,1,1, of a thioether. It is a color
meta-llama-Llama-3.1-8B,1-(Methylsulfanyl)pentane,1,thioether,answer_correct,thioether,thioether,1,1, a thioether. The thioether functional
meta-llama-Llama-3.1-8B,1-(Methylsulfanyl)pentane,2,thioether,answer_wrong,none (alkane),Alkane,0,0," Alkane.
For 1-(Methyl"
meta-llama-Llama-3.1-8B,1-(Methylsulfanyl)pentane,3,thioether,non_answer,,,0,0, carbon chain with a methylsulfanyl group.
meta-llama-Llama-3.1-8B,1-(Methylsulfanyl)pentane,4,thioether,non_answer,,,0,0, the methylsulfanyl group. The methyls
meta-llama-Llama-3.1-8B,1-(Methylsulfanyl)pentane,5,thioether,answer_correct,thioether,Sulfide,1,1, the Sulfide group. The Sulfide
meta-llama-Llama-3.1-8B,1-(Methylsulfanyl)pentane,6,thioether,answer_correct,thioether,sulfide,1,1, sulfide. Sulfides are compounds that contain
meta-llama-Llama-3.1-8B,1-(Methylsulfanyl)pentane,7,thioether,non_answer,,,0,0,(s) attached to the carbon skeleton. The functional
meta-llama-Llama-3.1-8B,1-(Methylsulfanyl)pentane,8,thioether,answer_correct,thioether,sulfide,1,1, aliphatic sulfide. The CAS registry number
meta-llama-Llama-3.1-8B,1-(Methylsulfanyl)pentane,9,thioether,non_answer,,,0,0, the methylsulfanyl group. The methyls
meta-llama-Llama-3.1-8B,Methyl ethyl sulfoxide,0,sulfoxide,answer_correct,sulfoxide,sulfoxide,1,1, sulfoxide. The sulfoxide group is
meta-llama-Llama-3.1-8B,Methyl ethyl sulfoxide,1,sulfoxide,malformed,,,0,1,"
A. Sulfoxide
B. Sul"
meta-llama-Llama-3.1-8B,Methyl ethyl sulfoxide,2,sulfoxide,non_answer,,,0,0, Sulfur-containing functional groups. The functional-group
meta-llama-Llama-3.1-8B,Methyl ethyl sulfoxide,3,sulfoxide,answer_correct,sulfoxide,sulfoxide,1,1, sulfoxide functional group. It is a color
meta-llama-Llama-3.1-8B,Methyl ethyl sulfoxide,4,sulfoxide,answer_correct,sulfoxide,Sulfoxide,1,1,"
The correct option is C Sulfoxide
"
meta-llama-Llama-3.1-8B,Methyl ethyl sulfoxide,5,sulfoxide,answer_correct,sulfoxide,Sulfoxide,1,1,"
The correct answer is  Sulfoxide.
"
meta-llama-Llama-3.1-8B,Methyl ethyl sulfoxide,6,sulfoxide,answer_correct,sulfoxide,sulfoxide,1,1, sulfoxide. Methyl ethyl sulfox
meta-llama-Llama-3.1-8B,Methyl ethyl sulfoxide,7,sulfoxide,answer_correct,sulfoxide,sulfoxide,1,1, as a sulfoxide. It is a color
meta-llama-Llama-3.1-8B,Methyl ethyl sulfoxide,8,sulfoxide,malformed,,,0,0,"
A. Sulfur
B. Oxygen"
meta-llama-Llama-3.1-8B,Methyl ethyl sulfoxide,9,sulfoxide,answer_correct,sulfoxide,sulfoxide,1,1, the sulfoxide group. The sulfoxide
meta-llama-Llama-3.1-8B,Methyl propyl sulfoxide,0,sulfoxide,answer_correct,sulfoxide,sulfoxide,1,1, sulfoxide. The sulfoxide group is
meta-llama-Llama-3.1-8B,Methyl propyl sulfoxide,1,sulfoxide,malformed,,,0,1,"
A. Sulfoxide
B. Sul"
meta-llama-Llama-3.1-8B,Methyl propyl sulfoxide,2,sulfoxide,malformed,,,0,0,":
A. Sulfide
B. S"
meta-llama-Llama-3.1-8B,Methyl propyl sulfoxide,3,sulfoxide,answer_correct,sulfoxide,sulfoxide,1,1, sulfoxide functional group. It is a color
meta-llama-Llama-3.1-8B,Methyl propyl sulfoxide,4,sulfoxide,answer_correct,sulfoxide,Sulfoxide,1,1,"
The correct option is C Sulfoxide
"
meta-llama-Llama-3.1-8B,Methyl propyl sulfoxide,5,sulfoxide,answer_correct,sulfoxide,Sulfoxide,1,1,"
The correct answer is  Sulfoxide.
"
meta-llama-Llama-3.1-8B,Methyl propyl sulfoxide,6,sulfoxide,answer_correct,sulfoxide,sulfoxide,1,1, sulfoxide. The sulfoxide functional group
meta-llama-Llama-3.1-8B,Methyl propyl sulfoxide,7,sulfoxide,answer_correct,sulfoxide,sulfoxide,1,1, as a sulfoxide. It is a color
meta-llama-Llama-3.1-8B,Methyl propyl sulfoxide,8,sulfoxide,malformed,,,0,0,"
A. Sulfide
B. S"
meta-llama-Llama-3.1-8B,Methyl propyl sulfoxide,9,sulfoxide,answer_correct,sulfoxide,sulfoxide,1,1, the sulfoxide group. The sulfoxide
meta-llama-Llama-3.1-8B,Methyl butyl sulfoxide,0,sulfoxide,answer_correct,sulfoxide,sulfoxide,1,1, sulfoxide. The sulfoxide group is
meta-llama-Llama-3.1-8B,Methyl butyl sulfoxide,1,sulfoxide,malformed,,,0,1,"
A. Sulfoxide
B. Sul"
meta-llama-Llama-3.1-8B,Methyl butyl sulfoxide,2,sulfoxide,non_answer,,,0,0, Sulfur-containing functional groups. The functional-group
meta-llama-Llama-3.1-8B,Methyl butyl sulfoxide,3,sulfoxide,answer_correct,sulfoxide,sulfoxide,1,1, sulfoxide functional group. It is a color
meta-llama-Llama-3.1-8B,Methyl butyl sulfoxide,4,sulfoxide,answer_correct,sulfoxide,Sulfoxide,1,1,"
The correct option is C Sulfoxide
"
meta-llama-Llama-3.1-8B,Methyl butyl sulfoxide,5,sulfoxide,answer_correct,sulfoxide,Sulfoxide,1,1,"
The correct answer is  Sulfoxide.
"
meta-llama-Llama-3.1-8B,Methyl butyl sulfoxide,6,sulfoxide,answer_correct,sulfoxide,sulfoxide,1,1, sulfoxide. Methyl butyl sulfox
meta-llama-Llama-3.1-8B,Methyl butyl sulfoxide,7,sulfoxide,answer_correct,sulfoxide,sulfoxide,1,1, as a sulfoxide. It is a color
meta-llama-Llama-3.1-8B,Methyl butyl sulfoxide,8,sulfoxide,malformed,,,0,0,"
A. Sulfide
B. S"
meta-llama-Llama-3.1-8B,Methyl butyl sulfoxide,9,sulfoxide,answer_correct,sulfoxide,sulfoxide,1,1, the sulfoxide group. The sulfoxide
meta-llama-Llama-3.1-8B,Methyl pentyl sulfoxide,0,sulfoxide,answer_correct,sulfoxide,sulfoxide,1,1, sulfoxide. It is a colorless liquid
meta-llama-Llama-3.1-8B,Methyl pentyl sulfoxide,1,sulfoxide,malformed,,,0,1,"
A. Sulfoxide
B. Sul"
meta-llama-Llama-3.1-8B,Methyl pentyl sulfoxide,2,sulfoxide,non_answer,,,0,0, Sulfur-containing functional groups. The functional-group
meta-llama-Llama-3.1-8B,Methyl pentyl sulfoxide,3,sulfoxide,answer_correct,sulfoxide,sulfoxide,1,1, sulfoxide functional group. It is a color
meta-llama-Llama-3.1-8B,Methyl pentyl sulfoxide,4,sulfoxide,answer_correct,sulfoxide,Sulfoxide,1,1,"
The correct option is C Sulfoxide
"
meta-llama-Llama-3.1-8B,Methyl pentyl sulfoxide,5,sulfoxide,answer_correct,sulfoxide,Sulfoxide,1,1,"
The correct answer is  Sulfoxide.
"
meta-llama-Llama-3.1-8B,Methyl pentyl sulfoxide,6,sulfoxide,answer_correct,sulfoxide,sulfoxide,1,1, sulfoxide. The sulfoxide functional group
meta-llama-Llama-3.1-8B,Methyl pentyl sulfoxide,7,sulfoxide,answer_correct,sulfoxide,sulfoxide,1,1, as a sulfoxide. It is a color
meta-llama-Llama-3.1-8B,Methyl pentyl sulfoxide,8,sulfoxide,malformed,,,0,0,"
A. Sulfide
B. S"
meta-llama-Llama-3.1-8B,Methyl pentyl sulfoxide,9,sulfoxide,answer_correct,sulfoxide,sulfoxide,1,1, the sulfoxide group. The sulfoxide
meta-llama-Llama-3.1-8B,Methyl ethyl sulfone,0,sulfone,answer_correct,sulfone,sulfone,1,1, of a sulfone. It is a colorless
meta-llama-Llama-3.1-8B,Methyl ethyl sulfone,1,sulfone,malformed,,,0,1,"
A. Sulfone
B. S"
meta-llama-Llama-3.1-8B,Methyl ethyl sulfone,2,sulfone,answer_correct,sulfone,sulfone,1,1, sulfone. The functional-group class is the most
meta-llama-Llama-3.1-8B,Methyl ethyl sulfone,3,sulfone,answer_correct,sulfone,sulfone,1,1, sulfone group. It is a colorless liquid
meta-llama-Llama-3.1-8B,Methyl ethyl sulfone,4,sulfone,answer_correct,sulfone,Sulfone,1,1,"
The correct answer is  Sulfone.
"
meta-llama-Llama-3.1-8B,Methyl ethyl sulfone,5,sulfone,answer_correct,sulfone,Sulfone,1,1,"
The correct answer is  Sulfone.
"
meta-llama-Llama-3.1-8B,Methyl ethyl sulfone,6,sulfone,answer_correct,sulfone,sulfone,1,1, sulfone. Sulfones are a class of
meta-llama-Llama-3.1-8B,Methyl ethyl sulfone,7,sulfone,answer_correct,sulfone,sulfone,1,1, as a sulfone. It is a colorless
meta-llama-Llama-3.1-8B,Methyl ethyl sulfone,8,sulfone,malformed,,,0,1,"
A. Sulfone
B. S"
meta-llama-Llama-3.1-8B,Methyl ethyl sulfone,9,sulfone,answer_correct,sulfone,sulfone,1,1, the sulfone group. The sulfone group is
meta-llama-Llama-3.1-8B,Methyl propyl sulfone,0,sulfone,answer_correct,sulfone,sulfone,1,1, of a sulfone. It is a colorless
meta-llama-Llama-3.1-8B,Methyl propyl sulfone,1,sulfone,malformed,,,0,1,"
A. Sulfone
B. S"
meta-llama-Llama-3.1-8B,Methyl propyl sulfone,2,sulfone,answer_correct,sulfone,sulfone,1,1, sulfone. The functional-group class is the most
meta-llama-Llama-3.1-8B,Methyl propyl sulfone,3,sulfone,answer_correct,sulfone,sulfone,1,1, sulfone group. It is a colorless liquid
meta-llama-Llama-3.1-8B,Methyl propyl sulfone,4,sulfone,answer_correct,sulfone,Sulfone,1,1,"
The correct option is C Sulfone
"
meta-llama-Llama-3.1-8B,Methyl propyl sulfone,5,sulfone,answer_correct,sulfone,Sulfone,1,1,"
The correct answer is  Sulfone.
"
meta-llama-Llama-3.1-8B,Methyl propyl sulfone,6,sulfone,answer_correct,sulfone,sulfone,1,1, sulfone. Sulfones are a class of
meta-llama-Llama-3.1-8B,Methyl propyl sulfone,7,sulfone,answer_correct,sulfone,sulfone,1,1, as a sulfone. It is a colorless
meta-llama-Llama-3.1-8B,Methyl propyl sulfone,8,sulfone,answer_correct,sulfone,Sulfone,1,1, Sulfone. The functional-group identity of M
meta-llama-Llama-3.1-8B,Methyl propyl sulfone,9,sulfone,answer_correct,sulfone,sulfone,1,1, the sulfone group. The sulfone group is
meta-llama-Llama-3.1-8B,Methyl butyl sulfone,0,sulfone,answer_correct,sulfone,sulfone,1,1, sulfone. It is a colorless liquid with
meta-llama-Llama-3.1-8B,Methyl butyl sulfone,1,sulfone,malformed,,,0,1,"
A. Sulfone
B. S"
meta-llama-Llama-3.1-8B,Methyl butyl sulfone,2,sulfone,answer_correct,sulfone,Sulfone,1,1, Sulfone. The functional-group class is the
meta-llama-Llama-3.1-8B,Methyl butyl sulfone,3,sulfone,answer_correct,sulfone,sulfone,1,1, sulfone group. It is a colorless liquid
meta-llama-Llama-3.1-8B,Methyl butyl sulfone,4,sulfone,answer_correct,sulfone,Sulfone,1,1, Sulfone. The molecular formula of Methyl
meta-llama-Llama-3.1-8B,Methyl butyl sulfone,5,sulfone,answer_correct,sulfone,Sulfone,1,1,"
The correct answer is  Sulfone.
"
meta-llama-Llama-3.1-8B,Methyl butyl sulfone,6,sulfone,answer_correct,sulfone,sulfone,1,1, sulfone (organic compound). Methyl butyl
meta-llama-Llama-3.1-8B,Methyl butyl sulfone,7,sulfone,answer_correct,sulfone,sulfone,1,1, as a sulfone. It is a colorless
meta-llama-Llama-3.1-8B,Methyl butyl sulfone,8,sulfone,answer_correct,sulfone,Sulfone,1,1, Sulfone. The functional-group identity of M
meta-llama-Llama-3.1-8B,Methyl butyl sulfone,9,sulfone,answer_correct,sulfone,sulfone,1,1, the sulfone group. The sulfone group is
meta-llama-Llama-3.1-8B,Methyl pentyl sulfone,0,sulfone,answer_correct,sulfone,sulfone,1,1, sulfone. It is a colorless liquid with
meta-llama-Llama-3.1-8B,Methyl pentyl sulfone,1,sulfone,malformed,,,0,0,"
A. Aldehyde
B. Ketone"
meta-llama-Llama-3.1-8B,Methyl pentyl sulfone,2,sulfone,answer_correct,sulfone,sulfone,1,1, sulfone. The functional-group class is the most
meta-llama-Llama-3.1-8B,Methyl pentyl sulfone,3,sulfone,answer_correct,sulfone,sulfone,1,1, sulfone group. Sulfones are a class
meta-llama-Llama-3.1-8B,Methyl pentyl sulfone,4,sulfone,answer_correct,sulfone,sulfone,1,1, the sulfone group. The sulfone group is
meta-llama-Llama-3.1-8B,Methyl pentyl sulfone,5,sulfone,answer_correct,sulfone,Sulfone,1,1,"
The correct answer is  Sulfone.
"
meta-llama-Llama-3.1-8B,Methyl pentyl sulfone,6,sulfone,answer_correct,sulfone,sulfone,1,1, sulfone. Sulfones are a class of
meta-llama-Llama-3.1-8B,Methyl pentyl sulfone,7,sulfone,answer_correct,sulfone,sulfone,1,1, as a sulfone. It is a colorless
meta-llama-Llama-3.1-8B,Methyl pentyl sulfone,8,sulfone,answer_correct,sulfone,sulfone,1,1, sulfone. The functional-group identity of Methyl
meta-llama-Llama-3.1-8B,Methyl pentyl sulfone,9,sulfone,answer_correct,sulfone,sulfone,1,1, the sulfone group. The sulfone group is
meta-llama-Llama-3.1-8B,Propan-1-imine,0,imine,answer_correct,imine,imine,1,1, imine. The functional group imine is also
meta-llama-Llama-3.1-8B,Propan-1-imine,1,imine,non_answer,,,0,0,"
The primary functional group in Propan-1"
meta-llama-Llama-3.1-8B,Propan-1-imine,2,imine,answer_correct,imine,imine,1,1, imine. The functional-group class is the most
meta-llama-Llama-3.1-8B,Propan-1-imine,3,imine,non_answer,,,0,0, carbon-nitrogen double bond. The carbon-n
meta-llama-Llama-3.1-8B,Propan-1-imine,4,imine,non_answer,,,0,0,"
The characteristic functional group of Propan-1"
meta-llama-Llama-3.1-8B,Propan-1-imine,5,imine,non_answer,,,0,0,"
The correct answer is  Alkene.
"
meta-llama-Llama-3.1-8B,Propan-1-imine,6,imine,answer_wrong,amine,amine,0,0, primary aliphatic amine. The amine
meta-llama-Llama-3.1-8B,Propan-1-imine,7,imine,answer_correct,imine,imine,1,1, as an imine. It is a colorless
meta-llama-Llama-3.1-8B,Propan-1-imine,8,imine,malformed,,,0,0,"
A. aldehyde
B. ketone"
meta-llama-Llama-3.1-8B,Propan-1-imine,9,imine,answer_correct,imine,imine,1,1, the imine. The imine functional group is
meta-llama-Llama-3.1-8B,Butan-1-imine,0,imine,malformed,,,0,0,"(s) of:
A. Alkene
"
meta-llama-Llama-3.1-8B,Butan-1-imine,1,imine,malformed,,,0,0,"
A. -C≡C-
B."
meta-llama-Llama-3.1-8B,Butan-1-imine,2,imine,answer_correct,imine,imine,1,1, imine. The functional-group class is the most
meta-llama-Llama-3.1-8B,Butan-1-imine,3,imine,non_answer,,,0,0, carbon-nitrogen double bond. The molecule is
meta-llama-Llama-3.1-8B,Butan-1-imine,4,imine,non_answer,,,0,0,"
The characteristic functional group of Butan-1"
meta-llama-Llama-3.1-8B,Butan-1-imine,5,imine,non_answer,,,0,0,"
The correct answer is  Alkene.
"
meta-llama-Llama-3.1-8B,Butan-1-imine,6,imine,answer_wrong,amine,amine,0,0, primary amine. The primary amine functional group
meta-llama-Llama-3.1-8B,Butan-1-imine,7,imine,non_answer,,,0,0,(s) present in the molecule. The functional group
meta-llama-Llama-3.1-8B,Butan-1-imine,8,imine,malformed,,,0,0,"
A. aldehyde
B. ketone"
meta-llama-Llama-3.1-8B,Butan-1-imine,9,imine,answer_correct,imine,imine,1,1, the imine. The imine functional group is
meta-llama-Llama-3.1-8B,Pentan-1-imine,0,imine,answer_wrong,amine,amine,0,0,(s) amine. The functional group(s)
meta-llama-Llama-3.1-8B,Pentan-1-imine,1,imine,malformed,,,0,0,"
A. Alkene
B. Al"
meta-llama-Llama-3.1-8B,Pentan-1-imine,2,imine,answer_correct,imine,imine,1,1, imine. The functional-group class is the most
meta-llama-Llama-3.1-8B,Pentan-1-imine,3,imine,non_answer,,,0,0, carbon-nitrogen double bond. The carbon-n
meta-llama-Llama-3.1-8B,Pentan-1-imine,4,imine,non_answer,,,0,0,"
The characteristic functional group of Pentan-1"
meta-llama-Llama-3.1-8B,Pentan-1-imine,5,imine,non_answer,,,0,0,"
The correct answer is  Alkene.
"
meta-llama-Llama-3.1-8B,Pentan-1-imine,6,imine,answer_wrong,amine,amine,0,0, primary aliphatic amine. The chemical formula
meta-llama-Llama-3.1-8B,Pentan-1-imine,7,imine,non_answer,,,0,0,(s) present in the molecule. The functional group
meta-llama-Llama-3.1-8B,Pentan-1-imine,8,imine,malformed,,,0,0,"
A. aldehyde
B. ketone"
meta-llama-Llama-3.1-8B,Pentan-1-imine,9,imine,answer_correct,imine,imine,1,1, the imine group. The imine group is
meta-llama-Llama-3.1-8B,Hexan-1-imine,0,imine,answer_wrong,amine,amine,0,0,(s) amine. The functional group(s)
meta-llama-Llama-3.1-8B,Hexan-1-imine,1,imine,non_answer,,,0,0,"
Hexan-1-imine (CCCCCC=N"
meta-llama-Llama-3.1-8B,Hexan-1-imine,2,imine,answer_correct,imine,imine,1,1, imine. The functional-group class is the most
meta-llama-Llama-3.1-8B,Hexan-1-imine,3,imine,non_answer,,,0,0, carbon-nitrogen double bond. The carbon-n
meta-llama-Llama-3.1-8B,Hexan-1-imine,4,imine,non_answer,,,0,0,"
Hexan-1-imine (CCCCCC=N"
meta-llama-Llama-3.1-8B,Hexan-1-imine,5,imine,non_answer,,,0,0,"
Hexan-1-imine (CCCCCC=N"
meta-llama-Llama-3.1-8B,Hexan-1-imine,6,imine,answer_wrong,amine,amine,0,0, primary aliphatic amine. The amine
meta-llama-Llama-3.1-8B,Hexan-1-imine,7,imine,answer_correct,imine,imine,1,1, as an imine. It is a colorless
meta-llama-Llama-3.1-8B,Hexan-1-imine,8,imine,malformed,,,0,0,"
A. aldehyde
B. ketone"
meta-llama-Llama-3.1-8B,Hexan-1-imine,9,imine,answer_correct,imine,imine,1,1, the imine. The imine functional group is
meta-llama-Llama-3.1-8B,1-Nitropropane,0,nitro,non_answer,,,0,0, nitroalkane. It is a colorless
meta-llama-Llama-3.1-8B,1-Nitropropane,1,nitro,malformed,,,0,1,"
A. Nitro
B. Alk"
meta-llama-Llama-3.1-8B,1-Nitropropane,2,nitro,answer_correct,nitro,Nitro,1,1, Nitro. The functional-group class is the first
meta-llama-Llama-3.1-8B,1-Nitropropane,3,nitro,answer_correct,nitro,nitro,1,1, nitro group. It is a colorless liquid
meta-llama-Llama-3.1-8B,1-Nitropropane,4,nitro,answer_correct,nitro,Nitro,1,1, Nitro. The molecular formula of 1-N
meta-llama-Llama-3.1-8B,1-Nitropropane,5,nitro,non_answer,,,0,0,"
The correct order of increasing basic strength of the"
meta-llama-Llama-3.1-8B,1-Nitropropane,6,nitro,non_answer,,,0,0, nitroalkane. Nitroalkanes are
meta-llama-Llama-3.1-8B,1-Nitropropane,7,nitro,answer_correct,nitro,nitro,1,1, as an aliphatic nitro compound. It
meta-llama-Llama-3.1-8B,1-Nitropropane,8,nitro,non_answer,,,0,0, Nitroalkane. The functional-group identity of
meta-llama-Llama-3.1-8B,1-Nitropropane,9,nitro,answer_correct,nitro,nitro,1,1, the nitro group. The nitro group is
meta-llama-Llama-3.1-8B,1-Nitrobutane,0,nitro,non_answer,,,0,0, nitroalkane. It is a colorless
meta-llama-Llama-3.1-8B,1-Nitrobutane,1,nitro,answer_correct,nitro,Nitro,1,1, the Nitro group. The Nitro group is
meta-llama-Llama-3.1-8B,1-Nitrobutane,2,nitro,answer_correct,nitro,Nitro,1,1, Nitro. The functional group is Nitro.
meta-llama-Llama-3.1-8B,1-Nitrobutane,3,nitro,answer_correct,nitro,nitro,1,1, nitro group. Nitro groups are found in
meta-llama-Llama-3.1-8B,1-Nitrobutane,4,nitro,answer_correct,nitro,Nitro,1,1, Nitro. The molecular formula of 1-N
meta-llama-Llama-3.1-8B,1-Nitrobutane,5,nitro,answer_correct,nitro,Nitro,1,1," Nitro.
The main functional group present in "
meta-llama-Llama-3.1-8B,1-Nitrobutane,6,nitro,non_answer,,,0,0, nitroalkane. Nitroalkanes are
meta-llama-Llama-3.1-8B,1-Nitrobutane,7,nitro,non_answer,,,0,0,(s) present in the molecule. The functional group
meta-llama-Llama-3.1-8B,1-Nitrobutane,8,nitro,malformed,,,0,0,"
A. aldehyde
B. ketone"
meta-llama-Llama-3.1-8B,1-Nitrobutane,9,nitro,answer_correct,nitro,nitro,1,1, the nitro group. The nitro group is
meta-llama-Llama-3.1-8B,1-Nitropentane,0,nitro,non_answer,,,0,0, nitroalkane. It is a colorless
meta-llama-Llama-3.1-8B,1-Nitropentane,1,nitro,answer_correct,nitro,nitro,1,1, the nitro group. The nitro group is
meta-llama-Llama-3.1-8B,1-Nitropentane,2,nitro,answer_correct,nitro,Nitro,1,1," Nitro.
For 1-Nitropent"
meta-llama-Llama-3.1-8B,1-Nitropentane,3,nitro,answer_correct,nitro,nitro,1,1, nitro group. The nitro group is a
meta-llama-Llama-3.1-8B,1-Nitropentane,4,nitro,answer_correct,nitro,Nitro,1,1, the Nitro group. The Nitro group is
meta-llama-Llama-3.1-8B,1-Nitropentane,5,nitro,answer_correct,nitro,Nitro,1,1, the Nitro group. The Nitro group is
meta-llama-Llama-3.1-8B,1-Nitropentane,6,nitro,non_answer,,,0,0, nitroalkane. Nitroalkanes are
meta-llama-Llama-3.1-8B,1-Nitropentane,7,nitro,answer_correct,nitro,nitro,1,1, as an aliphatic nitro compound. It
meta-llama-Llama-3.1-8B,1-Nitropentane,8,nitro,malformed,,,0,0,"
A. aldehyde
B. ketone"
meta-llama-Llama-3.1-8B,1-Nitropentane,9,nitro,answer_correct,nitro,nitro,1,1, the nitro group. The nitro group is
meta-llama-Llama-3.1-8B,1-Nitrohexane,0,nitro,answer_correct,nitro,nitro,1,1, nitro. The nitro group is a common
meta-llama-Llama-3.1-8B,1-Nitrohexane,1,nitro,answer_correct,nitro,nitro,1,1, the nitro group. The nitro group is
meta-llama-Llama-3.1-8B,1-Nitrohexane,2,nitro,answer_correct,nitro,Nitro,1,1," Nitro.
For 1-Nitrohex"
meta-llama-Llama-3.1-8B,1-Nitrohexane,3,nitro,answer_correct,nitro,nitro,1,1, nitro group. It is a colorless liquid
meta-llama-Llama-3.1-8B,1-Nitrohexane,4,nitro,answer_correct,nitro,Nitro,1,1, Nitro. The molecular formula of 1-N
meta-llama-Llama-3.1-8B,1-Nitrohexane,5,nitro,answer_correct,nitro,Nitro,1,1, Nitro group. The Nitro group is a
meta-llama-Llama-3.1-8B,1-Nitrohexane,6,nitro,non_answer,,,0,0, nitroalkane. Nitroalkanes are
meta-llama-Llama-3.1-8B,1-Nitrohexane,7,nitro,answer_correct,nitro,nitro,1,1, as an aliphatic nitro compound. It
meta-llama-Llama-3.1-8B,1-Nitrohexane,8,nitro,non_answer,,,0,0, Nitroalkane. The functional-group identity of
meta-llama-Llama-3.1-8B,1-Nitrohexane,9,nitro,answer_correct,nitro,nitro,1,1, the nitro group. The nitro group is
meta-llama-Llama-3.1-8B,Propan-2-ol,0,alcohol,answer_correct,alcohol,alcohol,1,1, of an alcohol. The carbon atom of the hydro
meta-llama-Llama-3.1-8B,Propan-2-ol,1,alcohol,answer_correct,alcohol,alcohol,1,1, an alcohol. The alcohol functional group is a hydro
meta-llama-Llama-3.1-8B,Propan-2-ol,2,alcohol,answer_correct,alcohol,alcohols,1,1, alcohols. The functional-group class is the
meta-llama-Llama-3.1-8B,Propan-2-ol,3,alcohol,underspecified,,,0,0, carbonyl group (C=O) and
meta-llama-Llama-3.1-8B,Propan-2-ol,4,alcohol,underspecified,,,0,0, the carbonyl group. The carbonyl
meta-llama-Llama-3.1-8B,Propan-2-ol,5,alcohol,answer_correct,alcohol,Alcohol,1,1,"
The correct answer is  Alcohol.
Propan"
meta-llama-Llama-3.1-8B,Propan-2-ol,6,alcohol,answer_correct,alcohol,alcohol,1,1, primary alcohol. The functional group is the -OH
meta-llama-Llama-3.1-8B,Propan-2-ol,7,alcohol,answer_correct,alcohol,alcohol,1,1, as an alcohol. The alcohol functional group is characterized
meta-llama-Llama-3.1-8B,Propan-2-ol,8,alcohol,malformed,,,0,1,"
A. alcohol
B. ether
C"
meta-llama-Llama-3.1-8B,Propan-2-ol,9,alcohol,answer_correct,alcohol,alcohol,1,1, the alcohol group. The alcohol group is a hydro
meta-llama-Llama-3.1-8B,Butan-2-ol,0,alcohol,answer_correct,alcohol,alcohol,1,1, of an alcohol. The alcohol group is a hydro
meta-llama-Llama-3.1-8B,Butan-2-ol,1,alcohol,answer_correct,alcohol,alcohol,1,1, the alcohol group. The alcohol group is a hydro
meta-llama-Llama-3.1-8B,Butan-2-ol,2,alcohol,answer_correct,alcohol,alcohols,1,1, alcohols. The functional-group class is the
meta-llama-Llama-3.1-8B,Butan-2-ol,3,alcohol,answer_correct,alcohol,hydroxyl,1,1, hydroxyl group (OH) and a carbon
meta-llama-Llama-3.1-8B,Butan-2-ol,4,alcohol,underspecified,,,0,0, the carbonyl group. The carbonyl
meta-llama-Llama-3.1-8B,Butan-2-ol,5,alcohol,answer_correct,alcohol,alcohol,1,1, the alcohol group. The alcohol group is a hydro
meta-llama-Llama-3.1-8B,Butan-2-ol,6,alcohol,answer_correct,alcohol,alcohol,1,1, primary alcohol. The IUPAC name for But
meta-llama-Llama-3.1-8B,Butan-2-ol,7,alcohol,answer_correct,alcohol,alcohol,1,1, as an alcohol. The alcohol functional group is characterized
meta-llama-Llama-3.1-8B,Butan-2-ol,8,alcohol,malformed,,,0,1,"
A. alcohol
B. ether
C"
meta-llama-Llama-3.1-8B,Butan-2-ol,9,alcohol,answer_correct,alcohol,alcohol,1,1, the alcohol group. The alcohol group is a hydro
meta-llama-Llama-3.1-8B,Pentan-2-ol,0,alcohol,malformed,,,0,1,(s) alcohol and alkane. The alcohol functional
meta-llama-Llama-3.1-8B,Pentan-2-ol,1,alcohol,answer_correct,alcohol,alcohol,1,1, the alcohol group. The alcohol group is a hydro
meta-llama-Llama-3.1-8B,Pentan-2-ol,2,alcohol,answer_correct,alcohol,alcohols,1,1," alcohols, and the functional-group type is"
meta-llama-Llama-3.1-8B,Pentan-2-ol,3,alcohol,underspecified,,,0,0, carbonyl group (C=O) and
meta-llama-Llama-3.1-8B,Pentan-2-ol,4,alcohol,non_answer,,,0,0,"
The characteristic functional group of Pentan-2"
meta-llama-Llama-3.1-8B,Pentan-2-ol,5,alcohol,answer_correct,alcohol,Alcohol,1,1,"
The correct answer is  Alcohol.
Pent"
meta-llama-Llama-3.1-8B,Pentan-2-ol,6,alcohol,answer_correct,alcohol,alcohol,1,1, primary alcohol. The functional group is the -OH
meta-llama-Llama-3.1-8B,Pentan-2-ol,7,alcohol,answer_correct,alcohol,alcohol,1,1, as an alcohol. The alcohol functional group is characterized
meta-llama-Llama-3.1-8B,Pentan-2-ol,8,alcohol,malformed,,,0,1,"
A. alcohol
B. ether
C"
meta-llama-Llama-3.1-8B,Pentan-2-ol,9,alcohol,answer_correct,alcohol,alcohol,1,1, the alcohol group. The alcohol group is the oxygen
meta-llama-Llama-3.1-8B,Hexan-2-ol,0,alcohol,answer_correct,alcohol,alcohol,1,1, alcohol. The alcohol group is a hydroxyl
meta-llama-Llama-3.1-8B,Hexan-2-ol,1,alcohol,answer_correct,alcohol,alcohol,1,1, an alcohol. The alcohol functional group is a hydro
meta-llama-Llama-3.1-8B,Hexan-2-ol,2,alcohol,answer_correct,alcohol,alcohol,1,1, alcohol. The functional-group class is the most important
meta-llama-Llama-3.1-8B,Hexan-2-ol,3,alcohol,answer_correct,alcohol,alcohol,1,1, primary alcohol functional group. The alcohol functional group is
meta-llama-Llama-3.1-8B,Hexan-2-ol,4,alcohol,answer_correct,alcohol,alcohol,1,1, the alcohol group. The alcohol group is a hydro
meta-llama-Llama-3.1-8B,Hexan-2-ol,5,alcohol,answer_correct,alcohol,alcohol,1,1, the alcohol group. The alcohol group is a hydro
meta-llama-Llama-3.1-8B,Hexan-2-ol,6,alcohol,answer_correct,alcohol,alcohol,1,1, primary alcohol. The functional group is the -OH
meta-llama-Llama-3.1-8B,Hexan-2-ol,7,alcohol,answer_correct,alcohol,alcohol,1,1, as an alcohol. The alcohol functional group is characterized
meta-llama-Llama-3.1-8B,Hexan-2-ol,8,alcohol,malformed,,,0,1,"
A. alcohol
B. ether
C"
meta-llama-Llama-3.1-8B,Hexan-2-ol,9,alcohol,answer_correct,alcohol,alcohol,1,1, the alcohol group. The alcohol group is the oxygen
meta-llama-Llama-3.1-8B,Propan-2-amine,0,amine,answer_correct,amine,amine,1,1, of an amine. The amine group is
meta-llama-Llama-3.1-8B,Propan-2-amine,1,amine,answer_correct,amine,amine,1,1, an amine. The amine functional group is
meta-llama-Llama-3.1-8B,Propan-2-amine,2,amine,answer_correct,amine,amine,1,1, amine. The functional-group class is the first
meta-llama-Llama-3.1-8B,Propan-2-amine,3,amine,answer_correct,amine,amine,1,1, primary amine. The primary amine is the
meta-llama-Llama-3.1-8B,Propan-2-amine,4,amine,non_answer,,,0,0,"
The characteristic functional group of Propan-2"
meta-llama-Llama-3.1-8B,Propan-2-amine,5,amine,answer_correct,amine,amine,1,1, an amine group. The amine group is
meta-llama-Llama-3.1-8B,Propan-2-amine,6,amine,answer_correct,amine,amine,1,1, primary amine. The primary amine functional group
meta-llama-Llama-3.1-8B,Propan-2-amine,7,amine,answer_correct,amine,amine,1,1, as an amine. The amine functional group
meta-llama-Llama-3.1-8B,Propan-2-amine,8,amine,malformed,,,0,1,"
A. Primary amine
B. Secondary"
meta-llama-Llama-3.1-8B,Propan-2-amine,9,amine,answer_correct,amine,amine,1,1, the amine group. The amine group is
meta-llama-Llama-3.1-8B,Butan-2-amine,0,amine,answer_correct,amine,amine,1,1, of an amine. The amine group is
meta-llama-Llama-3.1-8B,Butan-2-amine,1,amine,answer_correct,amine,amine,1,1, an amine group. The amine group is
meta-llama-Llama-3.1-8B,Butan-2-amine,2,amine,answer_correct,amine,amine,1,1, amine. The functional-group class is the most
meta-llama-Llama-3.1-8B,Butan-2-amine,3,amine,answer_correct,amine,amine,1,1, primary amine. The amine group is attached
meta-llama-Llama-3.1-8B,Butan-2-amine,4,amine,non_answer,,,0,0,"
The characteristic functional group of Butan-2"
meta-llama-Llama-3.1-8B,Butan-2-amine,5,amine,answer_correct,amine,amine,1,1, an amine group. The amine group is
meta-llama-Llama-3.1-8B,Butan-2-amine,6,amine,answer_correct,amine,amine,1,1, primary amine. The amine functional group is
meta-llama-Llama-3.1-8B,Butan-2-amine,7,amine,non_answer,,,0,0,(s) present. The functional group(s) present
meta-llama-Llama-3.1-8B,Butan-2-amine,8,amine,malformed,,,0,1,"
A. primary amine
B. secondary"
meta-llama-Llama-3.1-8B,Butan-2-amine,9,amine,answer_correct,amine,amine,1,1, the amine group. The amine group is
meta-llama-Llama-3.1-8B,Pentan-2-amine,0,amine,answer_correct,amine,amine,1,1,(s) amine. The amine functional group
meta-llama-Llama-3.1-8B,Pentan-2-amine,1,amine,answer_correct,amine,amine,1,1, an amine group. The amine group is
meta-llama-Llama-3.1-8B,Pentan-2-amine,2,amine,answer_correct,amine,amine,1,1, amine. The functional-group class is the most
meta-llama-Llama-3.1-8B,Pentan-2-amine,3,amine,answer_correct,amine,amine,1,1, primary amine. The amine group is the
meta-llama-Llama-3.1-8B,Pentan-2-amine,4,amine,non_answer,,,0,0,"
The characteristic functional group of Pentan-2"
meta-llama-Llama-3.1-8B,Pentan-2-amine,5,amine,answer_correct,amine,Amine,1,1,"
The correct answer is  Amine.
P"
meta-llama-Llama-3.1-8B,Pentan-2-amine,6,amine,answer_correct,amine,amine,1,1, primary amine. The amine functional group is
meta-llama-Llama-3.1-8B,Pentan-2-amine,7,amine,non_answer,,,0,0,(s) present in the molecule. The functional group
meta-llama-Llama-3.1-8B,Pentan-2-amine,8,amine,malformed,,,0,1,"
A. Primary amine
B. Secondary"
meta-llama-Llama-3.1-8B,Pentan-2-amine,9,amine,answer_correct,amine,amine,1,1, the amine group. The amine group is
meta-llama-Llama-3.1-8B,Hexan-2-amine,0,amine,answer_correct,amine,amine,1,1, of a primary amine. The amine group
meta-llama-Llama-3.1-8B,Hexan-2-amine,1,amine,answer_correct,amine,amine,1,1, an amine group. The amine group is
meta-llama-Llama-3.1-8B,Hexan-2-amine,2,amine,answer_correct,amine,amine,1,1, amine. The functional-group class is the most
meta-llama-Llama-3.1-8B,Hexan-2-amine,3,amine,answer_correct,amine,amine,1,1, primary amine. The amine group is the
meta-llama-Llama-3.1-8B,Hexan-2-amine,4,amine,answer_correct,amine,amine,1,1, the amine group. The amine group is
meta-llama-Llama-3.1-8B,Hexan-2-amine,5,amine,answer_correct,amine,amine,1,1, amine. The amine functional group is a
meta-llama-Llama-3.1-8B,Hexan-2-amine,6,amine,answer_correct,amine,amine,1,1, primary amine. The amine functional group is
meta-llama-Llama-3.1-8B,Hexan-2-amine,7,amine,non_answer,,,0,0,(s) attached to the carbon skeleton. The functional
meta-llama-Llama-3.1-8B,Hexan-2-amine,8,amine,answer_correct,amine,amine,1,1, primary amine. The functional-group identity of Hex
meta-llama-Llama-3.1-8B,Hexan-2-amine,9,amine,answer_correct,amine,amine,1,1, the amine group. The amine group is
meta-llama-Llama-3.1-8B,Propane-2-thiol,0,thiol,answer_correct,thiol,thiol,1,1, of a thiol. The thiol group is
meta-llama-Llama-3.1-8B,Propane-2-thiol,1,thiol,answer_correct,thiol,thiol,1,1, a thiol group. The thiol group is
meta-llama-Llama-3.1-8B,Propane-2-thiol,2,thiol,answer_correct,thiol,thiol,1,1," thiol, the functional-group type is thiol"
meta-llama-Llama-3.1-8B,Propane-2-thiol,3,thiol,answer_correct,thiol,thiol,1,1, thiol group. It is a colorless liquid
meta-llama-Llama-3.1-8B,Propane-2-thiol,4,thiol,answer_correct,thiol,thiol,1,1, the thiol group. The thiol group is
meta-llama-Llama-3.1-8B,Propane-2-thiol,5,thiol,answer_correct,thiol,Thiol,1,1,"
The correct answer is  Thiol.
Pro"
meta-llama-Llama-3.1-8B,Propane-2-thiol,6,thiol,answer_correct,thiol,thiol,1,1, thiol. The thiol group is a functional
meta-llama-Llama-3.1-8B,Propane-2-thiol,7,thiol,non_answer,,,0,0,(s) present in the molecule. The functional group
meta-llama-Llama-3.1-8B,Propane-2-thiol,8,thiol,answer_correct,thiol,Thiol,1,1, Thiol. The functional-group identity of Propane
meta-llama-Llama-3.1-8B,Propane-2-thiol,9,thiol,answer_correct,thiol,thiol,1,1, the thiol group. The thiol group is
meta-llama-Llama-3.1-8B,Butane-2-thiol,0,thiol,answer_correct,thiol,thiol,1,1, of a thiol. It is a colorless
meta-llama-Llama-3.1-8B,Butane-2-thiol,1,thiol,answer_correct,thiol,thiol,1,1, a thiol group. The thiol group is
meta-llama-Llama-3.1-8B,Butane-2-thiol,2,thiol,answer_correct,thiol,thiol,1,1," ""thiol"" and the functional-group class is"
meta-llama-Llama-3.1-8B,Butane-2-thiol,3,thiol,answer_correct,thiol,thiol,1,1, thiol group. It is a colorless liquid
meta-llama-Llama-3.1-8B,Butane-2-thiol,4,thiol,non_answer,,,0,0,"
The characteristic functional group of Butane-2"
meta-llama-Llama-3.1-8B,Butane-2-thiol,5,thiol,answer_correct,thiol,Thiol,1,1,"
The correct answer is  Thiol.
But"
meta-llama-Llama-3.1-8B,Butane-2-thiol,6,thiol,answer_correct,thiol,thiol,1,1, thiol. The thiol group is a functional
meta-llama-Llama-3.1-8B,Butane-2-thiol,7,thiol,non_answer,,,0,0,(s) attached to the carbon skeleton. The functional
meta-llama-Llama-3.1-8B,Butane-2-thiol,8,thiol,malformed,,,0,0,"
A. Alkane
B. Al"
meta-llama-Llama-3.1-8B,Butane-2-thiol,9,thiol,answer_correct,thiol,thiol,1,1, the thiol group. The thiol group is
meta-llama-Llama-3.1-8B,Pentane-2-thiol,0,thiol,answer_correct,thiol,thiol,1,1, thiol. It is a colorless liquid with
meta-llama-Llama-3.1-8B,Pentane-2-thiol,1,thiol,malformed,,,0,0,"
A. Aldehyde
B. Ketone"
meta-llama-Llama-3.1-8B,Pentane-2-thiol,2,thiol,answer_correct,thiol,thiol,1,1," thiol, the functional-group type is thiol"
meta-llama-Llama-3.1-8B,Pentane-2-thiol,3,thiol,answer_correct,thiol,thiol,1,1, thiol group. It is a colorless liquid
meta-llama-Llama-3.1-8B,Pentane-2-thiol,4,thiol,non_answer,,,0,0,"
The characteristic functional group of Pentane-2"
meta-llama-Llama-3.1-8B,Pentane-2-thiol,5,thiol,answer_correct,thiol,Thiol,1,1,"
The correct option is C Thiol
P"
meta-llama-Llama-3.1-8B,Pentane-2-thiol,6,thiol,answer_correct,thiol,thiol,1,1, thiol. The thiol group is a functional
meta-llama-Llama-3.1-8B,Pentane-2-thiol,7,thiol,answer_correct,thiol,thiol,1,1, as a thiol. It is a colorless
meta-llama-Llama-3.1-8B,Pentane-2-thiol,8,thiol,malformed,,,0,0,"
A. Alkane
B. Al"
meta-llama-Llama-3.1-8B,Pentane-2-thiol,9,thiol,answer_correct,thiol,thiol,1,1, the thiol group. The thiol group is
meta-llama-Llama-3.1-8B,Hexane-2-thiol,0,thiol,malformed,,,0,0,"(s) of:
A. Alkane
"
meta-llama-Llama-3.1-8B,Hexane-2-thiol,1,thiol,answer_correct,thiol,thiol,1,1, a thiol group. The thiol group is
meta-llama-Llama-3.1-8B,Hexane-2-thiol,2,thiol,answer_correct,thiol,thiol,1,1, thiol. The functional-group class is the most
meta-llama-Llama-3.1-8B,Hexane-2-thiol,3,thiol,answer_correct,thiol,thiol,1,1, thiol group. Thiol groups are known to
meta-llama-Llama-3.1-8B,Hexane-2-thiol,4,thiol,non_answer,,,0,0,"
Hexane-2-thiol (CC(S"
meta-llama-Llama-3.1-8B,Hexane-2-thiol,5,thiol,non_answer,,,0,0,"
Hexane-2-thiol (CC(S"
meta-llama-Llama-3.1-8B,Hexane-2-thiol,6,thiol,answer_correct,thiol,thiol,1,1, thiol. The thiol group is a functional
meta-llama-Llama-3.1-8B,Hexane-2-thiol,7,thiol,answer_correct,thiol,thiol,1,1, as a thiol. The thiol functional group
meta-llama-Llama-3.1-8B,Hexane-2-thiol,8,thiol,malformed,,,0,0,"
A. Alkane
B. Al"
meta-llama-Llama-3.1-8B,Hexane-2-thiol,9,thiol,answer_correct,thiol,thiol,1,1, the thiol group. The thiol group is
phenixace-Chem-R-Faithful,Propane,0,none (alkane),answer_correct,none (alkane),Alkane,1,1," ""Alkane"" which is a saturated hydro"
phenixace-Chem-R-Faithful,Propane,1,none (alkane),answer_correct,none (alkane),alkane,1,1," an alkane, which is a saturated hydrocarbon"
phenixace-Chem-R-Faithful,Propane,2,none (alkane),answer_correct,none (alkane),alkane,1,1," ""alkane"". Alkanes are saturated hydro"
phenixace-Chem-R-Faithful,Propane,3,none (alkane),answer_correct,none (alkane),hydrocarbon,1,1," hydrocarbon chain with three carbon atoms, where the"
phenixace-Chem-R-Faithful,Propane,4,none (alkane),answer_correct,none (alkane),hydrocarbon,1,1, the hydrocarbon chain. The molecule consists of three
phenixace-Chem-R-Faithful,Propane,5,none (alkane),answer_correct,none (alkane),alkane,1,1," an alkane, which is a saturated hydrocarbon"
phenixace-Chem-R-Faithful,Propane,6,none (alkane),answer_correct,none (alkane),hydrocarbon,1,1," hydrocarbon, and its derivatives are typically classified under"
phenixace-Chem-R-Faithful,Propane,7,none (alkane),answer_correct,none (alkane),alkane,1,1," ""alkane"" and has the SMILES notation"
phenixace-Chem-R-Faithful,Propane,8,none (alkane),answer_correct,none (alkane),alkane,1,1," an alkane, which is a type of hydro"
phenixace-Chem-R-Faithful,Propane,9,none (alkane),underspecified,,,0,0, the alkyl chain. The parent compound is propane
phenixace-Chem-R-Faithful,Butane,0,none (alkane),answer_correct,none (alkane),Alkane,1,1," ""Alkane"". It has a role as"
phenixace-Chem-R-Faithful,Butane,1,none (alkane),answer_correct,none (alkane),alkane,1,1," an alkane, which is a saturated hydrocarbon"
phenixace-Chem-R-Faithful,Butane,2,none (alkane),answer_correct,none (alkane),alkane,1,1, an alkane. Alkanes are saturated hydro
phenixace-Chem-R-Faithful,Butane,3,none (alkane),non_answer,,,0,0," chain of four carbon atoms, with the first carbon"
phenixace-Chem-R-Faithful,Butane,4,none (alkane),underspecified,,,0,0, the alkyl chain. The functional groups present in
phenixace-Chem-R-Faithful,Butane,5,none (alkane),answer_correct,none (alkane),alkane,1,1," an alkane, which is a saturated hydrocarbon"
phenixace-Chem-R-Faithful,Butane,6,none (alkane),answer_correct,none (alkane),alkane,1,1, straight chain alkane. The general structure of al
phenixace-Chem-R-Faithful,Butane,7,none (alkane),answer_correct,none (alkane),alkane,1,1," ""alkane"". It has a role as a"
phenixace-Chem-R-Faithful,Butane,8,none (alkane),answer_correct,none (alkane),alkane,1,1," an alkane, which is a saturated hydrocarbon"
phenixace-Chem-R-Faithful,Butane,9,none (alkane),answer_correct,none (alkane),alkane,1,1, the alkane chain. The general structure of al
phenixace-Chem-R-Faithful,Pentane,0,none (alkane),answer_correct,none (alkane),alkane,1,1," ""alkane"". It has a role as a"
phenixace-Chem-R-Faithful,Pentane,1,none (alkane),answer_correct,none (alkane),alkane,1,1," an alkane, which is a saturated hydrocarbon"
phenixace-Chem-R-Faithful,Pentane,2,none (alkane),answer_correct,none (alkane),alkane,1,1," an alkane, which is a hydrocarbon consisting"
phenixace-Chem-R-Faithful,Pentane,3,none (alkane),answer_correct,none (alkane),hydrocarbon,1,1, hydrocarbon chain with five carbon atoms. It has
phenixace-Chem-R-Faithful,Pentane,4,none (alkane),answer_correct,none (alkane),hydrocarbon,1,1, a hydrocarbon chain with five carbon atoms. The
phenixace-Chem-R-Faithful,Pentane,5,none (alkane),answer_correct,none (alkane),alkane,1,1," an alkane, which is a saturated hydrocarbon"
phenixace-Chem-R-Faithful,Pentane,6,none (alkane),answer_correct,none (alkane),alkane,1,1, simple alkane. It has a role as a
phenixace-Chem-R-Faithful,Pentane,7,none (alkane),non_answer,,,0,1, present in it. The molecule contains a hydrocarbon
phenixace-Chem-R-Faithful,Pentane,8,none (alkane),answer_correct,none (alkane),alkane,1,1," an alkane, which is a saturated hydrocarbon"
phenixace-Chem-R-Faithful,Pentane,9,none (alkane),answer_correct,none (alkane),alkane,1,1, the alkane chain. The general structure is a
phenixace-Chem-R-Faithful,Hexane,0,none (alkane),answer_correct,none (alkane),Alkane,1,1," ""Alkane"" which is a hydrocarbon"
phenixace-Chem-R-Faithful,Hexane,1,none (alkane),answer_correct,none (alkane),alkane,1,1," an alkane, which is a saturated hydrocarbon"
phenixace-Chem-R-Faithful,Hexane,2,none (alkane),answer_correct,none (alkane),Aliphatic,1,1," ""Aliphatic"".
The molecule is a hex"
phenixace-Chem-R-Faithful,Hexane,3,none (alkane),non_answer,,,0,0," chain of six carbon atoms, with each carbon atom"
phenixace-Chem-R-Faithful,Hexane,4,none (alkane),answer_correct,none (alkane),hydrocarbon,1,1, the hydrocarbon chain. The molecule consists of six
phenixace-Chem-R-Faithful,Hexane,5,none (alkane),answer_correct,none (alkane),hydrocarbon,1,1," the hydrocarbon chain, which is a saturated hydro"
phenixace-Chem-R-Faithful,Hexane,6,none (alkane),answer_correct,none (alkane),alkane,1,1," simple alkane, and thus, it does not"
phenixace-Chem-R-Faithful,Hexane,7,none (alkane),answer_correct,none (alkane),Alkane,1,1," ""Alkane"". It has a role as"
phenixace-Chem-R-Faithful,Hexane,8,none (alkane),answer_correct,none (alkane),alkane,1,1," an alkane, which is a type of hydro"
phenixace-Chem-R-Faithful,Hexane,9,none (alkane),answer_correct,none (alkane),alkane,1,1, the alkane chain. The molecule consists of six
phenixace-Chem-R-Faithful,Propan-1-ol,0,alcohol,answer_correct,alcohol,alcohol,1,1, alcohol (C[OH]). It has a role
phenixace-Chem-R-Faithful,Propan-1-ol,1,alcohol,answer_correct,alcohol,alcohol,1,1, the alcohol group (C[OH]). This group
phenixace-Chem-R-Faithful,Propan-1-ol,2,alcohol,answer_correct,alcohol,alcohol,1,1, alcohol. The SMILES notation for this compound is
phenixace-Chem-R-Faithful,Propan-1-ol,3,alcohol,answer_correct,alcohol,hydroxyl,1,1, hydroxyl group (-OH) and a prop
phenixace-Chem-R-Faithful,Propan-1-ol,4,alcohol,answer_correct,alcohol,hydroxyl,1,1, the hydroxyl group (-OH) attached to
phenixace-Chem-R-Faithful,Propan-1-ol,5,alcohol,answer_correct,alcohol,alcohol,1,1, the alcohol group (C[OH]). This group
phenixace-Chem-R-Faithful,Propan-1-ol,6,alcohol,answer_correct,alcohol,alcohol,1,1, primary alcohol. It has a role as a prot
phenixace-Chem-R-Faithful,Propan-1-ol,7,alcohol,answer_correct,alcohol,alcohol,1,1," ""alcohol"" due to the presence of the"
phenixace-Chem-R-Faithful,Propan-1-ol,8,alcohol,answer_correct,alcohol,alcohol,1,1," an alcohol, which is characterized by the presence of"
phenixace-Chem-R-Faithful,Propan-1-ol,9,alcohol,answer_correct,alcohol,alcohol,1,1, the alcohol group (C[OH]). This group
phenixace-Chem-R-Faithful,Butan-1-ol,0,alcohol,answer_correct,alcohol,alcohol,1,1, alcohol (C[OH]). It is a primary
phenixace-Chem-R-Faithful,Butan-1-ol,1,alcohol,answer_correct,alcohol,alcohol,1,1, the alcohol group (C[OH]). This group
phenixace-Chem-R-Faithful,Butan-1-ol,2,alcohol,answer_correct,alcohol,alcohol,1,1, alcohol. The SMILES notation for this compound is
phenixace-Chem-R-Faithful,Butan-1-ol,3,alcohol,answer_correct,alcohol,hydroxyl,1,1, hydroxyl group (-OH) attached to a
phenixace-Chem-R-Faithful,Butan-1-ol,4,alcohol,answer_correct,alcohol,hydroxyl,1,1, the hydroxyl group (-OH) attached to
phenixace-Chem-R-Faithful,Butan-1-ol,5,alcohol,answer_correct,alcohol,alcohol,1,1, an alcohol group (C[OH]). This group
phenixace-Chem-R-Faithful,Butan-1-ol,6,alcohol,answer_correct,alcohol,alcohol,1,1, primary alcohol. It has a role as a prot
phenixace-Chem-R-Faithful,Butan-1-ol,7,alcohol,answer_correct,alcohol,alcohol,1,1, alcohol (C[OH]). It has a role
phenixace-Chem-R-Faithful,Butan-1-ol,8,alcohol,answer_correct,alcohol,alcohol,1,1, primarily defined by the presence of an alcohol group (
phenixace-Chem-R-Faithful,Butan-1-ol,9,alcohol,answer_correct,alcohol,alcohol,1,1, the alcohol group (C[OH]). This group
phenixace-Chem-R-Faithful,Pentan-1-ol,0,alcohol,answer_correct,alcohol,alcohol,1,1, alcohol (C[OH]). It has a role
phenixace-Chem-R-Faithful,Pentan-1-ol,1,alcohol,answer_correct,alcohol,alcohol,1,1," the alcohol group (-OH), which is typically represented"
phenixace-Chem-R-Faithful,Pentan-1-ol,2,alcohol,answer_correct,alcohol,alcohol,1,1, alcohol. The representative SMILES pattern for this class
phenixace-Chem-R-Faithful,Pentan-1-ol,3,alcohol,answer_correct,alcohol,hydroxyl,1,1, hydroxyl group (-OH) and an alk
phenixace-Chem-R-Faithful,Pentan-1-ol,4,alcohol,answer_correct,alcohol,alcohol,1,1, the alcohol group (-OH) attached to the end
phenixace-Chem-R-Faithful,Pentan-1-ol,5,alcohol,answer_correct,alcohol,alcohol,1,1, an alcohol group (C[OH]). This group
phenixace-Chem-R-Faithful,Pentan-1-ol,6,alcohol,answer_correct,alcohol,alcohol,1,1, primary alcohol. It has a role as a prot
phenixace-Chem-R-Faithful,Pentan-1-ol,7,alcohol,answer_correct,alcohol,alcohol,1,1, alcohol (C[OH]). It has a role
phenixace-Chem-R-Faithful,Pentan-1-ol,8,alcohol,answer_correct,alcohol,alcohol,1,1," an alcohol, which is characterized by the presence of"
phenixace-Chem-R-Faithful,Pentan-1-ol,9,alcohol,answer_correct,alcohol,alcohol,1,1, the alcohol group (C[OH]). This group
phenixace-Chem-R-Faithful,Hexan-1-ol,0,alcohol,answer_correct,alcohol,alcohol,1,1, alcohol (C[OH]). It has a role
phenixace-Chem-R-Faithful,Hexan-1-ol,1,alcohol,answer_correct,alcohol,alcohol,1,1, an alcohol group (C[OH]). This group
phenixace-Chem-R-Faithful,Hexan-1-ol,2,alcohol,answer_correct,alcohol,alcohol,1,1, alcohol. The molecule has a chain of six carbon
phenixace-Chem-R-Faithful,Hexan-1-ol,3,alcohol,answer_correct,alcohol,hydroxyl,1,1, hydroxyl group (-OH) and a long
phenixace-Chem-R-Faithful,Hexan-1-ol,4,alcohol,answer_correct,alcohol,hydroxyl,1,1, the hydroxyl group (-OH) attached to
phenixace-Chem-R-Faithful,Hexan-1-ol,5,alcohol,answer_correct,alcohol,alcohol,1,1, an alcohol group (C[OH]). This group
phenixace-Chem-R-Faithful,Hexan-1-ol,6,alcohol,answer_correct,alcohol,alcohol,1,1, primary alcohol. It has a role as a plant
phenixace-Chem-R-Faithful,Hexan-1-ol,7,alcohol,answer_correct,alcohol,alcohol,1,1," ""alcohol"" due to the presence of the"
phenixace-Chem-R-Faithful,Hexan-1-ol,8,alcohol,answer_correct,alcohol,alcohol,1,1," an alcohol, indicated by the presence of a hydro"
phenixace-Chem-R-Faithful,Hexan-1-ol,9,alcohol,answer_correct,alcohol,alcohol,1,1, the alcohol group (C[OH]). This group
phenixace-Chem-R-Faithful,Propane-1-thiol,0,thiol,answer_correct,thiol,thiol,1,1," ""thiol"" which is a sulfur atom bonded"
phenixace-Chem-R-Faithful,Propane-1-thiol,1,thiol,answer_correct,thiol,thiol,1,1, the thiol group (-SH). This group is
phenixace-Chem-R-Faithful,Propane-1-thiol,2,thiol,answer_correct,thiol,mercapto,1,1," ""mercapto"" which is represented by the"
phenixace-Chem-R-Faithful,Propane-1-thiol,3,thiol,answer_correct,thiol,thiol,1,1, primary thiol group. It has a role as
phenixace-Chem-R-Faithful,Propane-1-thiol,4,thiol,answer_correct,thiol,thiol,1,1, the thiol group (-SH). This group is
phenixace-Chem-R-Faithful,Propane-1-thiol,5,thiol,answer_correct,thiol,thiol,1,1, the thiol group (-SH). This group is
phenixace-Chem-R-Faithful,Propane-1-thiol,6,thiol,answer_correct,thiol,thiol,1,1, thiol. Thiols are characterized by the presence
phenixace-Chem-R-Faithful,Propane-1-thiol,7,thiol,answer_correct,thiol,thiol,1,1," ""thiol"" which is represented by the SM"
phenixace-Chem-R-Faithful,Propane-1-thiol,8,thiol,answer_correct,thiol,thiol,1,1," a thiol, indicating the presence of a sulfur"
phenixace-Chem-R-Faithful,Propane-1-thiol,9,thiol,answer_correct,thiol,thiol,1,1, the thiol (-SH) group attached to the
phenixace-Chem-R-Faithful,Butane-1-thiol,0,thiol,answer_correct,thiol,thiol,1,1," ""thiol"" which is a sulfur atom bonded"
phenixace-Chem-R-Faithful,Butane-1-thiol,1,thiol,answer_correct,thiol,thiol,1,1," the thiol group (-SH), which is a"
phenixace-Chem-R-Faithful,Butane-1-thiol,2,thiol,answer_correct,thiol,thiol,1,1," ""thiol"" or more specifically, it is"
phenixace-Chem-R-Faithful,Butane-1-thiol,3,thiol,answer_correct,thiol,thiol,1,1, thiol group attached to a butane chain.
phenixace-Chem-R-Faithful,Butane-1-thiol,4,thiol,answer_correct,thiol,thiol,1,1, the thiol group (-SH) at the end
phenixace-Chem-R-Faithful,Butane-1-thiol,5,thiol,answer_correct,thiol,thiol,1,1," the thiol group (-SH), which is a"
phenixace-Chem-R-Faithful,Butane-1-thiol,6,thiol,answer_correct,thiol,thiol,1,1, thiol. Thiols are characterized by the presence
phenixace-Chem-R-Faithful,Butane-1-thiol,7,thiol,answer_correct,thiol,thiol,1,1," ""thiol"" which is represented by the SM"
phenixace-Chem-R-Faithful,Butane-1-thiol,8,thiol,answer_correct,thiol,thiol,1,1, primarily defined by the presence of a thiol group
phenixace-Chem-R-Faithful,Butane-1-thiol,9,thiol,answer_correct,thiol,thiol,1,1, the thiol (-SH) group attached to the
phenixace-Chem-R-Faithful,Pentane-1-thiol,0,thiol,answer_correct,thiol,thiol,1,1," ""thiol"" which is a sulfur atom bonded"
phenixace-Chem-R-Faithful,Pentane-1-thiol,1,thiol,answer_correct,thiol,thiol,1,1," the thiol group (-SH), which is a"
phenixace-Chem-R-Faithful,Pentane-1-thiol,2,thiol,answer_correct,thiol,thiol,1,1, the thiol group (-SH). The SMILES
phenixace-Chem-R-Faithful,Pentane-1-thiol,3,thiol,answer_correct,thiol,thiol,1,1, primary thiol group. It is a thiol
phenixace-Chem-R-Faithful,Pentane-1-thiol,4,thiol,answer_correct,thiol,thiol,1,1, the thiol group (-SH) at the end
phenixace-Chem-R-Faithful,Pentane-1-thiol,5,thiol,answer_correct,thiol,thiol,1,1," the thiol group (-SH), which is a"
phenixace-Chem-R-Faithful,Pentane-1-thiol,6,thiol,answer_correct,thiol,thiol,1,1," thiol, and its SMILES string should reflect"
phenixace-Chem-R-Faithful,Pentane-1-thiol,7,thiol,answer_correct,thiol,thiol,1,1," ""thiol"" which is represented by the SM"
phenixace-Chem-R-Faithful,Pentane-1-thiol,8,thiol,answer_correct,thiol,thiol,1,1, primarily defined by the presence of a thiol group
phenixace-Chem-R-Faithful,Pentane-1-thiol,9,thiol,answer_correct,thiol,thiol,1,1, the thiol (-SH) group attached to the
phenixace-Chem-R-Faithful,Hexane-1-thiol,0,thiol,answer_correct,thiol,thiol,1,1," ""thiol"" which is a sulfur atom bonded"
phenixace-Chem-R-Faithful,Hexane-1-thiol,1,thiol,answer_correct,thiol,thiol,1,1," the thiol group (-SH), which is a"
phenixace-Chem-R-Faithful,Hexane-1-thiol,2,thiol,answer_correct,thiol,mercapto,1,1," ""mercapto"" or more specifically, it"
phenixace-Chem-R-Faithful,Hexane-1-thiol,3,thiol,answer_correct,thiol,thiol,1,1, long-chain alkyl group and a thiol functional
phenixace-Chem-R-Faithful,Hexane-1-thiol,4,thiol,answer_correct,thiol,thiol,1,1, the thiol group (-SH) attached to the
phenixace-Chem-R-Faithful,Hexane-1-thiol,5,thiol,answer_correct,thiol,thiol,1,1," the thiol group (-SH), which is a"
phenixace-Chem-R-Faithful,Hexane-1-thiol,6,thiol,answer_correct,thiol,thiol,1,1," thiol. The parent compound is hexane,"
phenixace-Chem-R-Faithful,Hexane-1-thiol,7,thiol,answer_correct,thiol,thiol,1,1," ""thiol"" which is represented by the SM"
phenixace-Chem-R-Faithful,Hexane-1-thiol,8,thiol,answer_correct,thiol,thiol,1,1," a thiol, which is a type of organ"
phenixace-Chem-R-Faithful,Hexane-1-thiol,9,thiol,answer_correct,thiol,thiol,1,1, the thiol group (-SH) attached to the
phenixace-Chem-R-Faithful,Propanal,0,aldehyde,answer_correct,aldehyde,aldehyde,1,1," aldehyde, which is a carbonyl group"
phenixace-Chem-R-Faithful,Propanal,1,aldehyde,underspecified,,,0,0," the carbonyl group (C=O),"
phenixace-Chem-R-Faithful,Propanal,2,aldehyde,answer_correct,aldehyde,aldehyde,1,1, an aldehyde. The SMILES string for this
phenixace-Chem-R-Faithful,Propanal,3,aldehyde,underspecified,,,0,0, carbonyl group (C=O) and
phenixace-Chem-R-Faithful,Propanal,4,aldehyde,underspecified,,,0,0, the carbonyl group (C=O)
phenixace-Chem-R-Faithful,Propanal,5,aldehyde,underspecified,,,0,0," the carbonyl group (C=O),"
phenixace-Chem-R-Faithful,Propanal,6,aldehyde,answer_correct,aldehyde,aldehyde,1,1, member of the aldehyde functional group. It is
phenixace-Chem-R-Faithful,Propanal,7,aldehyde,answer_correct,aldehyde,Aldehyde,1,1," ""Aldehyde"" which is represented by the SM"
phenixace-Chem-R-Faithful,Propanal,8,aldehyde,answer_correct,aldehyde,aldehyde,1,1, confirmed by the presence of an aldehyde group (
phenixace-Chem-R-Faithful,Propanal,9,aldehyde,answer_correct,aldehyde,aldehyde,1,1, the aldehyde group (C=O) at
phenixace-Chem-R-Faithful,Butanal,0,aldehyde,answer_correct,aldehyde,Aldehyde,1,1," ""Aldehyde"" with the SMILES pattern """
phenixace-Chem-R-Faithful,Butanal,1,aldehyde,underspecified,,,0,0, the carbonyl group (C=O)
phenixace-Chem-R-Faithful,Butanal,2,aldehyde,answer_correct,aldehyde,aldehyde,1,1, an aldehyde. The SMILES string for an
phenixace-Chem-R-Faithful,Butanal,3,aldehyde,underspecified,,,0,0, carbonyl group (C=O) and
phenixace-Chem-R-Faithful,Butanal,4,aldehyde,underspecified,,,0,0, the carbonyl group (C=O)
phenixace-Chem-R-Faithful,Butanal,5,aldehyde,answer_correct,aldehyde,aldehyde,1,1," an aldehyde group, which is a carbony"
phenixace-Chem-R-Faithful,Butanal,6,aldehyde,answer_wrong,none (alkane),aliphatic,0,0," carbonyl compound, specifically an aliphatic"
phenixace-Chem-R-Faithful,Butanal,7,aldehyde,answer_correct,aldehyde,Aldehyde,1,1," ""Aldehyde"" which is represented by the SM"
phenixace-Chem-R-Faithful,Butanal,8,aldehyde,answer_correct,aldehyde,aldehyde,1,1, confirmed by the presence of an aldehyde group (
phenixace-Chem-R-Faithful,Butanal,9,aldehyde,underspecified,,,0,0, the carbonyl group (=O) attached to
phenixace-Chem-R-Faithful,Pentanal,0,aldehyde,answer_correct,aldehyde,aldehyde,1,1," aldehyde, which is characterized by the carbony"
phenixace-Chem-R-Faithful,Pentanal,1,aldehyde,underspecified,,,0,0, the carbonyl group (C=O)
phenixace-Chem-R-Faithful,Pentanal,2,aldehyde,answer_correct,aldehyde,Aldehyde,1,1, Aldehyde. The representative SMILES pattern for this
phenixace-Chem-R-Faithful,Pentanal,3,aldehyde,answer_correct,aldehyde,aldehyde,1,1, carbonyl group (aldehyde) and has
phenixace-Chem-R-Faithful,Pentanal,4,aldehyde,underspecified,,,0,0, the carbonyl group (=O) attached to
phenixace-Chem-R-Faithful,Pentanal,5,aldehyde,underspecified,,,0,0, the carbonyl group (C=O)
phenixace-Chem-R-Faithful,Pentanal,6,aldehyde,answer_wrong,none (alkane),aliphatic,0,0," carbonyl compound, specifically an aliphatic"
phenixace-Chem-R-Faithful,Pentanal,7,aldehyde,answer_correct,aldehyde,Aldehyde,1,1," ""Aldehyde"" which is represented by the SM"
phenixace-Chem-R-Faithful,Pentanal,8,aldehyde,answer_correct,aldehyde,aldehyde,1,1, confirmed by the presence of an aldehyde group (
phenixace-Chem-R-Faithful,Pentanal,9,aldehyde,underspecified,,,0,0, the carbonyl group (=O) attached to
phenixace-Chem-R-Faithful,Hexanal,0,aldehyde,answer_correct,aldehyde,aldehyde,1,1," aldehyde, which is known for its reactivity"
phenixace-Chem-R-Faithful,Hexanal,1,aldehyde,underspecified,,,0,0, the carbonyl group (C=O)
phenixace-Chem-R-Faithful,Hexanal,2,aldehyde,answer_correct,aldehyde,Aldehyde,1,1, Aldehyde. The representative SMILES pattern for this
phenixace-Chem-R-Faithful,Hexanal,3,aldehyde,underspecified,,,0,0, carbonyl group (C=O) and
phenixace-Chem-R-Faithful,Hexanal,4,aldehyde,underspecified,,,0,0, the carbonyl group (C=O)
phenixace-Chem-R-Faithful,Hexanal,5,aldehyde,underspecified,,,0,0, the carbonyl group (C=O)
phenixace-Chem-R-Faithful,Hexanal,6,aldehyde,answer_wrong,none (alkane),aliphatic,0,0," carbonyl compound, specifically an aliphatic"
phenixace-Chem-R-Faithful,Hexanal,7,aldehyde,answer_correct,aldehyde,Aldehyde,1,1," ""Aldehyde"" with the representative SMILES pattern"
phenixace-Chem-R-Faithful,Hexanal,8,aldehyde,answer_correct,aldehyde,aldehyde,1,1," an aldehyde, which is a type of carb"
phenixace-Chem-R-Faithful,Hexanal,9,aldehyde,underspecified,,,0,0, the carbonyl group (C=O)
phenixace-Chem-R-Faithful,Propanoic acid,0,carboxylic acid,underspecified,,,0,0, of a carbonyl group (C=O
phenixace-Chem-R-Faithful,Propanoic acid,1,carboxylic acid,underspecified,,,0,0, the carbonyl group (C=O)
phenixace-Chem-R-Faithful,Propanoic acid,2,carboxylic acid,non_answer,,,0,0, CarboxylicAcid. The SMILES
phenixace-Chem-R-Faithful,Propanoic acid,3,carboxylic acid,underspecified,,,0,0, carbonyl group (C=O) and
phenixace-Chem-R-Faithful,Propanoic acid,4,carboxylic acid,underspecified,,,0,0, the carbonyl group (C=O)
phenixace-Chem-R-Faithful,Propanoic acid,5,carboxylic acid,underspecified,,,0,0, the carbonyl group (C=O)
phenixace-Chem-R-Faithful,Propanoic acid,6,carboxylic acid,answer_correct,carboxylic acid,carboxylic acid,1,1, carboxylic acid. The general structure of
phenixace-Chem-R-Faithful,Propanoic acid,7,carboxylic acid,underspecified,,,0,0," present, which is a carbonyl group ("
phenixace-Chem-R-Faithful,Propanoic acid,8,carboxylic acid,non_answer,,,0,0, a key component in determining its chemical properties and re
phenixace-Chem-R-Faithful,Propanoic acid,9,carboxylic acid,underspecified,,,0,0, the carbonyl group (C=O)
phenixace-Chem-R-Faithful,Butanoic acid,0,carboxylic acid,underspecified,,,0,0, of a carbonyl group (C=O
phenixace-Chem-R-Faithful,Butanoic acid,1,carboxylic acid,underspecified,,,0,0, the carbonyl group (C=O)
phenixace-Chem-R-Faithful,Butanoic acid,2,carboxylic acid,non_answer,,,0,0, CarboxylicAcid. The SMILES
phenixace-Chem-R-Faithful,Butanoic acid,3,carboxylic acid,underspecified,,,0,0, carbonyl group (C=O) and
phenixace-Chem-R-Faithful,Butanoic acid,4,carboxylic acid,underspecified,,,0,0, the carbonyl group (C=O)
phenixace-Chem-R-Faithful,Butanoic acid,5,carboxylic acid,underspecified,,,0,0, the carbonyl group (C=O)
phenixace-Chem-R-Faithful,Butanoic acid,6,carboxylic acid,underspecified,,,0,0," carbonyl compound, specifically a carboxy"
phenixace-Chem-R-Faithful,Butanoic acid,7,carboxylic acid,underspecified,,,0,0," present, which is a carbonyl group ("
phenixace-Chem-R-Faithful,Butanoic acid,8,carboxylic acid,non_answer,,,0,0, not correctly represented in the provided SMILES string.
phenixace-Chem-R-Faithful,Butanoic acid,9,carboxylic acid,underspecified,,,0,0, the carbonyl group (C=O)
phenixace-Chem-R-Faithful,Pentanoic acid,0,carboxylic acid,answer_correct,carboxylic acid,carboxylic acid,1,1," carboxylic acid, which is characterized by"
phenixace-Chem-R-Faithful,Pentanoic acid,1,carboxylic acid,underspecified,,,0,0, the carbonyl group (C=O)
phenixace-Chem-R-Faithful,Pentanoic acid,2,carboxylic acid,non_answer,,,0,0, CarboxylicAcid. The SMILES
phenixace-Chem-R-Faithful,Pentanoic acid,3,carboxylic acid,underspecified,,,0,0, carbonyl group (C=O) and
phenixace-Chem-R-Faithful,Pentanoic acid,4,carboxylic acid,underspecified,,,0,0, the carbonyl group (C=O)
phenixace-Chem-R-Faithful,Pentanoic acid,5,carboxylic acid,underspecified,,,0,0, the carbonyl group (C=O)
phenixace-Chem-R-Faithful,Pentanoic acid,6,carboxylic acid,answer_correct,carboxylic acid,carboxylic acid,1,1, carboxylic acid. Carboxylic
phenixace-Chem-R-Faithful,Pentanoic acid,7,carboxylic acid,underspecified,,,0,0," present, which is a carbonyl group ("
phenixace-Chem-R-Faithful,Pentanoic acid,8,carboxylic acid,non_answer,,,0,0, misassigned due to the presence of a carbony
phenixace-Chem-R-Faithful,Pentanoic acid,9,carboxylic acid,underspecified,,,0,0, the carbonyl group (C=O)
phenixace-Chem-R-Faithful,Hexanoic acid,0,carboxylic acid,underspecified,,,0,0, of a carbonyl group (C=O
phenixace-Chem-R-Faithful,Hexanoic acid,1,carboxylic acid,underspecified,,,0,0, the carbonyl group (C=O)
phenixace-Chem-R-Faithful,Hexanoic acid,2,carboxylic acid,non_answer,,,0,0, CarboxylicAcid. The SMILES
phenixace-Chem-R-Faithful,Hexanoic acid,3,carboxylic acid,underspecified,,,0,0, carbonyl group (C=O) and
phenixace-Chem-R-Faithful,Hexanoic acid,4,carboxylic acid,underspecified,,,0,0, the carbonyl group (C=O)
phenixace-Chem-R-Faithful,Hexanoic acid,5,carboxylic acid,underspecified,,,0,0, the carbonyl group (C=O)
phenixace-Chem-R-Faithful,Hexanoic acid,6,carboxylic acid,answer_correct,carboxylic acid,carboxylic acid,1,1, carboxylic acid. It has a role
phenixace-Chem-R-Faithful,Hexanoic acid,7,carboxylic acid,underspecified,,,0,0," present, which is a carbonyl group ("
phenixace-Chem-R-Faithful,Hexanoic acid,8,carboxylic acid,non_answer,,,0,0, misassigned in the provided SMILES string. The
phenixace-Chem-R-Faithful,Hexanoic acid,9,carboxylic acid,underspecified,,,0,0, the carbonyl group (C=O)
phenixace-Chem-R-Faithful,Propan-1-amine,0,amine,answer_correct,amine,amine,1,1, of a primary amine. This molecule has a
phenixace-Chem-R-Faithful,Propan-1-amine,1,amine,answer_correct,amine,amine,1,1," the amine group (-NH2), which is"
phenixace-Chem-R-Faithful,Propan-1-amine,2,amine,non_answer,,,0,0, PrimaryAmine. It has a role as a
phenixace-Chem-R-Faithful,Propan-1-amine,3,amine,answer_correct,amine,amine,1,1, primary amine functional group. The SMILES string
phenixace-Chem-R-Faithful,Propan-1-amine,4,amine,answer_correct,amine,amine,1,1, the primary amine group (-NH2) attached
phenixace-Chem-R-Faithful,Propan-1-amine,5,amine,answer_correct,amine,amine,1,1, a primary amine group (NH2) attached
phenixace-Chem-R-Faithful,Propan-1-amine,6,amine,answer_correct,amine,amine,1,1, primary amine. It has a role as a
phenixace-Chem-R-Faithful,Propan-1-amine,7,amine,answer_correct,amine,amine,1,1," ""Primary amine"" with the representative SMILES"
phenixace-Chem-R-Faithful,Propan-1-amine,8,amine,answer_correct,amine,amine,1,1," a primary amine, indicating the presence of a"
phenixace-Chem-R-Faithful,Propan-1-amine,9,amine,answer_correct,amine,amine,1,1, the primary amine (-NH2) attached to
phenixace-Chem-R-Faithful,Butan-1-amine,0,amine,answer_correct,amine,amine,1,1, primary amine. It has a role as a
phenixace-Chem-R-Faithful,Butan-1-amine,1,amine,answer_correct,amine,amine,1,1, the amine group (-NH2) attached to
phenixace-Chem-R-Faithful,Butan-1-amine,2,amine,non_answer,,,0,0, PrimaryAmine. It has a role as a
phenixace-Chem-R-Faithful,Butan-1-amine,3,amine,answer_correct,amine,amine,1,1, primary amine functional group. The SMILES string
phenixace-Chem-R-Faithful,Butan-1-amine,4,amine,answer_correct,amine,amine,1,1, the primary amine group (-NH2) attached
phenixace-Chem-R-Faithful,Butan-1-amine,5,amine,answer_correct,amine,amine,1,1, the primary amine group (-NH2) attached
phenixace-Chem-R-Faithful,Butan-1-amine,6,amine,answer_correct,amine,amine,1,1, primary amine. The functional group is attached to
phenixace-Chem-R-Faithful,Butan-1-amine,7,amine,answer_correct,amine,amine,1,1," present, which is the primary amine group ("
phenixace-Chem-R-Faithful,Butan-1-amine,8,amine,answer_correct,amine,amine,1,1," a primary amine, indicating the presence of a"
phenixace-Chem-R-Faithful,Butan-1-amine,9,amine,answer_correct,amine,amine,1,1, the primary amine (-NH2) attached to
phenixace-Chem-R-Faithful,Pentan-1-amine,0,amine,answer_correct,amine,amine,1,1, primary amine. It is a conjugate base
phenixace-Chem-R-Faithful,Pentan-1-amine,1,amine,answer_correct,amine,amine,1,1, the primary amine group (-NH2) attached
phenixace-Chem-R-Faithful,Pentan-1-amine,2,amine,non_answer,,,0,0, PrimaryAmine. The SMILES string for this
phenixace-Chem-R-Faithful,Pentan-1-amine,3,amine,answer_correct,amine,amine,1,1, primary amine functional group. The primary amine
phenixace-Chem-R-Faithful,Pentan-1-amine,4,amine,answer_correct,amine,amine,1,1, the primary amine group (-NH2) attached
phenixace-Chem-R-Faithful,Pentan-1-amine,5,amine,answer_correct,amine,amine,1,1, the primary amine group (-NH2) attached
phenixace-Chem-R-Faithful,Pentan-1-amine,6,amine,answer_correct,amine,amine,1,1, primary amine. It has a role as a
phenixace-Chem-R-Faithful,Pentan-1-amine,7,amine,answer_correct,amine,amine,1,1," present, which is the primary amine group ("
phenixace-Chem-R-Faithful,Pentan-1-amine,8,amine,answer_correct,amine,amine,1,1, confirmed by the presence of a primary amine group
phenixace-Chem-R-Faithful,Pentan-1-amine,9,amine,answer_correct,amine,amine,1,1, the primary amine (-NH2) attached to
phenixace-Chem-R-Faithful,Hexan-1-amine,0,amine,non_answer,,,0,0," ""PrimaryAmine"" which is represented by the"
phenixace-Chem-R-Faithful,Hexan-1-amine,1,amine,answer_correct,amine,amine,1,1, the amine group (-NH2) attached to
phenixace-Chem-R-Faithful,Hexan-1-amine,2,amine,non_answer,,,0,1, PrimaryAmine. The primary amine group is
phenixace-Chem-R-Faithful,Hexan-1-amine,3,amine,answer_correct,amine,amine,1,1, primary amine functional group. The primary amine
phenixace-Chem-R-Faithful,Hexan-1-amine,4,amine,answer_correct,amine,amine,1,1, the primary amine group (-NH2) attached
phenixace-Chem-R-Faithful,Hexan-1-amine,5,amine,answer_correct,amine,amine,1,1, the primary amine group (-NH2) attached
phenixace-Chem-R-Faithful,Hexan-1-amine,6,amine,answer_correct,amine,amine,1,1, primary amine. It has a role as a
phenixace-Chem-R-Faithful,Hexan-1-amine,7,amine,answer_correct,amine,amine,1,1," ""Primary amine"" with the representative SMILES"
phenixace-Chem-R-Faithful,Hexan-1-amine,8,amine,answer_correct,amine,amine,1,1," a primary amine, indicating the presence of a"
phenixace-Chem-R-Faithful,Hexan-1-amine,9,amine,answer_correct,amine,amine,1,1, the primary amine group (-NH2) attached
phenixace-Chem-R-Faithful,Propanenitrile,0,nitrile,answer_correct,nitrile,nitrile,1,1, nitrile (CC#N) which is
phenixace-Chem-R-Faithful,Propanenitrile,1,nitrile,answer_correct,nitrile,nitrile,1,1, the nitrile group (#N). This group
phenixace-Chem-R-Faithful,Propanenitrile,2,nitrile,answer_correct,nitrile,Nitrile,1,1, Nitrile. The SMILES string for this
phenixace-Chem-R-Faithful,Propanenitrile,3,nitrile,answer_correct,nitrile,nitrile,1,1, nitrile functional group. The general structure of
phenixace-Chem-R-Faithful,Propanenitrile,4,nitrile,answer_correct,nitrile,nitrile,1,1, the nitrile group (#N). This group
phenixace-Chem-R-Faithful,Propanenitrile,5,nitrile,answer_correct,nitrile,nitrile,1,1, the nitrile group (#N). This group
phenixace-Chem-R-Faithful,Propanenitrile,6,nitrile,answer_correct,nitrile,nitrile,1,1, nitrile. The general structure of nitr
phenixace-Chem-R-Faithful,Propanenitrile,7,nitrile,answer_correct,nitrile,Nitrile,1,1," ""Nitrile"" which is represented by the"
phenixace-Chem-R-Faithful,Propanenitrile,8,nitrile,answer_correct,nitrile,nitrile,1,1," a nitrile, which is characterized by the"
phenixace-Chem-R-Faithful,Propanenitrile,9,nitrile,answer_correct,nitrile,nitrile,1,1, the nitrile group (#N). This group
phenixace-Chem-R-Faithful,Butanenitrile,0,nitrile,answer_correct,nitrile,nitrile,1,1," nitrile (CC#N), which is"
phenixace-Chem-R-Faithful,Butanenitrile,1,nitrile,answer_correct,nitrile,nitrile,1,1, the nitrile group (#N). The presence
phenixace-Chem-R-Faithful,Butanenitrile,2,nitrile,answer_correct,nitrile,Nitrile,1,1, Nitrile. The SMILES string for But
phenixace-Chem-R-Faithful,Butanenitrile,3,nitrile,answer_correct,nitrile,nitrile,1,1, nitrile group. The general formula for n
phenixace-Chem-R-Faithful,Butanenitrile,4,nitrile,answer_correct,nitrile,nitrile,1,1, the nitrile group (#N). This group
phenixace-Chem-R-Faithful,Butanenitrile,5,nitrile,answer_correct,nitrile,nitrile,1,1, the nitrile group (#N). This group
phenixace-Chem-R-Faithful,Butanenitrile,6,nitrile,answer_correct,nitrile,nitrile,1,1, nitrile. It has a role as a
phenixace-Chem-R-Faithful,Butanenitrile,7,nitrile,answer_correct,nitrile,nitrile,1,1," present, which is the nitrile group (#"
phenixace-Chem-R-Faithful,Butanenitrile,8,nitrile,answer_correct,nitrile,nitrile,1,1," a nitrile, which is characterized by the"
phenixace-Chem-R-Faithful,Butanenitrile,9,nitrile,answer_correct,nitrile,nitrile,1,1, the nitrile group (#N). This group
phenixace-Chem-R-Faithful,Pentanenitrile,0,nitrile,answer_correct,nitrile,nitrile,1,1, nitrile (CC#N). It is
phenixace-Chem-R-Faithful,Pentanenitrile,1,nitrile,answer_correct,nitrile,nitrile,1,1, the nitrile group (#N). The molecule
phenixace-Chem-R-Faithful,Pentanenitrile,2,nitrile,answer_correct,nitrile,Nitrile,1,1, Nitrile. The SMILES string for this
phenixace-Chem-R-Faithful,Pentanenitrile,3,nitrile,answer_correct,nitrile,nitrile,1,1, nitrile group. The nitrile group
phenixace-Chem-R-Faithful,Pentanenitrile,4,nitrile,answer_correct,nitrile,nitrile,1,1, the nitrile group (#N). This group
phenixace-Chem-R-Faithful,Pentanenitrile,5,nitrile,answer_correct,nitrile,nitrile,1,1, the nitrile group (#N). This group
phenixace-Chem-R-Faithful,Pentanenitrile,6,nitrile,answer_correct,nitrile,nitrile,1,1, nitrile. Nitriles are characterized by
phenixace-Chem-R-Faithful,Pentanenitrile,7,nitrile,answer_correct,nitrile,Nitrile,1,1," ""Nitrile"" which is represented by the"
phenixace-Chem-R-Faithful,Pentanenitrile,8,nitrile,answer_correct,nitrile,nitrile,1,1," a nitrile, which is characterized by the"
phenixace-Chem-R-Faithful,Pentanenitrile,9,nitrile,answer_correct,nitrile,nitrile,1,1, the nitrile group (#N). This group
phenixace-Chem-R-Faithful,Hexanenitrile,0,nitrile,answer_correct,nitrile,nitrile,1,1," nitrile (CC#N), indicating the"
phenixace-Chem-R-Faithful,Hexanenitrile,1,nitrile,answer_correct,nitrile,nitrile,1,1, the nitrile group (#N). This group
phenixace-Chem-R-Faithful,Hexanenitrile,2,nitrile,answer_correct,nitrile,Nitrile,1,1, Nitrile. The SMILES string for this
phenixace-Chem-R-Faithful,Hexanenitrile,3,nitrile,answer_correct,nitrile,nitrile,1,1, nitrile functional group. The nitrile
phenixace-Chem-R-Faithful,Hexanenitrile,4,nitrile,answer_correct,nitrile,nitrile,1,1, the nitrile group (#N). This group
phenixace-Chem-R-Faithful,Hexanenitrile,5,nitrile,answer_correct,nitrile,nitrile,1,1, the nitrile group (#N). This group
phenixace-Chem-R-Faithful,Hexanenitrile,6,nitrile,answer_correct,nitrile,nitrile,1,1, nitrile. Nitriles are characterized by
phenixace-Chem-R-Faithful,Hexanenitrile,7,nitrile,answer_correct,nitrile,Nitrile,1,1," ""Nitrile"" which is represented by the"
phenixace-Chem-R-Faithful,Hexanenitrile,8,nitrile,answer_correct,nitrile,nitrile,1,1," a nitrile, indicating the presence of a"
phenixace-Chem-R-Faithful,Hexanenitrile,9,nitrile,answer_correct,nitrile,nitrile,1,1, the nitrile group (#N). This group
phenixace-Chem-R-Faithful,Methyl ethanoate,0,ester,answer_correct,ester,ester,1,1," of ester, which is characterized by the carb"
phenixace-Chem-R-Faithful,Methyl ethanoate,1,ester,underspecified,,,0,0, the carbonyl group (C=O)
phenixace-Chem-R-Faithful,Methyl ethanoate,2,ester,answer_correct,ester,ester,1,1, ester. The SMILES notation for ester
phenixace-Chem-R-Faithful,Methyl ethanoate,3,ester,underspecified,,,0,0, carbonyl group (C=O) and
phenixace-Chem-R-Faithful,Methyl ethanoate,4,ester,underspecified,,,0,0, the carbonyl group (C=O)
phenixace-Chem-R-Faithful,Methyl ethanoate,5,ester,underspecified,,,0,0, the carbonyl group (C=O)
phenixace-Chem-R-Faithful,Methyl ethanoate,6,ester,underspecified,,,0,0, carbonyl group (C=O) attached
phenixace-Chem-R-Faithful,Methyl ethanoate,7,ester,answer_correct,ester,Ester,1,1," ""Ester"" which is represented by the SM"
phenixace-Chem-R-Faithful,Methyl ethanoate,8,ester,underspecified,,,0,0, confirmed by the presence of the carbonyl group
phenixace-Chem-R-Faithful,Methyl ethanoate,9,ester,underspecified,,,0,0, the carbonyl group (C=O)
phenixace-Chem-R-Faithful,Methyl propanoate,0,ester,answer_correct,ester,ester,1,1," of an ester, which is known for its"
phenixace-Chem-R-Faithful,Methyl propanoate,1,ester,answer_correct,ester,ester,1,1," the ester group, which is represented by the"
phenixace-Chem-R-Faithful,Methyl propanoate,2,ester,answer_correct,ester,ester,1,1, ester. The SMILES string CCC(=O
phenixace-Chem-R-Faithful,Methyl propanoate,3,ester,underspecified,,,0,0, carbonyl group (C=O) and
phenixace-Chem-R-Faithful,Methyl propanoate,4,ester,underspecified,,,0,0, the carbonyl group (C=O)
phenixace-Chem-R-Faithful,Methyl propanoate,5,ester,answer_correct,ester,ester,1,1," the ester group, which is represented by the"
phenixace-Chem-R-Faithful,Methyl propanoate,6,ester,underspecified,,,0,0, carbonyl group (C=O) attached
phenixace-Chem-R-Faithful,Methyl propanoate,7,ester,answer_correct,ester,Ester,1,1," ""Ester"" as a carbonyl group"
phenixace-Chem-R-Faithful,Methyl propanoate,8,ester,answer_correct,ester,ester,1,1," a methyl ester, indicating the presence of a"
phenixace-Chem-R-Faithful,Methyl propanoate,9,ester,underspecified,,,0,0, the carbonyl group (C=O)
phenixace-Chem-R-Faithful,Methyl butanoate,0,ester,answer_correct,ester,ester,1,1," ester, which is known for its role in"
phenixace-Chem-R-Faithful,Methyl butanoate,1,ester,underspecified,,,0,0, the carbonyl group (C=O)
phenixace-Chem-R-Faithful,Methyl butanoate,2,ester,answer_correct,ester,ester,1,1, ester. The SMILES string for this compound
phenixace-Chem-R-Faithful,Methyl butanoate,3,ester,underspecified,,,0,0, carbonyl group (C=O) and
phenixace-Chem-R-Faithful,Methyl butanoate,4,ester,underspecified,,,0,0, the carbonyl group (C=O)
phenixace-Chem-R-Faithful,Methyl butanoate,5,ester,underspecified,,,0,0, the carbonyl group (C=O)
phenixace-Chem-R-Faithful,Methyl butanoate,6,ester,underspecified,,,0,0, carbonyl group (C=O) linked
phenixace-Chem-R-Faithful,Methyl butanoate,7,ester,answer_correct,ester,Ester,1,1," ""Ester"" as it contains the carbony"
phenixace-Chem-R-Faithful,Methyl butanoate,8,ester,underspecified,,,0,0, a carbonyl group (C=O)
phenixace-Chem-R-Faithful,Methyl butanoate,9,ester,underspecified,,,0,0, the carbonyl group (C=O)
phenixace-Chem-R-Faithful,Methyl pentanoate,0,ester,answer_correct,ester,ester,1,1," ester, which is known for its role in"
phenixace-Chem-R-Faithful,Methyl pentanoate,1,ester,answer_correct,ester,ester,1,1," the ester group, which is represented by the"
phenixace-Chem-R-Faithful,Methyl pentanoate,2,ester,answer_correct,ester,ester,1,1, ester. The SMILES string for this compound
phenixace-Chem-R-Faithful,Methyl pentanoate,3,ester,underspecified,,,0,0, carbonyl group (C=O) and
phenixace-Chem-R-Faithful,Methyl pentanoate,4,ester,underspecified,,,0,0, the carbonyl group (C=O)
phenixace-Chem-R-Faithful,Methyl pentanoate,5,ester,answer_correct,ester,ester,1,1," the ester group, which is represented by the"
phenixace-Chem-R-Faithful,Methyl pentanoate,6,ester,answer_correct,ester,ester,1,1, methyl ester. The carbonyl group (
phenixace-Chem-R-Faithful,Methyl pentanoate,7,ester,answer_correct,ester,Ester,1,1," ""Ester"" as a carbonyl group"
phenixace-Chem-R-Faithful,Methyl pentanoate,8,ester,underspecified,,,0,0, indicated by the presence of a carbonyl group
phenixace-Chem-R-Faithful,Methyl pentanoate,9,ester,underspecified,,,0,0, the carbonyl group (C=O)
phenixace-Chem-R-Faithful,Propan-2-one,0,ketone,answer_correct,ketone,ketone,1,1, of a ketone. The molecule has a total
phenixace-Chem-R-Faithful,Propan-2-one,1,ketone,answer_correct,ketone,ketone,1,1," a ketone, indicated by the carbonyl"
phenixace-Chem-R-Faithful,Propan-2-one,2,ketone,answer_correct,ketone,Ketone,1,1, Ketone. The representative SMILES for this class
phenixace-Chem-R-Faithful,Propan-2-one,3,ketone,answer_correct,ketone,ketone,1,1, ketone functional group. The given SMILES string
phenixace-Chem-R-Faithful,Propan-2-one,4,ketone,answer_correct,ketone,ketone,1,1, the ketone group (C=O). This
phenixace-Chem-R-Faithful,Propan-2-one,5,ketone,answer_correct,ketone,ketone,1,1," a ketone, indicated by the carbonyl"
phenixace-Chem-R-Faithful,Propan-2-one,6,ketone,answer_correct,ketone,ketone,1,1, ketone. It has a role as a polar
phenixace-Chem-R-Faithful,Propan-2-one,7,ketone,answer_correct,ketone,Ketone,1,1," ""Ketone"" with the representative SMILES"
phenixace-Chem-R-Faithful,Propan-2-one,8,ketone,non_answer,,,0,0, a key factor in determining its chemical properties and re
phenixace-Chem-R-Faithful,Propan-2-one,9,ketone,answer_correct,ketone,ketone,1,1, the ketone group (C=O). This
phenixace-Chem-R-Faithful,Butan-2-one,0,ketone,answer_correct,ketone,ketone,1,1," of a ketone, which is characterized by the"
phenixace-Chem-R-Faithful,Butan-2-one,1,ketone,answer_correct,ketone,ketone,1,1," a ketone, indicated by the carbonyl"
phenixace-Chem-R-Faithful,Butan-2-one,2,ketone,answer_correct,ketone,ketone,1,1, a ketone. The representative SMILES pattern for
phenixace-Chem-R-Faithful,Butan-2-one,3,ketone,underspecified,,,0,0, carbonyl group (C=O) and
phenixace-Chem-R-Faithful,Butan-2-one,4,ketone,underspecified,,,0,0," a carbonyl group (C=O),"
phenixace-Chem-R-Faithful,Butan-2-one,5,ketone,answer_correct,ketone,ketone,1,1," a ketone, indicated by the carbonyl"
phenixace-Chem-R-Faithful,Butan-2-one,6,ketone,answer_correct,ketone,ketone,1,1, ketone. The carbonyl group (C
phenixace-Chem-R-Faithful,Butan-2-one,7,ketone,answer_correct,ketone,Ketone,1,1," ""Ketone"" with the representative SMILES"
phenixace-Chem-R-Faithful,Butan-2-one,8,ketone,answer_correct,ketone,ketone,1,1," a type of ketone, characterized by the presence"
phenixace-Chem-R-Faithful,Butan-2-one,9,ketone,underspecified,,,0,0," the carbonyl group (C=O),"
phenixace-Chem-R-Faithful,Pentan-2-one,0,ketone,answer_correct,ketone,Ketone,1,1," ""Ketone"" which is characterized by the"
phenixace-Chem-R-Faithful,Pentan-2-one,1,ketone,underspecified,,,0,0," a carbonyl group (C=O),"
phenixace-Chem-R-Faithful,Pentan-2-one,2,ketone,answer_correct,ketone,Ketone,1,1," ""Ketone"". The representative SMILES pattern"
phenixace-Chem-R-Faithful,Pentan-2-one,3,ketone,underspecified,,,0,0, carbonyl group (C=O) and
phenixace-Chem-R-Faithful,Pentan-2-one,4,ketone,underspecified,,,0,0," the carbonyl group (C=O),"
phenixace-Chem-R-Faithful,Pentan-2-one,5,ketone,underspecified,,,0,0," a carbonyl group (C=O),"
phenixace-Chem-R-Faithful,Pentan-2-one,6,ketone,answer_correct,ketone,ketone,1,1, ketone. The general structure of a ketone
phenixace-Chem-R-Faithful,Pentan-2-one,7,ketone,answer_correct,ketone,Ketone,1,1," ""Ketone"" as the central carbony"
phenixace-Chem-R-Faithful,Pentan-2-one,8,ketone,answer_correct,ketone,ketone,1,1," a type of ketone, characterized by the presence"
phenixace-Chem-R-Faithful,Pentan-2-one,9,ketone,underspecified,,,0,0," the carbonyl group (C=O),"
phenixace-Chem-R-Faithful,Hexan-2-one,0,ketone,answer_correct,ketone,Ketone,1,1," ""Ketone"" with the carbonyl"
phenixace-Chem-R-Faithful,Hexan-2-one,1,ketone,underspecified,,,0,0," a carbonyl group (C=O),"
phenixace-Chem-R-Faithful,Hexan-2-one,2,ketone,answer_correct,ketone,ketone,1,1," a ketone, indicated by the carbonyl"
phenixace-Chem-R-Faithful,Hexan-2-one,3,ketone,underspecified,,,0,0, carbonyl group (C=O) and
phenixace-Chem-R-Faithful,Hexan-2-one,4,ketone,underspecified,,,0,0," the carbonyl group (C=O),"
phenixace-Chem-R-Faithful,Hexan-2-one,5,ketone,underspecified,,,0,0," a carbonyl group (C=O),"
phenixace-Chem-R-Faithful,Hexan-2-one,6,ketone,answer_correct,ketone,ketone,1,1, ketone. The general structure of a ketone
phenixace-Chem-R-Faithful,Hexan-2-one,7,ketone,answer_correct,ketone,Ketone,1,1," ""Ketone"" with the representative SMILES"
phenixace-Chem-R-Faithful,Hexan-2-one,8,ketone,answer_correct,ketone,ketone,1,1," a type of ketone, which is characterized by"
phenixace-Chem-R-Faithful,Hexan-2-one,9,ketone,underspecified,,,0,0," the carbonyl group (C=O),"
phenixace-Chem-R-Faithful,Propanamide,0,amide,answer_correct,amide,amide,1,1, of an amide. The carbonyl group
phenixace-Chem-R-Faithful,Propanamide,1,amide,answer_correct,amide,amide,1,1," the amide group, which is a carbony"
phenixace-Chem-R-Faithful,Propanamide,2,amide,answer_correct,amide,Amide,1,1, Amide. The SMILES string CCC(N)=
phenixace-Chem-R-Faithful,Propanamide,3,amide,answer_correct,amide,amide,1,1, primary amide group. The carbonyl group
phenixace-Chem-R-Faithful,Propanamide,4,amide,answer_correct,amide,amide,1,1, the amide group (CC(N)=O).
phenixace-Chem-R-Faithful,Propanamide,5,amide,answer_correct,amide,amide,1,1," the amide group, which is a carbony"
phenixace-Chem-R-Faithful,Propanamide,6,amide,answer_correct,amide,amide,1,1, primary amide. It has a role as a
phenixace-Chem-R-Faithful,Propanamide,7,amide,answer_correct,amide,Amide,1,1," ""Amide"" which is represented by the SM"
phenixace-Chem-R-Faithful,Propanamide,8,amide,answer_correct,amide,amide,1,1," an amide, indicating the presence of a carb"
phenixace-Chem-R-Faithful,Propanamide,9,amide,answer_correct,amide,amide,1,1, the amide group (CC(N)=O).
phenixace-Chem-R-Faithful,Butanamide,0,amide,answer_correct,amide,amide,1,1," amide, which is a carbonyl group"
phenixace-Chem-R-Faithful,Butanamide,1,amide,answer_correct,amide,amide,1,1," the amide group, which is a carbony"
phenixace-Chem-R-Faithful,Butanamide,2,amide,answer_correct,amide,Amide,1,1, Amide. The SMILES string for Butan
phenixace-Chem-R-Faithful,Butanamide,3,amide,answer_correct,amide,amide,1,1, primary amide group. The SMILES string for
phenixace-Chem-R-Faithful,Butanamide,4,amide,answer_correct,amide,amide,1,1," the amide group (CC(N)=O),"
phenixace-Chem-R-Faithful,Butanamide,5,amide,answer_correct,amide,amide,1,1," an amide group, which is a carbony"
phenixace-Chem-R-Faithful,Butanamide,6,amide,answer_correct,amide,amide,1,1, primary amide. It has a role as a
phenixace-Chem-R-Faithful,Butanamide,7,amide,answer_correct,amide,Amide,1,1," ""Amide"" which is represented by the SM"
phenixace-Chem-R-Faithful,Butanamide,8,amide,answer_correct,amide,amide,1,1," an amide, indicating the presence of a carb"
phenixace-Chem-R-Faithful,Butanamide,9,amide,answer_correct,amide,amide,1,1," the amide group (CC(N)=O),"
phenixace-Chem-R-Faithful,Pentanamide,0,amide,answer_correct,amide,amide,1,1," amide, which is a key component in many"
phenixace-Chem-R-Faithful,Pentanamide,1,amide,answer_correct,amide,amide,1,1," the amide group, which is a carbony"
phenixace-Chem-R-Faithful,Pentanamide,2,amide,answer_correct,amide,Amide,1,1, Amide. The SMILES string for this compound
phenixace-Chem-R-Faithful,Pentanamide,3,amide,answer_correct,amide,amide,1,1, primary amide group. The amide group is
phenixace-Chem-R-Faithful,Pentanamide,4,amide,answer_correct,amide,amide,1,1, the amide group (N=O) which
phenixace-Chem-R-Faithful,Pentanamide,5,amide,answer_correct,amide,amide,1,1," the amide group, which is a carbony"
phenixace-Chem-R-Faithful,Pentanamide,6,amide,answer_correct,amide,amide,1,1, primary amide. It has a role as a
phenixace-Chem-R-Faithful,Pentanamide,7,amide,answer_correct,amide,Amide,1,1," ""Amide"" which is represented by the SM"
phenixace-Chem-R-Faithful,Pentanamide,8,amide,answer_correct,amide,amide,1,1," an amide, indicating the presence of a carb"
phenixace-Chem-R-Faithful,Pentanamide,9,amide,answer_correct,amide,amide,1,1, the amide group (N=O) attached
phenixace-Chem-R-Faithful,Hexanamide,0,amide,answer_correct,amide,amide,1,1," amide, which is a key component in many"
phenixace-Chem-R-Faithful,Hexanamide,1,amide,answer_correct,amide,amide,1,1," the amide group, which is a carbony"
phenixace-Chem-R-Faithful,Hexanamide,2,amide,answer_correct,amide,Amide,1,1, Amide. The SMILES string for Amide
phenixace-Chem-R-Faithful,Hexanamide,3,amide,answer_correct,amide,amide,1,1, primary amide group. The amide group is
phenixace-Chem-R-Faithful,Hexanamide,4,amide,answer_correct,amide,amide,1,1," an amide group, which is a carbony"
phenixace-Chem-R-Faithful,Hexanamide,5,amide,answer_correct,amide,amide,1,1," the amide group, which is a carbony"
phenixace-Chem-R-Faithful,Hexanamide,6,amide,answer_correct,amide,amide,1,1, primary amide. It is a conjugate acid
phenixace-Chem-R-Faithful,Hexanamide,7,amide,answer_correct,amide,Amide,1,1," ""Amide"" as the main functional group present"
phenixace-Chem-R-Faithful,Hexanamide,8,amide,answer_correct,amide,amide,1,1," an amide, indicating the presence of a carb"
phenixace-Chem-R-Faithful,Hexanamide,9,amide,answer_correct,amide,amide,1,1, the amide group (N)=O attached to
phenixace-Chem-R-Faithful,1-Chloropropane,0,alkyl chloride,answer_correct,alkyl chloride,chlorine,1,1, chlorine (Cl). It has a role as a
phenixace-Chem-R-Faithful,1-Chloropropane,1,alkyl chloride,answer_correct,alkyl chloride,chlorine,1,1," the chlorine atom, which is a halogen."
phenixace-Chem-R-Faithful,1-Chloropropane,2,alkyl chloride,answer_correct,alkyl chloride,Chlorine,1,1," ""Chlorine"" and the representative SMILES"
phenixace-Chem-R-Faithful,1-Chloropropane,3,alkyl chloride,answer_correct,alkyl chloride,chlorine,1,1, chlorine atom attached to a propyl group. The
phenixace-Chem-R-Faithful,1-Chloropropane,4,alkyl chloride,answer_correct,alkyl chloride,chlorine,1,1," the chlorine atom, which is attached to the end"
phenixace-Chem-R-Faithful,1-Chloropropane,5,alkyl chloride,answer_correct,alkyl chloride,chlorine,1,1," the chlorine atom, which is a halogen."
phenixace-Chem-R-Faithful,1-Chloropropane,6,alkyl chloride,underspecified,,,0,0, member of the alkyl halides. The functional
phenixace-Chem-R-Faithful,1-Chloropropane,7,alkyl chloride,answer_correct,alkyl chloride,Chlorine,1,1," ""Chlorine"" as a chloroalk"
phenixace-Chem-R-Faithful,1-Chloropropane,8,alkyl chloride,answer_correct,alkyl chloride,chlorine,1,1, defined by the presence of a chlorine atom attached to
phenixace-Chem-R-Faithful,1-Chloropropane,9,alkyl chloride,answer_correct,alkyl chloride,chlorine,1,1, the chlorine atom (Cl) attached to the end
phenixace-Chem-R-Faithful,1-Chlorobutane,0,alkyl chloride,answer_correct,alkyl chloride,chlorine,1,1, chlorine (Cl). It is a chloroalk
phenixace-Chem-R-Faithful,1-Chlorobutane,1,alkyl chloride,answer_correct,alkyl chloride,Chlorine,1,1," the Chlorine atom, which is a halogen"
phenixace-Chem-R-Faithful,1-Chlorobutane,2,alkyl chloride,answer_correct,alkyl chloride,Chlorine,1,1," ""Chlorine"" and the representative SMILES"
phenixace-Chem-R-Faithful,1-Chlorobutane,3,alkyl chloride,answer_correct,alkyl chloride,chlorine,1,1, halogen (specifically chlorine) and an alk
phenixace-Chem-R-Faithful,1-Chlorobutane,4,alkyl chloride,answer_correct,alkyl chloride,chlorine,1,1," the chlorine atom, which is attached to the end"
phenixace-Chem-R-Faithful,1-Chlorobutane,5,alkyl chloride,answer_correct,alkyl chloride,Chlorine,1,1," the Chlorine (Cl) atom, which is"
phenixace-Chem-R-Faithful,1-Chlorobutane,6,alkyl chloride,underspecified,,,0,0, member of the alkyl halides. It has
phenixace-Chem-R-Faithful,1-Chlorobutane,7,alkyl chloride,answer_correct,alkyl chloride,Chlorine,1,1," ""Chlorine"" and the parent chain """
phenixace-Chem-R-Faithful,1-Chlorobutane,8,alkyl chloride,answer_correct,alkyl chloride,chlorine,1,1, defined by the presence of a chlorine atom (Cl
phenixace-Chem-R-Faithful,1-Chlorobutane,9,alkyl chloride,answer_correct,alkyl chloride,chlorine,1,1, the chlorine atom (Cl) attached to the end
phenixace-Chem-R-Faithful,1-Chloropentane,0,alkyl chloride,answer_correct,alkyl chloride,Chlorine,1,1," ""Chlorine"" which is a halogen"
phenixace-Chem-R-Faithful,1-Chloropentane,1,alkyl chloride,answer_correct,alkyl chloride,Chlorine,1,1," the Chlorine atom, which is a halogen"
phenixace-Chem-R-Faithful,1-Chloropentane,2,alkyl chloride,answer_correct,alkyl chloride,Chlorine,1,1," ""Chlorine"" and the representative SMILES"
phenixace-Chem-R-Faithful,1-Chloropentane,3,alkyl chloride,malformed,,,0,1, chlorine atom and an alkane chain. The functional
phenixace-Chem-R-Faithful,1-Chloropentane,4,alkyl chloride,answer_correct,alkyl chloride,Chlorine,1,1, the Chlorine atom (Cl) attached to the
phenixace-Chem-R-Faithful,1-Chloropentane,5,alkyl chloride,answer_correct,alkyl chloride,Chlorine,1,1," the Chlorine atom, which is a halogen"
phenixace-Chem-R-Faithful,1-Chloropentane,6,alkyl chloride,non_answer,,,0,1, chloroalkane. It is a chloro
phenixace-Chem-R-Faithful,1-Chloropentane,7,alkyl chloride,answer_correct,alkyl chloride,Chlorine,1,1," ""Chlorine"" and the parent chain """
phenixace-Chem-R-Faithful,1-Chloropentane,8,alkyl chloride,underspecified,,,0,0," a haloalkane, which is characterized by the"
phenixace-Chem-R-Faithful,1-Chloropentane,9,alkyl chloride,answer_correct,alkyl chloride,chlorine,1,1, the chlorine atom (Cl) attached to the first
phenixace-Chem-R-Faithful,1-Chlorohexane,0,alkyl chloride,answer_correct,alkyl chloride,Chlorine,1,1," ""Chlorine"" which is a halogen"
phenixace-Chem-R-Faithful,1-Chlorohexane,1,alkyl chloride,answer_correct,alkyl chloride,Chlorine,1,1," the Chlorine atom, which is a halogen"
phenixace-Chem-R-Faithful,1-Chlorohexane,2,alkyl chloride,answer_correct,alkyl chloride,Chlorine,1,1," ""Chlorine"" and the representative SMILES"
phenixace-Chem-R-Faithful,1-Chlorohexane,3,alkyl chloride,answer_correct,alkyl chloride,chlorine,1,1, halogen (specifically chlorine) and a hydro
phenixace-Chem-R-Faithful,1-Chlorohexane,4,alkyl chloride,answer_correct,alkyl chloride,Chlorine,1,1, the Chlorine atom (Cl) attached to the
phenixace-Chem-R-Faithful,1-Chlorohexane,5,alkyl chloride,answer_correct,alkyl chloride,Chlorine,1,1," the Chlorine (Cl) atom, which is"
phenixace-Chem-R-Faithful,1-Chlorohexane,6,alkyl chloride,non_answer,,,0,0, chloroalkane. It has a role as
phenixace-Chem-R-Faithful,1-Chlorohexane,7,alkyl chloride,malformed,,,0,1," ""Chlorine"" and the hydrocarbon backbone"
phenixace-Chem-R-Faithful,1-Chlorohexane,8,alkyl chloride,answer_wrong,none (alkane),alkane,0,0," that of a halogenated alkane, which"
phenixace-Chem-R-Faithful,1-Chlorohexane,9,alkyl chloride,answer_correct,alkyl chloride,chlorine,1,1, the chlorine atom (Cl) attached to the end
phenixace-Chem-R-Faithful,1-Fluoropropane,0,alkyl fluoride,answer_correct,alkyl fluoride,fluorine,1,1, fluorine (F). It is a fluorinated
phenixace-Chem-R-Faithful,1-Fluoropropane,1,alkyl fluoride,answer_correct,alkyl fluoride,fluorine,1,1," the fluorine atom, which is attached to the"
phenixace-Chem-R-Faithful,1-Fluoropropane,2,alkyl fluoride,answer_correct,alkyl fluoride,Fluorine,1,1, Fluorine. It is a fluorinated compound
phenixace-Chem-R-Faithful,1-Fluoropropane,3,alkyl fluoride,answer_correct,alkyl fluoride,fluorine,1,1, fluorine atom and a propane backbone. The molecule
phenixace-Chem-R-Faithful,1-Fluoropropane,4,alkyl fluoride,answer_correct,alkyl fluoride,fluorine,1,1, the fluorine atom (F) attached to the
phenixace-Chem-R-Faithful,1-Fluoropropane,5,alkyl fluoride,answer_correct,alkyl fluoride,fluorine,1,1," the fluorine atom, which is attached to the"
phenixace-Chem-R-Faithful,1-Fluoropropane,6,alkyl fluoride,answer_wrong,none (alkane),alkane,0,0, fluorinated alkane. It has a role as
phenixace-Chem-R-Faithful,1-Fluoropropane,7,alkyl fluoride,answer_correct,alkyl fluoride,Fluorine,1,1," ""Fluorine"" as a fluorinated"
phenixace-Chem-R-Faithful,1-Fluoropropane,8,alkyl fluoride,answer_wrong,none (alkane),alkane,0,0," a fluorinated alkane, which is a type"
phenixace-Chem-R-Faithful,1-Fluoropropane,9,alkyl fluoride,answer_correct,alkyl fluoride,fluorine,1,1, the fluorine atom (F) attached to the
phenixace-Chem-R-Faithful,1-Fluorobutane,0,alkyl fluoride,answer_correct,alkyl fluoride,fluorine,1,1, fluorine (F) attached to a butane
phenixace-Chem-R-Faithful,1-Fluorobutane,1,alkyl fluoride,answer_correct,alkyl fluoride,fluorine,1,1," the fluorine atom, which is attached to the"
phenixace-Chem-R-Faithful,1-Fluorobutane,2,alkyl fluoride,answer_correct,alkyl fluoride,Fluorine,1,1, Fluorine. The molecule has a chain of
phenixace-Chem-R-Faithful,1-Fluorobutane,3,alkyl fluoride,answer_correct,alkyl fluoride,fluorine,1,1, fluorine atom and a butane backbone. The
phenixace-Chem-R-Faithful,1-Fluorobutane,4,alkyl fluoride,answer_correct,alkyl fluoride,fluorine,1,1," the fluorine atom, which is attached to the"
phenixace-Chem-R-Faithful,1-Fluorobutane,5,alkyl fluoride,answer_correct,alkyl fluoride,fluorine,1,1," the fluorine atom, which is attached to the"
phenixace-Chem-R-Faithful,1-Fluorobutane,6,alkyl fluoride,answer_wrong,none (alkane),alkane,0,0, fluorinated alkane. It has been found to
phenixace-Chem-R-Faithful,1-Fluorobutane,7,alkyl fluoride,answer_correct,alkyl fluoride,Fluorine,1,1," ""Fluorine"" as indicated by the"
phenixace-Chem-R-Faithful,1-Fluorobutane,8,alkyl fluoride,answer_wrong,none (alkane),alkane,0,0," a fluorinated alkane, which is a type"
phenixace-Chem-R-Faithful,1-Fluorobutane,9,alkyl fluoride,answer_correct,alkyl fluoride,fluorine,1,1, the fluorine atom (F) attached to the
phenixace-Chem-R-Faithful,1-Fluoropentane,0,alkyl fluoride,answer_correct,alkyl fluoride,fluorine,1,1, fluorine (F) attached to the end of
phenixace-Chem-R-Faithful,1-Fluoropentane,1,alkyl fluoride,answer_correct,alkyl fluoride,fluorine,1,1," the fluorine atom, which is attached to the"
phenixace-Chem-R-Faithful,1-Fluoropentane,2,alkyl fluoride,answer_correct,alkyl fluoride,Fluorine,1,1, Fluorine. The molecule has a chain of
phenixace-Chem-R-Faithful,1-Fluoropentane,3,alkyl fluoride,answer_correct,alkyl fluoride,fluorine,1,1, fluorine atom and a pentane backbone. The
phenixace-Chem-R-Faithful,1-Fluoropentane,4,alkyl fluoride,answer_correct,alkyl fluoride,fluorine,1,1, the fluorine atom (F) attached to the
phenixace-Chem-R-Faithful,1-Fluoropentane,5,alkyl fluoride,answer_correct,alkyl fluoride,fluorine,1,1," the fluorine atom, which is attached to the"
phenixace-Chem-R-Faithful,1-Fluoropentane,6,alkyl fluoride,answer_wrong,none (alkane),alkane,0,0, fluorinated alkane. It has been found to
phenixace-Chem-R-Faithful,1-Fluoropentane,7,alkyl fluoride,answer_correct,alkyl fluoride,fluorine,1,1," present, which in this case is the fluorine"
phenixace-Chem-R-Faithful,1-Fluoropentane,8,alkyl fluoride,answer_wrong,none (alkane),alkane,0,1, a fluorine-containing alkane. It has a
phenixace-Chem-R-Faithful,1-Fluoropentane,9,alkyl fluoride,answer_correct,alkyl fluoride,fluorine,1,1, the fluorine atom (F) attached to the
phenixace-Chem-R-Faithful,1-Fluorohexane,0,alkyl fluoride,answer_correct,alkyl fluoride,fluorine,1,1, fluorine (F) attached to a hexane
phenixace-Chem-R-Faithful,1-Fluorohexane,1,alkyl fluoride,answer_correct,alkyl fluoride,fluorine,1,1," the fluorine atom, which is attached to the"
phenixace-Chem-R-Faithful,1-Fluorohexane,2,alkyl fluoride,answer_correct,alkyl fluoride,Fluorine,1,1, Fluorine. The molecule is a fluorinated
phenixace-Chem-R-Faithful,1-Fluorohexane,3,alkyl fluoride,malformed,,,0,1, fluorine atom and a hydrocarbon chain. It
phenixace-Chem-R-Faithful,1-Fluorohexane,4,alkyl fluoride,answer_correct,alkyl fluoride,fluorine,1,1, the fluorine atom (F) attached to the
phenixace-Chem-R-Faithful,1-Fluorohexane,5,alkyl fluoride,answer_correct,alkyl fluoride,fluorine,1,1," the fluorine atom, which is a halogen"
phenixace-Chem-R-Faithful,1-Fluorohexane,6,alkyl fluoride,answer_wrong,none (alkane),alkane,0,0, fluorinated alkane. It has a role as
phenixace-Chem-R-Faithful,1-Fluorohexane,7,alkyl fluoride,answer_correct,alkyl fluoride,Fluorine,1,1," ""Fluorine"" as the only functional"
phenixace-Chem-R-Faithful,1-Fluorohexane,8,alkyl fluoride,answer_wrong,none (alkane),alkane,0,0," a fluorinated alkane, which is a type"
phenixace-Chem-R-Faithful,1-Fluorohexane,9,alkyl fluoride,answer_correct,alkyl fluoride,fluorine,1,1, the fluorine atom (F) attached to the
phenixace-Chem-R-Faithful,1-Bromopropane,0,alkyl bromide,answer_correct,alkyl bromide,bromine,1,1," bromine (Br), which is a halogen"
phenixace-Chem-R-Faithful,1-Bromopropane,1,alkyl bromide,answer_correct,alkyl bromide,bromine,1,1," the bromine atom, which is a good leaving"
phenixace-Chem-R-Faithful,1-Bromopropane,2,alkyl bromide,answer_correct,alkyl bromide,Bromine,1,1," ""Bromine"" with the representative SMILES"
phenixace-Chem-R-Faithful,1-Bromopropane,3,alkyl bromide,answer_correct,alkyl bromide,bromine,1,1, bromine atom attached to a propyl group.
phenixace-Chem-R-Faithful,1-Bromopropane,4,alkyl bromide,answer_correct,alkyl bromide,bromine,1,1," the bromine atom, which is a halogen"
phenixace-Chem-R-Faithful,1-Bromopropane,5,alkyl bromide,answer_correct,alkyl bromide,bromine,1,1," the bromine atom, which is a good leaving"
phenixace-Chem-R-Faithful,1-Bromopropane,6,alkyl bromide,non_answer,,,0,0," bromoalkane, which is a type of"
phenixace-Chem-R-Faithful,1-Bromopropane,7,alkyl bromide,answer_correct,alkyl bromide,Bromine,1,1," ""Bromine"" as a bromoalk"
phenixace-Chem-R-Faithful,1-Bromopropane,8,alkyl bromide,answer_correct,alkyl bromide,bromine,1,1, defined by the presence of a bromine atom attached
phenixace-Chem-R-Faithful,1-Bromopropane,9,alkyl bromide,answer_correct,alkyl bromide,bromine,1,1, the bromine atom (Br) attached to the
phenixace-Chem-R-Faithful,1-Bromobutane,0,alkyl bromide,answer_correct,alkyl bromide,bromine,1,1," bromine (Br), which is a halogen"
phenixace-Chem-R-Faithful,1-Bromobutane,1,alkyl bromide,answer_correct,alkyl bromide,bromine,1,1," the bromine atom, which is attached to the"
phenixace-Chem-R-Faithful,1-Bromobutane,2,alkyl bromide,answer_correct,alkyl bromide,Bromine,1,1," ""Bromine"" with the representative SMILES"
phenixace-Chem-R-Faithful,1-Bromobutane,3,alkyl bromide,answer_correct,alkyl bromide,bromine,1,1, bromine atom attached to a butane chain.
phenixace-Chem-R-Faithful,1-Bromobutane,4,alkyl bromide,answer_correct,alkyl bromide,bromine,1,1," the bromine atom, which is a halogen"
phenixace-Chem-R-Faithful,1-Bromobutane,5,alkyl bromide,answer_correct,alkyl bromide,bromine,1,1," the bromine atom, which is a good leaving"
phenixace-Chem-R-Faithful,1-Bromobutane,6,alkyl bromide,non_answer,,,0,0, bromoalkane. Bromoalkanes are
phenixace-Chem-R-Faithful,1-Bromobutane,7,alkyl bromide,answer_correct,alkyl bromide,Bromine,1,1," ""Bromine"" and the parent chain """
phenixace-Chem-R-Faithful,1-Bromobutane,8,alkyl bromide,answer_correct,alkyl bromide,bromine,1,1, defined by the presence of a bromine atom attached
phenixace-Chem-R-Faithful,1-Bromobutane,9,alkyl bromide,answer_correct,alkyl bromide,bromine,1,1, the bromine atom (Br) attached to the
phenixace-Chem-R-Faithful,1-Bromopentane,0,alkyl bromide,answer_correct,alkyl bromide,bromine,1,1," bromine (Br), which is a halogen"
phenixace-Chem-R-Faithful,1-Bromopentane,1,alkyl bromide,answer_correct,alkyl bromide,bromine,1,1," the bromine atom, which is a good leaving"
phenixace-Chem-R-Faithful,1-Bromopentane,2,alkyl bromide,answer_correct,alkyl bromide,Bromine,1,1," ""Bromine"" with the representative SMILES"
phenixace-Chem-R-Faithful,1-Bromopentane,3,alkyl bromide,answer_correct,alkyl bromide,bromine,1,1, bromine atom attached to a pentyl group.
phenixace-Chem-R-Faithful,1-Bromopentane,4,alkyl bromide,answer_correct,alkyl bromide,bromine,1,1," the bromine atom, which is a halogen"
phenixace-Chem-R-Faithful,1-Bromopentane,5,alkyl bromide,answer_correct,alkyl bromide,bromine,1,1," the bromine atom, which is a good leaving"
phenixace-Chem-R-Faithful,1-Bromopentane,6,alkyl bromide,non_answer,,,0,0, bromoalkane. Bromoalkanes are
phenixace-Chem-R-Faithful,1-Bromopentane,7,alkyl bromide,answer_correct,alkyl bromide,Bromine,1,1," ""Bromine"" as a bromoalk"
phenixace-Chem-R-Faithful,1-Bromopentane,8,alkyl bromide,answer_correct,alkyl bromide,bromine,1,1, defined by the presence of a bromine atom attached
phenixace-Chem-R-Faithful,1-Bromopentane,9,alkyl bromide,answer_correct,alkyl bromide,bromine,1,1, the bromine atom (Br) attached to the
phenixace-Chem-R-Faithful,1-Bromohexane,0,alkyl bromide,answer_correct,alkyl bromide,bromine,1,1," bromine (Br), which is a halogen"
phenixace-Chem-R-Faithful,1-Bromohexane,1,alkyl bromide,answer_correct,alkyl bromide,bromine,1,1," the bromine atom, which is a good leaving"
phenixace-Chem-R-Faithful,1-Bromohexane,2,alkyl bromide,answer_correct,alkyl bromide,Bromine,1,1," ""Bromine"" with the representative SMILES"
phenixace-Chem-R-Faithful,1-Bromohexane,3,alkyl bromide,malformed,,,0,1, bromine atom and a hydrocarbon chain. The
phenixace-Chem-R-Faithful,1-Bromohexane,4,alkyl bromide,answer_correct,alkyl bromide,bromine,1,1," the bromine atom, which is a good leaving"
phenixace-Chem-R-Faithful,1-Bromohexane,5,alkyl bromide,answer_correct,alkyl bromide,bromine,1,1," the bromine atom, which is a good leaving"
phenixace-Chem-R-Faithful,1-Bromohexane,6,alkyl bromide,non_answer,,,0,0, bromoalkane. Bromoalkanes are
phenixace-Chem-R-Faithful,1-Bromohexane,7,alkyl bromide,answer_correct,alkyl bromide,Bromine,1,1," ""Bromine"" as the key functional group"
phenixace-Chem-R-Faithful,1-Bromohexane,8,alkyl bromide,answer_correct,alkyl bromide,bromine,1,1, defined by the presence of a bromine atom attached
phenixace-Chem-R-Faithful,1-Bromohexane,9,alkyl bromide,answer_correct,alkyl bromide,bromine,1,1, the bromine atom (Br) attached to the
phenixace-Chem-R-Faithful,1-Iodopropane,0,alkyl iodide,answer_correct,alkyl iodide,iodine,1,1," iodine (I), which is a halogen"
phenixace-Chem-R-Faithful,1-Iodopropane,1,alkyl iodide,answer_correct,alkyl iodide,iodine,1,1," the iodine atom, which is a halogen"
phenixace-Chem-R-Faithful,1-Iodopropane,2,alkyl iodide,answer_correct,alkyl iodide,Iodine,1,1," ""Iodine"". The SMILES string for"
phenixace-Chem-R-Faithful,1-Iodopropane,3,alkyl iodide,answer_correct,alkyl iodide,iodine,1,1," halogen (specifically, iodine) and"
phenixace-Chem-R-Faithful,1-Iodopropane,4,alkyl iodide,answer_correct,alkyl iodide,Iodine,1,1," the Iodine atom, which is a hal"
phenixace-Chem-R-Faithful,1-Iodopropane,5,alkyl iodide,answer_correct,alkyl iodide,iodine,1,1," the iodine atom, which is a good leaving"
phenixace-Chem-R-Faithful,1-Iodopropane,6,alkyl iodide,answer_correct,alkyl iodide,Iodine,1,1, member of the Iodine functional group. It
phenixace-Chem-R-Faithful,1-Iodopropane,7,alkyl iodide,answer_correct,alkyl iodide,Iodine,1,1," ""Iodine"" as a simple alkyl"
phenixace-Chem-R-Faithful,1-Iodopropane,8,alkyl iodide,answer_correct,alkyl iodide,iodine,1,1," defined by the presence of an iodine atom,"
phenixace-Chem-R-Faithful,1-Iodopropane,9,alkyl iodide,answer_correct,alkyl iodide,iodine,1,1, the iodine atom. Iodine is a
phenixace-Chem-R-Faithful,1-Iodobutane,0,alkyl iodide,answer_correct,alkyl iodide,iodine,1,1," iodine (I), which is a halogen"
phenixace-Chem-R-Faithful,1-Iodobutane,1,alkyl iodide,answer_correct,alkyl iodide,iodine,1,1," the iodine atom, which is a good leaving"
phenixace-Chem-R-Faithful,1-Iodobutane,2,alkyl iodide,answer_correct,alkyl iodide,Iodine,1,1," ""Iodine"". The SMILES string for"
phenixace-Chem-R-Faithful,1-Iodobutane,3,alkyl iodide,malformed,,,0,1, halogen (iodine) and an alkane
phenixace-Chem-R-Faithful,1-Iodobutane,4,alkyl iodide,answer_correct,alkyl iodide,iodine,1,1," the iodine atom, which is a halogen"
phenixace-Chem-R-Faithful,1-Iodobutane,5,alkyl iodide,answer_correct,alkyl iodide,iodine,1,1," the iodine atom, which is a good leaving"
phenixace-Chem-R-Faithful,1-Iodobutane,6,alkyl iodide,underspecified,,,0,1, simple alkyl halide. The iodine atom
phenixace-Chem-R-Faithful,1-Iodobutane,7,alkyl iodide,answer_correct,alkyl iodide,Iodine,1,1," ""Iodine"" as the key functional group"
phenixace-Chem-R-Faithful,1-Iodobutane,8,alkyl iodide,answer_correct,alkyl iodide,iodine,1,1," defined by the presence of an iodine atom,"
phenixace-Chem-R-Faithful,1-Iodobutane,9,alkyl iodide,answer_correct,alkyl iodide,iodine,1,1, the iodine atom (I) attached to the
phenixace-Chem-R-Faithful,1-Iodopentane,0,alkyl iodide,answer_correct,alkyl iodide,iodine,1,1," iodine (I), which is a halogen"
phenixace-Chem-R-Faithful,1-Iodopentane,1,alkyl iodide,answer_correct,alkyl iodide,iodine,1,1," the iodine atom, which is a good leaving"
phenixace-Chem-R-Faithful,1-Iodopentane,2,alkyl iodide,answer_correct,alkyl iodide,Iodine,1,1," ""Iodine"" with the representative SMILES"
phenixace-Chem-R-Faithful,1-Iodopentane,3,alkyl iodide,answer_correct,alkyl iodide,iodine,1,1, halogen (iodine in this case) and
phenixace-Chem-R-Faithful,1-Iodopentane,4,alkyl iodide,answer_correct,alkyl iodide,iodine,1,1," the iodine atom, which is a halogen"
phenixace-Chem-R-Faithful,1-Iodopentane,5,alkyl iodide,answer_correct,alkyl iodide,iodine,1,1," the iodine atom, which is a good leaving"
phenixace-Chem-R-Faithful,1-Iodopentane,6,alkyl iodide,non_answer,,,0,0, member of the iodoalkanes. Iod
phenixace-Chem-R-Faithful,1-Iodopentane,7,alkyl iodide,answer_correct,alkyl iodide,Iodine,1,1," ""Iodine"" as the key functional group"
phenixace-Chem-R-Faithful,1-Iodopentane,8,alkyl iodide,answer_correct,alkyl iodide,iodine,1,1, defined by the presence of an iodine atom at
phenixace-Chem-R-Faithful,1-Iodopentane,9,alkyl iodide,answer_correct,alkyl iodide,iodine,1,1, the iodine atom (I) attached to the
phenixace-Chem-R-Faithful,1-Iodohexane,0,alkyl iodide,answer_correct,alkyl iodide,iodine,1,1," iodine, which is a halogen. It"
phenixace-Chem-R-Faithful,1-Iodohexane,1,alkyl iodide,answer_correct,alkyl iodide,iodine,1,1," the iodine atom, which is a good leaving"
phenixace-Chem-R-Faithful,1-Iodohexane,2,alkyl iodide,answer_correct,alkyl iodide,Iodine,1,1," ""Iodine"". The SMILES string for"
phenixace-Chem-R-Faithful,1-Iodohexane,3,alkyl iodide,answer_correct,alkyl iodide,iodine,1,1," halogen (specifically, iodine) and"
phenixace-Chem-R-Faithful,1-Iodohexane,4,alkyl iodide,answer_correct,alkyl iodide,iodine,1,1," the iodine atom, which is a halogen"
phenixace-Chem-R-Faithful,1-Iodohexane,5,alkyl iodide,answer_correct,alkyl iodide,iodine,1,1," the iodine atom, which is a good leaving"
phenixace-Chem-R-Faithful,1-Iodohexane,6,alkyl iodide,answer_correct,alkyl iodide,iodine,1,1, simple alkane with an iodine substituent.
phenixace-Chem-R-Faithful,1-Iodohexane,7,alkyl iodide,answer_correct,alkyl iodide,Iodine,1,1," ""Iodine"" as the key functional group"
phenixace-Chem-R-Faithful,1-Iodohexane,8,alkyl iodide,answer_correct,alkyl iodide,iodine,1,1, defined by the presence of an iodine atom at
phenixace-Chem-R-Faithful,1-Iodohexane,9,alkyl iodide,answer_correct,alkyl iodide,iodine,1,1, the iodine atom at the end of the chain
phenixace-Chem-R-Faithful,Methoxyethane,0,ether,answer_correct,ether,ether,1,1, ether (COC). The molecule has a relatively
phenixace-Chem-R-Faithful,Methoxyethane,1,ether,answer_correct,ether,ether,1,1," an ether group, which is represented by the SM"
phenixace-Chem-R-Faithful,Methoxyethane,2,ether,answer_correct,ether,ethers,1,1, ethers. The molecule consists of a central carbon atom
phenixace-Chem-R-Faithful,Methoxyethane,3,ether,non_answer,,,0,0, functional group that can be either aether or an
phenixace-Chem-R-Faithful,Methoxyethane,4,ether,answer_correct,ether,ether,1,1, the ether group (COC). This functional group
phenixace-Chem-R-Faithful,Methoxyethane,5,ether,answer_correct,ether,ether,1,1, an ether group (COC). The ether group
phenixace-Chem-R-Faithful,Methoxyethane,6,ether,answer_correct,ether,ether,1,1, simple ether. The molecule consists of an ethyl
phenixace-Chem-R-Faithful,Methoxyethane,7,ether,answer_correct,ether,Ether,1,1," ""Ether"" which is represented by the SMILES"
phenixace-Chem-R-Faithful,Methoxyethane,8,ether,answer_correct,ether,ether,1,1," an ether, which is a type of functional group"
phenixace-Chem-R-Faithful,Methoxyethane,9,ether,answer_correct,ether,ether,1,1, the ether linkage (C-O-C). This linkage
phenixace-Chem-R-Faithful,1-Methoxypropane,0,ether,answer_correct,ether,ether,1,1," ether (COC), which is a key component"
phenixace-Chem-R-Faithful,1-Methoxypropane,1,ether,answer_correct,ether,ether,1,1," an ether group, which is represented by the SM"
phenixace-Chem-R-Faithful,1-Methoxypropane,2,ether,answer_correct,ether,ethers,1,1, ethers. The molecule has a 3-carbon
phenixace-Chem-R-Faithful,1-Methoxypropane,3,ether,non_answer,,,0,0, methoxy group attached to a propyl chain.
phenixace-Chem-R-Faithful,1-Methoxypropane,4,ether,answer_correct,ether,ether,1,1, the ether group (COC). This group is
phenixace-Chem-R-Faithful,1-Methoxypropane,5,ether,answer_correct,ether,ether,1,1, an ether group (COC). The ether group
phenixace-Chem-R-Faithful,1-Methoxypropane,6,ether,answer_correct,ether,ether,1,1, simple ether. The ether functional group is characterized by
phenixace-Chem-R-Faithful,1-Methoxypropane,7,ether,answer_correct,ether,Ether,1,1," ""Ether"" due to the presence of the ether"
phenixace-Chem-R-Faithful,1-Methoxypropane,8,ether,answer_correct,ether,ether,1,1, a three-carbon chain with an ether group at
phenixace-Chem-R-Faithful,1-Methoxypropane,9,ether,answer_correct,ether,ether,1,1, the ether group (COC). The molecule consists
phenixace-Chem-R-Faithful,1-Methoxybutane,0,ether,answer_correct,ether,ether,1,1," ether (COC), which is a key component"
phenixace-Chem-R-Faithful,1-Methoxybutane,1,ether,answer_correct,ether,ether,1,1, the ether group (C-O-C). This group
phenixace-Chem-R-Faithful,1-Methoxybutane,2,ether,answer_correct,ether,ethers,1,1, ethers. The representative SMILES pattern for ethers is
phenixace-Chem-R-Faithful,1-Methoxybutane,3,ether,non_answer,,,0,0, functional group that can be involved in various chemical reactions
phenixace-Chem-R-Faithful,1-Methoxybutane,4,ether,answer_correct,ether,ether,1,1, the ether group (C-O-C). This functional
phenixace-Chem-R-Faithful,1-Methoxybutane,5,ether,answer_correct,ether,ether,1,1, the ether group (C-O-C). This group
phenixace-Chem-R-Faithful,1-Methoxybutane,6,ether,answer_correct,ether,ether,1,1, primary ether. The ether functional group is represented by
phenixace-Chem-R-Faithful,1-Methoxybutane,7,ether,answer_correct,ether,Ether,1,1," ""Ether"" due to the presence of the CO"
phenixace-Chem-R-Faithful,1-Methoxybutane,8,ether,answer_correct,ether,ether,1,1, defined by the presence of an ether group (C
phenixace-Chem-R-Faithful,1-Methoxybutane,9,ether,answer_correct,ether,ether,1,1, the ether group (COC). The molecule consists
phenixace-Chem-R-Faithful,1-Methoxypentane,0,ether,answer_correct,ether,ether,1,1," ether (COC), indicating the presence of oxygen"
phenixace-Chem-R-Faithful,1-Methoxypentane,1,ether,answer_correct,ether,ether,1,1, the ether group (COC). The ether group
phenixace-Chem-R-Faithful,1-Methoxypentane,2,ether,answer_correct,ether,ethers,1,1, ethers. The representative SMILES pattern for ethers is
phenixace-Chem-R-Faithful,1-Methoxypentane,3,ether,non_answer,,,0,0, methoxy group attached to a pentane chain.
phenixace-Chem-R-Faithful,1-Methoxypentane,4,ether,answer_correct,ether,ether,1,1, the ether group (COC). This functional group
phenixace-Chem-R-Faithful,1-Methoxypentane,5,ether,answer_correct,ether,ether,1,1, the ether group (COC). The ether group
phenixace-Chem-R-Faithful,1-Methoxypentane,6,ether,answer_correct,ether,ether,1,1, primary ether. The ether functional group is represented by
phenixace-Chem-R-Faithful,1-Methoxypentane,7,ether,answer_correct,ether,Ether,1,1," ""Ether"" due to the presence of the ether"
phenixace-Chem-R-Faithful,1-Methoxypentane,8,ether,answer_correct,ether,ether,1,1," an ether, which is a type of functional group"
phenixace-Chem-R-Faithful,1-Methoxypentane,9,ether,answer_correct,ether,ether,1,1, the ether group (COC). The molecule consists
phenixace-Chem-R-Faithful,(Methylsulfanyl)ethane,0,thioether,answer_correct,thioether,Sulfide,1,1," ""Sulfide"" which is represented by the"
phenixace-Chem-R-Faithful,(Methylsulfanyl)ethane,1,thioether,answer_correct,thioether,sulfide,1,1, the sulfide group (CSC). This group
phenixace-Chem-R-Faithful,(Methylsulfanyl)ethane,2,thioether,answer_correct,thioether,Sulfide,1,1," ""Sulfide"". The representative SMILES pattern"
phenixace-Chem-R-Faithful,(Methylsulfanyl)ethane,3,thioether,answer_correct,thioether,sulfide,1,1, sulfide functional group. The SMILES string for
phenixace-Chem-R-Faithful,(Methylsulfanyl)ethane,4,thioether,answer_correct,thioether,sulfide,1,1, the sulfide group (CSC). This group
phenixace-Chem-R-Faithful,(Methylsulfanyl)ethane,5,thioether,answer_correct,thioether,sulfide,1,1, the sulfide group (CSC). This group
phenixace-Chem-R-Faithful,(Methylsulfanyl)ethane,6,thioether,answer_correct,thioether,sulfide,1,1, sulfide. Sulfides are characterized by the
phenixace-Chem-R-Faithful,(Methylsulfanyl)ethane,7,thioether,answer_correct,thioether,sulfide,1,1," ""sulfide"" and is represented by the"
phenixace-Chem-R-Faithful,(Methylsulfanyl)ethane,8,thioether,non_answer,,,0,0, an organosulfur compound that contains a sulf
phenixace-Chem-R-Faithful,(Methylsulfanyl)ethane,9,thioether,answer_correct,thioether,sulfide,1,1, the sulfide group (CSC). This group
phenixace-Chem-R-Faithful,1-(Methylsulfanyl)propane,0,thioether,answer_correct,thioether,Sulfide,1,1," ""Sulfide"" which is represented by the"
phenixace-Chem-R-Faithful,1-(Methylsulfanyl)propane,1,thioether,answer_correct,thioether,sulfide,1,1, the sulfide group (CSC). This group
phenixace-Chem-R-Faithful,1-(Methylsulfanyl)propane,2,thioether,answer_correct,thioether,Sulfide,1,1," ""Sulfide"". The SMILES string for"
phenixace-Chem-R-Faithful,1-(Methylsulfanyl)propane,3,thioether,answer_correct,thioether,sulfide,1,1, sulfide group. The sulfide group is represented
phenixace-Chem-R-Faithful,1-(Methylsulfanyl)propane,4,thioether,answer_correct,thioether,sulfide,1,1, the sulfide group (CSC). This group
phenixace-Chem-R-Faithful,1-(Methylsulfanyl)propane,5,thioether,answer_correct,thioether,sulfide,1,1, the sulfide group (CSC). This group
phenixace-Chem-R-Faithful,1-(Methylsulfanyl)propane,6,thioether,answer_correct,thioether,sulfide,1,1, sulfide. Sulfides are characterized by the
phenixace-Chem-R-Faithful,1-(Methylsulfanyl)propane,7,thioether,answer_correct,thioether,sulfide,1,1," ""sulfide"" and is a type of"
phenixace-Chem-R-Faithful,1-(Methylsulfanyl)propane,8,thioether,non_answer,,,0,0, a key component in determining the chemical properties and re
phenixace-Chem-R-Faithful,1-(Methylsulfanyl)propane,9,thioether,answer_correct,thioether,sulfide,1,1, the sulfide group (CSC). This group
phenixace-Chem-R-Faithful,1-(Methylsulfanyl)butane,0,thioether,answer_correct,thioether,Sulfide,1,1," ""Sulfide"" which is represented by the"
phenixace-Chem-R-Faithful,1-(Methylsulfanyl)butane,1,thioether,answer_correct,thioether,sulfide,1,1, the sulfide group (CSC). This group
phenixace-Chem-R-Faithful,1-(Methylsulfanyl)butane,2,thioether,answer_correct,thioether,Sulfide,1,1," ""Sulfide"". The SMILES string for"
phenixace-Chem-R-Faithful,1-(Methylsulfanyl)butane,3,thioether,answer_correct,thioether,sulfide,1,1, sulfide group. It has a role as a
phenixace-Chem-R-Faithful,1-(Methylsulfanyl)butane,4,thioether,answer_correct,thioether,sulfide,1,1, the sulfide group (CSC). This group
phenixace-Chem-R-Faithful,1-(Methylsulfanyl)butane,5,thioether,answer_correct,thioether,sulfide,1,1, the sulfide group (CSC). This group
phenixace-Chem-R-Faithful,1-(Methylsulfanyl)butane,6,thioether,answer_correct,thioether,sulfide,1,1, sulfide. The sulfide group is represented by
phenixace-Chem-R-Faithful,1-(Methylsulfanyl)butane,7,thioether,answer_correct,thioether,sulfide,1,1," ""sulfide"" and is represented by the"
phenixace-Chem-R-Faithful,1-(Methylsulfanyl)butane,8,thioether,answer_correct,thioether,sulfide,1,1, a type of organic compound that contains a sulfide
phenixace-Chem-R-Faithful,1-(Methylsulfanyl)butane,9,thioether,answer_correct,thioether,sulfide,1,1, the sulfide group (CSC). This group
phenixace-Chem-R-Faithful,1-(Methylsulfanyl)pentane,0,thioether,answer_correct,thioether,Sulfide,1,1," ""Sulfide"" which is represented by the"
phenixace-Chem-R-Faithful,1-(Methylsulfanyl)pentane,1,thioether,answer_correct,thioether,sulfide,1,1," the sulfide group, which is represented by the"
phenixace-Chem-R-Faithful,1-(Methylsulfanyl)pentane,2,thioether,answer_correct,thioether,Sulfide,1,1," ""Sulfide"". The SMILES string for"
phenixace-Chem-R-Faithful,1-(Methylsulfanyl)pentane,3,thioether,answer_correct,thioether,sulfide,1,1, sulfide group. The sulfide group is represented
phenixace-Chem-R-Faithful,1-(Methylsulfanyl)pentane,4,thioether,answer_correct,thioether,sulfide,1,1, the sulfide group (CSC). This group
phenixace-Chem-R-Faithful,1-(Methylsulfanyl)pentane,5,thioether,answer_correct,thioether,sulfide,1,1, the sulfide group (CSC). This group
phenixace-Chem-R-Faithful,1-(Methylsulfanyl)pentane,6,thioether,answer_correct,thioether,sulfide,1,1, sulfide. Sulfides are characterized by the
phenixace-Chem-R-Faithful,1-(Methylsulfanyl)pentane,7,thioether,answer_correct,thioether,sulfide,1,1," ""sulfide"" and is represented by the"
phenixace-Chem-R-Faithful,1-(Methylsulfanyl)pentane,8,thioether,answer_correct,thioether,sulfide,1,1, defined by the presence of a sulfide group (
phenixace-Chem-R-Faithful,1-(Methylsulfanyl)pentane,9,thioether,answer_correct,thioether,sulfide,1,1, the sulfide group (CSC). This group
phenixace-Chem-R-Faithful,Methyl ethyl sulfoxide,0,sulfoxide,answer_correct,sulfoxide,sulfoxide,1,1," sulfoxide, which is represented by the SM"
phenixace-Chem-R-Faithful,Methyl ethyl sulfoxide,1,sulfoxide,answer_correct,sulfoxide,sulfoxide,1,1," the sulfoxide group, which is a sulfur"
phenixace-Chem-R-Faithful,Methyl ethyl sulfoxide,2,sulfoxide,answer_correct,sulfoxide,sulfoxide,1,1, sulfoxide. It has a role as a
phenixace-Chem-R-Faithful,Methyl ethyl sulfoxide,3,sulfoxide,answer_correct,sulfoxide,sulfoxide,1,1, sulfoxide functional group. The sulfoxide
phenixace-Chem-R-Faithful,Methyl ethyl sulfoxide,4,sulfoxide,answer_correct,sulfoxide,sulfoxide,1,1, the sulfoxide group (S=O).
phenixace-Chem-R-Faithful,Methyl ethyl sulfoxide,5,sulfoxide,answer_correct,sulfoxide,sulfoxide,1,1," the sulfoxide group, which is a sulfur"
phenixace-Chem-R-Faithful,Methyl ethyl sulfoxide,6,sulfoxide,answer_correct,sulfoxide,sulfoxide,1,1, sulfoxide. The sulfoxide group is
phenixace-Chem-R-Faithful,Methyl ethyl sulfoxide,7,sulfoxide,answer_correct,sulfoxide,SulfOxide,1,1," ""SulfOxide"" with the pattern"
phenixace-Chem-R-Faithful,Methyl ethyl sulfoxide,8,sulfoxide,answer_correct,sulfoxide,SulfOxide,1,1," known to be ""SulfOxide""."
phenixace-Chem-R-Faithful,Methyl ethyl sulfoxide,9,sulfoxide,answer_correct,sulfoxide,sulfoxide,1,1, the sulfoxide group (S=O).
phenixace-Chem-R-Faithful,Methyl propyl sulfoxide,0,sulfoxide,answer_correct,sulfoxide,sulfoxide,1,1," sulfoxide, which is a sulfur atom bonded"
phenixace-Chem-R-Faithful,Methyl propyl sulfoxide,1,sulfoxide,answer_correct,sulfoxide,sulfoxide,1,1, the sulfoxide group (S=O).
phenixace-Chem-R-Faithful,Methyl propyl sulfoxide,2,sulfoxide,answer_correct,sulfoxide,SulfOxide,1,1," ""SulfOxide"". The parent compound"
phenixace-Chem-R-Faithful,Methyl propyl sulfoxide,3,sulfoxide,answer_correct,sulfoxide,sulfoxide,1,1, sulfoxide functional group. The sulfoxide
phenixace-Chem-R-Faithful,Methyl propyl sulfoxide,4,sulfoxide,answer_correct,sulfoxide,sulfoxide,1,1, the sulfoxide group (S=O).
phenixace-Chem-R-Faithful,Methyl propyl sulfoxide,5,sulfoxide,answer_correct,sulfoxide,sulfoxide,1,1, the sulfoxide group (S=O).
phenixace-Chem-R-Faithful,Methyl propyl sulfoxide,6,sulfoxide,answer_correct,sulfoxide,sulfoxide,1,1, sulfoxide. It has a role as a
phenixace-Chem-R-Faithful,Methyl propyl sulfoxide,7,sulfoxide,answer_correct,sulfoxide,SulfOxide,1,1," ""SulfOxide"" with a sub"
phenixace-Chem-R-Faithful,Methyl propyl sulfoxide,8,sulfoxide,non_answer,,,0,0, not correctly represented in the provided SMILES string.
phenixace-Chem-R-Faithful,Methyl propyl sulfoxide,9,sulfoxide,answer_correct,sulfoxide,sulfoxide,1,1, the sulfoxide group (S=O).
phenixace-Chem-R-Faithful,Methyl butyl sulfoxide,0,sulfoxide,answer_correct,sulfoxide,sulfoxide,1,1," sulfoxide, which is a sulfur atom bonded"
phenixace-Chem-R-Faithful,Methyl butyl sulfoxide,1,sulfoxide,answer_correct,sulfoxide,sulfoxide,1,1, the sulfoxide group (S=O).
phenixace-Chem-R-Faithful,Methyl butyl sulfoxide,2,sulfoxide,answer_correct,sulfoxide,SulfOxide,1,1," ""SulfOxide"". The parent compound"
phenixace-Chem-R-Faithful,Methyl butyl sulfoxide,3,sulfoxide,answer_correct,sulfoxide,sulfoxide,1,1, sulfoxide functional group. It has a role
phenixace-Chem-R-Faithful,Methyl butyl sulfoxide,4,sulfoxide,answer_correct,sulfoxide,sulfoxide,1,1, the sulfoxide group (S=O).
phenixace-Chem-R-Faithful,Methyl butyl sulfoxide,5,sulfoxide,answer_correct,sulfoxide,sulfoxide,1,1, the sulfoxide group (S=O).
phenixace-Chem-R-Faithful,Methyl butyl sulfoxide,6,sulfoxide,answer_correct,sulfoxide,sulfoxide,1,1, sulfoxide. It has a role as a
phenixace-Chem-R-Faithful,Methyl butyl sulfoxide,7,sulfoxide,answer_correct,sulfoxide,SulfOxide,1,1," ""SulfOxide"" with the pattern"
phenixace-Chem-R-Faithful,Methyl butyl sulfoxide,8,sulfoxide,non_answer,,,0,0, not correctly represented in the given SMILES string.
phenixace-Chem-R-Faithful,Methyl butyl sulfoxide,9,sulfoxide,answer_correct,sulfoxide,sulfoxide,1,1, the sulfoxide group (S=O).
phenixace-Chem-R-Faithful,Methyl pentyl sulfoxide,0,sulfoxide,answer_correct,sulfoxide,sulfoxide,1,1," sulfoxide, which is known to be polar"
phenixace-Chem-R-Faithful,Methyl pentyl sulfoxide,1,sulfoxide,answer_correct,sulfoxide,sulfoxide,1,1, the sulfoxide group (S=O).
phenixace-Chem-R-Faithful,Methyl pentyl sulfoxide,2,sulfoxide,answer_correct,sulfoxide,SulfOxide,1,1," ""SulfOxide"". The sulfox"
phenixace-Chem-R-Faithful,Methyl pentyl sulfoxide,3,sulfoxide,answer_correct,sulfoxide,sulfoxide,1,1, sulfoxide functional group. The sulfoxide
phenixace-Chem-R-Faithful,Methyl pentyl sulfoxide,4,sulfoxide,answer_correct,sulfoxide,sulfoxide,1,1, the sulfoxide group (S=O).
phenixace-Chem-R-Faithful,Methyl pentyl sulfoxide,5,sulfoxide,answer_correct,sulfoxide,sulfoxide,1,1, the sulfoxide group (S=O).
phenixace-Chem-R-Faithful,Methyl pentyl sulfoxide,6,sulfoxide,answer_correct,sulfoxide,sulfoxide,1,1, sulfoxide. It has a role as a
phenixace-Chem-R-Faithful,Methyl pentyl sulfoxide,7,sulfoxide,answer_correct,sulfoxide,SulfOxide,1,1," ""SulfOxide"" which is represented"
phenixace-Chem-R-Faithful,Methyl pentyl sulfoxide,8,sulfoxide,answer_correct,sulfoxide,sulfoxide,1,1, indicated by the presence of the sulfoxide group
phenixace-Chem-R-Faithful,Methyl pentyl sulfoxide,9,sulfoxide,answer_correct,sulfoxide,sulfoxide,1,1, the sulfoxide group (S=O).
phenixace-Chem-R-Faithful,Methyl ethyl sulfone,0,sulfone,answer_correct,sulfone,sulfone,1,1," sulfone, which is characterized by the presence of"
phenixace-Chem-R-Faithful,Methyl ethyl sulfone,1,sulfone,answer_correct,sulfone,sulfone,1,1," the sulfone group, which is a key component"
phenixace-Chem-R-Faithful,Methyl ethyl sulfone,2,sulfone,answer_correct,sulfone,sulfone,1,1, sulfone. It has a role as a metabol
phenixace-Chem-R-Faithful,Methyl ethyl sulfone,3,sulfone,answer_correct,sulfone,sulfone,1,1, sulfone group. It has a role as a
phenixace-Chem-R-Faithful,Methyl ethyl sulfone,4,sulfone,answer_correct,sulfone,sulfone,1,1," the sulfone group, which is a key component"
phenixace-Chem-R-Faithful,Methyl ethyl sulfone,5,sulfone,answer_correct,sulfone,sulfone,1,1," the sulfone group, which is characterized by the"
phenixace-Chem-R-Faithful,Methyl ethyl sulfone,6,sulfone,answer_correct,sulfone,sulfone,1,1, sulfone. The general structure of sulfones is
phenixace-Chem-R-Faithful,Methyl ethyl sulfone,7,sulfone,answer_correct,sulfone,sulfone,1,1, as sulfone. It has a role as a
phenixace-Chem-R-Faithful,Methyl ethyl sulfone,8,sulfone,non_answer,,,0,0, a key component in the molecule. It is a
phenixace-Chem-R-Faithful,Methyl ethyl sulfone,9,sulfone,answer_correct,sulfone,sulfone,1,1," the sulfone group, which is a sulfur atom"
phenixace-Chem-R-Faithful,Methyl propyl sulfone,0,sulfone,answer_correct,sulfone,sulfone,1,1," sulfone, which is characterized by the presence of"
phenixace-Chem-R-Faithful,Methyl propyl sulfone,1,sulfone,answer_correct,sulfone,sulfone,1,1," the sulfone group, which is a sulfony"
phenixace-Chem-R-Faithful,Methyl propyl sulfone,2,sulfone,answer_correct,sulfone,Sulfone,1,1," ""Sulfone"". The sulfone group is"
phenixace-Chem-R-Faithful,Methyl propyl sulfone,3,sulfone,answer_correct,sulfone,sulfone,1,1, sulfone group. It has a role as a
phenixace-Chem-R-Faithful,Methyl propyl sulfone,4,sulfone,answer_correct,sulfone,sulfone,1,1," the sulfone group, which is a sulfur atom"
phenixace-Chem-R-Faithful,Methyl propyl sulfone,5,sulfone,answer_correct,sulfone,sulfone,1,1," the sulfone group, which is a sulfony"
phenixace-Chem-R-Faithful,Methyl propyl sulfone,6,sulfone,answer_correct,sulfone,sulfone,1,1, sulfone. The sulfone group is attached to
phenixace-Chem-R-Faithful,Methyl propyl sulfone,7,sulfone,answer_correct,sulfone,sulfone,1,1, as sulfone. It has a role as a
phenixace-Chem-R-Faithful,Methyl propyl sulfone,8,sulfone,non_answer,,,0,0, a key to its chemical properties and reactivity.
phenixace-Chem-R-Faithful,Methyl propyl sulfone,9,sulfone,answer_correct,sulfone,sulfone,1,1," the sulfone group, which is a sulfony"
phenixace-Chem-R-Faithful,Methyl butyl sulfone,0,sulfone,answer_correct,sulfone,sulfone,1,1," sulfone, which is a sulfone group attached"
phenixace-Chem-R-Faithful,Methyl butyl sulfone,1,sulfone,answer_correct,sulfone,sulfone,1,1," the sulfone group, which is a sulfony"
phenixace-Chem-R-Faithful,Methyl butyl sulfone,2,sulfone,answer_correct,sulfone,Sulfone,1,1," ""Sulfone"". The structure consists of a"
phenixace-Chem-R-Faithful,Methyl butyl sulfone,3,sulfone,answer_correct,sulfone,sulfone,1,1, sulfone group. It has a role as a
phenixace-Chem-R-Faithful,Methyl butyl sulfone,4,sulfone,answer_correct,sulfone,sulfone,1,1," the sulfone group, which is a sulfur atom"
phenixace-Chem-R-Faithful,Methyl butyl sulfone,5,sulfone,answer_correct,sulfone,sulfone,1,1," the sulfone group, which is a sulfony"
phenixace-Chem-R-Faithful,Methyl butyl sulfone,6,sulfone,answer_correct,sulfone,sulfone,1,1, sulfone. The sulfone group is attached to
phenixace-Chem-R-Faithful,Methyl butyl sulfone,7,sulfone,answer_correct,sulfone,sulfone,1,1, as sulfone. It has a role as a
phenixace-Chem-R-Faithful,Methyl butyl sulfone,8,sulfone,answer_correct,sulfone,sulfone,1,1," based on the sulfone group, which is a"
phenixace-Chem-R-Faithful,Methyl butyl sulfone,9,sulfone,answer_correct,sulfone,sulfone,1,1," the sulfone group, which is a sulfony"
phenixace-Chem-R-Faithful,Methyl pentyl sulfone,0,sulfone,answer_correct,sulfone,sulfone,1,1," sulfone, which is known for its high polarity"
phenixace-Chem-R-Faithful,Methyl pentyl sulfone,1,sulfone,answer_correct,sulfone,sulfone,1,1," the sulfone group, which is a sulfony"
phenixace-Chem-R-Faithful,Methyl pentyl sulfone,2,sulfone,answer_correct,sulfone,sulfone,1,1, sulfone. It has a role as a metabol
phenixace-Chem-R-Faithful,Methyl pentyl sulfone,3,sulfone,answer_correct,sulfone,sulfone,1,1, sulfone group. It has a role as a
phenixace-Chem-R-Faithful,Methyl pentyl sulfone,4,sulfone,answer_correct,sulfone,sulfone,1,1," the sulfone group, which is a sulfur atom"
phenixace-Chem-R-Faithful,Methyl pentyl sulfone,5,sulfone,answer_correct,sulfone,sulfone,1,1," the sulfone group, which is a sulfony"
phenixace-Chem-R-Faithful,Methyl pentyl sulfone,6,sulfone,answer_correct,sulfone,sulfone,1,1, sulfone. The sulfone group is attached to
phenixace-Chem-R-Faithful,Methyl pentyl sulfone,7,sulfone,answer_correct,sulfone,sulfone,1,1, as sulfone. It has a role as a
phenixace-Chem-R-Faithful,Methyl pentyl sulfone,8,sulfone,answer_correct,sulfone,sulfone,1,1, confirmed by the presence of the sulfone group (
phenixace-Chem-R-Faithful,Methyl pentyl sulfone,9,sulfone,answer_correct,sulfone,sulfone,1,1," the sulfone group, which is a sulfony"
phenixace-Chem-R-Faithful,Propan-1-imine,0,imine,answer_correct,imine,imine,1,1," imine, which is characterized by the presence of"
phenixace-Chem-R-Faithful,Propan-1-imine,1,imine,answer_correct,imine,imine,1,1," an imine group, which is a key component"
phenixace-Chem-R-Faithful,Propan-1-imine,2,imine,answer_correct,imine,Imine,1,1," ""Imine"". The representative SMILES pattern for"
phenixace-Chem-R-Faithful,Propan-1-imine,3,imine,non_answer,,,0,0, carbon-nitrogen double bond. The functional group
phenixace-Chem-R-Faithful,Propan-1-imine,4,imine,answer_correct,imine,imine,1,1, the imine group (=N-). This functional
phenixace-Chem-R-Faithful,Propan-1-imine,5,imine,answer_correct,imine,imine,1,1, an imine group. The imine group is
phenixace-Chem-R-Faithful,Propan-1-imine,6,imine,non_answer,,,0,0, key functional group present in the molecule. The im
phenixace-Chem-R-Faithful,Propan-1-imine,7,imine,answer_correct,imine,Imine,1,1," ""Imine"" which is represented by the SM"
phenixace-Chem-R-Faithful,Propan-1-imine,8,imine,non_answer,,,0,0, a key component in the synthesis of complex organic molecules
phenixace-Chem-R-Faithful,Propan-1-imine,9,imine,answer_correct,imine,imine,1,1, the imine group (=N-). The im
phenixace-Chem-R-Faithful,Butan-1-imine,0,imine,answer_correct,imine,imine,1,1," imine, which is known for its reactivity"
phenixace-Chem-R-Faithful,Butan-1-imine,1,imine,answer_correct,imine,imine,1,1, the imine group (=N-). This group
phenixace-Chem-R-Faithful,Butan-1-imine,2,imine,answer_correct,imine,imine,1,1, imine. It has a role as a metabol
phenixace-Chem-R-Faithful,Butan-1-imine,3,imine,non_answer,,,0,0, functional group that can be reactive. The butan
phenixace-Chem-R-Faithful,Butan-1-imine,4,imine,answer_correct,imine,imine,1,1, the imine group (=N-). This group
phenixace-Chem-R-Faithful,Butan-1-imine,5,imine,answer_correct,imine,imine,1,1, the imine group. The imine group is
phenixace-Chem-R-Faithful,Butan-1-imine,6,imine,non_answer,,,0,0, key functional group present in the molecule. The im
phenixace-Chem-R-Faithful,Butan-1-imine,7,imine,answer_correct,imine,imine,1,1," it contains, which is an imine group."
phenixace-Chem-R-Faithful,Butan-1-imine,8,imine,non_answer,,,0,0, a key component in the synthesis of complex organic molecules
phenixace-Chem-R-Faithful,Butan-1-imine,9,imine,answer_correct,imine,imine,1,1, the imine group (=N-). The im
phenixace-Chem-R-Faithful,Pentan-1-imine,0,imine,answer_correct,imine,imine,1,1," imine, which is known for its reactivity"
phenixace-Chem-R-Faithful,Pentan-1-imine,1,imine,answer_correct,imine,imine,1,1, the imine group (=N-). This group
phenixace-Chem-R-Faithful,Pentan-1-imine,2,imine,answer_correct,imine,imine,1,1, imine. The SMILES string for imine
phenixace-Chem-R-Faithful,Pentan-1-imine,3,imine,non_answer,,,0,1, functional group that can be reactive. The imine
phenixace-Chem-R-Faithful,Pentan-1-imine,4,imine,answer_correct,imine,imine,1,1, the imine group (=N-). This functional
phenixace-Chem-R-Faithful,Pentan-1-imine,5,imine,answer_correct,imine,imine,1,1, the imine group. The imine group is
phenixace-Chem-R-Faithful,Pentan-1-imine,6,imine,non_answer,,,0,0, ketimine. It has a role as a
phenixace-Chem-R-Faithful,Pentan-1-imine,7,imine,answer_correct,imine,imine,1,1," it contains, which is an imine group."
phenixace-Chem-R-Faithful,Pentan-1-imine,8,imine,non_answer,,,0,0, a key component in the synthesis of complex organic molecules
phenixace-Chem-R-Faithful,Pentan-1-imine,9,imine,answer_correct,imine,imine,1,1, the imine group (=N-). This group
phenixace-Chem-R-Faithful,Hexan-1-imine,0,imine,answer_correct,imine,imine,1,1, imine. The imine group is a key
phenixace-Chem-R-Faithful,Hexan-1-imine,1,imine,answer_correct,imine,imine,1,1, the imine group (=N-). This group
phenixace-Chem-R-Faithful,Hexan-1-imine,2,imine,answer_correct,imine,imine,1,1, imine. It is a relatively simple molecule with
phenixace-Chem-R-Faithful,Hexan-1-imine,3,imine,non_answer,,,0,0, functional group that can be reactive under certain conditions.
phenixace-Chem-R-Faithful,Hexan-1-imine,4,imine,answer_correct,imine,imine,1,1, the imine group (=N-). This functional
phenixace-Chem-R-Faithful,Hexan-1-imine,5,imine,answer_correct,imine,imine,1,1, the imine group. The imine group is
phenixace-Chem-R-Faithful,Hexan-1-imine,6,imine,non_answer,,,0,0, ketimine. It is a conjugate base
phenixace-Chem-R-Faithful,Hexan-1-imine,7,imine,answer_correct,imine,imine,1,1, as an imine. The representative SMILES for
phenixace-Chem-R-Faithful,Hexan-1-imine,8,imine,non_answer,,,0,1, a key component in the structure. The imine
phenixace-Chem-R-Faithful,Hexan-1-imine,9,imine,answer_correct,imine,imine,1,1, the imine group (=N-). This group
phenixace-Chem-R-Faithful,1-Nitropropane,0,nitro,answer_correct,nitro,Nitro,1,1," ""Nitro"" which is a nitro group"
phenixace-Chem-R-Faithful,1-Nitropropane,1,nitro,answer_correct,nitro,nitro,1,1, the nitro group (-N=O). This
phenixace-Chem-R-Faithful,1-Nitropropane,2,nitro,answer_correct,nitro,Nitro,1,1," ""Nitro"". The molecule has a 3"
phenixace-Chem-R-Faithful,1-Nitropropane,3,nitro,answer_correct,nitro,nitro,1,1, nitro group attached to a propyl chain.
phenixace-Chem-R-Faithful,1-Nitropropane,4,nitro,answer_correct,nitro,nitro,1,1, the nitro group (-N=O) attached
phenixace-Chem-R-Faithful,1-Nitropropane,5,nitro,answer_correct,nitro,nitro,1,1, the nitro group (-NO2). This group
phenixace-Chem-R-Faithful,1-Nitropropane,6,nitro,answer_correct,nitro,nitro,1,1, C-nitro compound. The nitro group
phenixace-Chem-R-Faithful,1-Nitropropane,7,nitro,answer_correct,nitro,nitro,1,1," present, which is the nitro group (-NO"
phenixace-Chem-R-Faithful,1-Nitropropane,8,nitro,answer_correct,nitro,nitro,1,1, confirmed by the presence of a nitro group (
phenixace-Chem-R-Faithful,1-Nitropropane,9,nitro,answer_correct,nitro,nitro,1,1, the nitro group ([N+](=O
phenixace-Chem-R-Faithful,1-Nitrobutane,0,nitro,answer_correct,nitro,Nitro,1,1," ""Nitro"". It is a C-nit"
phenixace-Chem-R-Faithful,1-Nitrobutane,1,nitro,answer_correct,nitro,nitro,1,1, the nitro group (-N=O). This
phenixace-Chem-R-Faithful,1-Nitrobutane,2,nitro,answer_correct,nitro,Nitro,1,1," ""Nitro"". The molecule has a butane"
phenixace-Chem-R-Faithful,1-Nitrobutane,3,nitro,answer_correct,nitro,nitro,1,1, nitro group attached to a butane chain.
phenixace-Chem-R-Faithful,1-Nitrobutane,4,nitro,answer_correct,nitro,nitro,1,1, the nitro group (-N=O) attached
phenixace-Chem-R-Faithful,1-Nitrobutane,5,nitro,answer_correct,nitro,nitro,1,1, the nitro group (-N=O). This
phenixace-Chem-R-Faithful,1-Nitrobutane,6,nitro,answer_correct,nitro,nitro,1,1, nitro compound. The nitro group is attached
phenixace-Chem-R-Faithful,1-Nitrobutane,7,nitro,answer_correct,nitro,nitro,1,1," present, which is the nitro group. The"
phenixace-Chem-R-Faithful,1-Nitrobutane,8,nitro,answer_correct,nitro,nitro,1,1, confirmed by the presence of the nitro group (
phenixace-Chem-R-Faithful,1-Nitrobutane,9,nitro,answer_correct,nitro,nitro,1,1, the nitro group ([N+](=O
phenixace-Chem-R-Faithful,1-Nitropentane,0,nitro,answer_correct,nitro,Nitro,1,1," ""Nitro"" which is a nitro group"
phenixace-Chem-R-Faithful,1-Nitropentane,1,nitro,answer_correct,nitro,nitro,1,1, the nitro group (-N=O). The
phenixace-Chem-R-Faithful,1-Nitropentane,2,nitro,answer_correct,nitro,Nitro,1,1," ""Nitro"". The molecule is a pentane"
phenixace-Chem-R-Faithful,1-Nitropentane,3,nitro,answer_correct,nitro,nitro,1,1, nitro group (-NO2) attached to a
phenixace-Chem-R-Faithful,1-Nitropentane,4,nitro,answer_correct,nitro,nitro,1,1, the nitro group (-NO2) attached to
phenixace-Chem-R-Faithful,1-Nitropentane,5,nitro,answer_correct,nitro,nitro,1,1, the nitro group (-N=O). This
phenixace-Chem-R-Faithful,1-Nitropentane,6,nitro,answer_correct,nitro,nitro,1,1, nitro compound. The nitro group is attached
phenixace-Chem-R-Faithful,1-Nitropentane,7,nitro,answer_correct,nitro,nitro,1,1," present, which is the nitro group (NO"
phenixace-Chem-R-Faithful,1-Nitropentane,8,nitro,answer_correct,nitro,nitro,1,1, confirmed by the presence of the nitro group (
phenixace-Chem-R-Faithful,1-Nitropentane,9,nitro,answer_correct,nitro,nitro,1,1, the nitro group ([N+](=O
phenixace-Chem-R-Faithful,1-Nitrohexane,0,nitro,answer_correct,nitro,Nitro,1,1," ""Nitro"". It is a C-nit"
phenixace-Chem-R-Faithful,1-Nitrohexane,1,nitro,answer_correct,nitro,nitro,1,1, the nitro group (-NO2). The nit
phenixace-Chem-R-Faithful,1-Nitrohexane,2,nitro,answer_correct,nitro,Nitro,1,1," ""Nitro"". The SMILES string for this"
phenixace-Chem-R-Faithful,1-Nitrohexane,3,nitro,answer_correct,nitro,nitro,1,1, nitro group attached to a hexane chain.
phenixace-Chem-R-Faithful,1-Nitrohexane,4,nitro,answer_correct,nitro,nitro,1,1, the nitro group (-NO2) attached to
phenixace-Chem-R-Faithful,1-Nitrohexane,5,nitro,answer_correct,nitro,nitro,1,1, the nitro group (-NO2). This group
phenixace-Chem-R-Faithful,1-Nitrohexane,6,nitro,non_answer,,,0,1, primary nitroalkane. The nitro group
phenixace-Chem-R-Faithful,1-Nitrohexane,7,nitro,answer_correct,nitro,nitro,1,1," present, which is the nitro group ([N"
phenixace-Chem-R-Faithful,1-Nitrohexane,8,nitro,answer_correct,nitro,nitro,1,1," that of a nitro compound, which is a"
phenixace-Chem-R-Faithful,1-Nitrohexane,9,nitro,answer_correct,nitro,nitro,1,1, the nitro group ([N+](=O
phenixace-Chem-R-Faithful,Propan-2-ol,0,alcohol,answer_correct,alcohol,alcohol,1,1, alcohol (C[OH]). It has a role
phenixace-Chem-R-Faithful,Propan-2-ol,1,alcohol,answer_correct,alcohol,alcohol,1,1," an alcohol group, which is a hydroxyl"
phenixace-Chem-R-Faithful,Propan-2-ol,2,alcohol,answer_correct,alcohol,alcohol,1,1," alcohol, and the SMILES pattern for an alcohol"
phenixace-Chem-R-Faithful,Propan-2-ol,3,alcohol,answer_correct,alcohol,alcohol,1,1, secondary alcohol functional group. The molecule has a central
phenixace-Chem-R-Faithful,Propan-2-ol,4,alcohol,answer_correct,alcohol,alcohol,1,1," the alcohol group (-OH), which is attached to"
phenixace-Chem-R-Faithful,Propan-2-ol,5,alcohol,answer_correct,alcohol,alcohol,1,1," an alcohol group, which is represented by the SM"
phenixace-Chem-R-Faithful,Propan-2-ol,6,alcohol,answer_correct,alcohol,alcohol,1,1, type of alcohol. It has a role as a
phenixace-Chem-R-Faithful,Propan-2-ol,7,alcohol,answer_correct,alcohol,Alcohol,1,1," ""Alcohol"" which is represented by the SM"
phenixace-Chem-R-Faithful,Propan-2-ol,8,alcohol,answer_correct,alcohol,alcohol,1,1," an alcohol, which is a type of hydrox"
phenixace-Chem-R-Faithful,Propan-2-ol,9,alcohol,answer_correct,alcohol,alcohol,1,1, the alcohol group (C[OH]). This group
phenixace-Chem-R-Faithful,Butan-2-ol,0,alcohol,answer_correct,alcohol,alcohol,1,1, alcohol (C[OH]). It has a role
phenixace-Chem-R-Faithful,Butan-2-ol,1,alcohol,answer_correct,alcohol,alcohol,1,1," an alcohol group, which is a hydroxyl"
phenixace-Chem-R-Faithful,Butan-2-ol,2,alcohol,answer_correct,alcohol,alcohol,1,1," alcohol, and the SMILES pattern for an alcohol"
phenixace-Chem-R-Faithful,Butan-2-ol,3,alcohol,answer_correct,alcohol,alcohol,1,1, secondary alcohol functional group. The molecule has a total
phenixace-Chem-R-Faithful,Butan-2-ol,4,alcohol,answer_correct,alcohol,alcohol,1,1," an alcohol group, which is a hydroxyl"
phenixace-Chem-R-Faithful,Butan-2-ol,5,alcohol,answer_correct,alcohol,alcohol,1,1," an alcohol group, which is represented by the SM"
phenixace-Chem-R-Faithful,Butan-2-ol,6,alcohol,answer_correct,alcohol,alcohol,1,1, type of alcohol. Alcohols are characterized by
phenixace-Chem-R-Faithful,Butan-2-ol,7,alcohol,answer_correct,alcohol,alcohol,1,1," ""alcohol"" due to the presence of the"
phenixace-Chem-R-Faithful,Butan-2-ol,8,alcohol,answer_correct,alcohol,alcohol,1,1," an alcohol, which is a hydroxyl group"
phenixace-Chem-R-Faithful,Butan-2-ol,9,alcohol,answer_correct,alcohol,alcohol,1,1, the alcohol group (C[OH]). This group
phenixace-Chem-R-Faithful,Pentan-2-ol,0,alcohol,answer_correct,alcohol,alcohol,1,1, alcohol (C[OH]). It has a role
phenixace-Chem-R-Faithful,Pentan-2-ol,1,alcohol,answer_correct,alcohol,alcohol,1,1," an alcohol group, which is a hydroxyl"
phenixace-Chem-R-Faithful,Pentan-2-ol,2,alcohol,answer_correct,alcohol,alcohol,1,1, alcohol. The SMILES string for this molecule is
phenixace-Chem-R-Faithful,Pentan-2-ol,3,alcohol,answer_correct,alcohol,alcohol,1,1, secondary alcohol functional group. The molecule has a total
phenixace-Chem-R-Faithful,Pentan-2-ol,4,alcohol,answer_correct,alcohol,alcohol,1,1, an alcohol group (C[OH]). This group
phenixace-Chem-R-Faithful,Pentan-2-ol,5,alcohol,answer_correct,alcohol,alcohol,1,1," an alcohol group, which is represented by the SM"
phenixace-Chem-R-Faithful,Pentan-2-ol,6,alcohol,answer_correct,alcohol,alcohol,1,1," secondary alcohol. The functional group ""Alcohol"""
phenixace-Chem-R-Faithful,Pentan-2-ol,7,alcohol,answer_correct,alcohol,alcohol,1,1," ""alcohol"" due to the presence of the"
phenixace-Chem-R-Faithful,Pentan-2-ol,8,alcohol,answer_correct,alcohol,alcohol,1,1," an alcohol, which is characterized by the presence of"
phenixace-Chem-R-Faithful,Pentan-2-ol,9,alcohol,answer_correct,alcohol,alcohol,1,1, the alcohol group (C[OH]). This group
phenixace-Chem-R-Faithful,Hexan-2-ol,0,alcohol,answer_correct,alcohol,alcohol,1,1, alcohol (C[OH]). It has a role
phenixace-Chem-R-Faithful,Hexan-2-ol,1,alcohol,answer_correct,alcohol,alcohol,1,1," an alcohol group, which is a hydroxyl"
phenixace-Chem-R-Faithful,Hexan-2-ol,2,alcohol,answer_correct,alcohol,alcohol,1,1," alcohol, and the SMILES pattern for alcohol is"
phenixace-Chem-R-Faithful,Hexan-2-ol,3,alcohol,answer_correct,alcohol,hydroxyl,1,1, hydroxyl group (-OH) attached to a
phenixace-Chem-R-Faithful,Hexan-2-ol,4,alcohol,answer_correct,alcohol,alcohol,1,1," an alcohol group, which is represented by the SM"
phenixace-Chem-R-Faithful,Hexan-2-ol,5,alcohol,answer_correct,alcohol,alcohol,1,1," an alcohol group, which is represented by the SM"
phenixace-Chem-R-Faithful,Hexan-2-ol,6,alcohol,answer_correct,alcohol,alcohol,1,1, compound containing an alcohol functional group. The alcohol group
phenixace-Chem-R-Faithful,Hexan-2-ol,7,alcohol,answer_correct,alcohol,alcohol,1,1," ""alcohol"" due to the presence of the"
phenixace-Chem-R-Faithful,Hexan-2-ol,8,alcohol,answer_correct,alcohol,alcohol,1,1," an alcohol, which is characterized by the presence of"
phenixace-Chem-R-Faithful,Hexan-2-ol,9,alcohol,answer_correct,alcohol,alcohol,1,1, the alcohol group (C[OH]). This group
phenixace-Chem-R-Faithful,Propan-2-amine,0,amine,answer_correct,amine,amine,1,1, of a primary amine attached to a secondary carbon
phenixace-Chem-R-Faithful,Propan-2-amine,1,amine,answer_correct,amine,amine,1,1," the primary amine group (-NH2), which"
phenixace-Chem-R-Faithful,Propan-2-amine,2,amine,non_answer,,,0,0, PrimaryAmine. It has a role as a
phenixace-Chem-R-Faithful,Propan-2-amine,3,amine,answer_correct,amine,amine,1,1, primary amine functional group. This classification is based
phenixace-Chem-R-Faithful,Propan-2-amine,4,amine,answer_correct,amine,amine,1,1, the primary amine group (-NH2) attached
phenixace-Chem-R-Faithful,Propan-2-amine,5,amine,answer_correct,amine,amine,1,1, a primary amine group attached to a propyl
phenixace-Chem-R-Faithful,Propan-2-amine,6,amine,answer_correct,amine,amine,1,1, primary amine. It has a role as a
phenixace-Chem-R-Faithful,Propan-2-amine,7,amine,non_answer,,,0,0," ""PrimaryAmine"" which is represented by the"
phenixace-Chem-R-Faithful,Propan-2-amine,8,amine,non_answer,,,0,0, not correctly represented by the given SMILES string.
phenixace-Chem-R-Faithful,Propan-2-amine,9,amine,answer_correct,amine,amine,1,1, the primary amine (-NH2) attached to
phenixace-Chem-R-Faithful,Butan-2-amine,0,amine,answer_correct,amine,amine,1,1," primary amine, which is a primary amine"
phenixace-Chem-R-Faithful,Butan-2-amine,1,amine,answer_correct,amine,amine,1,1," the primary amine group (-NH2), which"
phenixace-Chem-R-Faithful,Butan-2-amine,2,amine,non_answer,,,0,0, PrimaryAmine. The SMILES string for this
phenixace-Chem-R-Faithful,Butan-2-amine,3,amine,answer_correct,amine,amine,1,1, primary amine functional group. The primary amine
phenixace-Chem-R-Faithful,Butan-2-amine,4,amine,answer_correct,amine,amine,1,1, the primary amine group (-NH2) attached
phenixace-Chem-R-Faithful,Butan-2-amine,5,amine,answer_correct,amine,amine,1,1, a primary amine group attached to the second carbon
phenixace-Chem-R-Faithful,Butan-2-amine,6,amine,answer_correct,amine,amine,1,1, primary amine. The presence of the primary am
phenixace-Chem-R-Faithful,Butan-2-amine,7,amine,non_answer,,,0,0," ""PrimaryAmine"" as indicated by the presence"
phenixace-Chem-R-Faithful,Butan-2-amine,8,amine,answer_correct,amine,amine,1,1," a primary amine, indicating the presence of a"
phenixace-Chem-R-Faithful,Butan-2-amine,9,amine,answer_correct,amine,amine,1,1, the primary amine (-NH2) attached to
phenixace-Chem-R-Faithful,Pentan-2-amine,0,amine,answer_correct,amine,amine,1,1, primary amine. It is a primary amine
phenixace-Chem-R-Faithful,Pentan-2-amine,1,amine,answer_correct,amine,amine,1,1," the primary amine group (-NH2), which"
phenixace-Chem-R-Faithful,Pentan-2-amine,2,amine,non_answer,,,0,0, PrimaryAmine. The SMILES string for this
phenixace-Chem-R-Faithful,Pentan-2-amine,3,amine,answer_correct,amine,amine,1,1, primary amine functional group. The primary amine
phenixace-Chem-R-Faithful,Pentan-2-amine,4,amine,answer_correct,amine,amine,1,1, the primary amine group (-NH2) attached
phenixace-Chem-R-Faithful,Pentan-2-amine,5,amine,answer_correct,amine,amine,1,1, a primary amine group attached to the second carbon
phenixace-Chem-R-Faithful,Pentan-2-amine,6,amine,answer_correct,amine,amine,1,1, primary amine. The functional group is a primary
phenixace-Chem-R-Faithful,Pentan-2-amine,7,amine,non_answer,,,0,0," ""PrimaryAmine"" which is represented by the"
phenixace-Chem-R-Faithful,Pentan-2-amine,8,amine,answer_correct,amine,amine,1,1," a primary amine, indicating the presence of an"
phenixace-Chem-R-Faithful,Pentan-2-amine,9,amine,answer_correct,amine,amine,1,1, the primary amine (-NH2) attached to
phenixace-Chem-R-Faithful,Hexan-2-amine,0,amine,answer_correct,amine,amine,1,1, primary amine. It is a conjugate base
phenixace-Chem-R-Faithful,Hexan-2-amine,1,amine,answer_correct,amine,amine,1,1," the primary amine group (-NH2), which"
phenixace-Chem-R-Faithful,Hexan-2-amine,2,amine,non_answer,,,0,0, PrimaryAmine. The parent compound is Hexan
phenixace-Chem-R-Faithful,Hexan-2-amine,3,amine,answer_correct,amine,amine,1,1, primary amine functional group. The primary amine
phenixace-Chem-R-Faithful,Hexan-2-amine,4,amine,answer_correct,amine,amine,1,1, a primary amine group attached to the second carbon
phenixace-Chem-R-Faithful,Hexan-2-amine,5,amine,answer_correct,amine,amine,1,1, a primary amine group attached to the second carbon
phenixace-Chem-R-Faithful,Hexan-2-amine,6,amine,answer_correct,amine,amine,1,1, primary amine. It has a role as a
phenixace-Chem-R-Faithful,Hexan-2-amine,7,amine,non_answer,,,0,0," ""PrimaryAmine"" which is represented by the"
phenixace-Chem-R-Faithful,Hexan-2-amine,8,amine,answer_correct,amine,amine,1,1," a primary amine, indicating the presence of an"
phenixace-Chem-R-Faithful,Hexan-2-amine,9,amine,answer_correct,amine,amine,1,1, the primary amine (-NH2) attached to
phenixace-Chem-R-Faithful,Propane-2-thiol,0,thiol,answer_correct,thiol,thiol,1,1," ""thiol"" which is a sulfur atom bonded"
phenixace-Chem-R-Faithful,Propane-2-thiol,1,thiol,answer_correct,thiol,thiol,1,1," the thiol group (-SH), which is a"
phenixace-Chem-R-Faithful,Propane-2-thiol,2,thiol,answer_correct,thiol,thiol,1,1, thiol. The SMILES notation for this molecule
phenixace-Chem-R-Faithful,Propane-2-thiol,3,thiol,answer_correct,thiol,thiol,1,1, thiol group attached to a secondary carbon. The
phenixace-Chem-R-Faithful,Propane-2-thiol,4,thiol,answer_correct,thiol,thiol,1,1, the thiol group (-SH). This group is
phenixace-Chem-R-Faithful,Propane-2-thiol,5,thiol,answer_correct,thiol,thiol,1,1," the thiol group (-SH), which is a"
phenixace-Chem-R-Faithful,Propane-2-thiol,6,thiol,answer_correct,thiol,thiol,1,1," thiol, and its SMILES notation is CC"
phenixace-Chem-R-Faithful,Propane-2-thiol,7,thiol,answer_correct,thiol,thiol,1,1," ""thiol"" which is represented by the SM"
phenixace-Chem-R-Faithful,Propane-2-thiol,8,thiol,answer_wrong,alcohol,alcohol,0,0," an alcohol-like functionality, but with a sulfur atom"
phenixace-Chem-R-Faithful,Propane-2-thiol,9,thiol,answer_correct,thiol,thiol,1,1, the thiol (-SH) group attached to the
phenixace-Chem-R-Faithful,Butane-2-thiol,0,thiol,answer_correct,thiol,thiol,1,1," ""thiol"" which is a sulfur atom bonded"
phenixace-Chem-R-Faithful,Butane-2-thiol,1,thiol,answer_correct,thiol,thiol,1,1," the thiol group (-SH), which is attached"
phenixace-Chem-R-Faithful,Butane-2-thiol,2,thiol,answer_correct,thiol,thiol,1,1," thiol. The parent compound is butane,"
phenixace-Chem-R-Faithful,Butane-2-thiol,3,thiol,answer_correct,thiol,thiol,1,1, thiol group attached to a butane chain.
phenixace-Chem-R-Faithful,Butane-2-thiol,4,thiol,answer_correct,thiol,thiol,1,1," the thiol group (-SH), which is a"
phenixace-Chem-R-Faithful,Butane-2-thiol,5,thiol,answer_correct,thiol,thiol,1,1," the thiol group (-SH), which is attached"
phenixace-Chem-R-Faithful,Butane-2-thiol,6,thiol,answer_correct,thiol,thiol,1,1," thiol, which is a type of organos"
phenixace-Chem-R-Faithful,Butane-2-thiol,7,thiol,answer_correct,thiol,thiol,1,1," ""thiol"" which is represented by the SM"
phenixace-Chem-R-Faithful,Butane-2-thiol,8,thiol,answer_correct,thiol,thiol,1,1," a thiol, which is a type of organ"
phenixace-Chem-R-Faithful,Butane-2-thiol,9,thiol,answer_correct,thiol,thiol,1,1, the thiol (-SH) attached to the second
phenixace-Chem-R-Faithful,Pentane-2-thiol,0,thiol,answer_correct,thiol,thiol,1,1," ""thiol"" which is a sulfur atom bonded"
phenixace-Chem-R-Faithful,Pentane-2-thiol,1,thiol,answer_correct,thiol,thiol,1,1," the thiol group (-SH), which is attached"
phenixace-Chem-R-Faithful,Pentane-2-thiol,2,thiol,answer_correct,thiol,thiol,1,1," thiol. The parent compound is pentane,"
phenixace-Chem-R-Faithful,Pentane-2-thiol,3,thiol,answer_correct,thiol,thiol,1,1, thiol group attached to a pentane chain.
phenixace-Chem-R-Faithful,Pentane-2-thiol,4,thiol,answer_correct,thiol,thiol,1,1," the thiol group (-SH), which is attached"
phenixace-Chem-R-Faithful,Pentane-2-thiol,5,thiol,answer_correct,thiol,thiol,1,1," the thiol group (-SH), which is attached"
phenixace-Chem-R-Faithful,Pentane-2-thiol,6,thiol,answer_correct,thiol,thiol,1,1," thiol, which is a type of functional group"
phenixace-Chem-R-Faithful,Pentane-2-thiol,7,thiol,answer_correct,thiol,thiol,1,1," ""thiol"" which is represented by the presence"
phenixace-Chem-R-Faithful,Pentane-2-thiol,8,thiol,answer_correct,thiol,thiol,1,1," a thiol, which is a type of functional"
phenixace-Chem-R-Faithful,Pentane-2-thiol,9,thiol,answer_correct,thiol,thiol,1,1, the thiol (-SH) group attached to the
phenixace-Chem-R-Faithful,Hexane-2-thiol,0,thiol,answer_correct,thiol,thiol,1,1," ""thiol"" which is a sulfur atom bonded"
phenixace-Chem-R-Faithful,Hexane-2-thiol,1,thiol,answer_correct,thiol,thiol,1,1," the thiol group (-SH), which is attached"
phenixace-Chem-R-Faithful,Hexane-2-thiol,2,thiol,answer_correct,thiol,Thiol,1,1," ""Thiol"" and the SMILES pattern for"
phenixace-Chem-R-Faithful,Hexane-2-thiol,3,thiol,malformed,,,0,1, thiol group attached to a hydrocarbon chain.
phenixace-Chem-R-Faithful,Hexane-2-thiol,4,thiol,answer_correct,thiol,thiol,1,1," the thiol group (-SH), which is attached"
phenixace-Chem-R-Faithful,Hexane-2-thiol,5,thiol,answer_correct,thiol,thiol,1,1," a thiol group (-SH), which is attached"
phenixace-Chem-R-Faithful,Hexane-2-thiol,6,thiol,answer_correct,thiol,thiol,1,1," thiol. The parent compound is hexane,"
phenixace-Chem-R-Faithful,Hexane-2-thiol,7,thiol,answer_correct,thiol,thiol,1,1," ""thiol"" which is represented by the SM"
phenixace-Chem-R-Faithful,Hexane-2-thiol,8,thiol,answer_correct,thiol,thiol,1,1," a thiol, which is a type of organ"
phenixace-Chem-R-Faithful,Hexane-2-thiol,9,thiol,answer_correct,thiol,thiol,1,1, the thiol (-SH) group attached to the
deepseek-ai-DeepSeek-R1-Distill-Llama-8B,Propane,0,none (alkane),malformed,,,0,0,"(s) ____________.
Okay, so I"
deepseek-ai-DeepSeek-R1-Distill-Llama-8B,Propane,1,none (alkane),answer_correct,none (alkane),alkane,1,1, the alkane functional group. Alkanes are
deepseek-ai-DeepSeek-R1-Distill-Llama-8B,Propane,2,none (alkane),malformed,,,0,0, aldehyde or ketone. The structure is CH
deepseek-ai-DeepSeek-R1-Distill-Llama-8B,Propane,3,none (alkane),non_answer,,,0,0, chain of three carbon atoms. Propane is a
deepseek-ai-DeepSeek-R1-Distill-Llama-8B,Propane,4,none (alkane),non_answer,,,0,0," the C–C single bond, which is a"
deepseek-ai-DeepSeek-R1-Distill-Llama-8B,Propane,5,none (alkane),answer_correct,none (alkane),alkane,1,1, the alkane functional group. Alkanes are
deepseek-ai-DeepSeek-R1-Distill-Llama-8B,Propane,6,none (alkane),answer_correct,none (alkane),hydrocarbon,1,1," hydrocarbon, specifically an alkane. Alkan"
deepseek-ai-DeepSeek-R1-Distill-Llama-8B,Propane,7,none (alkane),non_answer,,,0,0, present. Propane has a three-carbon chain
deepseek-ai-DeepSeek-R1-Distill-Llama-8B,Propane,8,none (alkane),answer_correct,none (alkane),alkane,1,1," an alkane, which is a hydrocarbon consisting"
deepseek-ai-DeepSeek-R1-Distill-Llama-8B,Propane,9,none (alkane),answer_correct,none (alkane),alkane,1,1," an alkane, which is a hydrocarbon consisting"
deepseek-ai-DeepSeek-R1-Distill-Llama-8B,Butane,0,none (alkane),malformed,,,0,0,"(s) ?
Okay, so I have this question"
deepseek-ai-DeepSeek-R1-Distill-Llama-8B,Butane,1,none (alkane),answer_correct,none (alkane),alkane,1,1, the alkane functional group. Alkanes are
deepseek-ai-DeepSeek-R1-Distill-Llama-8B,Butane,2,none (alkane),answer_correct,none (alkane),alkane,1,1," an alkane. So, butane is an"
deepseek-ai-DeepSeek-R1-Distill-Llama-8B,Butane,3,none (alkane),non_answer,,,0,0, central carbon connected to four other carbons. But
deepseek-ai-DeepSeek-R1-Distill-Llama-8B,Butane,4,none (alkane),answer_correct,none (alkane),alkane,1,1," the alkane functional group, which is a chain"
deepseek-ai-DeepSeek-R1-Distill-Llama-8B,Butane,5,none (alkane),answer_correct,none (alkane),alkane,1,1, the alkane functional group. Alkanes are
deepseek-ai-DeepSeek-R1-Distill-Llama-8B,Butane,6,none (alkane),answer_correct,none (alkane),hydrocarbon,1,1," saturated hydrocarbon, so it's an alkane"
deepseek-ai-DeepSeek-R1-Distill-Llama-8B,Butane,7,none (alkane),answer_correct,none (alkane),alkane,1,1, as an alkane. Alkanes are saturated
deepseek-ai-DeepSeek-R1-Distill-Llama-8B,Butane,8,none (alkane),answer_correct,none (alkane),alkane,1,1," an alkane. So, butane is an"
deepseek-ai-DeepSeek-R1-Distill-Llama-8B,Butane,9,none (alkane),answer_correct,none (alkane),alkane,1,1, the alkane functional group. The molecule is composed
deepseek-ai-DeepSeek-R1-Distill-Llama-8B,Pentane,0,none (alkane),malformed,,,0,0,"(s) ?
Okay, so I have this question"
deepseek-ai-DeepSeek-R1-Distill-Llama-8B,Pentane,1,none (alkane),answer_correct,none (alkane),alkane,1,1, the alkane functional group. Alkanes are
deepseek-ai-DeepSeek-R1-Distill-Llama-8B,Pentane,2,none (alkane),answer_correct,none (alkane),hydrocarbon,1,1," hydrocarbon. So, the structure is CH3"
deepseek-ai-DeepSeek-R1-Distill-Llama-8B,Pentane,3,none (alkane),non_answer,,,0,0, carbon chain of five carbons. It is an
deepseek-ai-DeepSeek-R1-Distill-Llama-8B,Pentane,4,none (alkane),answer_correct,none (alkane),alkane,1,1," an alkane, which means it has a series"
deepseek-ai-DeepSeek-R1-Distill-Llama-8B,Pentane,5,none (alkane),answer_correct,none (alkane),alkane,1,1, the alkane functional group. Alkanes are
deepseek-ai-DeepSeek-R1-Distill-Llama-8B,Pentane,6,none (alkane),answer_correct,none (alkane),hydrocarbon,1,1," saturated hydrocarbon, so it's an alkane"
deepseek-ai-DeepSeek-R1-Distill-Llama-8B,Pentane,7,none (alkane),answer_correct,none (alkane),alkane,1,1, as an alkane. Alkanes are hydro
deepseek-ai-DeepSeek-R1-Distill-Llama-8B,Pentane,8,none (alkane),answer_correct,none (alkane),alkane,1,1," an alkane. So, it's a hydro"
deepseek-ai-DeepSeek-R1-Distill-Llama-8B,Pentane,9,none (alkane),underspecified,,,0,0, the alkyl group. The functional group is the
deepseek-ai-DeepSeek-R1-Distill-Llama-8B,Hexane,0,none (alkane),answer_correct,none (alkane),hydrocarbon,1,1," of a hydrocarbon, which is an alkane"
deepseek-ai-DeepSeek-R1-Distill-Llama-8B,Hexane,1,none (alkane),answer_correct,none (alkane),alkane,1,1, the alkane group. Alkanes are saturated
deepseek-ai-DeepSeek-R1-Distill-Llama-8B,Hexane,2,none (alkane),answer_correct,none (alkane),Alkane,1,1," Alkane. So, the functional group is"
deepseek-ai-DeepSeek-R1-Distill-Llama-8B,Hexane,3,none (alkane),non_answer,,,0,0, straight chain of six carbon atoms. Hexane is
deepseek-ai-DeepSeek-R1-Distill-Llama-8B,Hexane,4,none (alkane),answer_correct,none (alkane),alkane,1,1," the alkane functional group, which is a group"
deepseek-ai-DeepSeek-R1-Distill-Llama-8B,Hexane,5,none (alkane),answer_correct,none (alkane),alkane,1,1, the alkane group. Hexane is a hydro
deepseek-ai-DeepSeek-R1-Distill-Llama-8B,Hexane,6,none (alkane),answer_correct,none (alkane),hydrocarbon,1,1," saturated hydrocarbon, so it's an alkane"
deepseek-ai-DeepSeek-R1-Distill-Llama-8B,Hexane,7,none (alkane),answer_correct,none (alkane),alkane,1,1, as an alkane. Alkanes are hydro
deepseek-ai-DeepSeek-R1-Distill-Llama-8B,Hexane,8,none (alkane),answer_correct,none (alkane),alkane,1,1," an alkane, which is a type of hydro"
deepseek-ai-DeepSeek-R1-Distill-Llama-8B,Hexane,9,none (alkane),underspecified,,,0,0, the alkyl group. Hexane is a hydro
deepseek-ai-DeepSeek-R1-Distill-Llama-8B,Propan-1-ol,0,alcohol,answer_correct,alcohol,alcohol,1,1, alcohol. The structure is a three-carbon chain
deepseek-ai-DeepSeek-R1-Distill-Llama-8B,Propan-1-ol,1,alcohol,answer_correct,alcohol,hydroxyl,1,1, the hydroxyl group (-OH). Propan
deepseek-ai-DeepSeek-R1-Distill-Llama-8B,Propan-1-ol,2,alcohol,answer_correct,alcohol,alcohol,1,1, alcohol. The structure is CH3CH2CH
deepseek-ai-DeepSeek-R1-Distill-Llama-8B,Propan-1-ol,3,alcohol,answer_correct,alcohol,hydroxyl,1,1, three-carbon chain with a hydroxyl group
deepseek-ai-DeepSeek-R1-Distill-Llama-8B,Propan-1-ol,4,alcohol,answer_correct,alcohol,hydroxyl,1,1, the hydroxyl group (-OH). The molecular
deepseek-ai-DeepSeek-R1-Distill-Llama-8B,Propan-1-ol,5,alcohol,answer_correct,alcohol,hydroxyl,1,1, the hydroxyl group (-OH). Propan
deepseek-ai-DeepSeek-R1-Distill-Llama-8B,Propan-1-ol,6,alcohol,answer_correct,alcohol,alcohol,1,1, primary alcohol. It has a hydroxyl group
deepseek-ai-DeepSeek-R1-Distill-Llama-8B,Propan-1-ol,7,alcohol,answer_correct,alcohol,alcohol,1,1, as an alcohol. It has the formula C3
deepseek-ai-DeepSeek-R1-Distill-Llama-8B,Propan-1-ol,8,alcohol,answer_correct,alcohol,alcohol,1,1," an alcohol. So, it's a primary alcohol"
deepseek-ai-DeepSeek-R1-Distill-Llama-8B,Propan-1-ol,9,alcohol,answer_correct,alcohol,hydroxyl,1,1, the hydroxyl group (-OH). The molecule
deepseek-ai-DeepSeek-R1-Distill-Llama-8B,Butan-1-ol,0,alcohol,answer_correct,alcohol,alcohol,1,1, alcohol. The structure is a primary alcohol because the
deepseek-ai-DeepSeek-R1-Distill-Llama-8B,Butan-1-ol,1,alcohol,answer_correct,alcohol,hydroxyl,1,1, the hydroxyl group (-OH). This makes
deepseek-ai-DeepSeek-R1-Distill-Llama-8B,Butan-1-ol,2,alcohol,answer_correct,alcohol,alcohol,1,1, an alcohol. The structure is CH2CH2
deepseek-ai-DeepSeek-R1-Distill-Llama-8B,Butan-1-ol,3,alcohol,answer_correct,alcohol,hydroxyl,1,1, hydroxyl group attached to a four-carbon
deepseek-ai-DeepSeek-R1-Distill-Llama-8B,Butan-1-ol,4,alcohol,answer_correct,alcohol,alcohol,1,1," an alcohol group, which is a hydroxyl"
deepseek-ai-DeepSeek-R1-Distill-Llama-8B,Butan-1-ol,5,alcohol,answer_correct,alcohol,hydroxyl,1,1, the hydroxyl group (-OH). This functional
deepseek-ai-DeepSeek-R1-Distill-Llama-8B,Butan-1-ol,6,alcohol,answer_correct,alcohol,alcohol,1,1, primary alcohol. It has a hydroxyl group
deepseek-ai-DeepSeek-R1-Distill-Llama-8B,Butan-1-ol,7,alcohol,answer_correct,alcohol,alcohol,1,1, as an alcohol. It has a hydroxyl
deepseek-ai-DeepSeek-R1-Distill-Llama-8B,Butan-1-ol,8,alcohol,answer_correct,alcohol,alcohol,1,1," an alcohol. So, the functional group is an"
deepseek-ai-DeepSeek-R1-Distill-Llama-8B,Butan-1-ol,9,alcohol,answer_correct,alcohol,hydroxyl,1,1, the hydroxyl group (-OH). The molecule
deepseek-ai-DeepSeek-R1-Distill-Llama-8B,Pentan-1-ol,0,alcohol,answer_correct,alcohol,alcohol,1,1, alcohol. The structure is a straight chain with five
deepseek-ai-DeepSeek-R1-Distill-Llama-8B,Pentan-1-ol,1,alcohol,answer_correct,alcohol,hydroxyl,1,1, the hydroxyl group (-OH). This makes
deepseek-ai-DeepSeek-R1-Distill-Llama-8B,Pentan-1-ol,2,alcohol,answer_correct,alcohol,alcohol,1,1, alcohol. The structure is a primary alcohol because the
deepseek-ai-DeepSeek-R1-Distill-Llama-8B,Pentan-1-ol,3,alcohol,answer_correct,alcohol,alcohol,1,1, primary alcohol group. It has a straight chain structure
deepseek-ai-DeepSeek-R1-Distill-Llama-8B,Pentan-1-ol,4,alcohol,answer_correct,alcohol,hydroxyl,1,1, the hydroxyl group (-OH). It is
deepseek-ai-DeepSeek-R1-Distill-Llama-8B,Pentan-1-ol,5,alcohol,answer_correct,alcohol,hydroxyl,1,1, the hydroxyl group (-OH). This makes
deepseek-ai-DeepSeek-R1-Distill-Llama-8B,Pentan-1-ol,6,alcohol,answer_correct,alcohol,alcohol,1,1, primary alcohol. It has a hydroxyl group
deepseek-ai-DeepSeek-R1-Distill-Llama-8B,Pentan-1-ol,7,alcohol,answer_correct,alcohol,alcohol,1,1, as an alcohol. The structure is a straight chain
deepseek-ai-DeepSeek-R1-Distill-Llama-8B,Pentan-1-ol,8,alcohol,answer_correct,alcohol,alcohol,1,1," an alcohol. So, the functional group is an"
deepseek-ai-DeepSeek-R1-Distill-Llama-8B,Pentan-1-ol,9,alcohol,answer_correct,alcohol,hydroxyl,1,1, the hydroxyl group (-OH). The molecule
deepseek-ai-DeepSeek-R1-Distill-Llama-8B,Hexan-1-ol,0,alcohol,answer_correct,alcohol,alcohol,1,1, alcohol. The structure is a straight chain with six
deepseek-ai-DeepSeek-R1-Distill-Llama-8B,Hexan-1-ol,1,alcohol,answer_correct,alcohol,hydroxyl,1,1, the hydroxyl group (-OH). This makes
deepseek-ai-DeepSeek-R1-Distill-Llama-8B,Hexan-1-ol,2,alcohol,answer_correct,alcohol,alcohol,1,1, alcohol. The structure is a straight chain with a
deepseek-ai-DeepSeek-R1-Distill-Llama-8B,Hexan-1-ol,3,alcohol,answer_correct,alcohol,hydroxyl,1,1, hydroxyl group. It is a primary alcohol
deepseek-ai-DeepSeek-R1-Distill-Llama-8B,Hexan-1-ol,4,alcohol,answer_correct,alcohol,hydroxyl,1,1," the hydroxyl group (-OH), which is"
deepseek-ai-DeepSeek-R1-Distill-Llama-8B,Hexan-1-ol,5,alcohol,answer_correct,alcohol,hydroxyl,1,1, the hydroxyl group (-OH). This functional
deepseek-ai-DeepSeek-R1-Distill-Llama-8B,Hexan-1-ol,6,alcohol,answer_correct,alcohol,alcohol,1,1, primary alcohol. It has a hydroxyl group
deepseek-ai-DeepSeek-R1-Distill-Llama-8B,Hexan-1-ol,7,alcohol,non_answer,,,0,1," it contains. It has an alcohol group, which"
deepseek-ai-DeepSeek-R1-Distill-Llama-8B,Hexan-1-ol,8,alcohol,answer_correct,alcohol,alcohol,1,1," an alcohol. So, it's a primary alcohol"
deepseek-ai-DeepSeek-R1-Distill-Llama-8B,Hexan-1-ol,9,alcohol,answer_correct,alcohol,hydroxyl,1,1, the hydroxyl group (-OH). The molecule
deepseek-ai-DeepSeek-R1-Distill-Llama-8B,Propane-1-thiol,0,thiol,answer_correct,thiol,-SH,1,1," -SH, which is a good leaving group."
deepseek-ai-DeepSeek-R1-Distill-Llama-8B,Propane-1-thiol,1,thiol,answer_correct,thiol,thiol,1,1, the thiol group (-SH). Thiols are
deepseek-ai-DeepSeek-R1-Distill-Llama-8B,Propane-1-thiol,2,thiol,answer_correct,thiol,thiols,1,1," thiols, which are -SH groups. Thi"
deepseek-ai-DeepSeek-R1-Distill-Llama-8B,Propane-1-thiol,3,thiol,answer_correct,thiol,thiol,1,1, thiol group (-SH) and an alky
deepseek-ai-DeepSeek-R1-Distill-Llama-8B,Propane-1-thiol,4,thiol,answer_correct,thiol,-SH,1,1," the -SH group, which is a thiol"
deepseek-ai-DeepSeek-R1-Distill-Llama-8B,Propane-1-thiol,5,thiol,answer_correct,thiol,thiol,1,1, the thiol group (-SH). Thiols are
deepseek-ai-DeepSeek-R1-Distill-Llama-8B,Propane-1-thiol,6,thiol,answer_correct,thiol,thiol,1,1," thiol, which is a type of compound that"
deepseek-ai-DeepSeek-R1-Distill-Llama-8B,Propane-1-thiol,7,thiol,answer_correct,thiol,thiol,1,1," as a thiol, which is a type of"
deepseek-ai-DeepSeek-R1-Distill-Llama-8B,Propane-1-thiol,8,thiol,answer_correct,thiol,thiol,1,1," a thiol group, which is a good nucle"
deepseek-ai-DeepSeek-R1-Distill-Llama-8B,Propane-1-thiol,9,thiol,answer_correct,thiol,thiol,1,1, the thiol group (-SH). The molecule is
deepseek-ai-DeepSeek-R1-Distill-Llama-8B,Butane-1-thiol,0,thiol,answer_correct,thiol,-SH,1,1, -SH. The molecule is a liquid at room
deepseek-ai-DeepSeek-R1-Distill-Llama-8B,Butane-1-thiol,1,thiol,answer_correct,thiol,thiol,1,1, the thiol group (-SH). Thiols are
deepseek-ai-DeepSeek-R1-Distill-Llama-8B,Butane-1-thiol,2,thiol,answer_correct,thiol,thiol,1,1," a thiol, which is a type of -"
deepseek-ai-DeepSeek-R1-Distill-Llama-8B,Butane-1-thiol,3,thiol,non_answer,,,0,1," sulfur atom. It is a primary thiol,"
deepseek-ai-DeepSeek-R1-Distill-Llama-8B,Butane-1-thiol,4,thiol,answer_correct,thiol,thiol,1,1, the thiol group (-SH). The thiol
deepseek-ai-DeepSeek-R1-Distill-Llama-8B,Butane-1-thiol,5,thiol,answer_correct,thiol,thiol,1,1, the thiol group (-SH). Thiol groups
deepseek-ai-DeepSeek-R1-Distill-Llama-8B,Butane-1-thiol,6,thiol,answer_correct,thiol,thiol,1,1, thiol with a straight chain structure. Thiols
deepseek-ai-DeepSeek-R1-Distill-Llama-8B,Butane-1-thiol,7,thiol,answer_correct,thiol,thiol,1,1," as a thiol, which is a type of"
deepseek-ai-DeepSeek-R1-Distill-Llama-8B,Butane-1-thiol,8,thiol,answer_correct,thiol,thiol,1,1, a thiol group attached to a butane chain
deepseek-ai-DeepSeek-R1-Distill-Llama-8B,Butane-1-thiol,9,thiol,answer_correct,thiol,thiol,1,1, the thiol group (-SH). The molecule is
deepseek-ai-DeepSeek-R1-Distill-Llama-8B,Pentane-1-thiol,0,thiol,answer_correct,thiol,-SH,1,1, -SH. The molecule has a straight chain structure
deepseek-ai-DeepSeek-R1-Distill-Llama-8B,Pentane-1-thiol,1,thiol,answer_correct,thiol,thiol,1,1, the thiol group (-SH). Thiols are
deepseek-ai-DeepSeek-R1-Distill-Llama-8B,Pentane-1-thiol,2,thiol,answer_correct,thiol,thiols,1,1, thiols. Thiols are known for their ability
deepseek-ai-DeepSeek-R1-Distill-Llama-8B,Pentane-1-thiol,3,thiol,answer_correct,thiol,thiol,1,1, thiol group (-SH) at the end of
deepseek-ai-DeepSeek-R1-Distill-Llama-8B,Pentane-1-thiol,4,thiol,answer_correct,thiol,-SH,1,1, the -SH group. It is a primary th
deepseek-ai-DeepSeek-R1-Distill-Llama-8B,Pentane-1-thiol,5,thiol,answer_correct,thiol,thiol,1,1, the thiol group (-SH). The thiol
deepseek-ai-DeepSeek-R1-Distill-Llama-8B,Pentane-1-thiol,6,thiol,answer_correct,thiol,thiol,1,1, thiol with a straight chain structure. Thiols
deepseek-ai-DeepSeek-R1-Distill-Llama-8B,Pentane-1-thiol,7,thiol,answer_correct,thiol,thiol,1,1," as a thiol, which is a type of"
deepseek-ai-DeepSeek-R1-Distill-Llama-8B,Pentane-1-thiol,8,thiol,answer_correct,thiol,thiol,1,1," a thiol group, which is a good nucle"
deepseek-ai-DeepSeek-R1-Distill-Llama-8B,Pentane-1-thiol,9,thiol,answer_correct,thiol,thiol,1,1, the thiol group (-SH). The molecule is
deepseek-ai-DeepSeek-R1-Distill-Llama-8B,Hexane-1-thiol,0,thiol,answer_correct,thiol,-SH,1,1, -SH. Hexane-1-thiol is
deepseek-ai-DeepSeek-R1-Distill-Llama-8B,Hexane-1-thiol,1,thiol,answer_correct,thiol,thiol,1,1, the thiol group (-SH). Thiols are
deepseek-ai-DeepSeek-R1-Distill-Llama-8B,Hexane-1-thiol,2,thiol,answer_correct,thiol,thiol,1,1," a thiol, which is a type of sulf"
deepseek-ai-DeepSeek-R1-Distill-Llama-8B,Hexane-1-thiol,3,thiol,non_answer,,,0,1, sulfur atom. It is a straight-chain thiol
deepseek-ai-DeepSeek-R1-Distill-Llama-8B,Hexane-1-thiol,4,thiol,answer_correct,thiol,thiol,1,1, the thiol group (-SH). The thiol
deepseek-ai-DeepSeek-R1-Distill-Llama-8B,Hexane-1-thiol,5,thiol,answer_correct,thiol,thiol,1,1, the thiol group (-SH). Thiols are
deepseek-ai-DeepSeek-R1-Distill-Llama-8B,Hexane-1-thiol,6,thiol,answer_correct,thiol,thiol,1,1," thiol, which is a type of compound that"
deepseek-ai-DeepSeek-R1-Distill-Llama-8B,Hexane-1-thiol,7,thiol,answer_correct,thiol,thiol,1,1," as a thiol, which is a good nucle"
deepseek-ai-DeepSeek-R1-Distill-Llama-8B,Hexane-1-thiol,8,thiol,answer_correct,thiol,thiol,1,1," a thiol group, which is a good leaving"
deepseek-ai-DeepSeek-R1-Distill-Llama-8B,Hexane-1-thiol,9,thiol,answer_correct,thiol,thiol,1,1, the thiol group (-SH). The molecule is
deepseek-ai-DeepSeek-R1-Distill-Llama-8B,Propanal,0,aldehyde,answer_correct,aldehyde,aldehyde,1,1, aldehyde. It is a three-carbon chain
deepseek-ai-DeepSeek-R1-Distill-Llama-8B,Propanal,1,aldehyde,answer_correct,aldehyde,aldehyde,1,1, the aldehyde group. Aldehydes are known
deepseek-ai-DeepSeek-R1-Distill-Llama-8B,Propanal,2,aldehyde,answer_correct,aldehyde,aldehyde,1,1, aldehyde. The structure is CH3CH2
deepseek-ai-DeepSeek-R1-Distill-Llama-8B,Propanal,3,aldehyde,underspecified,,,0,0, carbonyl group. It is a three-car
deepseek-ai-DeepSeek-R1-Distill-Llama-8B,Propanal,4,aldehyde,answer_correct,aldehyde,aldehyde,1,1," the aldehyde group, which is a carbony"
deepseek-ai-DeepSeek-R1-Distill-Llama-8B,Propanal,5,aldehyde,answer_correct,aldehyde,aldehyde,1,1, the aldehyde group. Aldehydes are known
deepseek-ai-DeepSeek-R1-Distill-Llama-8B,Propanal,6,aldehyde,underspecified,,,0,0, carbonyl compound. It has the formula C
deepseek-ai-DeepSeek-R1-Distill-Llama-8B,Propanal,7,aldehyde,answer_correct,aldehyde,aldehyde,1,1, as an aldehyde. Aldehydes are known
deepseek-ai-DeepSeek-R1-Distill-Llama-8B,Propanal,8,aldehyde,answer_correct,aldehyde,aldehyde,1,1, an aldehyde. Aldehydes have a carb
deepseek-ai-DeepSeek-R1-Distill-Llama-8B,Propanal,9,aldehyde,answer_correct,aldehyde,aldehyde,1,1, the aldehyde group. The aldehyde group is
deepseek-ai-DeepSeek-R1-Distill-Llama-8B,Butanal,0,aldehyde,answer_correct,aldehyde,aldehyde,1,1, aldehyde. The structure is CH3CH2
deepseek-ai-DeepSeek-R1-Distill-Llama-8B,Butanal,1,aldehyde,answer_correct,aldehyde,aldehyde,1,1, the aldehyde group. Aldehydes are known
deepseek-ai-DeepSeek-R1-Distill-Llama-8B,Butanal,2,aldehyde,answer_wrong,ketone,ketone,0,0, a ketone. The structure is CH3CH
deepseek-ai-DeepSeek-R1-Distill-Llama-8B,Butanal,3,aldehyde,non_answer,,,0,0, conjugated system. It has a structure where the
deepseek-ai-DeepSeek-R1-Distill-Llama-8B,Butanal,4,aldehyde,answer_correct,aldehyde,aldehyde,1,1," the aldehyde group, which is a carbony"
deepseek-ai-DeepSeek-R1-Distill-Llama-8B,Butanal,5,aldehyde,answer_correct,aldehyde,aldehyde,1,1, the aldehyde group. Aldehydes are known
deepseek-ai-DeepSeek-R1-Distill-Llama-8B,Butanal,6,aldehyde,underspecified,,,0,0, carbonyl compound. It has the formula C
deepseek-ai-DeepSeek-R1-Distill-Llama-8B,Butanal,7,aldehyde,underspecified,,,0,0, as a carbonyl compound. The structure is
deepseek-ai-DeepSeek-R1-Distill-Llama-8B,Butanal,8,aldehyde,answer_correct,aldehyde,aldehyde,1,1, an aldehyde. Butanal is a straight-chain
deepseek-ai-DeepSeek-R1-Distill-Llama-8B,Butanal,9,aldehyde,answer_correct,aldehyde,aldehyde,1,1, the aldehyde group. The aldehyde group is
deepseek-ai-DeepSeek-R1-Distill-Llama-8B,Pentanal,0,aldehyde,answer_correct,aldehyde,aldehyde,1,1, aldehyde. The structure is a straight chain with
deepseek-ai-DeepSeek-R1-Distill-Llama-8B,Pentanal,1,aldehyde,answer_correct,aldehyde,aldehyde,1,1, the aldehyde group. Aldehydes are known
deepseek-ai-DeepSeek-R1-Distill-Llama-8B,Pentanal,2,aldehyde,answer_correct,aldehyde,aldehyde,1,1, aldehyde. The structure is a straight chain with
deepseek-ai-DeepSeek-R1-Distill-Llama-8B,Pentanal,3,aldehyde,non_answer,,,0,0, conjugated system. Explain why this is the case
deepseek-ai-DeepSeek-R1-Distill-Llama-8B,Pentanal,4,aldehyde,answer_correct,aldehyde,aldehyde,1,1," the aldehyde group, which is a strong absor"
deepseek-ai-DeepSeek-R1-Distill-Llama-8B,Pentanal,5,aldehyde,answer_correct,aldehyde,aldehyde,1,1, the aldehyde group. Aldehydes are known
deepseek-ai-DeepSeek-R1-Distill-Llama-8B,Pentanal,6,aldehyde,underspecified,,,0,0, carbonyl compound. It has a chain of
deepseek-ai-DeepSeek-R1-Distill-Llama-8B,Pentanal,7,aldehyde,underspecified,,,0,0, as a carbonyl compound. The structure is
deepseek-ai-DeepSeek-R1-Distill-Llama-8B,Pentanal,8,aldehyde,answer_correct,aldehyde,aldehyde,1,1, an aldehyde. Aldehydes have a carb
deepseek-ai-DeepSeek-R1-Distill-Llama-8B,Pentanal,9,aldehyde,answer_correct,aldehyde,aldehyde,1,1, the aldehyde group. The aldehyde group is
deepseek-ai-DeepSeek-R1-Distill-Llama-8B,Hexanal,0,aldehyde,answer_correct,aldehyde,aldehyde,1,1, aldehyde. Hexanal is a straight-chain al
deepseek-ai-DeepSeek-R1-Distill-Llama-8B,Hexanal,1,aldehyde,answer_correct,aldehyde,aldehyde,1,1, the aldehyde group. Aldehydes are known
deepseek-ai-DeepSeek-R1-Distill-Llama-8B,Hexanal,2,aldehyde,answer_correct,aldehyde,aldehyde,1,1, an aldehyde. The structure is CH3(CH
deepseek-ai-DeepSeek-R1-Distill-Llama-8B,Hexanal,3,aldehyde,underspecified,,,0,0, carbonyl group. Hexanal is a six
deepseek-ai-DeepSeek-R1-Distill-Llama-8B,Hexanal,4,aldehyde,answer_correct,aldehyde,aldehyde,1,1," an aldehyde group, which is a functional group"
deepseek-ai-DeepSeek-R1-Distill-Llama-8B,Hexanal,5,aldehyde,answer_correct,aldehyde,aldehyde,1,1, the aldehyde group. Aldehydes are known
deepseek-ai-DeepSeek-R1-Distill-Llama-8B,Hexanal,6,aldehyde,answer_wrong,carboxylic acid,carboxylic acid,0,0, carboxylic acid derivative. It is a
deepseek-ai-DeepSeek-R1-Distill-Llama-8B,Hexanal,7,aldehyde,answer_correct,aldehyde,aldehyde,1,1, as an aldehyde. Aldehydes are known
deepseek-ai-DeepSeek-R1-Distill-Llama-8B,Hexanal,8,aldehyde,answer_correct,aldehyde,aldehyde,1,1, an aldehyde. Aldehydes have a carb
deepseek-ai-DeepSeek-R1-Distill-Llama-8B,Hexanal,9,aldehyde,answer_correct,aldehyde,aldehyde,1,1, the aldehyde group. The aldehyde group is
deepseek-ai-DeepSeek-R1-Distill-Llama-8B,Propanoic acid,0,carboxylic acid,answer_correct,carboxylic acid,carboxylic acid,1,1, of a carboxylic acid. The structure
deepseek-ai-DeepSeek-R1-Distill-Llama-8B,Propanoic acid,1,carboxylic acid,answer_correct,carboxylic acid,carboxylic acid,1,1," the carboxylic acid group, which is"
deepseek-ai-DeepSeek-R1-Distill-Llama-8B,Propanoic acid,2,carboxylic acid,answer_correct,carboxylic acid,carboxylic acid,1,1, carboxylic acid. The structure is CH
deepseek-ai-DeepSeek-R1-Distill-Llama-8B,Propanoic acid,3,carboxylic acid,answer_correct,carboxylic acid,carboxylic acid,1,1, carboxylic acid group. It is a
deepseek-ai-DeepSeek-R1-Distill-Llama-8B,Propanoic acid,4,carboxylic acid,answer_correct,carboxylic acid,carboxylic acid,1,1," the carboxylic acid group, which is"
deepseek-ai-DeepSeek-R1-Distill-Llama-8B,Propanoic acid,5,carboxylic acid,answer_correct,carboxylic acid,carboxylic acid,1,1," the carboxylic acid group, which is"
deepseek-ai-DeepSeek-R1-Distill-Llama-8B,Propanoic acid,6,carboxylic acid,answer_correct,carboxylic acid,carboxylic acid,1,1, carboxylic acid. Carboxylic
deepseek-ai-DeepSeek-R1-Distill-Llama-8B,Propanoic acid,7,carboxylic acid,answer_correct,carboxylic acid,carboxylic acid,1,1, as a carboxylic acid. Carbox
deepseek-ai-DeepSeek-R1-Distill-Llama-8B,Propanoic acid,8,carboxylic acid,answer_correct,carboxylic acid,carboxylic acid,1,1, a carboxylic acid. Carboxy
deepseek-ai-DeepSeek-R1-Distill-Llama-8B,Propanoic acid,9,carboxylic acid,answer_correct,carboxylic acid,carboxylic acid,1,1," the carboxylic acid group, which is"
deepseek-ai-DeepSeek-R1-Distill-Llama-8B,Butanoic acid,0,carboxylic acid,answer_correct,carboxylic acid,carboxylic acid,1,1, of a carboxylic acid. The structure
deepseek-ai-DeepSeek-R1-Distill-Llama-8B,Butanoic acid,1,carboxylic acid,answer_correct,carboxylic acid,carboxylic acid,1,1," the carboxylic acid group, which is"
deepseek-ai-DeepSeek-R1-Distill-Llama-8B,Butanoic acid,2,carboxylic acid,answer_correct,carboxylic acid,carboxylic acid,1,1, carboxylic acid. The structure is CH
deepseek-ai-DeepSeek-R1-Distill-Llama-8B,Butanoic acid,3,carboxylic acid,answer_correct,carboxylic acid,carboxylic acid,1,1, carboxylic acid group. It is a
deepseek-ai-DeepSeek-R1-Distill-Llama-8B,Butanoic acid,4,carboxylic acid,answer_correct,carboxylic acid,carboxylic acid,1,1," the carboxylic acid group, which is"
deepseek-ai-DeepSeek-R1-Distill-Llama-8B,Butanoic acid,5,carboxylic acid,answer_correct,carboxylic acid,carboxylic acid,1,1," the carboxylic acid group, which is"
deepseek-ai-DeepSeek-R1-Distill-Llama-8B,Butanoic acid,6,carboxylic acid,answer_correct,carboxylic acid,carboxylic acid,1,1, carboxylic acid. Carboxylic
deepseek-ai-DeepSeek-R1-Distill-Llama-8B,Butanoic acid,7,carboxylic acid,answer_correct,carboxylic acid,carboxylic acid,1,1, as a carboxylic acid. Carbox
deepseek-ai-DeepSeek-R1-Distill-Llama-8B,Butanoic acid,8,carboxylic acid,answer_correct,carboxylic acid,carboxylic acid,1,1, a carboxylic acid. Carboxy
deepseek-ai-DeepSeek-R1-Distill-Llama-8B,Butanoic acid,9,carboxylic acid,answer_correct,carboxylic acid,carboxylic acid,1,1," the carboxylic acid group, which is"
deepseek-ai-DeepSeek-R1-Distill-Llama-8B,Pentanoic acid,0,carboxylic acid,answer_correct,carboxylic acid,carboxylic acid,1,1, carboxylic acid. The structure is a
deepseek-ai-DeepSeek-R1-Distill-Llama-8B,Pentanoic acid,1,carboxylic acid,answer_correct,carboxylic acid,carboxylic acid,1,1," the carboxylic acid group, which is"
deepseek-ai-DeepSeek-R1-Distill-Llama-8B,Pentanoic acid,2,carboxylic acid,answer_correct,carboxylic acid,carboxylic acid,1,1, carboxylic acid. The structure is a
deepseek-ai-DeepSeek-R1-Distill-Llama-8B,Pentanoic acid,3,carboxylic acid,answer_correct,carboxylic acid,carboxylic acid,1,1, carboxylic acid group. It is a
deepseek-ai-DeepSeek-R1-Distill-Llama-8B,Pentanoic acid,4,carboxylic acid,answer_correct,carboxylic acid,carboxylic acid,1,1," the carboxylic acid group, which is"
deepseek-ai-DeepSeek-R1-Distill-Llama-8B,Pentanoic acid,5,carboxylic acid,answer_correct,carboxylic acid,carboxylic acid,1,1, the carboxylic acid group. This group
deepseek-ai-DeepSeek-R1-Distill-Llama-8B,Pentanoic acid,6,carboxylic acid,answer_correct,carboxylic acid,carboxylic acid,1,1, carboxylic acid. Carboxylic
deepseek-ai-DeepSeek-R1-Distill-Llama-8B,Pentanoic acid,7,carboxylic acid,answer_correct,carboxylic acid,carboxylic acid,1,1, as a carboxylic acid. Carbox
deepseek-ai-DeepSeek-R1-Distill-Llama-8B,Pentanoic acid,8,carboxylic acid,answer_correct,carboxylic acid,carboxylic acid,1,1, a carboxylic acid. Carboxy
deepseek-ai-DeepSeek-R1-Distill-Llama-8B,Pentanoic acid,9,carboxylic acid,answer_correct,carboxylic acid,carboxylic acid,1,1," the carboxylic acid group, which is"
deepseek-ai-DeepSeek-R1-Distill-Llama-8B,Hexanoic acid,0,carboxylic acid,answer_correct,carboxylic acid,carboxylic acid,1,1, of a carboxylic acid. Carbox
deepseek-ai-DeepSeek-R1-Distill-Llama-8B,Hexanoic acid,1,carboxylic acid,answer_correct,carboxylic acid,carboxylic acid,1,1," the carboxylic acid group, which is"
deepseek-ai-DeepSeek-R1-Distill-Llama-8B,Hexanoic acid,2,carboxylic acid,answer_correct,carboxylic acid,carboxylic acid,1,1, carboxylic acid. The structure is a
deepseek-ai-DeepSeek-R1-Distill-Llama-8B,Hexanoic acid,3,carboxylic acid,answer_correct,carboxylic acid,carboxylic acid,1,1, carboxylic acid group. Hexanoic
deepseek-ai-DeepSeek-R1-Distill-Llama-8B,Hexanoic acid,4,carboxylic acid,answer_correct,carboxylic acid,carboxylic acid,1,1," a carboxylic acid group, which is"
deepseek-ai-DeepSeek-R1-Distill-Llama-8B,Hexanoic acid,5,carboxylic acid,answer_correct,carboxylic acid,carboxylic acid,1,1, the carboxylic acid group. This group
deepseek-ai-DeepSeek-R1-Distill-Llama-8B,Hexanoic acid,6,carboxylic acid,answer_correct,carboxylic acid,carboxylic acid,1,1, carboxylic acid. Carboxylic
deepseek-ai-DeepSeek-R1-Distill-Llama-8B,Hexanoic acid,7,carboxylic acid,answer_correct,carboxylic acid,carboxylic acid,1,1, as a carboxylic acid. It is
deepseek-ai-DeepSeek-R1-Distill-Llama-8B,Hexanoic acid,8,carboxylic acid,answer_correct,carboxylic acid,carboxylic acid,1,1, a carboxylic acid. Carboxy
deepseek-ai-DeepSeek-R1-Distill-Llama-8B,Hexanoic acid,9,carboxylic acid,answer_correct,carboxylic acid,carboxylic acid,1,1," the carboxylic acid group, which is"
deepseek-ai-DeepSeek-R1-Distill-Llama-8B,Propan-1-amine,0,amine,non_answer,,,0,0, -NH2. The structure is CH2CH
deepseek-ai-DeepSeek-R1-Distill-Llama-8B,Propan-1-amine,1,amine,answer_correct,amine,amine,1,1," the amine group, which is a nitrogen atom"
deepseek-ai-DeepSeek-R1-Distill-Llama-8B,Propan-1-amine,2,amine,answer_correct,amine,amine,1,1, primary amine. The structure is CH2CH
deepseek-ai-DeepSeek-R1-Distill-Llama-8B,Propan-1-amine,3,amine,answer_correct,amine,amine,1,1, primary amine group. It is a colorless
deepseek-ai-DeepSeek-R1-Distill-Llama-8B,Propan-1-amine,4,amine,answer_correct,amine,amine,1,1," the amine group, which is a NH2"
deepseek-ai-DeepSeek-R1-Distill-Llama-8B,Propan-1-amine,5,amine,answer_correct,amine,amine,1,1, the amine group. Amines are bases
deepseek-ai-DeepSeek-R1-Distill-Llama-8B,Propan-1-amine,6,amine,answer_correct,amine,amine,1,1, primary amine. It has a structure where the
deepseek-ai-DeepSeek-R1-Distill-Llama-8B,Propan-1-amine,7,amine,answer_correct,amine,amine,1,1, as an amine. Amines are bases
deepseek-ai-DeepSeek-R1-Distill-Llama-8B,Propan-1-amine,8,amine,answer_correct,amine,amine,1,1," an amine, which is a nitrogen-containing functional"
deepseek-ai-DeepSeek-R1-Distill-Llama-8B,Propan-1-amine,9,amine,answer_correct,amine,amine,1,1, the primary amine group. The primary amine
deepseek-ai-DeepSeek-R1-Distill-Llama-8B,Butan-1-amine,0,amine,answer_correct,amine,amine,1,1, of an amine. Amines can undergo
deepseek-ai-DeepSeek-R1-Distill-Llama-8B,Butan-1-amine,1,amine,answer_correct,amine,amine,1,1," the amine group, which is a nitrogen atom"
deepseek-ai-DeepSeek-R1-Distill-Llama-8B,Butan-1-amine,2,amine,answer_correct,amine,amine,1,1, primary amine. The structure is CH2CH
deepseek-ai-DeepSeek-R1-Distill-Llama-8B,Butan-1-amine,3,amine,answer_correct,amine,amine,1,1, primary amine group. It has a straight chain
deepseek-ai-DeepSeek-R1-Distill-Llama-8B,Butan-1-amine,4,amine,answer_correct,amine,amine,1,1," an amine group, which is a functional group"
deepseek-ai-DeepSeek-R1-Distill-Llama-8B,Butan-1-amine,5,amine,answer_correct,amine,amine,1,1, the amine group. The structure of Butan
deepseek-ai-DeepSeek-R1-Distill-Llama-8B,Butan-1-amine,6,amine,answer_correct,amine,amine,1,1, primary amine. It has a structure where the
deepseek-ai-DeepSeek-R1-Distill-Llama-8B,Butan-1-amine,7,amine,answer_correct,amine,amine,1,1, as an amine. Amines are bases
deepseek-ai-DeepSeek-R1-Distill-Llama-8B,Butan-1-amine,8,amine,answer_correct,amine,amine,1,1," an amine, which is a nitrogen-containing functional"
deepseek-ai-DeepSeek-R1-Distill-Llama-8B,Butan-1-amine,9,amine,answer_correct,amine,amine,1,1, the primary amine group (-NH2). The
deepseek-ai-DeepSeek-R1-Distill-Llama-8B,Pentan-1-amine,0,amine,answer_correct,amine,amine,1,1, amine. Amines can undergo various reactions
deepseek-ai-DeepSeek-R1-Distill-Llama-8B,Pentan-1-amine,1,amine,answer_correct,amine,amine,1,1," an amine group, which is a nitrogen atom"
deepseek-ai-DeepSeek-R1-Distill-Llama-8B,Pentan-1-amine,2,amine,answer_correct,amine,amine,1,1, primary amine. The structure is a straight chain
deepseek-ai-DeepSeek-R1-Distill-Llama-8B,Pentan-1-amine,3,amine,answer_correct,amine,amine,1,1," primary amine group. It is a clear,"
deepseek-ai-DeepSeek-R1-Distill-Llama-8B,Pentan-1-amine,4,amine,answer_correct,amine,amine,1,1," an amine group, which is a functional group"
deepseek-ai-DeepSeek-R1-Distill-Llama-8B,Pentan-1-amine,5,amine,answer_correct,amine,amine,1,1, the amine group. Amines can react
deepseek-ai-DeepSeek-R1-Distill-Llama-8B,Pentan-1-amine,6,amine,answer_correct,amine,amine,1,1, primary amine. It has a total of 
deepseek-ai-DeepSeek-R1-Distill-Llama-8B,Pentan-1-amine,7,amine,answer_correct,amine,amine,1,1, as an amine. Amines are bases
deepseek-ai-DeepSeek-R1-Distill-Llama-8B,Pentan-1-amine,8,amine,answer_correct,amine,amine,1,1," an amine, which is a nitrogen-containing functional"
deepseek-ai-DeepSeek-R1-Distill-Llama-8B,Pentan-1-amine,9,amine,answer_correct,amine,amine,1,1, the primary amine group. The primary amine
deepseek-ai-DeepSeek-R1-Distill-Llama-8B,Hexan-1-amine,0,amine,answer_correct,amine,amine,1,1, of an amine. Amines can undergo
deepseek-ai-DeepSeek-R1-Distill-Llama-8B,Hexan-1-amine,1,amine,answer_correct,amine,amine,1,1," an amine group, which is a nitrogen-containing"
deepseek-ai-DeepSeek-R1-Distill-Llama-8B,Hexan-1-amine,2,amine,answer_correct,amine,amine,1,1, primary amine. The structure is a straight chain
deepseek-ai-DeepSeek-R1-Distill-Llama-8B,Hexan-1-amine,3,amine,answer_correct,amine,amine,1,1, primary amine group. It is a straight-chain
deepseek-ai-DeepSeek-R1-Distill-Llama-8B,Hexan-1-amine,4,amine,answer_correct,amine,amine,1,1," an amine group, which is a functional group"
deepseek-ai-DeepSeek-R1-Distill-Llama-8B,Hexan-1-amine,5,amine,answer_correct,amine,amine,1,1, the amine group. Amines can react
deepseek-ai-DeepSeek-R1-Distill-Llama-8B,Hexan-1-amine,6,amine,answer_correct,amine,amine,1,1, primary amine. It has a straight chain structure
deepseek-ai-DeepSeek-R1-Distill-Llama-8B,Hexan-1-amine,7,amine,answer_correct,amine,amine,1,1, as an amine. It is a primary am
deepseek-ai-DeepSeek-R1-Distill-Llama-8B,Hexan-1-amine,8,amine,answer_correct,amine,amine,1,1," an amine, which is a nitrogen-containing functional"
deepseek-ai-DeepSeek-R1-Distill-Llama-8B,Hexan-1-amine,9,amine,answer_correct,amine,amine,1,1, the primary amine group. The primary amine
deepseek-ai-DeepSeek-R1-Distill-Llama-8B,Propanenitrile,0,nitrile,answer_correct,nitrile,nitrile,1,1, nitrile. The structure is CH2CH
deepseek-ai-DeepSeek-R1-Distill-Llama-8B,Propanenitrile,1,nitrile,answer_correct,nitrile,nitrile,1,1, the nitrile group. Nitriles are
deepseek-ai-DeepSeek-R1-Distill-Llama-8B,Propanenitrile,2,nitrile,answer_correct,nitrile,nitrile,1,1, nitrile. The structure is CH2CH
deepseek-ai-DeepSeek-R1-Distill-Llama-8B,Propanenitrile,3,nitrile,answer_correct,nitrile,nitrile,1,1, nitrile group. Nitrile groups are
deepseek-ai-DeepSeek-R1-Distill-Llama-8B,Propanenitrile,4,nitrile,answer_correct,nitrile,nitrile,1,1," the nitrile group, which is a strong"
deepseek-ai-DeepSeek-R1-Distill-Llama-8B,Propanenitrile,5,nitrile,answer_correct,nitrile,nitrile,1,1, the nitrile group. The nitrile
deepseek-ai-DeepSeek-R1-Distill-Llama-8B,Propanenitrile,6,nitrile,answer_correct,nitrile,nitrile,1,1, nitrile. Nitriles are compounds that
deepseek-ai-DeepSeek-R1-Distill-Llama-8B,Propanenitrile,7,nitrile,answer_correct,nitrile,nitrile,1,1, as a nitrile. Nitriles are
deepseek-ai-DeepSeek-R1-Distill-Llama-8B,Propanenitrile,8,nitrile,answer_correct,nitrile,nitrile,1,1, an alkyne nitrile. It is
deepseek-ai-DeepSeek-R1-Distill-Llama-8B,Propanenitrile,9,nitrile,answer_correct,nitrile,nitrile,1,1, the nitrile group. The nitrile
deepseek-ai-DeepSeek-R1-Distill-Llama-8B,Butanenitrile,0,nitrile,answer_correct,nitrile,nitrile,1,1, nitrile. Nitriles can undergo various
deepseek-ai-DeepSeek-R1-Distill-Llama-8B,Butanenitrile,1,nitrile,answer_correct,nitrile,nitrile,1,1, the nitrile group. Nitriles are
deepseek-ai-DeepSeek-R1-Distill-Llama-8B,Butanenitrile,2,nitrile,answer_correct,nitrile,nitrile,1,1, nitrile. The structure is CH2CH
deepseek-ai-DeepSeek-R1-Distill-Llama-8B,Butanenitrile,3,nitrile,answer_correct,nitrile,nitrile,1,1, nitrile group. Nitrile groups are
deepseek-ai-DeepSeek-R1-Distill-Llama-8B,Butanenitrile,4,nitrile,answer_correct,nitrile,nitrile,1,1," the nitrile group, which is a functional"
deepseek-ai-DeepSeek-R1-Distill-Llama-8B,Butanenitrile,5,nitrile,answer_correct,nitrile,nitrile,1,1, the nitrile group. Nitrile groups
deepseek-ai-DeepSeek-R1-Distill-Llama-8B,Butanenitrile,6,nitrile,answer_correct,nitrile,nitrile,1,1, nitrile. Nitriles are compounds that
deepseek-ai-DeepSeek-R1-Distill-Llama-8B,Butanenitrile,7,nitrile,answer_correct,nitrile,nitrile,1,1, as a nitrile. Nitriles are
deepseek-ai-DeepSeek-R1-Distill-Llama-8B,Butanenitrile,8,nitrile,answer_correct,nitrile,nitrile,1,1, a nitrile group attached to a butane
deepseek-ai-DeepSeek-R1-Distill-Llama-8B,Butanenitrile,9,nitrile,answer_correct,nitrile,nitrile,1,1, the nitrile group. The nitrile
deepseek-ai-DeepSeek-R1-Distill-Llama-8B,Pentanenitrile,0,nitrile,answer_correct,nitrile,nitrile,1,1, nitrile. Nitrile groups are polar
deepseek-ai-DeepSeek-R1-Distill-Llama-8B,Pentanenitrile,1,nitrile,answer_correct,nitrile,nitrile,1,1, the nitrile group. Nitrile groups
deepseek-ai-DeepSeek-R1-Distill-Llama-8B,Pentanenitrile,2,nitrile,answer_correct,nitrile,nitrile,1,1, nitrile. The molecular formula is C5
deepseek-ai-DeepSeek-R1-Distill-Llama-8B,Pentanenitrile,3,nitrile,answer_correct,nitrile,nitrile,1,1, nitrile group. Nitrile groups are
deepseek-ai-DeepSeek-R1-Distill-Llama-8B,Pentanenitrile,4,nitrile,answer_correct,nitrile,nitrile,1,1," the nitrile group, which is a functional"
deepseek-ai-DeepSeek-R1-Distill-Llama-8B,Pentanenitrile,5,nitrile,answer_correct,nitrile,nitrile,1,1, the nitrile group. Nitrile groups
deepseek-ai-DeepSeek-R1-Distill-Llama-8B,Pentanenitrile,6,nitrile,answer_correct,nitrile,nitrile,1,1, nitrile. Nitriles are compounds that
deepseek-ai-DeepSeek-R1-Distill-Llama-8B,Pentanenitrile,7,nitrile,answer_correct,nitrile,nitrile,1,1, as a nitrile. Nitriles are
deepseek-ai-DeepSeek-R1-Distill-Llama-8B,Pentanenitrile,8,nitrile,answer_correct,nitrile,nitrile,1,1, a nitrile group. The structure is a
deepseek-ai-DeepSeek-R1-Distill-Llama-8B,Pentanenitrile,9,nitrile,answer_correct,nitrile,nitrile,1,1, the nitrile group. The nitrile
deepseek-ai-DeepSeek-R1-Distill-Llama-8B,Hexanenitrile,0,nitrile,answer_correct,nitrile,nitrile,1,1, nitrile. Nitrile groups are generally
deepseek-ai-DeepSeek-R1-Distill-Llama-8B,Hexanenitrile,1,nitrile,answer_correct,nitrile,nitrile,1,1," the nitrile group, which is a C"
deepseek-ai-DeepSeek-R1-Distill-Llama-8B,Hexanenitrile,2,nitrile,answer_correct,nitrile,nitrile,1,1, nitrile. The molecular formula is C10
deepseek-ai-DeepSeek-R1-Distill-Llama-8B,Hexanenitrile,3,nitrile,answer_correct,nitrile,nitrile,1,1, nitrile group. Nitrile groups are
deepseek-ai-DeepSeek-R1-Distill-Llama-8B,Hexanenitrile,4,nitrile,answer_correct,nitrile,nitrile,1,1," a nitrile group, which is a functional"
deepseek-ai-DeepSeek-R1-Distill-Llama-8B,Hexanenitrile,5,nitrile,answer_correct,nitrile,nitrile,1,1, the nitrile group. Nitrile groups
deepseek-ai-DeepSeek-R1-Distill-Llama-8B,Hexanenitrile,6,nitrile,answer_correct,nitrile,nitrile,1,1, nitrile. Nitriles are compounds that
deepseek-ai-DeepSeek-R1-Distill-Llama-8B,Hexanenitrile,7,nitrile,answer_correct,nitrile,nitrile,1,1, as a nitrile. Nitriles are
deepseek-ai-DeepSeek-R1-Distill-Llama-8B,Hexanenitrile,8,nitrile,answer_correct,nitrile,nitrile,1,1, a nitrile group. Nitrile groups
deepseek-ai-DeepSeek-R1-Distill-Llama-8B,Hexanenitrile,9,nitrile,answer_correct,nitrile,nitrile,1,1, the nitrile group. The nitrile
deepseek-ai-DeepSeek-R1-Distill-Llama-8B,Methyl ethanoate,0,ester,answer_correct,ester,ester,1,1, ester. Ester functional groups are typically found
deepseek-ai-DeepSeek-R1-Distill-Llama-8B,Methyl ethanoate,1,ester,answer_correct,ester,ester,1,1, the ester group. Ester groups are formed
deepseek-ai-DeepSeek-R1-Distill-Llama-8B,Methyl ethanoate,2,ester,answer_correct,ester,ester,1,1, ester. The structure is a carbonyl
deepseek-ai-DeepSeek-R1-Distill-Llama-8B,Methyl ethanoate,3,ester,answer_correct,ester,ester,1,1, methyl ester group. It is a type of
deepseek-ai-DeepSeek-R1-Distill-Llama-8B,Methyl ethanoate,4,ester,answer_correct,ester,ester,1,1," the ester group, which is a carbony"
deepseek-ai-DeepSeek-R1-Distill-Llama-8B,Methyl ethanoate,5,ester,answer_correct,ester,ester,1,1, the ester group. Ester groups have the
deepseek-ai-DeepSeek-R1-Distill-Llama-8B,Methyl ethanoate,6,ester,answer_correct,ester,esters,1,1, member of the esters. Esters are a
deepseek-ai-DeepSeek-R1-Distill-Llama-8B,Methyl ethanoate,7,ester,answer_correct,ester,ester,1,1, as an ester. Ester functional groups are
deepseek-ai-DeepSeek-R1-Distill-Llama-8B,Methyl ethanoate,8,ester,answer_correct,ester,ester,1,1, an ester. Ester functional groups have the
deepseek-ai-DeepSeek-R1-Distill-Llama-8B,Methyl ethanoate,9,ester,answer_correct,ester,ester,1,1, the ester group. Ester groups have the
deepseek-ai-DeepSeek-R1-Distill-Llama-8B,Methyl propanoate,0,ester,answer_correct,ester,ester,1,1,(s) ester. It is a carbox
deepseek-ai-DeepSeek-R1-Distill-Llama-8B,Methyl propanoate,1,ester,answer_correct,ester,ester,1,1, the ester group. Ester functional groups are
deepseek-ai-DeepSeek-R1-Distill-Llama-8B,Methyl propanoate,2,ester,answer_correct,ester,ester,1,1, ester. The structure is a carboxy
deepseek-ai-DeepSeek-R1-Distill-Llama-8B,Methyl propanoate,3,ester,answer_correct,ester,ester,1,1, methyl ester group. It is a type of
deepseek-ai-DeepSeek-R1-Distill-Llama-8B,Methyl propanoate,4,ester,answer_correct,ester,ester,1,1," the ester group, which is a carbony"
deepseek-ai-DeepSeek-R1-Distill-Llama-8B,Methyl propanoate,5,ester,answer_correct,ester,ester,1,1, the ester group. Ester functional groups are
deepseek-ai-DeepSeek-R1-Distill-Llama-8B,Methyl propanoate,6,ester,answer_correct,ester,ester,1,1, carboxylic acid ester. It is
deepseek-ai-DeepSeek-R1-Distill-Llama-8B,Methyl propanoate,7,ester,answer_correct,ester,ester,1,1, as an ester. Ester functional groups are
deepseek-ai-DeepSeek-R1-Distill-Llama-8B,Methyl propanoate,8,ester,answer_correct,ester,ester,1,1," an ester. So, the structure is CH"
deepseek-ai-DeepSeek-R1-Distill-Llama-8B,Methyl propanoate,9,ester,answer_correct,ester,ester,1,1, the ester group. Ester functional groups are
deepseek-ai-DeepSeek-R1-Distill-Llama-8B,Methyl butanoate,0,ester,answer_correct,ester,ester,1,1, ester. Ester functional groups are typically found
deepseek-ai-DeepSeek-R1-Distill-Llama-8B,Methyl butanoate,1,ester,answer_correct,ester,ester,1,1, the ester group. Ester functional groups are
deepseek-ai-DeepSeek-R1-Distill-Llama-8B,Methyl butanoate,2,ester,answer_correct,ester,ester,1,1, an ester. The structure is a carbox
deepseek-ai-DeepSeek-R1-Distill-Llama-8B,Methyl butanoate,3,ester,answer_correct,ester,ester,1,1, methyl ester group. It is a type of
deepseek-ai-DeepSeek-R1-Distill-Llama-8B,Methyl butanoate,4,ester,answer_correct,ester,ester,1,1, the ester group. Ester functional groups are
deepseek-ai-DeepSeek-R1-Distill-Llama-8B,Methyl butanoate,5,ester,answer_correct,ester,ester,1,1, the ester group. Ester functional groups are
deepseek-ai-DeepSeek-R1-Distill-Llama-8B,Methyl butanoate,6,ester,answer_correct,ester,ester,1,1, ester. Esters are typically formed from car
deepseek-ai-DeepSeek-R1-Distill-Llama-8B,Methyl butanoate,7,ester,answer_correct,ester,ester,1,1, as an ester. Ester functional groups are
deepseek-ai-DeepSeek-R1-Distill-Llama-8B,Methyl butanoate,8,ester,answer_correct,ester,ester,1,1," a ester. So, the structure is CH"
deepseek-ai-DeepSeek-R1-Distill-Llama-8B,Methyl butanoate,9,ester,answer_correct,ester,ester,1,1, the ester group. Ester groups are formed
deepseek-ai-DeepSeek-R1-Distill-Llama-8B,Methyl pentanoate,0,ester,answer_correct,ester,ester,1,1, ester. Ester functional groups are typically found
deepseek-ai-DeepSeek-R1-Distill-Llama-8B,Methyl pentanoate,1,ester,answer_correct,ester,ester,1,1, the ester group. Ester functional groups are
deepseek-ai-DeepSeek-R1-Distill-Llama-8B,Methyl pentanoate,2,ester,answer_correct,ester,ester,1,1, an ester. Ester functional groups are typically
deepseek-ai-DeepSeek-R1-Distill-Llama-8B,Methyl pentanoate,3,ester,answer_correct,ester,ester,1,1, methyl ester group. It is a type of
deepseek-ai-DeepSeek-R1-Distill-Llama-8B,Methyl pentanoate,4,ester,answer_correct,ester,ester,1,1," the ester group, which is a carbony"
deepseek-ai-DeepSeek-R1-Distill-Llama-8B,Methyl pentanoate,5,ester,answer_correct,ester,ester,1,1, the ester group. Ester functional groups are
deepseek-ai-DeepSeek-R1-Distill-Llama-8B,Methyl pentanoate,6,ester,answer_correct,ester,ester,1,1, carboxylic acid ester. Esters
deepseek-ai-DeepSeek-R1-Distill-Llama-8B,Methyl pentanoate,7,ester,answer_correct,ester,ester,1,1, as an ester. Ester functional groups are
deepseek-ai-DeepSeek-R1-Distill-Llama-8B,Methyl pentanoate,8,ester,answer_correct,ester,ester,1,1," a ester. So, the structure is a"
deepseek-ai-DeepSeek-R1-Distill-Llama-8B,Methyl pentanoate,9,ester,answer_correct,ester,ester,1,1, the ester group. Ester functional groups are
deepseek-ai-DeepSeek-R1-Distill-Llama-8B,Propan-2-one,0,ketone,answer_correct,ketone,ketone,1,1, of a ketone. The structure is a central
deepseek-ai-DeepSeek-R1-Distill-Llama-8B,Propan-2-one,1,ketone,answer_correct,ketone,ketone,1,1, the ketone group. The structure is a carb
deepseek-ai-DeepSeek-R1-Distill-Llama-8B,Propan-2-one,2,ketone,answer_correct,ketone,ketone,1,1, a ketone. The structure is a carbony
deepseek-ai-DeepSeek-R1-Distill-Llama-8B,Propan-2-one,3,ketone,answer_correct,ketone,ketone,1,1, ketone group. The structure is a central carbon
deepseek-ai-DeepSeek-R1-Distill-Llama-8B,Propan-2-one,4,ketone,answer_correct,ketone,ketone,1,1," the ketone group, which is a carbony"
deepseek-ai-DeepSeek-R1-Distill-Llama-8B,Propan-2-one,5,ketone,answer_correct,ketone,ketone,1,1, the ketone group. The structure of propan
deepseek-ai-DeepSeek-R1-Distill-Llama-8B,Propan-2-one,6,ketone,answer_correct,ketone,ketone,1,1, ketone. It has a carbonyl group
deepseek-ai-DeepSeek-R1-Distill-Llama-8B,Propan-2-one,7,ketone,answer_correct,ketone,ketone,1,1, as a ketone. The structure consists of a
deepseek-ai-DeepSeek-R1-Distill-Llama-8B,Propan-2-one,8,ketone,non_answer,,,0,0," given as:

Propan-2-one (CC"
deepseek-ai-DeepSeek-R1-Distill-Llama-8B,Propan-2-one,9,ketone,answer_correct,ketone,ketone,1,1, the ketone group. The structure is a central
deepseek-ai-DeepSeek-R1-Distill-Llama-8B,Butan-2-one,0,ketone,answer_correct,ketone,ketone,1,1, ketone. The structure is a four-carbon
deepseek-ai-DeepSeek-R1-Distill-Llama-8B,Butan-2-one,1,ketone,answer_correct,ketone,ketone,1,1, a ketone. The structure is a carbony
deepseek-ai-DeepSeek-R1-Distill-Llama-8B,Butan-2-one,2,ketone,answer_correct,ketone,ketone,1,1, ketone. The structure is a four-carbon
deepseek-ai-DeepSeek-R1-Distill-Llama-8B,Butan-2-one,3,ketone,answer_correct,ketone,ketone,1,1, ketone group. The structure is a four-car
deepseek-ai-DeepSeek-R1-Distill-Llama-8B,Butan-2-one,4,ketone,answer_correct,ketone,ketone,1,1," the ketone group, which absorbs in the range"
deepseek-ai-DeepSeek-R1-Distill-Llama-8B,Butan-2-one,5,ketone,answer_correct,ketone,ketone,1,1, the ketone group. The structure of Butan
deepseek-ai-DeepSeek-R1-Distill-Llama-8B,Butan-2-one,6,ketone,answer_correct,ketone,ketone,1,1, ketone. It has a carbonyl group
deepseek-ai-DeepSeek-R1-Distill-Llama-8B,Butan-2-one,7,ketone,answer_correct,ketone,ketone,1,1, as a ketone. The structure is a carb
deepseek-ai-DeepSeek-R1-Distill-Llama-8B,Butan-2-one,8,ketone,answer_correct,ketone,ketone,1,1," a ketone. So, the structure is a"
deepseek-ai-DeepSeek-R1-Distill-Llama-8B,Butan-2-one,9,ketone,answer_correct,ketone,ketone,1,1, the ketone group. The molecule has a total
deepseek-ai-DeepSeek-R1-Distill-Llama-8B,Pentan-2-one,0,ketone,answer_correct,ketone,ketone,1,1, ketone. The structure is a five-carbon
deepseek-ai-DeepSeek-R1-Distill-Llama-8B,Pentan-2-one,1,ketone,answer_correct,ketone,ketone,1,1, the ketone group. The molecule has a chain
deepseek-ai-DeepSeek-R1-Distill-Llama-8B,Pentan-2-one,2,ketone,answer_correct,ketone,ketone,1,1, ketone. The structure is a five-carbon
deepseek-ai-DeepSeek-R1-Distill-Llama-8B,Pentan-2-one,3,ketone,answer_correct,ketone,ketone,1,1, ketone group. The structure is a five-car
deepseek-ai-DeepSeek-R1-Distill-Llama-8B,Pentan-2-one,4,ketone,answer_correct,ketone,ketone,1,1," the ketone group, which absorbs in the range"
deepseek-ai-DeepSeek-R1-Distill-Llama-8B,Pentan-2-one,5,ketone,answer_correct,ketone,ketone,1,1, the ketone group. The structure of Pentan
deepseek-ai-DeepSeek-R1-Distill-Llama-8B,Pentan-2-one,6,ketone,answer_correct,ketone,ketone,1,1, ketone. It has a structure where a carb
deepseek-ai-DeepSeek-R1-Distill-Llama-8B,Pentan-2-one,7,ketone,answer_correct,ketone,ketone,1,1, as a ketone. The structure is a five
deepseek-ai-DeepSeek-R1-Distill-Llama-8B,Pentan-2-one,8,ketone,non_answer,,,0,0, given as (CH3)2CO. But
deepseek-ai-DeepSeek-R1-Distill-Llama-8B,Pentan-2-one,9,ketone,answer_correct,ketone,ketone,1,1, the ketone group. The molecule has a chain
deepseek-ai-DeepSeek-R1-Distill-Llama-8B,Hexan-2-one,0,ketone,answer_correct,ketone,ketone,1,1, ketone. The structure is a six-carbon
deepseek-ai-DeepSeek-R1-Distill-Llama-8B,Hexan-2-one,1,ketone,answer_correct,ketone,ketone,1,1, a ketone. The structure is a six-car
deepseek-ai-DeepSeek-R1-Distill-Llama-8B,Hexan-2-one,2,ketone,answer_correct,ketone,ketone,1,1, a ketone. The structure is a six-car
deepseek-ai-DeepSeek-R1-Distill-Llama-8B,Hexan-2-one,3,ketone,answer_correct,ketone,ketone,1,1, ketone group. The structure is a six-car
deepseek-ai-DeepSeek-R1-Distill-Llama-8B,Hexan-2-one,4,ketone,answer_correct,ketone,ketone,1,1, a ketone group. The structure is a six
deepseek-ai-DeepSeek-R1-Distill-Llama-8B,Hexan-2-one,5,ketone,answer_correct,ketone,ketone,1,1, a ketone group. The structure of Hexan
deepseek-ai-DeepSeek-R1-Distill-Llama-8B,Hexan-2-one,6,ketone,answer_correct,ketone,ketone,1,1, ketone. It has a carbonyl group
deepseek-ai-DeepSeek-R1-Distill-Llama-8B,Hexan-2-one,7,ketone,answer_correct,ketone,ketone,1,1, as a ketone. The structure is a six
deepseek-ai-DeepSeek-R1-Distill-Llama-8B,Hexan-2-one,8,ketone,answer_correct,ketone,ketone,1,1," a ketone. So, it's a carb"
deepseek-ai-DeepSeek-R1-Distill-Llama-8B,Hexan-2-one,9,ketone,answer_correct,ketone,ketone,1,1, the ketone group. The molecule is a straight
deepseek-ai-DeepSeek-R1-Distill-Llama-8B,Propanamide,0,amide,answer_wrong,carboxylic acid,carboxylic acid,0,0," of a carboxylic acid, but it"
deepseek-ai-DeepSeek-R1-Distill-Llama-8B,Propanamide,1,amide,answer_correct,amide,amide,1,1, the amide group. Amide groups are known
deepseek-ai-DeepSeek-R1-Distill-Llama-8B,Propanamide,2,amide,answer_correct,amide,amide,1,1, amide. The structure is CH2CH2
deepseek-ai-DeepSeek-R1-Distill-Llama-8B,Propanamide,3,amide,non_answer,,,0,0, carboxamide group. Carboxamides are
deepseek-ai-DeepSeek-R1-Distill-Llama-8B,Propanamide,4,amide,answer_correct,amide,amide,1,1," the amide group, which is present in many"
deepseek-ai-DeepSeek-R1-Distill-Llama-8B,Propanamide,5,amide,answer_correct,amide,amide,1,1, the amide group. The amide group is
deepseek-ai-DeepSeek-R1-Distill-Llama-8B,Propanamide,6,amide,answer_wrong,carboxylic acid,carboxylic acid,0,0, carboxylic acid derivative. It is a
deepseek-ai-DeepSeek-R1-Distill-Llama-8B,Propanamide,7,amide,non_answer,,,0,0," present. It has a carboxamide group,"
deepseek-ai-DeepSeek-R1-Distill-Llama-8B,Propanamide,8,amide,answer_correct,amide,amide,1,1, an amide. Amides are known to have
deepseek-ai-DeepSeek-R1-Distill-Llama-8B,Propanamide,9,amide,answer_correct,amide,amide,1,1, the amide group. The amide group consists
deepseek-ai-DeepSeek-R1-Distill-Llama-8B,Butanamide,0,amide,answer_correct,amide,amide,1,1, of an amide. The structure is similar to
deepseek-ai-DeepSeek-R1-Distill-Llama-8B,Butanamide,1,amide,answer_correct,amide,amide,1,1, the amide group. Amide groups are known
deepseek-ai-DeepSeek-R1-Distill-Llama-8B,Butanamide,2,amide,answer_correct,amide,amide,1,1, an amide. Amides have the structure R
deepseek-ai-DeepSeek-R1-Distill-Llama-8B,Butanamide,3,amide,answer_correct,amide,amide,1,1, tertiary amide group. The structure is such that
deepseek-ai-DeepSeek-R1-Distill-Llama-8B,Butanamide,4,amide,answer_correct,amide,amide,1,1," the amide group, which is present in the"
deepseek-ai-DeepSeek-R1-Distill-Llama-8B,Butanamide,5,amide,answer_correct,amide,amide,1,1, the amide group. Amide groups are known
deepseek-ai-DeepSeek-R1-Distill-Llama-8B,Butanamide,6,amide,answer_wrong,carboxylic acid,carboxylic acid,0,0, carboxylic acid derivative. It is a
deepseek-ai-DeepSeek-R1-Distill-Llama-8B,Butanamide,7,amide,non_answer,,,0,0, as a carboxamide. Carboxamides
deepseek-ai-DeepSeek-R1-Distill-Llama-8B,Butanamide,8,amide,answer_wrong,carboxylic acid,carboxylic acid,0,0, a carboxylic acid derivative. It is
deepseek-ai-DeepSeek-R1-Distill-Llama-8B,Butanamide,9,amide,answer_correct,amide,amide,1,1, the amide group. The amide group consists
deepseek-ai-DeepSeek-R1-Distill-Llama-8B,Pentanamide,0,amide,answer_correct,amide,amide,1,1, of an amide. The structure is a straight
deepseek-ai-DeepSeek-R1-Distill-Llama-8B,Pentanamide,1,amide,answer_correct,amide,amide,1,1, the amide group. Amide groups are known
deepseek-ai-DeepSeek-R1-Distill-Llama-8B,Pentanamide,2,amide,answer_correct,amide,amide,1,1, an amide. The structure is a straight chain
deepseek-ai-DeepSeek-R1-Distill-Llama-8B,Pentanamide,3,amide,answer_correct,amide,amide,1,1, primary amide group. The molecule has a straight
deepseek-ai-DeepSeek-R1-Distill-Llama-8B,Pentanamide,4,amide,answer_correct,amide,amide,1,1," the amide group, which is present in the"
deepseek-ai-DeepSeek-R1-Distill-Llama-8B,Pentanamide,5,amide,answer_correct,amide,amide,1,1, the amide group. Amide groups are known
deepseek-ai-DeepSeek-R1-Distill-Llama-8B,Pentanamide,6,amide,answer_wrong,carboxylic acid,carboxylic acid,0,0, carboxylic acid derivative. It is a
deepseek-ai-DeepSeek-R1-Distill-Llama-8B,Pentanamide,7,amide,answer_wrong,carboxylic acid,carboxylic acid,0,0, as a carboxylic acid derivative. It
deepseek-ai-DeepSeek-R1-Distill-Llama-8B,Pentanamide,8,amide,answer_correct,amide,amide,1,1, an amide. Amides have resonance structures where
deepseek-ai-DeepSeek-R1-Distill-Llama-8B,Pentanamide,9,amide,answer_correct,amide,amide,1,1, the amide group. The amide group consists
deepseek-ai-DeepSeek-R1-Distill-Llama-8B,Hexanamide,0,amide,answer_correct,amide,amide,1,1, of an amide. The structure is a straight
deepseek-ai-DeepSeek-R1-Distill-Llama-8B,Hexanamide,1,amide,answer_correct,amide,amide,1,1, the amide group. Amide groups are known
deepseek-ai-DeepSeek-R1-Distill-Llama-8B,Hexanamide,2,amide,answer_correct,amide,amide,1,1, an amide. Amides have resonance structures where
deepseek-ai-DeepSeek-R1-Distill-Llama-8B,Hexanamide,3,amide,underspecified,,,0,0, carbonyl group. Hexanamide is a
deepseek-ai-DeepSeek-R1-Distill-Llama-8B,Hexanamide,4,amide,non_answer,,,0,0," a CONH2 group, which is a primary"
deepseek-ai-DeepSeek-R1-Distill-Llama-8B,Hexanamide,5,amide,answer_correct,amide,amide,1,1, the amide group. Amide groups are known
deepseek-ai-DeepSeek-R1-Distill-Llama-8B,Hexanamide,6,amide,answer_wrong,carboxylic acid,carboxylic acid,0,0, carboxylic acid derivative. It is a
deepseek-ai-DeepSeek-R1-Distill-Llama-8B,Hexanamide,7,amide,non_answer,,,0,0, as a carboxamide. It is a type
deepseek-ai-DeepSeek-R1-Distill-Llama-8B,Hexanamide,8,amide,answer_correct,amide,amide,1,1, an amide. Amides are known to have
deepseek-ai-DeepSeek-R1-Distill-Llama-8B,Hexanamide,9,amide,answer_correct,amide,amide,1,1, the amide group. The amide group consists
deepseek-ai-DeepSeek-R1-Distill-Llama-8B,1-Chloropropane,0,alkyl chloride,non_answer,,,0,0, chloroalkane. It is a primary alk
deepseek-ai-DeepSeek-R1-Distill-Llama-8B,1-Chloropropane,1,alkyl chloride,non_answer,,,0,0, a chloroalkane. Chloroalkanes
deepseek-ai-DeepSeek-R1-Distill-Llama-8B,1-Chloropropane,2,alkyl chloride,underspecified,,,0,0, an alkyl halide. The structure is CH
deepseek-ai-DeepSeek-R1-Distill-Llama-8B,1-Chloropropane,3,alkyl chloride,answer_correct,alkyl chloride,chlorine,1,1, chlorine atom attached to a propane chain. It is
deepseek-ai-DeepSeek-R1-Distill-Llama-8B,1-Chloropropane,4,alkyl chloride,answer_correct,alkyl chloride,alkyl chloride,1,1, an alkyl chloride. The structure is CH2
deepseek-ai-DeepSeek-R1-Distill-Llama-8B,1-Chloropropane,5,alkyl chloride,answer_correct,alkyl chloride,alkyl chloride,1,1, the alkyl chloride group. The molecule consists of
deepseek-ai-DeepSeek-R1-Distill-Llama-8B,1-Chloropropane,6,alkyl chloride,underspecified,,,0,0, member of the alkyl halides. Alk
deepseek-ai-DeepSeek-R1-Distill-Llama-8B,1-Chloropropane,7,alkyl chloride,answer_correct,alkyl chloride,alkyl chloride,1,1, as an alkyl chloride. It is a primary
deepseek-ai-DeepSeek-R1-Distill-Llama-8B,1-Chloropropane,8,alkyl chloride,answer_correct,alkyl chloride,alkyl chloride,1,1, an alkyl chloride. Alkyl chlorides
deepseek-ai-DeepSeek-R1-Distill-Llama-8B,1-Chloropropane,9,alkyl chloride,answer_correct,alkyl chloride,alkyl chloride,1,1, the alkyl chloride. The structure is a central
deepseek-ai-DeepSeek-R1-Distill-Llama-8B,1-Chlorobutane,0,alkyl chloride,non_answer,,,0,0, chloroalkane. It is a primary alk
deepseek-ai-DeepSeek-R1-Distill-Llama-8B,1-Chlorobutane,1,alkyl chloride,non_answer,,,0,0, a chloroalkane. Chloroalkanes
deepseek-ai-DeepSeek-R1-Distill-Llama-8B,1-Chlorobutane,2,alkyl chloride,underspecified,,,0,0, an alkyl halide. The structure is CH
deepseek-ai-DeepSeek-R1-Distill-Llama-8B,1-Chlorobutane,3,alkyl chloride,answer_correct,alkyl chloride,chlorine,1,1, chlorine atom attached to a butane chain. The
deepseek-ai-DeepSeek-R1-Distill-Llama-8B,1-Chlorobutane,4,alkyl chloride,answer_correct,alkyl chloride,alkyl chloride,1,1, an alkyl chloride. The structure is a straight
deepseek-ai-DeepSeek-R1-Distill-Llama-8B,1-Chlorobutane,5,alkyl chloride,answer_correct,alkyl chloride,alkyl chloride,1,1, the alkyl chloride group. This group is known
deepseek-ai-DeepSeek-R1-Distill-Llama-8B,1-Chlorobutane,6,alkyl chloride,underspecified,,,0,0, primary alkyl halide. It has a structure
deepseek-ai-DeepSeek-R1-Distill-Llama-8B,1-Chlorobutane,7,alkyl chloride,underspecified,,,0,0, as an alkyl halide. It is a
deepseek-ai-DeepSeek-R1-Distill-Llama-8B,1-Chlorobutane,8,alkyl chloride,answer_correct,alkyl chloride,alkyl chloride,1,1, an alkyl chloride. Alkyl chlorides
deepseek-ai-DeepSeek-R1-Distill-Llama-8B,1-Chlorobutane,9,alkyl chloride,answer_correct,alkyl chloride,alkyl chloride,1,1, the alkyl chloride. The structure is a central
deepseek-ai-DeepSeek-R1-Distill-Llama-8B,1-Chloropentane,0,alkyl chloride,answer_correct,alkyl chloride,chloro,1,1," chloro, which is a type of alkyl"
deepseek-ai-DeepSeek-R1-Distill-Llama-8B,1-Chloropentane,1,alkyl chloride,underspecified,,,0,0, the alkyl group. The molecule consists of a
deepseek-ai-DeepSeek-R1-Distill-Llama-8B,1-Chloropentane,2,alkyl chloride,underspecified,,,0,0, an alkyl halide. The structure is a
deepseek-ai-DeepSeek-R1-Distill-Llama-8B,1-Chloropentane,3,alkyl chloride,answer_correct,alkyl chloride,chlorine,1,1, chlorine atom attached to a pentane chain. The
deepseek-ai-DeepSeek-R1-Distill-Llama-8B,1-Chloropentane,4,alkyl chloride,answer_correct,alkyl chloride,alkyl chloride,1,1, an alkyl chloride. The presence of the alk
deepseek-ai-DeepSeek-R1-Distill-Llama-8B,1-Chloropentane,5,alkyl chloride,answer_correct,alkyl chloride,alkyl chloride,1,1, the alkyl chloride group. The molecule consists of
deepseek-ai-DeepSeek-R1-Distill-Llama-8B,1-Chloropentane,6,alkyl chloride,answer_wrong,none (alkane),alkane,0,0, chlorinated alkane. It has a central carbon
deepseek-ai-DeepSeek-R1-Distill-Llama-8B,1-Chloropentane,7,alkyl chloride,answer_correct,alkyl chloride,alkyl chloride,1,1, as an alkyl chloride. It is a primary
deepseek-ai-DeepSeek-R1-Distill-Llama-8B,1-Chloropentane,8,alkyl chloride,answer_correct,alkyl chloride,alkyl chloride,1,1, an alkyl chloride. Alkyl chlorides
deepseek-ai-DeepSeek-R1-Distill-Llama-8B,1-Chloropentane,9,alkyl chloride,answer_correct,alkyl chloride,alkyl chloride,1,1, the alkyl chloride. The structure is a central
deepseek-ai-DeepSeek-R1-Distill-Llama-8B,1-Chlorohexane,0,alkyl chloride,non_answer,,,0,0, of a chloroalkane. It is a
deepseek-ai-DeepSeek-R1-Distill-Llama-8B,1-Chlorohexane,1,alkyl chloride,non_answer,,,0,0," a chloroalkane, which is a type"
deepseek-ai-DeepSeek-R1-Distill-Llama-8B,1-Chlorohexane,2,alkyl chloride,underspecified,,,0,0, an alkyl halide. The structure is a
deepseek-ai-DeepSeek-R1-Distill-Llama-8B,1-Chlorohexane,3,alkyl chloride,answer_correct,alkyl chloride,chlorine,1,1, chlorine atom attached to a hexane chain. It
deepseek-ai-DeepSeek-R1-Distill-Llama-8B,1-Chlorohexane,4,alkyl chloride,answer_correct,alkyl chloride,alkyl chloride,1,1, an alkyl chloride. The functional group is a
deepseek-ai-DeepSeek-R1-Distill-Llama-8B,1-Chlorohexane,5,alkyl chloride,answer_correct,alkyl chloride,alkyl chloride,1,1, the alkyl chloride group. The structure of 
deepseek-ai-DeepSeek-R1-Distill-Llama-8B,1-Chlorohexane,6,alkyl chloride,underspecified,,,0,0, member of the alkyl halides. Alk
deepseek-ai-DeepSeek-R1-Distill-Llama-8B,1-Chlorohexane,7,alkyl chloride,answer_correct,alkyl chloride,alkyl chloride,1,1, as an alkyl chloride. It is a primary
deepseek-ai-DeepSeek-R1-Distill-Llama-8B,1-Chlorohexane,8,alkyl chloride,answer_correct,alkyl chloride,alkyl chloride,1,1, an alkyl chloride. Alkyl chlorides
deepseek-ai-DeepSeek-R1-Distill-Llama-8B,1-Chlorohexane,9,alkyl chloride,answer_correct,alkyl chloride,alkyl chloride,1,1, the alkyl chloride. The structure is a hex
deepseek-ai-DeepSeek-R1-Distill-Llama-8B,1-Fluoropropane,0,alkyl fluoride,answer_wrong,thiol,thiol,0,0," of a thiol (-SH) group, which"
deepseek-ai-DeepSeek-R1-Distill-Llama-8B,1-Fluoropropane,1,alkyl fluoride,answer_correct,alkyl fluoride,Fluorine,1,1, the C-Fluorine bond. The
deepseek-ai-DeepSeek-R1-Distill-Llama-8B,1-Fluoropropane,2,alkyl fluoride,answer_wrong,none (alkane),alkane,0,0, an alkane. Alkanes have the general
deepseek-ai-DeepSeek-R1-Distill-Llama-8B,1-Fluoropropane,3,alkyl fluoride,non_answer,,,0,0, fluorinated carbon chain. It is a highly reactive
deepseek-ai-DeepSeek-R1-Distill-Llama-8B,1-Fluoropropane,4,alkyl fluoride,non_answer,,,0,0, the C-F bond. The C-F bond has
deepseek-ai-DeepSeek-R1-Distill-Llama-8B,1-Fluoropropane,5,alkyl fluoride,non_answer,,,0,1, the C-F bond. Fluorine has a
deepseek-ai-DeepSeek-R1-Distill-Llama-8B,1-Fluoropropane,6,alkyl fluoride,underspecified,,,0,0, member of the alkyl halides. Alk
deepseek-ai-DeepSeek-R1-Distill-Llama-8B,1-Fluoropropane,7,alkyl fluoride,underspecified,,,0,0, as an alkyl halide. It is a
deepseek-ai-DeepSeek-R1-Distill-Llama-8B,1-Fluoropropane,8,alkyl fluoride,non_answer,,,0,0, C3F7. The structure is a central
deepseek-ai-DeepSeek-R1-Distill-Llama-8B,1-Fluoropropane,9,alkyl fluoride,answer_wrong,none (alkane),alkane,0,0, the fluorinated alkane. The molecule consists of
deepseek-ai-DeepSeek-R1-Distill-Llama-8B,1-Fluorobutane,0,alkyl fluoride,underspecified,,,0,0, of a substituted alkyl halide. The structure
deepseek-ai-DeepSeek-R1-Distill-Llama-8B,1-Fluorobutane,1,alkyl fluoride,underspecified,,,0,0, the alkyl group. The molecule consists of a
deepseek-ai-DeepSeek-R1-Distill-Llama-8B,1-Fluorobutane,2,alkyl fluoride,underspecified,,,0,0, an alkyl halide. The structure is CH
deepseek-ai-DeepSeek-R1-Distill-Llama-8B,1-Fluorobutane,3,alkyl fluoride,underspecified,,,0,0, fluorinated alkyl group. It is a derivative
deepseek-ai-DeepSeek-R1-Distill-Llama-8B,1-Fluorobutane,4,alkyl fluoride,underspecified,,,0,0, an alkyl halide. The structure is CH
deepseek-ai-DeepSeek-R1-Distill-Llama-8B,1-Fluorobutane,5,alkyl fluoride,underspecified,,,0,0, the alkyl group. The molecule consists of a
deepseek-ai-DeepSeek-R1-Distill-Llama-8B,1-Fluorobutane,6,alkyl fluoride,underspecified,,,0,0, member of the alkyl halides. Alk
deepseek-ai-DeepSeek-R1-Distill-Llama-8B,1-Fluorobutane,7,alkyl fluoride,underspecified,,,0,0, as an alkyl halide. It is a
deepseek-ai-DeepSeek-R1-Distill-Llama-8B,1-Fluorobutane,8,alkyl fluoride,underspecified,,,0,0, such that it's a primary alkyl halide
deepseek-ai-DeepSeek-R1-Distill-Llama-8B,1-Fluorobutane,9,alkyl fluoride,answer_correct,alkyl fluoride,fluorine,1,1, the fluorine atom. The molecule is an alk
deepseek-ai-DeepSeek-R1-Distill-Llama-8B,1-Fluoropentane,0,alkyl fluoride,answer_wrong,none (alkane),alkane,0,0, of a fluorinated alkane. The molecule is
deepseek-ai-DeepSeek-R1-Distill-Llama-8B,1-Fluoropentane,1,alkyl fluoride,underspecified,,,0,0, the alkyl group. The molecule consists of a
deepseek-ai-DeepSeek-R1-Distill-Llama-8B,1-Fluoropentane,2,alkyl fluoride,underspecified,,,0,0, an alkyl halide. The structure is a
deepseek-ai-DeepSeek-R1-Distill-Llama-8B,1-Fluoropentane,3,alkyl fluoride,answer_correct,alkyl fluoride,fluorine,1,1, fluorine atom. It is a structural isomer
deepseek-ai-DeepSeek-R1-Distill-Llama-8B,1-Fluoropentane,4,alkyl fluoride,underspecified,,,0,0, an alkyl group. The structure is a straight
deepseek-ai-DeepSeek-R1-Distill-Llama-8B,1-Fluoropentane,5,alkyl fluoride,non_answer,,,0,0, the C-F bond. The molecule consists of a
deepseek-ai-DeepSeek-R1-Distill-Llama-8B,1-Fluoropentane,6,alkyl fluoride,underspecified,,,0,0, member of the alkyl halides. Alk
deepseek-ai-DeepSeek-R1-Distill-Llama-8B,1-Fluoropentane,7,alkyl fluoride,underspecified,,,0,0, as an alkyl halide. It is a
deepseek-ai-DeepSeek-R1-Distill-Llama-8B,1-Fluoropentane,8,alkyl fluoride,underspecified,,,0,0, a primary alkyl halide. It has a
deepseek-ai-DeepSeek-R1-Distill-Llama-8B,1-Fluoropentane,9,alkyl fluoride,answer_correct,alkyl fluoride,fluorine,1,1, the fluorine atom. The molecule is an alk
deepseek-ai-DeepSeek-R1-Distill-Llama-8B,1-Fluorohexane,0,alkyl fluoride,answer_wrong,none (alkane),alkane,0,0, of a fluorinated alkane. The structure is
deepseek-ai-DeepSeek-R1-Distill-Llama-8B,1-Fluorohexane,1,alkyl fluoride,underspecified,,,0,0, the alkyl group. The molecule consists of a
deepseek-ai-DeepSeek-R1-Distill-Llama-8B,1-Fluorohexane,2,alkyl fluoride,underspecified,,,0,0, an alkyl halide. The structure is a
deepseek-ai-DeepSeek-R1-Distill-Llama-8B,1-Fluorohexane,3,alkyl fluoride,non_answer,,,0,0, fluorinated carbon chain. It is a saturated hydro
deepseek-ai-DeepSeek-R1-Distill-Llama-8B,1-Fluorohexane,4,alkyl fluoride,underspecified,,,0,0, an alkyl halide. The structure is a
deepseek-ai-DeepSeek-R1-Distill-Llama-8B,1-Fluorohexane,5,alkyl fluoride,underspecified,,,0,0, the alkyl group. The molecule consists of a
deepseek-ai-DeepSeek-R1-Distill-Llama-8B,1-Fluorohexane,6,alkyl fluoride,underspecified,,,0,0, member of the alkyl halides. Alk
deepseek-ai-DeepSeek-R1-Distill-Llama-8B,1-Fluorohexane,7,alkyl fluoride,underspecified,,,0,0, as an alkyl halide. It is a
deepseek-ai-DeepSeek-R1-Distill-Llama-8B,1-Fluorohexane,8,alkyl fluoride,underspecified,,,0,0, an alkyl halide. Alkyl hal
deepseek-ai-DeepSeek-R1-Distill-Llama-8B,1-Fluorohexane,9,alkyl fluoride,answer_correct,alkyl fluoride,fluorine,1,1, the fluorine atom. The molecule is an alk
deepseek-ai-DeepSeek-R1-Distill-Llama-8B,1-Bromopropane,0,alkyl bromide,answer_correct,alkyl bromide,bromide,1,1, of a primary bromide. The structure is CH
deepseek-ai-DeepSeek-R1-Distill-Llama-8B,1-Bromopropane,1,alkyl bromide,answer_correct,alkyl bromide,alkyl bromide,1,1, the alkyl bromide functional group. The molecule
deepseek-ai-DeepSeek-R1-Distill-Llama-8B,1-Bromopropane,2,alkyl bromide,answer_correct,alkyl bromide,alkyl bromide,1,1, an alkyl bromide. The structure is CH
deepseek-ai-DeepSeek-R1-Distill-Llama-8B,1-Bromopropane,3,alkyl bromide,non_answer,,,0,0, central carbon connected to three other carbons and a
deepseek-ai-DeepSeek-R1-Distill-Llama-8B,1-Bromopropane,4,alkyl bromide,answer_correct,alkyl bromide,alkyl bromide,1,1, an alkyl bromide. The structure is CH
deepseek-ai-DeepSeek-R1-Distill-Llama-8B,1-Bromopropane,5,alkyl bromide,answer_correct,alkyl bromide,alkyl bromide,1,1, the alkyl bromide functional group. The structure
deepseek-ai-DeepSeek-R1-Distill-Llama-8B,1-Bromopropane,6,alkyl bromide,answer_correct,alkyl bromide,alkyl bromide,1,1, primary alkyl bromide. It has a structure
deepseek-ai-DeepSeek-R1-Distill-Llama-8B,1-Bromopropane,7,alkyl bromide,answer_correct,alkyl bromide,alkyl bromide,1,1, as an alkyl bromide. It is a
deepseek-ai-DeepSeek-R1-Distill-Llama-8B,1-Bromopropane,8,alkyl bromide,non_answer,,,0,0, such that it can undergo elimination reactions to form al
deepseek-ai-DeepSeek-R1-Distill-Llama-8B,1-Bromopropane,9,alkyl bromide,answer_correct,alkyl bromide,alkyl bromide,1,1, the alkyl bromide. The structure is CH
deepseek-ai-DeepSeek-R1-Distill-Llama-8B,1-Bromobutane,0,alkyl bromide,answer_correct,alkyl bromide,alkyl bromide,1,1, alkyl bromide. It is a primary alk
deepseek-ai-DeepSeek-R1-Distill-Llama-8B,1-Bromobutane,1,alkyl bromide,answer_correct,alkyl bromide,alkyl bromide,1,1, the alkyl bromide group. The molecule consists
deepseek-ai-DeepSeek-R1-Distill-Llama-8B,1-Bromobutane,2,alkyl bromide,answer_correct,alkyl bromide,alkyl bromide,1,1, an alkyl bromide. The structure is CH
deepseek-ai-DeepSeek-R1-Distill-Llama-8B,1-Bromobutane,3,alkyl bromide,non_answer,,,0,0, central carbon connected to four different groups: a methyl
deepseek-ai-DeepSeek-R1-Distill-Llama-8B,1-Bromobutane,4,alkyl bromide,answer_correct,alkyl bromide,alkyl bromide,1,1, an alkyl bromide. The structure is a
deepseek-ai-DeepSeek-R1-Distill-Llama-8B,1-Bromobutane,5,alkyl bromide,answer_correct,alkyl bromide,alkyl bromide,1,1, the alkyl bromide functional group. This functional
deepseek-ai-DeepSeek-R1-Distill-Llama-8B,1-Bromobutane,6,alkyl bromide,answer_correct,alkyl bromide,alkyl bromide,1,1, primary alkyl bromide. It has a brom
deepseek-ai-DeepSeek-R1-Distill-Llama-8B,1-Bromobutane,7,alkyl bromide,answer_correct,alkyl bromide,alkyl bromide,1,1, as an alkyl bromide. It is a
deepseek-ai-DeepSeek-R1-Distill-Llama-8B,1-Bromobutane,8,alkyl bromide,answer_correct,alkyl bromide,alkyl bromide,1,1, an alkyl bromide. Alkyl brom
deepseek-ai-DeepSeek-R1-Distill-Llama-8B,1-Bromobutane,9,alkyl bromide,answer_correct,alkyl bromide,alkyl bromide,1,1, the alkyl bromide. The structure consists of
deepseek-ai-DeepSeek-R1-Distill-Llama-8B,1-Bromopentane,0,alkyl bromide,answer_correct,alkyl bromide,alkyl bromide,1,1, alkyl bromide. It is a primary alk
deepseek-ai-DeepSeek-R1-Distill-Llama-8B,1-Bromopentane,1,alkyl bromide,answer_correct,alkyl bromide,alkyl bromide,1,1, the alkyl bromide group. The molecule consists
deepseek-ai-DeepSeek-R1-Distill-Llama-8B,1-Bromopentane,2,alkyl bromide,answer_correct,alkyl bromide,alkyl bromide,1,1, an alkyl bromide. The structure is a
deepseek-ai-DeepSeek-R1-Distill-Llama-8B,1-Bromopentane,3,alkyl bromide,answer_correct,alkyl bromide,bromide,1,1, primary bromide group. It is a straight-chain
deepseek-ai-DeepSeek-R1-Distill-Llama-8B,1-Bromopentane,4,alkyl bromide,answer_correct,alkyl bromide,alkyl bromide,1,1, an alkyl bromide. The structure is a
deepseek-ai-DeepSeek-R1-Distill-Llama-8B,1-Bromopentane,5,alkyl bromide,answer_correct,alkyl bromide,alkyl bromide,1,1, the alkyl bromide functional group. This functional
deepseek-ai-DeepSeek-R1-Distill-Llama-8B,1-Bromopentane,6,alkyl bromide,answer_correct,alkyl bromide,alkyl bromide,1,1, primary alkyl bromide. It has a structure
deepseek-ai-DeepSeek-R1-Distill-Llama-8B,1-Bromopentane,7,alkyl bromide,answer_correct,alkyl bromide,alkyl bromide,1,1, as an alkyl bromide. It is a
deepseek-ai-DeepSeek-R1-Distill-Llama-8B,1-Bromopentane,8,alkyl bromide,answer_correct,alkyl bromide,alkyl bromide,1,1, an alkyl bromide. Alkyl brom
deepseek-ai-DeepSeek-R1-Distill-Llama-8B,1-Bromopentane,9,alkyl bromide,answer_correct,alkyl bromide,alkyl bromide,1,1, the alkyl bromide. The structure consists of
deepseek-ai-DeepSeek-R1-Distill-Llama-8B,1-Bromohexane,0,alkyl bromide,answer_correct,alkyl bromide,alkyl bromide,1,1, of an alkyl bromide. The structure is
deepseek-ai-DeepSeek-R1-Distill-Llama-8B,1-Bromohexane,1,alkyl bromide,answer_correct,alkyl bromide,alkyl bromide,1,1, the alkyl bromide group. The molecule consists
deepseek-ai-DeepSeek-R1-Distill-Llama-8B,1-Bromohexane,2,alkyl bromide,answer_correct,alkyl bromide,alkyl bromide,1,1, an alkyl bromide. The structure is a
deepseek-ai-DeepSeek-R1-Distill-Llama-8B,1-Bromohexane,3,alkyl bromide,non_answer,,,0,0, central carbon (C2) connected to two CH
deepseek-ai-DeepSeek-R1-Distill-Llama-8B,1-Bromohexane,4,alkyl bromide,answer_correct,alkyl bromide,alkyl bromide,1,1, an alkyl bromide. The structure is a
deepseek-ai-DeepSeek-R1-Distill-Llama-8B,1-Bromohexane,5,alkyl bromide,answer_correct,alkyl bromide,alkyl bromide,1,1, the alkyl bromide functional group. This functional
deepseek-ai-DeepSeek-R1-Distill-Llama-8B,1-Bromohexane,6,alkyl bromide,answer_correct,alkyl bromide,alkyl bromide,1,1, primary alkyl bromide. It has a brom
deepseek-ai-DeepSeek-R1-Distill-Llama-8B,1-Bromohexane,7,alkyl bromide,answer_correct,alkyl bromide,alkyl bromide,1,1, as an alkyl bromide. It is a
deepseek-ai-DeepSeek-R1-Distill-Llama-8B,1-Bromohexane,8,alkyl bromide,answer_correct,alkyl bromide,alkyl bromide,1,1, an alkyl bromide. Alkyl brom
deepseek-ai-DeepSeek-R1-Distill-Llama-8B,1-Bromohexane,9,alkyl bromide,answer_correct,alkyl bromide,alkyl bromide,1,1, the alkyl bromide. The structure is a
deepseek-ai-DeepSeek-R1-Distill-Llama-8B,1-Iodopropane,0,alkyl iodide,non_answer,,,0,0, -CH2-I. The structure is CH2
deepseek-ai-DeepSeek-R1-Distill-Llama-8B,1-Iodopropane,1,alkyl iodide,underspecified,,,0,0, the alkyl group. The molecule consists of a
deepseek-ai-DeepSeek-R1-Distill-Llama-8B,1-Iodopropane,2,alkyl iodide,underspecified,,,0,0, an alkyl halide. The structure is CH
deepseek-ai-DeepSeek-R1-Distill-Llama-8B,1-Iodopropane,3,alkyl iodide,non_answer,,,0,0, central carbon connected to three other carbons and one
deepseek-ai-DeepSeek-R1-Distill-Llama-8B,1-Iodopropane,4,alkyl iodide,non_answer,,,0,0, the presence of a methyl group attached to an iod
deepseek-ai-DeepSeek-R1-Distill-Llama-8B,1-Iodopropane,5,alkyl iodide,answer_correct,alkyl iodide,alkyl iodide,1,1, the alkyl iodide functional group. The structure
deepseek-ai-DeepSeek-R1-Distill-Llama-8B,1-Iodopropane,6,alkyl iodide,underspecified,,,0,0, member of the alkyl halides. Alk
deepseek-ai-DeepSeek-R1-Distill-Llama-8B,1-Iodopropane,7,alkyl iodide,non_answer,,,0,0, present in the molecule. CCCI is an alk
deepseek-ai-DeepSeek-R1-Distill-Llama-8B,1-Iodopropane,8,alkyl iodide,non_answer,,,0,0, C3H7I. The structure is CH
deepseek-ai-DeepSeek-R1-Distill-Llama-8B,1-Iodopropane,9,alkyl iodide,answer_correct,alkyl iodide,alkyl iodide,1,1, the alkyl iodide. The iodine is
deepseek-ai-DeepSeek-R1-Distill-Llama-8B,1-Iodobutane,0,alkyl iodide,underspecified,,,0,0, of an alkyl halide. It is a
deepseek-ai-DeepSeek-R1-Distill-Llama-8B,1-Iodobutane,1,alkyl iodide,answer_correct,alkyl iodide,alkyl iodide,1,1, the alkyl iodide functional group. The structure
deepseek-ai-DeepSeek-R1-Distill-Llama-8B,1-Iodobutane,2,alkyl iodide,underspecified,,,0,0, an alkyl halide. The structure is CH
deepseek-ai-DeepSeek-R1-Distill-Llama-8B,1-Iodobutane,3,alkyl iodide,non_answer,,,0,0, central carbon connected to four different groups: a methyl
deepseek-ai-DeepSeek-R1-Distill-Llama-8B,1-Iodobutane,4,alkyl iodide,non_answer,,,0,1, the C-I bond. The presence of iodine
deepseek-ai-DeepSeek-R1-Distill-Llama-8B,1-Iodobutane,5,alkyl iodide,answer_correct,alkyl iodide,alkyl iodide,1,1, the alkyl iodide functional group. This functional
deepseek-ai-DeepSeek-R1-Distill-Llama-8B,1-Iodobutane,6,alkyl iodide,underspecified,,,0,0, primary alkyl halide. It is a type
deepseek-ai-DeepSeek-R1-Distill-Llama-8B,1-Iodobutane,7,alkyl iodide,underspecified,,,0,0, as an alkyl halide. It is a
deepseek-ai-DeepSeek-R1-Distill-Llama-8B,1-Iodobutane,8,alkyl iodide,answer_correct,alkyl iodide,alkyl iodide,1,1," an alkyl iodide, which is a type"
deepseek-ai-DeepSeek-R1-Distill-Llama-8B,1-Iodobutane,9,alkyl iodide,answer_correct,alkyl iodide,iodine,1,1, the iodine atom. The molecule is an alk
deepseek-ai-DeepSeek-R1-Distill-Llama-8B,1-Iodopentane,0,alkyl iodide,malformed,,,0,0," of a primary alcohol, but wait, no,"
deepseek-ai-DeepSeek-R1-Distill-Llama-8B,1-Iodopentane,1,alkyl iodide,underspecified,,,0,0, the alkyl group. The molecule consists of a
deepseek-ai-DeepSeek-R1-Distill-Llama-8B,1-Iodopentane,2,alkyl iodide,answer_correct,alkyl iodide,alkyl iodide,1,1, an alkyl iodide. The structure is a
deepseek-ai-DeepSeek-R1-Distill-Llama-8B,1-Iodopentane,3,alkyl iodide,answer_correct,alkyl iodide,iodine,1,1, straight chain of five carbon atoms with an iodine
deepseek-ai-DeepSeek-R1-Distill-Llama-8B,1-Iodopentane,4,alkyl iodide,answer_correct,alkyl iodide,iodine,1,1, the presence of an iodine atom. The structure
deepseek-ai-DeepSeek-R1-Distill-Llama-8B,1-Iodopentane,5,alkyl iodide,answer_correct,alkyl iodide,alkyl iodide,1,1, the alkyl iodide functional group. The structure
deepseek-ai-DeepSeek-R1-Distill-Llama-8B,1-Iodopentane,6,alkyl iodide,answer_correct,alkyl iodide,alkyl iodides,1,1, member of the alkyl iodides. Alk
deepseek-ai-DeepSeek-R1-Distill-Llama-8B,1-Iodopentane,7,alkyl iodide,underspecified,,,0,0, as an alkyl halide. It is a
deepseek-ai-DeepSeek-R1-Distill-Llama-8B,1-Iodopentane,8,alkyl iodide,non_answer,,,0,0, being determined. The structure is a straight chain with
deepseek-ai-DeepSeek-R1-Distill-Llama-8B,1-Iodopentane,9,alkyl iodide,answer_correct,alkyl iodide,iodine,1,1, the iodine atom. The molecule is an alk
deepseek-ai-DeepSeek-R1-Distill-Llama-8B,1-Iodohexane,0,alkyl iodide,malformed,,,0,0,"(s) ____________.
2-Which of"
deepseek-ai-DeepSeek-R1-Distill-Llama-8B,1-Iodohexane,1,alkyl iodide,underspecified,,,0,0, the alkyl group. The molecule consists of a
deepseek-ai-DeepSeek-R1-Distill-Llama-8B,1-Iodohexane,2,alkyl iodide,answer_correct,alkyl iodide,alkyl iodide,1,1, an alkyl iodide. The structure is a
deepseek-ai-DeepSeek-R1-Distill-Llama-8B,1-Iodohexane,3,alkyl iodide,answer_correct,alkyl iodide,iodine,1,1, straight chain of six carbon atoms with an iodine
deepseek-ai-DeepSeek-R1-Distill-Llama-8B,1-Iodohexane,4,alkyl iodide,answer_correct,alkyl iodide,iodine,1,1, the presence of an iodine atom attached to a
deepseek-ai-DeepSeek-R1-Distill-Llama-8B,1-Iodohexane,5,alkyl iodide,answer_correct,alkyl iodide,alkyl iodide,1,1, the alkyl iodide functional group. This functional
deepseek-ai-DeepSeek-R1-Distill-Llama-8B,1-Iodohexane,6,alkyl iodide,answer_correct,alkyl iodide,alkyl iodides,1,1, member of the alkyl iodides. Alk
deepseek-ai-DeepSeek-R1-Distill-Llama-8B,1-Iodohexane,7,alkyl iodide,answer_wrong,none (alkane),alkane,0,0, as an alkane. Alkanes are hydro
deepseek-ai-DeepSeek-R1-Distill-Llama-8B,1-Iodohexane,8,alkyl iodide,non_answer,,,0,0, such that it can undergo elimination reactions to form al
deepseek-ai-DeepSeek-R1-Distill-Llama-8B,1-Iodohexane,9,alkyl iodide,answer_correct,alkyl iodide,iodine,1,1, the iodine atom. The molecule is an alk
deepseek-ai-DeepSeek-R1-Distill-Llama-8B,Methoxyethane,0,ether,non_answer,,,0,0, OCH2CH3. The structure is O
deepseek-ai-DeepSeek-R1-Distill-Llama-8B,Methoxyethane,1,ether,answer_correct,ether,ether,1,1, the ether group. The structure is CH3-O
deepseek-ai-DeepSeek-R1-Distill-Llama-8B,Methoxyethane,2,ether,answer_correct,ether,ether,1,1, ether. The structure is CH3OCH2
deepseek-ai-DeepSeek-R1-Distill-Llama-8B,Methoxyethane,3,ether,non_answer,,,0,0, central carbon connected to two ethoxy groups and two
deepseek-ai-DeepSeek-R1-Distill-Llama-8B,Methoxyethane,4,ether,answer_correct,ether,ether,1,1," the ether group, which is a C-O bond"
deepseek-ai-DeepSeek-R1-Distill-Llama-8B,Methoxyethane,5,ether,answer_correct,ether,ether,1,1, the ether group. The structure of Methoxyeth
deepseek-ai-DeepSeek-R1-Distill-Llama-8B,Methoxyethane,6,ether,answer_correct,ether,ether,1,1, member of the ether group. It is a clear
deepseek-ai-DeepSeek-R1-Distill-Llama-8B,Methoxyethane,7,ether,answer_correct,ether,ether,1,1, as an ether. Ethers are typically used as
deepseek-ai-DeepSeek-R1-Distill-Llama-8B,Methoxyethane,8,ether,answer_correct,ether,ether,1,1," an ether. So, it's a molecule with"
deepseek-ai-DeepSeek-R1-Distill-Llama-8B,Methoxyethane,9,ether,answer_correct,ether,ether,1,1, the ether group. The structure is CH3O
deepseek-ai-DeepSeek-R1-Distill-Llama-8B,1-Methoxypropane,0,ether,malformed,,,0,0,"(s) __________.
Okay, so I have"
deepseek-ai-DeepSeek-R1-Distill-Llama-8B,1-Methoxypropane,1,ether,answer_correct,ether,ether,1,1, the ether group. The structure is a propane chain
deepseek-ai-DeepSeek-R1-Distill-Llama-8B,1-Methoxypropane,2,ether,answer_correct,ether,ether,1,1, an ether. The structure is CH2CH2
deepseek-ai-DeepSeek-R1-Distill-Llama-8B,1-Methoxypropane,3,ether,non_answer,,,0,0," methyl group attached to an oxygen atom, which is"
deepseek-ai-DeepSeek-R1-Distill-Llama-8B,1-Methoxypropane,4,ether,answer_correct,ether,ether,1,1, an ether. The structure is CH2CH2
deepseek-ai-DeepSeek-R1-Distill-Llama-8B,1-Methoxypropane,5,ether,answer_correct,ether,ether,1,1, the ether group. The structure is a propane chain
deepseek-ai-DeepSeek-R1-Distill-Llama-8B,1-Methoxypropane,6,ether,answer_correct,ether,ether,1,1, member of the ether group. Ethers are known
deepseek-ai-DeepSeek-R1-Distill-Llama-8B,1-Methoxypropane,7,ether,answer_correct,ether,ether,1,1, as an ether. Ethers are typically used as
deepseek-ai-DeepSeek-R1-Distill-Llama-8B,1-Methoxypropane,8,ether,answer_correct,ether,ether,1,1," an ether. So, 1-Methoxy"
deepseek-ai-DeepSeek-R1-Distill-Llama-8B,1-Methoxypropane,9,ether,answer_correct,ether,ether,1,1, the ether group. The ether functional group is characterized
deepseek-ai-DeepSeek-R1-Distill-Llama-8B,1-Methoxybutane,0,ether,answer_correct,ether,ether,1,1, of an ether. The structure is CH2CH
deepseek-ai-DeepSeek-R1-Distill-Llama-8B,1-Methoxybutane,1,ether,answer_correct,ether,ether,1,1, the ether group. The structure is a four-car
deepseek-ai-DeepSeek-R1-Distill-Llama-8B,1-Methoxybutane,2,ether,answer_correct,ether,ether,1,1, an ether. The structure is CH2CH2
deepseek-ai-DeepSeek-R1-Distill-Llama-8B,1-Methoxybutane,3,ether,answer_wrong,amine,amine,0,0, tertiary amine. It is a derivative of but
deepseek-ai-DeepSeek-R1-Distill-Llama-8B,1-Methoxybutane,4,ether,answer_correct,ether,ether,1,1, an ether. The structure is CH2CH2
deepseek-ai-DeepSeek-R1-Distill-Llama-8B,1-Methoxybutane,5,ether,answer_correct,ether,ether,1,1, the ether group. The structure is a four-car
deepseek-ai-DeepSeek-R1-Distill-Llama-8B,1-Methoxybutane,6,ether,answer_correct,ether,ether,1,1, member of the ether group. It has a structure
deepseek-ai-DeepSeek-R1-Distill-Llama-8B,1-Methoxybutane,7,ether,answer_correct,ether,ether,1,1, as an ether. Ethers are typically used as
deepseek-ai-DeepSeek-R1-Distill-Llama-8B,1-Methoxybutane,8,ether,answer_correct,ether,ether,1,1," an ether. So, it's an ether with"
deepseek-ai-DeepSeek-R1-Distill-Llama-8B,1-Methoxybutane,9,ether,answer_correct,ether,ether,1,1, the ether group (O). The molecule is a
deepseek-ai-DeepSeek-R1-Distill-Llama-8B,1-Methoxypentane,0,ether,answer_correct,ether,ether,1,1, of an ether. The structure is CH2CH
deepseek-ai-DeepSeek-R1-Distill-Llama-8B,1-Methoxypentane,1,ether,answer_correct,ether,ether,1,1, the ether group. The structure is a pentane
deepseek-ai-DeepSeek-R1-Distill-Llama-8B,1-Methoxypentane,2,ether,answer_correct,ether,ether,1,1, an ether. The structure is a central carbon connected
deepseek-ai-DeepSeek-R1-Distill-Llama-8B,1-Methoxypentane,3,ether,non_answer,,,0,0, functional group. It has a structure where a meth
deepseek-ai-DeepSeek-R1-Distill-Llama-8B,1-Methoxypentane,4,ether,answer_correct,ether,ether,1,1," an ether group, which is evident from the presence"
deepseek-ai-DeepSeek-R1-Distill-Llama-8B,1-Methoxypentane,5,ether,answer_correct,ether,ether,1,1, the ether group. The structure is a straight chain
deepseek-ai-DeepSeek-R1-Distill-Llama-8B,1-Methoxypentane,6,ether,answer_correct,ether,ether,1,1, member of the ether group. It has a molecular
deepseek-ai-DeepSeek-R1-Distill-Llama-8B,1-Methoxypentane,7,ether,answer_correct,ether,ether,1,1, as an ether. Ethers are typically used in
deepseek-ai-DeepSeek-R1-Distill-Llama-8B,1-Methoxypentane,8,ether,answer_correct,ether,ether,1,1," an ether. So, the structure is a central"
deepseek-ai-DeepSeek-R1-Distill-Llama-8B,1-Methoxypentane,9,ether,answer_correct,ether,ether,1,1, the ether group (O). The molecule is a
deepseek-ai-DeepSeek-R1-Distill-Llama-8B,(Methylsulfanyl)ethane,0,thioether,non_answer,,,0,0," -SMe, which is a good leaving group"
deepseek-ai-DeepSeek-R1-Distill-Llama-8B,(Methylsulfanyl)ethane,1,thioether,non_answer,,,0,0," the sulfanyl group, which is a sulfur atom"
deepseek-ai-DeepSeek-R1-Distill-Llama-8B,(Methylsulfanyl)ethane,2,thioether,answer_wrong,thiol,thiol,0,0," a thiol, which is a type of sulfur"
deepseek-ai-DeepSeek-R1-Distill-Llama-8B,(Methylsulfanyl)ethane,3,thioether,non_answer,,,0,0, central carbon connected to three methyl groups and a sulfur
deepseek-ai-DeepSeek-R1-Distill-Llama-8B,(Methylsulfanyl)ethane,4,thioether,non_answer,,,0,0, the -SC group. The molecule has a central
deepseek-ai-DeepSeek-R1-Distill-Llama-8B,(Methylsulfanyl)ethane,5,thioether,non_answer,,,0,0," the sulfanyl group, which is a good leaving"
deepseek-ai-DeepSeek-R1-Distill-Llama-8B,(Methylsulfanyl)ethane,6,thioether,answer_wrong,thiol,thiol,0,0, thiol compound. It has a structure where a
deepseek-ai-DeepSeek-R1-Distill-Llama-8B,(Methylsulfanyl)ethane,7,thioether,answer_wrong,thiol,thiol,0,0," as a thiol, which is a group of"
deepseek-ai-DeepSeek-R1-Distill-Llama-8B,(Methylsulfanyl)ethane,8,thioether,answer_wrong,thiol,thiol,0,0," a thiol group, which is a functional group"
deepseek-ai-DeepSeek-R1-Distill-Llama-8B,(Methylsulfanyl)ethane,9,thioether,answer_wrong,thiol,thiol,0,0," the thiol group, which is a functional group"
deepseek-ai-DeepSeek-R1-Distill-Llama-8B,1-(Methylsulfanyl)propane,0,thioether,malformed,,,0,0,"(s) of a thiol, but wait,"
deepseek-ai-DeepSeek-R1-Distill-Llama-8B,1-(Methylsulfanyl)propane,1,thioether,answer_correct,thioether,sulfide,1,1," the sulfide group, which is a type of"
deepseek-ai-DeepSeek-R1-Distill-Llama-8B,1-(Methylsulfanyl)propane,2,thioether,answer_correct,thioether,thioether,1,1, an alkyl thioether. The structure is
deepseek-ai-DeepSeek-R1-Distill-Llama-8B,1-(Methylsulfanyl)propane,3,thioether,non_answer,,,0,0, sulfur atom. It is a colorless liquid with
deepseek-ai-DeepSeek-R1-Distill-Llama-8B,1-(Methylsulfanyl)propane,4,thioether,non_answer,,,0,0," the sulfanyl group, which is a sulfur atom"
deepseek-ai-DeepSeek-R1-Distill-Llama-8B,1-(Methylsulfanyl)propane,5,thioether,answer_correct,thioether,sulfide,1,1," the sulfide group, which is a functional group"
deepseek-ai-DeepSeek-R1-Distill-Llama-8B,1-(Methylsulfanyl)propane,6,thioether,answer_wrong,thiol,thiol,0,0, thiol compound. Thiol compounds are known to
deepseek-ai-DeepSeek-R1-Distill-Llama-8B,1-(Methylsulfanyl)propane,7,thioether,answer_wrong,thiol,thiol,0,0," as a thiol. So, it's a"
deepseek-ai-DeepSeek-R1-Distill-Llama-8B,1-(Methylsulfanyl)propane,8,thioether,answer_correct,thioether,thioether,1,1, an alkyl thioether. It is a
deepseek-ai-DeepSeek-R1-Distill-Llama-8B,1-(Methylsulfanyl)propane,9,thioether,non_answer,,,0,0," the sulfanyl group, which is a substituent"
deepseek-ai-DeepSeek-R1-Distill-Llama-8B,1-(Methylsulfanyl)butane,0,thioether,answer_wrong,thiol,thiol,0,0,"(s) of a thiol, butane,"
deepseek-ai-DeepSeek-R1-Distill-Llama-8B,1-(Methylsulfanyl)butane,1,thioether,answer_correct,thioether,sulfide,1,1," the sulfide group, which is a type of"
deepseek-ai-DeepSeek-R1-Distill-Llama-8B,1-(Methylsulfanyl)butane,2,thioether,answer_correct,thioether,thioether,1,1, an alkyl thioether. The structure is
deepseek-ai-DeepSeek-R1-Distill-Llama-8B,1-(Methylsulfanyl)butane,3,thioether,non_answer,,,0,0, sulfur atom. The molecule has a butane chain
deepseek-ai-DeepSeek-R1-Distill-Llama-8B,1-(Methylsulfanyl)butane,4,thioether,non_answer,,,0,0," the sulfanyl group, which is a sulfur atom"
deepseek-ai-DeepSeek-R1-Distill-Llama-8B,1-(Methylsulfanyl)butane,5,thioether,answer_correct,thioether,sulfide,1,1," the sulfide group, which is a functional group"
deepseek-ai-DeepSeek-R1-Distill-Llama-8B,1-(Methylsulfanyl)butane,6,thioether,answer_wrong,thiol,thiol,0,0, thiol derivative. It is a primary thiol
deepseek-ai-DeepSeek-R1-Distill-Llama-8B,1-(Methylsulfanyl)butane,7,thioether,answer_wrong,thiol,thiol,0,0," as a thiol. So, it's a"
deepseek-ai-DeepSeek-R1-Distill-Llama-8B,1-(Methylsulfanyl)butane,8,thioether,answer_correct,thioether,thioether,1,1, an alkyl thioether. It is a
deepseek-ai-DeepSeek-R1-Distill-Llama-8B,1-(Methylsulfanyl)butane,9,thioether,non_answer,,,0,0," the sulfanyl group, which is a substituent"
deepseek-ai-DeepSeek-R1-Distill-Llama-8B,1-(Methylsulfanyl)pentane,0,thioether,answer_correct,thioether,sulfide,1,1,(s) of a sulfide. The structure is
deepseek-ai-DeepSeek-R1-Distill-Llama-8B,1-(Methylsulfanyl)pentane,1,thioether,answer_correct,thioether,sulfide,1,1," the sulfide group, which is a type of"
deepseek-ai-DeepSeek-R1-Distill-Llama-8B,1-(Methylsulfanyl)pentane,2,thioether,answer_correct,thioether,thioether,1,1, an alkyl thioether. The structure is
deepseek-ai-DeepSeek-R1-Distill-Llama-8B,1-(Methylsulfanyl)pentane,3,thioether,non_answer,,,0,0, sulfur atom. The molecule has a pentane chain
deepseek-ai-DeepSeek-R1-Distill-Llama-8B,1-(Methylsulfanyl)pentane,4,thioether,non_answer,,,0,0," the sulfanyl group, which is a sulfur atom"
deepseek-ai-DeepSeek-R1-Distill-Llama-8B,1-(Methylsulfanyl)pentane,5,thioether,answer_correct,thioether,sulfide,1,1," the sulfide group, which is a functional group"
deepseek-ai-DeepSeek-R1-Distill-Llama-8B,1-(Methylsulfanyl)pentane,6,thioether,answer_wrong,thiol,thiol,0,0, thiol derivative. It is a primary thiol
deepseek-ai-DeepSeek-R1-Distill-Llama-8B,1-(Methylsulfanyl)pentane,7,thioether,malformed,,,0,0," as a thiol, but wait, no,"
deepseek-ai-DeepSeek-R1-Distill-Llama-8B,1-(Methylsulfanyl)pentane,8,thioether,answer_correct,thioether,thioether,1,1, an alkyl thioether. It is a
deepseek-ai-DeepSeek-R1-Distill-Llama-8B,1-(Methylsulfanyl)pentane,9,thioether,non_answer,,,0,0," the sulfanyl group, which is a substituent"
deepseek-ai-DeepSeek-R1-Distill-Llama-8B,Methyl ethyl sulfoxide,0,sulfoxide,answer_correct,sulfoxide,sulfoxide,1,1, sulfoxide. It is a polar aprot
deepseek-ai-DeepSeek-R1-Distill-Llama-8B,Methyl ethyl sulfoxide,1,sulfoxide,answer_correct,sulfoxide,sulfoxide,1,1," the sulfoxide group, which is a type"
deepseek-ai-DeepSeek-R1-Distill-Llama-8B,Methyl ethyl sulfoxide,2,sulfoxide,answer_correct,sulfoxide,sulfoxide,1,1, sulfoxide. The structure is a sulfox
deepseek-ai-DeepSeek-R1-Distill-Llama-8B,Methyl ethyl sulfoxide,3,sulfoxide,answer_correct,sulfoxide,sulfoxide,1,1, sulfoxide group. The sulfoxide group
deepseek-ai-DeepSeek-R1-Distill-Llama-8B,Methyl ethyl sulfoxide,4,sulfoxide,answer_correct,sulfoxide,sulfoxide,1,1," the sulfoxide group, which is a good"
deepseek-ai-DeepSeek-R1-Distill-Llama-8B,Methyl ethyl sulfoxide,5,sulfoxide,answer_correct,sulfoxide,sulfoxide,1,1, the sulfoxide group. The sulfoxide
deepseek-ai-DeepSeek-R1-Distill-Llama-8B,Methyl ethyl sulfoxide,6,sulfoxide,answer_correct,sulfoxide,sulfoxide,1,1, sulfoxide. It has a sulfoxide
deepseek-ai-DeepSeek-R1-Distill-Llama-8B,Methyl ethyl sulfoxide,7,sulfoxide,answer_correct,sulfoxide,sulfoxide,1,1, as a sulfoxide. It is a type
deepseek-ai-DeepSeek-R1-Distill-Llama-8B,Methyl ethyl sulfoxide,8,sulfoxide,answer_correct,sulfoxide,sulfoxide,1,1, a type of sulfoxide. It is a
deepseek-ai-DeepSeek-R1-Distill-Llama-8B,Methyl ethyl sulfoxide,9,sulfoxide,answer_correct,sulfoxide,sulfoxide,1,1, the sulfoxide group. The sulfoxide
deepseek-ai-DeepSeek-R1-Distill-Llama-8B,Methyl propyl sulfoxide,0,sulfoxide,answer_correct,sulfoxide,sulfoxide,1,1, sulfoxide. The structure is a sulfox
deepseek-ai-DeepSeek-R1-Distill-Llama-8B,Methyl propyl sulfoxide,1,sulfoxide,answer_correct,sulfoxide,sulfoxide,1,1," the sulfoxide group, which is a type"
deepseek-ai-DeepSeek-R1-Distill-Llama-8B,Methyl propyl sulfoxide,2,sulfoxide,answer_correct,sulfoxide,sulfoxide,1,1, sulfoxide. The structure is a sulfox
deepseek-ai-DeepSeek-R1-Distill-Llama-8B,Methyl propyl sulfoxide,3,sulfoxide,answer_correct,sulfoxide,sulfoxide,1,1, sulfoxide group. The sulfoxide group
deepseek-ai-DeepSeek-R1-Distill-Llama-8B,Methyl propyl sulfoxide,4,sulfoxide,answer_correct,sulfoxide,sulfoxide,1,1," the sulfoxide group, which is a functional"
deepseek-ai-DeepSeek-R1-Distill-Llama-8B,Methyl propyl sulfoxide,5,sulfoxide,answer_correct,sulfoxide,sulfoxide,1,1, the sulfoxide group. The sulfoxide
deepseek-ai-DeepSeek-R1-Distill-Llama-8B,Methyl propyl sulfoxide,6,sulfoxide,answer_correct,sulfoxide,sulfoxide,1,1, sulfoxide. It is a colorless liquid
deepseek-ai-DeepSeek-R1-Distill-Llama-8B,Methyl propyl sulfoxide,7,sulfoxide,answer_correct,sulfoxide,sulfoxide,1,1, as a sulfoxide. It is a type
deepseek-ai-DeepSeek-R1-Distill-Llama-8B,Methyl propyl sulfoxide,8,sulfoxide,answer_wrong,thioether,sulfide,0,0," a type of sulfide, specifically a sulfox"
deepseek-ai-DeepSeek-R1-Distill-Llama-8B,Methyl propyl sulfoxide,9,sulfoxide,answer_correct,sulfoxide,sulfoxide,1,1, the sulfoxide group. The sulfoxide
deepseek-ai-DeepSeek-R1-Distill-Llama-8B,Methyl butyl sulfoxide,0,sulfoxide,answer_correct,sulfoxide,sulfoxide,1,1, sulfoxide. It is a polar aprot
deepseek-ai-DeepSeek-R1-Distill-Llama-8B,Methyl butyl sulfoxide,1,sulfoxide,answer_correct,sulfoxide,sulfoxide,1,1," the sulfoxide group, which is a type"
deepseek-ai-DeepSeek-R1-Distill-Llama-8B,Methyl butyl sulfoxide,2,sulfoxide,answer_correct,sulfoxide,sulfoxide,1,1, sulfoxide. The structure is a sulfox
deepseek-ai-DeepSeek-R1-Distill-Llama-8B,Methyl butyl sulfoxide,3,sulfoxide,answer_correct,sulfoxide,sulfoxide,1,1," sulfoxide group. It is a clear,"
deepseek-ai-DeepSeek-R1-Distill-Llama-8B,Methyl butyl sulfoxide,4,sulfoxide,answer_correct,sulfoxide,sulfoxide,1,1," the sulfoxide group, which is a functional"
deepseek-ai-DeepSeek-R1-Distill-Llama-8B,Methyl butyl sulfoxide,5,sulfoxide,answer_correct,sulfoxide,sulfoxide,1,1, the sulfoxide group. The sulfoxide
deepseek-ai-DeepSeek-R1-Distill-Llama-8B,Methyl butyl sulfoxide,6,sulfoxide,answer_correct,sulfoxide,sulfoxide,1,1, sulfoxide. It has a structure where a
deepseek-ai-DeepSeek-R1-Distill-Llama-8B,Methyl butyl sulfoxide,7,sulfoxide,answer_correct,sulfoxide,sulfoxide,1,1, as a sulfoxide. It is a clear
deepseek-ai-DeepSeek-R1-Distill-Llama-8B,Methyl butyl sulfoxide,8,sulfoxide,malformed,,,0,0," a type of sulfide, specifically a thiol"
deepseek-ai-DeepSeek-R1-Distill-Llama-8B,Methyl butyl sulfoxide,9,sulfoxide,answer_correct,sulfoxide,sulfoxide,1,1, the sulfoxide group. The sulfoxide
deepseek-ai-DeepSeek-R1-Distill-Llama-8B,Methyl pentyl sulfoxide,0,sulfoxide,answer_correct,sulfoxide,sulfoxide,1,1, sulfoxide. The molecule is a liquid at
deepseek-ai-DeepSeek-R1-Distill-Llama-8B,Methyl pentyl sulfoxide,1,sulfoxide,answer_correct,sulfoxide,sulfoxide,1,1," the sulfoxide group, which is a type"
deepseek-ai-DeepSeek-R1-Distill-Llama-8B,Methyl pentyl sulfoxide,2,sulfoxide,answer_correct,sulfoxide,sulfoxide,1,1, sulfoxide. The structure is a five-car
deepseek-ai-DeepSeek-R1-Distill-Llama-8B,Methyl pentyl sulfoxide,3,sulfoxide,answer_correct,sulfoxide,sulfoxide,1,1, sulfoxide group. The sulfoxide group
deepseek-ai-DeepSeek-R1-Distill-Llama-8B,Methyl pentyl sulfoxide,4,sulfoxide,answer_correct,sulfoxide,sulfoxide,1,1," the sulfoxide group, which is a functional"
deepseek-ai-DeepSeek-R1-Distill-Llama-8B,Methyl pentyl sulfoxide,5,sulfoxide,answer_correct,sulfoxide,sulfoxide,1,1, the sulfoxide group. The sulfoxide
deepseek-ai-DeepSeek-R1-Distill-Llama-8B,Methyl pentyl sulfoxide,6,sulfoxide,answer_correct,sulfoxide,sulfoxide,1,1, sulfoxide. It is a liquid with a
deepseek-ai-DeepSeek-R1-Distill-Llama-8B,Methyl pentyl sulfoxide,7,sulfoxide,answer_correct,sulfoxide,sulfoxide,1,1, as a sulfoxide. It is a liquid
deepseek-ai-DeepSeek-R1-Distill-Llama-8B,Methyl pentyl sulfoxide,8,sulfoxide,answer_correct,sulfoxide,sulfoxide,1,1, a type of sulfoxide. It has a
deepseek-ai-DeepSeek-R1-Distill-Llama-8B,Methyl pentyl sulfoxide,9,sulfoxide,answer_correct,sulfoxide,sulfoxide,1,1," the sulfoxide group, which is a type"
deepseek-ai-DeepSeek-R1-Distill-Llama-8B,Methyl ethyl sulfone,0,sulfone,non_answer,,,0,0, sulfonyl (SO2). The molecule is
deepseek-ai-DeepSeek-R1-Distill-Llama-8B,Methyl ethyl sulfone,1,sulfone,non_answer,,,0,0," the sulfonyl group, which is a good"
deepseek-ai-DeepSeek-R1-Distill-Llama-8B,Methyl ethyl sulfone,2,sulfone,answer_correct,sulfone,sulfone,1,1, sulfone. The structure is O=S(=O
deepseek-ai-DeepSeek-R1-Distill-Llama-8B,Methyl ethyl sulfone,3,sulfone,non_answer,,,0,0, central sulfur atom connected to two oxygen atoms and two
deepseek-ai-DeepSeek-R1-Distill-Llama-8B,Methyl ethyl sulfone,4,sulfone,non_answer,,,0,0," the sulfonyl group, which is a good"
deepseek-ai-DeepSeek-R1-Distill-Llama-8B,Methyl ethyl sulfone,5,sulfone,non_answer,,,0,0, the sulfonyl group. The molecule has two
deepseek-ai-DeepSeek-R1-Distill-Llama-8B,Methyl ethyl sulfone,6,sulfone,answer_correct,sulfone,sulfone,1,1, sulfone. Sulfones are a type of
deepseek-ai-DeepSeek-R1-Distill-Llama-8B,Methyl ethyl sulfone,7,sulfone,answer_correct,sulfone,sulfone,1,1, as a sulfone. It is a type of
deepseek-ai-DeepSeek-R1-Distill-Llama-8B,Methyl ethyl sulfone,8,sulfone,answer_correct,sulfone,sulfone,1,1," a sulfone, which is a type of organ"
deepseek-ai-DeepSeek-R1-Distill-Llama-8B,Methyl ethyl sulfone,9,sulfone,answer_correct,sulfone,sulfone,1,1, the sulfone group. The sulfone group is
deepseek-ai-DeepSeek-R1-Distill-Llama-8B,Methyl propyl sulfone,0,sulfone,non_answer,,,0,1," SO2. The molecule is a sulfone,"
deepseek-ai-DeepSeek-R1-Distill-Llama-8B,Methyl propyl sulfone,1,sulfone,non_answer,,,0,0," the sulfonyl group, which is a good"
deepseek-ai-DeepSeek-R1-Distill-Llama-8B,Methyl propyl sulfone,2,sulfone,answer_wrong,sulfoxide,sulfoxide,0,0, sulfoxide. The structure is a central sulfur
deepseek-ai-DeepSeek-R1-Distill-Llama-8B,Methyl propyl sulfone,3,sulfone,non_answer,,,0,0, central sulfur atom connected to two oxygen atoms and a
deepseek-ai-DeepSeek-R1-Distill-Llama-8B,Methyl propyl sulfone,4,sulfone,non_answer,,,0,0," the sulfonyl group, which is a good"
deepseek-ai-DeepSeek-R1-Distill-Llama-8B,Methyl propyl sulfone,5,sulfone,non_answer,,,0,0, the sulfonyl group. The molecule has a
deepseek-ai-DeepSeek-R1-Distill-Llama-8B,Methyl propyl sulfone,6,sulfone,answer_correct,sulfone,sulfone,1,1, sulfone. Sulfones are a type of
deepseek-ai-DeepSeek-R1-Distill-Llama-8B,Methyl propyl sulfone,7,sulfone,answer_correct,sulfone,sulfone,1,1, as a sulfone. Sulfones are typically
deepseek-ai-DeepSeek-R1-Distill-Llama-8B,Methyl propyl sulfone,8,sulfone,answer_correct,sulfone,sulfone,1,1," a sulfone, which is a type of organ"
deepseek-ai-DeepSeek-R1-Distill-Llama-8B,Methyl propyl sulfone,9,sulfone,answer_correct,sulfone,sulfone,1,1, the sulfone group. The sulfone group is
deepseek-ai-DeepSeek-R1-Distill-Llama-8B,Methyl butyl sulfone,0,sulfone,non_answer,,,0,0, sulfonyl group. The molecule is a liquid
deepseek-ai-DeepSeek-R1-Distill-Llama-8B,Methyl butyl sulfone,1,sulfone,non_answer,,,0,0, a sulfonyl group. The molecule has a
deepseek-ai-DeepSeek-R1-Distill-Llama-8B,Methyl butyl sulfone,2,sulfone,answer_wrong,sulfoxide,sulfoxide,0,0," sulfoxide, and the structure is O=S"
deepseek-ai-DeepSeek-R1-Distill-Llama-8B,Methyl butyl sulfone,3,sulfone,non_answer,,,0,0, central sulfur atom connected to two oxygen atoms and a
deepseek-ai-DeepSeek-R1-Distill-Llama-8B,Methyl butyl sulfone,4,sulfone,non_answer,,,0,0," the sulfonyl group, which is a good"
deepseek-ai-DeepSeek-R1-Distill-Llama-8B,Methyl butyl sulfone,5,sulfone,non_answer,,,0,0, the sulfonyl group. The molecule has a
deepseek-ai-DeepSeek-R1-Distill-Llama-8B,Methyl butyl sulfone,6,sulfone,answer_correct,sulfone,sulfone,1,1, sulfone. Sulfones are a type of
deepseek-ai-DeepSeek-R1-Distill-Llama-8B,Methyl butyl sulfone,7,sulfone,answer_correct,sulfone,sulfone,1,1, as a sulfone. It is a type of
deepseek-ai-DeepSeek-R1-Distill-Llama-8B,Methyl butyl sulfone,8,sulfone,answer_correct,sulfone,sulfone,1,1," a sulfone, which is a type of organ"
deepseek-ai-DeepSeek-R1-Distill-Llama-8B,Methyl butyl sulfone,9,sulfone,answer_correct,sulfone,sulfone,1,1, the sulfone group. The molecule is a derivative
deepseek-ai-DeepSeek-R1-Distill-Llama-8B,Methyl pentyl sulfone,0,sulfone,answer_correct,sulfone,sulfone,1,1, -SO2- (sulfone group).
deepseek-ai-DeepSeek-R1-Distill-Llama-8B,Methyl pentyl sulfone,1,sulfone,non_answer,,,0,0," the sulfonyl group, which is a good"
deepseek-ai-DeepSeek-R1-Distill-Llama-8B,Methyl pentyl sulfone,2,sulfone,answer_wrong,sulfoxide,sulfoxide,0,0," sulfoxide, and the structure is a central"
deepseek-ai-DeepSeek-R1-Distill-Llama-8B,Methyl pentyl sulfone,3,sulfone,answer_correct,sulfone,sulfone,1,1, sulfone group. Sulfone groups are known
deepseek-ai-DeepSeek-R1-Distill-Llama-8B,Methyl pentyl sulfone,4,sulfone,answer_correct,sulfone,sulfone,1,1," the sulfone group, which is a functional group"
deepseek-ai-DeepSeek-R1-Distill-Llama-8B,Methyl pentyl sulfone,5,sulfone,non_answer,,,0,0, the sulfonyl group. The molecule has a
deepseek-ai-DeepSeek-R1-Distill-Llama-8B,Methyl pentyl sulfone,6,sulfone,answer_correct,sulfone,sulfone,1,1, sulfone. Sulfones are a type of
deepseek-ai-DeepSeek-R1-Distill-Llama-8B,Methyl pentyl sulfone,7,sulfone,answer_correct,sulfone,sulfone,1,1, as a sulfone. Sulfones are typically
deepseek-ai-DeepSeek-R1-Distill-Llama-8B,Methyl pentyl sulfone,8,sulfone,answer_correct,sulfone,sulfone,1,1," a sulfone, which is a type of organ"
deepseek-ai-DeepSeek-R1-Distill-Llama-8B,Methyl pentyl sulfone,9,sulfone,answer_correct,sulfone,sulfone,1,1, the sulfone group. The sulfone group is
deepseek-ai-DeepSeek-R1-Distill-Llama-8B,Propan-1-imine,0,imine,answer_correct,imine,imine,1,1," of an imine, which is a type of"
deepseek-ai-DeepSeek-R1-Distill-Llama-8B,Propan-1-imine,1,imine,answer_correct,imine,imine,1,1," the imine group, which is a type of"
deepseek-ai-DeepSeek-R1-Distill-Llama-8B,Propan-1-imine,2,imine,answer_wrong,amine,amine,0,0," Aliphatic amine, but I'm not"
deepseek-ai-DeepSeek-R1-Distill-Llama-8B,Propan-1-imine,3,imine,non_answer,,,0,0, carbon-carbon triple bond. It is a linear
deepseek-ai-DeepSeek-R1-Distill-Llama-8B,Propan-1-imine,4,imine,answer_correct,imine,imine,1,1," the imine group, which is a C=N"
deepseek-ai-DeepSeek-R1-Distill-Llama-8B,Propan-1-imine,5,imine,answer_correct,imine,imine,1,1, the imine group. The structure is similar to
deepseek-ai-DeepSeek-R1-Distill-Llama-8B,Propan-1-imine,6,imine,answer_correct,imine,imine,1,1, type of imine. Imines are typically
deepseek-ai-DeepSeek-R1-Distill-Llama-8B,Propan-1-imine,7,imine,answer_correct,imine,imine,1,1," as an imine, which is a type of"
deepseek-ai-DeepSeek-R1-Distill-Llama-8B,Propan-1-imine,8,imine,malformed,,,0,0," a primary amine, but wait, that doesn"
deepseek-ai-DeepSeek-R1-Distill-Llama-8B,Propan-1-imine,9,imine,answer_correct,imine,imine,1,1, the imine group. The imine group is
deepseek-ai-DeepSeek-R1-Distill-Llama-8B,Butan-1-imine,0,imine,answer_correct,imine,imine,1,1," of an imine, which is a type of"
deepseek-ai-DeepSeek-R1-Distill-Llama-8B,Butan-1-imine,1,imine,answer_correct,imine,imine,1,1," the imine group, which is a type of"
deepseek-ai-DeepSeek-R1-Distill-Llama-8B,Butan-1-imine,2,imine,answer_correct,imine,imine,1,1, an imine. The structure is CH2CH
deepseek-ai-DeepSeek-R1-Distill-Llama-8B,Butan-1-imine,3,imine,non_answer,,,0,0, carbon-carbon triple bond. It is a linear
deepseek-ai-DeepSeek-R1-Distill-Llama-8B,Butan-1-imine,4,imine,answer_correct,imine,imine,1,1," the imine group, which is a C=N"
deepseek-ai-DeepSeek-R1-Distill-Llama-8B,Butan-1-imine,5,imine,answer_correct,imine,imine,1,1," the imine group, which is a type of"
deepseek-ai-DeepSeek-R1-Distill-Llama-8B,Butan-1-imine,6,imine,answer_wrong,amine,amine,0,0, primary amine derivative. It has a structure where
deepseek-ai-DeepSeek-R1-Distill-Llama-8B,Butan-1-imine,7,imine,answer_correct,imine,imine,1,1, as an imine. Imines are typically
deepseek-ai-DeepSeek-R1-Distill-Llama-8B,Butan-1-imine,8,imine,answer_wrong,amine,amine,0,0, a primary amine derivative. It is a type
deepseek-ai-DeepSeek-R1-Distill-Llama-8B,Butan-1-imine,9,imine,answer_correct,imine,imine,1,1, the imine group. The imine group is
deepseek-ai-DeepSeek-R1-Distill-Llama-8B,Pentan-1-imine,0,imine,answer_correct,imine,imine,1,1," of an imine, which is a type of"
deepseek-ai-DeepSeek-R1-Distill-Llama-8B,Pentan-1-imine,1,imine,answer_correct,imine,imine,1,1," the imine group, which is a type of"
deepseek-ai-DeepSeek-R1-Distill-Llama-8B,Pentan-1-imine,2,imine,answer_correct,imine,imine,1,1, an imine. The structure is a five-car
deepseek-ai-DeepSeek-R1-Distill-Llama-8B,Pentan-1-imine,3,imine,non_answer,,,0,0, carbon-carbon triple bond. It is a linear
deepseek-ai-DeepSeek-R1-Distill-Llama-8B,Pentan-1-imine,4,imine,answer_correct,imine,imine,1,1," the imine group, which is a C=N"
deepseek-ai-DeepSeek-R1-Distill-Llama-8B,Pentan-1-imine,5,imine,answer_correct,imine,imine,1,1," the imine group, which is a type of"
deepseek-ai-DeepSeek-R1-Distill-Llama-8B,Pentan-1-imine,6,imine,answer_correct,imine,imine,1,1, type of imine. Imines are typically
deepseek-ai-DeepSeek-R1-Distill-Llama-8B,Pentan-1-imine,7,imine,answer_correct,imine,imine,1,1," as an imine, which is a type of"
deepseek-ai-DeepSeek-R1-Distill-Llama-8B,Pentan-1-imine,8,imine,answer_correct,imine,imine,1,1," a primary imine, which is a type of"
deepseek-ai-DeepSeek-R1-Distill-Llama-8B,Pentan-1-imine,9,imine,answer_correct,imine,imine,1,1, the imine group. The imine group is
deepseek-ai-DeepSeek-R1-Distill-Llama-8B,Hexan-1-imine,0,imine,answer_correct,imine,imine,1,1," of an imine, which is a type of"
deepseek-ai-DeepSeek-R1-Distill-Llama-8B,Hexan-1-imine,1,imine,answer_correct,imine,imine,1,1," the imine group, which is a type of"
deepseek-ai-DeepSeek-R1-Distill-Llama-8B,Hexan-1-imine,2,imine,answer_correct,imine,imine,1,1, an imine. The structure is a six-car
deepseek-ai-DeepSeek-R1-Distill-Llama-8B,Hexan-1-imine,3,imine,non_answer,,,0,0, triple bond. The structure is CH2CH2
deepseek-ai-DeepSeek-R1-Distill-Llama-8B,Hexan-1-imine,4,imine,answer_correct,imine,imine,1,1," an imine group, which is a type of"
deepseek-ai-DeepSeek-R1-Distill-Llama-8B,Hexan-1-imine,5,imine,answer_correct,imine,imine,1,1, the imine group. Imines are typically
deepseek-ai-DeepSeek-R1-Distill-Llama-8B,Hexan-1-imine,6,imine,answer_correct,imine,imine,1,1, type of imine. Imines are typically
deepseek-ai-DeepSeek-R1-Distill-Llama-8B,Hexan-1-imine,7,imine,answer_correct,imine,imine,1,1, as an imine. Imines are typically
deepseek-ai-DeepSeek-R1-Distill-Llama-8B,Hexan-1-imine,8,imine,answer_correct,imine,imine,1,1," an imine, which is a type of compound"
deepseek-ai-DeepSeek-R1-Distill-Llama-8B,Hexan-1-imine,9,imine,answer_correct,imine,imine,1,1, the imine group. The imine group is
deepseek-ai-DeepSeek-R1-Distill-Llama-8B,1-Nitropropane,0,nitro,answer_correct,nitro,nitro,1,1," nitro, which is a strong deactivating"
deepseek-ai-DeepSeek-R1-Distill-Llama-8B,1-Nitropropane,1,nitro,answer_correct,nitro,nitro,1,1, the nitro group. Nitro groups are electron
deepseek-ai-DeepSeek-R1-Distill-Llama-8B,1-Nitropropane,2,nitro,answer_correct,nitro,nitro,1,1," nitro, and the structure is a propane chain"
deepseek-ai-DeepSeek-R1-Distill-Llama-8B,1-Nitropropane,3,nitro,answer_correct,nitro,nitro,1,1, nitro group. It is a primary nitro
deepseek-ai-DeepSeek-R1-Distill-Llama-8B,1-Nitropropane,4,nitro,answer_correct,nitro,nitro,1,1, the nitro group. Nitro groups are strong
deepseek-ai-DeepSeek-R1-Distill-Llama-8B,1-Nitropropane,5,nitro,answer_correct,nitro,nitro,1,1, the nitro group. Nitro groups are strong
deepseek-ai-DeepSeek-R1-Distill-Llama-8B,1-Nitropropane,6,nitro,non_answer,,,0,0, nitroalkane. Nitroalkanes are
deepseek-ai-DeepSeek-R1-Distill-Llama-8B,1-Nitropropane,7,nitro,answer_correct,nitro,nitro,1,1, as an alkyl nitro compound. It is
deepseek-ai-DeepSeek-R1-Distill-Llama-8B,1-Nitropropane,8,nitro,answer_correct,nitro,nitro,1,1, a primary nitro compound. It is a type
deepseek-ai-DeepSeek-R1-Distill-Llama-8B,1-Nitropropane,9,nitro,answer_correct,nitro,nitro,1,1, the nitro group. The nitro group is
deepseek-ai-DeepSeek-R1-Distill-Llama-8B,1-Nitrobutane,0,nitro,answer_correct,nitro,nitro,1,1," nitro, which is a strong deactivating"
deepseek-ai-DeepSeek-R1-Distill-Llama-8B,1-Nitrobutane,1,nitro,answer_correct,nitro,nitro,1,1, the nitro group. Nitro groups are electron
deepseek-ai-DeepSeek-R1-Distill-Llama-8B,1-Nitrobutane,2,nitro,answer_correct,nitro,nitro,1,1, an nitro group. The structure is a but
deepseek-ai-DeepSeek-R1-Distill-Llama-8B,1-Nitrobutane,3,nitro,answer_correct,nitro,nitro,1,1, nitro group. It is a primary alkyl
deepseek-ai-DeepSeek-R1-Distill-Llama-8B,1-Nitrobutane,4,nitro,answer_correct,nitro,nitro,1,1, the nitro group. Nitro groups are strong
deepseek-ai-DeepSeek-R1-Distill-Llama-8B,1-Nitrobutane,5,nitro,answer_correct,nitro,nitro,1,1, the nitro group. Nitro groups are strong
deepseek-ai-DeepSeek-R1-Distill-Llama-8B,1-Nitrobutane,6,nitro,answer_correct,nitro,nitro,1,1, primary alkyl nitro compound. It has a
deepseek-ai-DeepSeek-R1-Distill-Llama-8B,1-Nitrobutane,7,nitro,answer_correct,nitro,nitro,1,1, as an alkyl nitro compound. It is
deepseek-ai-DeepSeek-R1-Distill-Llama-8B,1-Nitrobutane,8,nitro,answer_correct,nitro,nitro,1,1, a primary nitro compound. It has a nit
deepseek-ai-DeepSeek-R1-Distill-Llama-8B,1-Nitrobutane,9,nitro,answer_correct,nitro,nitro,1,1, the nitro group. The nitro group is
deepseek-ai-DeepSeek-R1-Distill-Llama-8B,1-Nitropentane,0,nitro,answer_correct,nitro,nitro,1,1, of a nitro compound. The structure is a
deepseek-ai-DeepSeek-R1-Distill-Llama-8B,1-Nitropentane,1,nitro,answer_correct,nitro,nitro,1,1, the nitro group. Nitro groups are electron
deepseek-ai-DeepSeek-R1-Distill-Llama-8B,1-Nitropentane,2,nitro,answer_correct,nitro,nitro,1,1, a nitro group. The structure is a pent
deepseek-ai-DeepSeek-R1-Distill-Llama-8B,1-Nitropentane,3,nitro,answer_correct,nitro,nitro,1,1, nitro group. It is a five-carbon
deepseek-ai-DeepSeek-R1-Distill-Llama-8B,1-Nitropentane,4,nitro,answer_correct,nitro,nitro,1,1, the nitro group. Nitro groups are strong
deepseek-ai-DeepSeek-R1-Distill-Llama-8B,1-Nitropentane,5,nitro,answer_correct,nitro,nitro,1,1, the nitro group. Nitro groups are strong
deepseek-ai-DeepSeek-R1-Distill-Llama-8B,1-Nitropentane,6,nitro,non_answer,,,0,0, member of the nitroalkane family. Nit
deepseek-ai-DeepSeek-R1-Distill-Llama-8B,1-Nitropentane,7,nitro,non_answer,,,0,0," as an aromatic compound? No, because it's"
deepseek-ai-DeepSeek-R1-Distill-Llama-8B,1-Nitropentane,8,nitro,answer_wrong,amine,amine,0,0, a primary amine derivative. It is a liquid
deepseek-ai-DeepSeek-R1-Distill-Llama-8B,1-Nitropentane,9,nitro,answer_correct,nitro,nitro,1,1, the nitro group. The nitro group is
deepseek-ai-DeepSeek-R1-Distill-Llama-8B,1-Nitrohexane,0,nitro,answer_correct,nitro,nitro,1,1," nitro, which is a strong deactivating"
deepseek-ai-DeepSeek-R1-Distill-Llama-8B,1-Nitrohexane,1,nitro,answer_correct,nitro,nitro,1,1, the nitro group. Nitro groups are electron
deepseek-ai-DeepSeek-R1-Distill-Llama-8B,1-Nitrohexane,2,nitro,answer_correct,nitro,nitro,1,1, an nitro group. The structure is a hex
deepseek-ai-DeepSeek-R1-Distill-Llama-8B,1-Nitrohexane,3,nitro,answer_correct,nitro,nitro,1,1, nitro group. It is a liquid at room
deepseek-ai-DeepSeek-R1-Distill-Llama-8B,1-Nitrohexane,4,nitro,answer_correct,nitro,nitro,1,1, the nitro group. Nitro groups are strong
deepseek-ai-DeepSeek-R1-Distill-Llama-8B,1-Nitrohexane,5,nitro,answer_correct,nitro,nitro,1,1, the nitro group. Nitro groups are strong
deepseek-ai-DeepSeek-R1-Distill-Llama-8B,1-Nitrohexane,6,nitro,non_answer,,,0,1, member of the nitroalkanes. Nitro
deepseek-ai-DeepSeek-R1-Distill-Llama-8B,1-Nitrohexane,7,nitro,answer_correct,nitro,nitro,1,1, as an aromatic compound with a nitro group.
deepseek-ai-DeepSeek-R1-Distill-Llama-8B,1-Nitrohexane,8,nitro,answer_correct,nitro,nitro,1,1, a primary nitro compound. It has a nit
deepseek-ai-DeepSeek-R1-Distill-Llama-8B,1-Nitrohexane,9,nitro,answer_correct,nitro,nitro,1,1, the nitro group. The nitro group is
deepseek-ai-DeepSeek-R1-Distill-Llama-8B,Propan-2-ol,0,alcohol,answer_correct,alcohol,alcohol,1,1, alcohol. The structure is a central carbon connected to
deepseek-ai-DeepSeek-R1-Distill-Llama-8B,Propan-2-ol,1,alcohol,answer_correct,alcohol,hydroxyl,1,1, the hydroxyl group (-OH). This functional
deepseek-ai-DeepSeek-R1-Distill-Llama-8B,Propan-2-ol,2,alcohol,answer_correct,alcohol,alcohol,1,1, alcohol. The structure is a central carbon connected to
deepseek-ai-DeepSeek-R1-Distill-Llama-8B,Propan-2-ol,3,alcohol,non_answer,,,0,0, central carbon (C2) connected to three other
deepseek-ai-DeepSeek-R1-Distill-Llama-8B,Propan-2-ol,4,alcohol,answer_correct,alcohol,hydroxyl,1,1, the hydroxyl group (-OH) which is
deepseek-ai-DeepSeek-R1-Distill-Llama-8B,Propan-2-ol,5,alcohol,answer_correct,alcohol,hydroxyl,1,1, the hydroxyl group (-OH). This functional
deepseek-ai-DeepSeek-R1-Distill-Llama-8B,Propan-2-ol,6,alcohol,answer_correct,alcohol,alcohol,1,1, secondary alcohol. Secondary alcohols have one carbon
deepseek-ai-DeepSeek-R1-Distill-Llama-8B,Propan-2-ol,7,alcohol,answer_correct,alcohol,alcohol,1,1, as an alcohol. The structure is a central carbon
deepseek-ai-DeepSeek-R1-Distill-Llama-8B,Propan-2-ol,8,alcohol,non_answer,,,0,0," given by the equation:

CC(O)C +"
deepseek-ai-DeepSeek-R1-Distill-Llama-8B,Propan-2-ol,9,alcohol,answer_correct,alcohol,hydroxyl,1,1, the hydroxyl group (-OH). The molecule
deepseek-ai-DeepSeek-R1-Distill-Llama-8B,Butan-2-ol,0,alcohol,answer_correct,alcohol,alcohol,1,1, alcohol. The structure is a central carbon connected to
deepseek-ai-DeepSeek-R1-Distill-Llama-8B,Butan-2-ol,1,alcohol,answer_correct,alcohol,hydroxyl,1,1, the hydroxyl group (-OH). This functional
deepseek-ai-DeepSeek-R1-Distill-Llama-8B,Butan-2-ol,2,alcohol,answer_correct,alcohol,alcohol,1,1, an alcohol. The structure is a central carbon connected
deepseek-ai-DeepSeek-R1-Distill-Llama-8B,Butan-2-ol,3,alcohol,answer_correct,alcohol,hydroxyl,1,1, hydroxyl group attached to a carbon that is
deepseek-ai-DeepSeek-R1-Distill-Llama-8B,Butan-2-ol,4,alcohol,answer_correct,alcohol,hydroxyl,1,1, the hydroxyl group (-OH) attached to
deepseek-ai-DeepSeek-R1-Distill-Llama-8B,Butan-2-ol,5,alcohol,answer_correct,alcohol,hydroxyl,1,1, the hydroxyl group (-OH). This functional
deepseek-ai-DeepSeek-R1-Distill-Llama-8B,Butan-2-ol,6,alcohol,answer_correct,alcohol,alcohol,1,1, secondary alcohol. Secondary alcohols have one carbon
deepseek-ai-DeepSeek-R1-Distill-Llama-8B,Butan-2-ol,7,alcohol,answer_correct,alcohol,alcohol,1,1, as an alcohol. The structure is a central carbon
deepseek-ai-DeepSeek-R1-Distill-Llama-8B,Butan-2-ol,8,alcohol,answer_correct,alcohol,alcohol,1,1," a secondary alcohol. So, it can undergo oxidation"
deepseek-ai-DeepSeek-R1-Distill-Llama-8B,Butan-2-ol,9,alcohol,answer_correct,alcohol,hydroxyl,1,1, the hydroxyl group (-OH). The molecule
deepseek-ai-DeepSeek-R1-Distill-Llama-8B,Pentan-2-ol,0,alcohol,answer_correct,alcohol,alcohol,1,1, alcohol. The structure is a five-carbon chain
deepseek-ai-DeepSeek-R1-Distill-Llama-8B,Pentan-2-ol,1,alcohol,answer_correct,alcohol,hydroxyl,1,1," the hydroxyl group, which makes it a"
deepseek-ai-DeepSeek-R1-Distill-Llama-8B,Pentan-2-ol,2,alcohol,answer_correct,alcohol,alcohol,1,1, alcohol. The structure is a five-carbon chain
deepseek-ai-DeepSeek-R1-Distill-Llama-8B,Pentan-2-ol,3,alcohol,answer_correct,alcohol,alcohol,1,1, secondary alcohol group. Secondary alcohols have one
deepseek-ai-DeepSeek-R1-Distill-Llama-8B,Pentan-2-ol,4,alcohol,answer_correct,alcohol,hydroxyl,1,1, the hydroxyl group (-OH). The molecule
deepseek-ai-DeepSeek-R1-Distill-Llama-8B,Pentan-2-ol,5,alcohol,answer_correct,alcohol,hydroxyl,1,1, the hydroxyl group (-OH). This functional
deepseek-ai-DeepSeek-R1-Distill-Llama-8B,Pentan-2-ol,6,alcohol,answer_correct,alcohol,alcohol,1,1, secondary alcohol. Secondary alcohols have two alk
deepseek-ai-DeepSeek-R1-Distill-Llama-8B,Pentan-2-ol,7,alcohol,answer_correct,alcohol,alcohol,1,1, as an alcohol. The structure is a five-car
deepseek-ai-DeepSeek-R1-Distill-Llama-8B,Pentan-2-ol,8,alcohol,answer_correct,alcohol,alcohol,1,1, given as a secondary alcohol. But I need to
deepseek-ai-DeepSeek-R1-Distill-Llama-8B,Pentan-2-ol,9,alcohol,answer_correct,alcohol,hydroxyl,1,1, the hydroxyl group (-OH). The molecule
deepseek-ai-DeepSeek-R1-Distill-Llama-8B,Hexan-2-ol,0,alcohol,answer_correct,alcohol,alcohol,1,1, alcohol. The structure is a six-carbon chain
deepseek-ai-DeepSeek-R1-Distill-Llama-8B,Hexan-2-ol,1,alcohol,answer_correct,alcohol,hydroxyl,1,1," the hydroxyl group, which makes it a"
deepseek-ai-DeepSeek-R1-Distill-Llama-8B,Hexan-2-ol,2,alcohol,answer_correct,alcohol,alcohol,1,1, alcohol. The structure is a six-carbon chain
deepseek-ai-DeepSeek-R1-Distill-Llama-8B,Hexan-2-ol,3,alcohol,answer_correct,alcohol,alcohol,1,1, secondary alcohol group. Secondary alcohols have one
deepseek-ai-DeepSeek-R1-Distill-Llama-8B,Hexan-2-ol,4,alcohol,answer_correct,alcohol,alcohol,1,1," an alcohol group, which is a hydroxyl"
deepseek-ai-DeepSeek-R1-Distill-Llama-8B,Hexan-2-ol,5,alcohol,answer_correct,alcohol,hydroxyl,1,1, the hydroxyl group (-OH). This functional
deepseek-ai-DeepSeek-R1-Distill-Llama-8B,Hexan-2-ol,6,alcohol,answer_correct,alcohol,alcohol,1,1, secondary alcohol. Secondary alcohols have two R
deepseek-ai-DeepSeek-R1-Distill-Llama-8B,Hexan-2-ol,7,alcohol,answer_correct,alcohol,alcohol,1,1, as an alcohol. The structure is a six-car
deepseek-ai-DeepSeek-R1-Distill-Llama-8B,Hexan-2-ol,8,alcohol,answer_correct,alcohol,alcohol,1,1," an alcohol. So, it's a primary,"
deepseek-ai-DeepSeek-R1-Distill-Llama-8B,Hexan-2-ol,9,alcohol,answer_correct,alcohol,hydroxyl,1,1, the hydroxyl group (-OH). The molecule
deepseek-ai-DeepSeek-R1-Distill-Llama-8B,Propan-2-amine,0,amine,malformed,,,0,0,"(s) ____________.
Okay, so I"
deepseek-ai-DeepSeek-R1-Distill-Llama-8B,Propan-2-amine,1,amine,answer_correct,amine,amine,1,1, the amine group. The amine group is
deepseek-ai-DeepSeek-R1-Distill-Llama-8B,Propan-2-amine,2,amine,answer_correct,amine,amine,1,1, an amine. The structure is a central carbon
deepseek-ai-DeepSeek-R1-Distill-Llama-8B,Propan-2-amine,3,amine,non_answer,,,0,0, central carbon connected to three other carbons and one
deepseek-ai-DeepSeek-R1-Distill-Llama-8B,Propan-2-amine,4,amine,answer_correct,amine,amine,1,1," the amine group, which is a NH group"
deepseek-ai-DeepSeek-R1-Distill-Llama-8B,Propan-2-amine,5,amine,answer_correct,amine,amine,1,1, the amine group. The structure of Propan
deepseek-ai-DeepSeek-R1-Distill-Llama-8B,Propan-2-amine,6,amine,answer_correct,amine,amine,1,1, primary amine. It has a central carbon connected
deepseek-ai-DeepSeek-R1-Distill-Llama-8B,Propan-2-amine,7,amine,answer_correct,amine,amine,1,1, as an amine. Amines are bases
deepseek-ai-DeepSeek-R1-Distill-Llama-8B,Propan-2-amine,8,amine,answer_correct,amine,amine,1,1," an amine, which is a nitrogen-containing functional"
deepseek-ai-DeepSeek-R1-Distill-Llama-8B,Propan-2-amine,9,amine,answer_correct,amine,amine,1,1, the amine group. The amine group is
deepseek-ai-DeepSeek-R1-Distill-Llama-8B,Butan-2-amine,0,amine,answer_correct,amine,amine,1,1, of an amine. Amines are bases
deepseek-ai-DeepSeek-R1-Distill-Llama-8B,Butan-2-amine,1,amine,answer_correct,amine,amine,1,1," an amine group, which is a nitrogen atom"
deepseek-ai-DeepSeek-R1-Distill-Llama-8B,Butan-2-amine,2,amine,answer_correct,amine,amine,1,1, primary amine. The structure is CH2CH
deepseek-ai-DeepSeek-R1-Distill-Llama-8B,Butan-2-amine,3,amine,answer_correct,amine,amine,1,1, tertiary amine group. Tertiary amines
deepseek-ai-DeepSeek-R1-Distill-Llama-8B,Butan-2-amine,4,amine,answer_correct,amine,amine,1,1," the amine group, which is a NH2"
deepseek-ai-DeepSeek-R1-Distill-Llama-8B,Butan-2-amine,5,amine,answer_correct,amine,amine,1,1, the amine group. The structure of Butan
deepseek-ai-DeepSeek-R1-Distill-Llama-8B,Butan-2-amine,6,amine,answer_correct,amine,amine,1,1, primary amine. It has a central carbon connected
deepseek-ai-DeepSeek-R1-Distill-Llama-8B,Butan-2-amine,7,amine,answer_correct,amine,amine,1,1, as an amine. Amines are bases
deepseek-ai-DeepSeek-R1-Distill-Llama-8B,Butan-2-amine,8,amine,answer_correct,amine,amine,1,1," a primary amine. So, it should react"
deepseek-ai-DeepSeek-R1-Distill-Llama-8B,Butan-2-amine,9,amine,answer_correct,amine,amine,1,1, the primary amine group. The molecule has a
deepseek-ai-DeepSeek-R1-Distill-Llama-8B,Pentan-2-amine,0,amine,answer_correct,amine,amine,1,1," amine. Amines are bases, so"
deepseek-ai-DeepSeek-R1-Distill-Llama-8B,Pentan-2-amine,1,amine,answer_correct,amine,amine,1,1, an amine group. Amines can undergo
deepseek-ai-DeepSeek-R1-Distill-Llama-8B,Pentan-2-amine,2,amine,answer_correct,amine,amine,1,1, an amine. The structure is a primary am
deepseek-ai-DeepSeek-R1-Distill-Llama-8B,Pentan-2-amine,3,amine,answer_correct,amine,amine,1,1," central carbon connected to an amine group, a"
deepseek-ai-DeepSeek-R1-Distill-Llama-8B,Pentan-2-amine,4,amine,answer_correct,amine,amine,1,1," an amine group, which is a functional group"
deepseek-ai-DeepSeek-R1-Distill-Llama-8B,Pentan-2-amine,5,amine,answer_correct,amine,amine,1,1, the amine group. The structure of Pentan
deepseek-ai-DeepSeek-R1-Distill-Llama-8B,Pentan-2-amine,6,amine,answer_correct,amine,amine,1,1, primary amine. It has a structure where the
deepseek-ai-DeepSeek-R1-Distill-Llama-8B,Pentan-2-amine,7,amine,answer_correct,amine,amine,1,1, as an amine. Amines are bases
deepseek-ai-DeepSeek-R1-Distill-Llama-8B,Pentan-2-amine,8,amine,answer_correct,amine,amine,1,1," an amine, which is a nitrogen-containing functional"
deepseek-ai-DeepSeek-R1-Distill-Llama-8B,Pentan-2-amine,9,amine,answer_correct,amine,amine,1,1, the amine group. The amine group is
deepseek-ai-DeepSeek-R1-Distill-Llama-8B,Hexan-2-amine,0,amine,answer_correct,amine,amine,1,1, amine. Amines are bases because they
deepseek-ai-DeepSeek-R1-Distill-Llama-8B,Hexan-2-amine,1,amine,answer_correct,amine,amine,1,1, an amine group. Amines can undergo
deepseek-ai-DeepSeek-R1-Distill-Llama-8B,Hexan-2-amine,2,amine,answer_correct,amine,amine,1,1, primary amine. The structure is a straight chain
deepseek-ai-DeepSeek-R1-Distill-Llama-8B,Hexan-2-amine,3,amine,answer_correct,amine,amine,1,1, primary amine group. Primary amines are
deepseek-ai-DeepSeek-R1-Distill-Llama-8B,Hexan-2-amine,4,amine,answer_correct,amine,amine,1,1," an amine group, which is a functional group"
deepseek-ai-DeepSeek-R1-Distill-Llama-8B,Hexan-2-amine,5,amine,answer_correct,amine,amine,1,1, the amine group. The structure of Hexan
deepseek-ai-DeepSeek-R1-Distill-Llama-8B,Hexan-2-amine,6,amine,answer_correct,amine,amine,1,1, primary amine. It has a straight chain structure
deepseek-ai-DeepSeek-R1-Distill-Llama-8B,Hexan-2-amine,7,amine,answer_correct,amine,amine,1,1, as an amine. Amines are bases
deepseek-ai-DeepSeek-R1-Distill-Llama-8B,Hexan-2-amine,8,amine,answer_correct,amine,amine,1,1," an amine, which is a nitrogen-containing functional"
deepseek-ai-DeepSeek-R1-Distill-Llama-8B,Hexan-2-amine,9,amine,answer_correct,amine,amine,1,1, the primary amine group. The primary amine
deepseek-ai-DeepSeek-R1-Distill-Llama-8B,Propane-2-thiol,0,thiol,malformed,,,0,0,"(s) __________.
Okay, so I have"
deepseek-ai-DeepSeek-R1-Distill-Llama-8B,Propane-2-thiol,1,thiol,answer_correct,thiol,thiol,1,1," the thiol group, which is a good leaving"
deepseek-ai-DeepSeek-R1-Distill-Llama-8B,Propane-2-thiol,2,thiol,answer_correct,thiol,thiol,1,1," a thiol, which is a type of sulfur"
deepseek-ai-DeepSeek-R1-Distill-Llama-8B,Propane-2-thiol,3,thiol,answer_correct,thiol,thiol,1,1, thiol group. Thiol groups are known to
deepseek-ai-DeepSeek-R1-Distill-Llama-8B,Propane-2-thiol,4,thiol,answer_correct,thiol,-SH,1,1, the -SH group. The pKa of -
deepseek-ai-DeepSeek-R1-Distill-Llama-8B,Propane-2-thiol,5,thiol,answer_correct,thiol,thiol,1,1, the thiol group (-SH). Thiol groups
deepseek-ai-DeepSeek-R1-Distill-Llama-8B,Propane-2-thiol,6,thiol,answer_correct,thiol,thiol,1,1," thiol, which is a type of compound that"
deepseek-ai-DeepSeek-R1-Distill-Llama-8B,Propane-2-thiol,7,thiol,answer_correct,thiol,thiol,1,1," as a thiol, which is a type of"
deepseek-ai-DeepSeek-R1-Distill-Llama-8B,Propane-2-thiol,8,thiol,answer_correct,thiol,thiol,1,1," a thiol group, which is a good leaving"
deepseek-ai-DeepSeek-R1-Distill-Llama-8B,Propane-2-thiol,9,thiol,answer_correct,thiol,thiol,1,1," the thiol group, which is a hydrox"
deepseek-ai-DeepSeek-R1-Distill-Llama-8B,Butane-2-thiol,0,thiol,answer_correct,thiol,thiol,1,1," thiol, which is a good leaving group."
deepseek-ai-DeepSeek-R1-Distill-Llama-8B,Butane-2-thiol,1,thiol,answer_correct,thiol,thiol,1,1," the thiol group, which is a good leaving"
deepseek-ai-DeepSeek-R1-Distill-Llama-8B,Butane-2-thiol,2,thiol,answer_correct,thiol,thiol,1,1," a thiol, which is a type of sulf"
deepseek-ai-DeepSeek-R1-Distill-Llama-8B,Butane-2-thiol,3,thiol,non_answer,,,0,1," sulfur atom. It is a thiol, which"
deepseek-ai-DeepSeek-R1-Distill-Llama-8B,Butane-2-thiol,4,thiol,answer_correct,thiol,thiol,1,1, the thiol group (-SH). The thiol
deepseek-ai-DeepSeek-R1-Distill-Llama-8B,Butane-2-thiol,5,thiol,answer_correct,thiol,thiol,1,1, the thiol group (-SH). Thiol groups
deepseek-ai-DeepSeek-R1-Distill-Llama-8B,Butane-2-thiol,6,thiol,answer_correct,thiol,thiol,1,1, thiol with a four-carbon chain. Thi
deepseek-ai-DeepSeek-R1-Distill-Llama-8B,Butane-2-thiol,7,thiol,answer_correct,thiol,thiol,1,1," as a thiol, which is a type of"
deepseek-ai-DeepSeek-R1-Distill-Llama-8B,Butane-2-thiol,8,thiol,answer_correct,thiol,thiol,1,1," a thiol group, which is a good leaving"
deepseek-ai-DeepSeek-R1-Distill-Llama-8B,Butane-2-thiol,9,thiol,answer_correct,thiol,thiol,1,1," the thiol group, which is a type of"
deepseek-ai-DeepSeek-R1-Distill-Llama-8B,Pentane-2-thiol,0,thiol,malformed,,,0,0,"(s) __________.
Okay, so I have"
deepseek-ai-DeepSeek-R1-Distill-Llama-8B,Pentane-2-thiol,1,thiol,answer_correct,thiol,thiol,1,1," the thiol group, which is a good leaving"
deepseek-ai-DeepSeek-R1-Distill-Llama-8B,Pentane-2-thiol,2,thiol,answer_correct,thiol,thiol,1,1," a thiol, which is a type of sulfur"
deepseek-ai-DeepSeek-R1-Distill-Llama-8B,Pentane-2-thiol,3,thiol,answer_correct,thiol,thiol,1,1, thiol group. Thiol groups are known to
deepseek-ai-DeepSeek-R1-Distill-Llama-8B,Pentane-2-thiol,4,thiol,answer_correct,thiol,-SH,1,1, the -SH group. The molecule consists of a
deepseek-ai-DeepSeek-R1-Distill-Llama-8B,Pentane-2-thiol,5,thiol,answer_correct,thiol,thiol,1,1," the thiol group, which is a good leaving"
deepseek-ai-DeepSeek-R1-Distill-Llama-8B,Pentane-2-thiol,6,thiol,answer_correct,thiol,thiol,1,1, thiol with a five-carbon chain. Thi
deepseek-ai-DeepSeek-R1-Distill-Llama-8B,Pentane-2-thiol,7,thiol,answer_correct,thiol,thiol,1,1," as a thiol, which is a type of"
deepseek-ai-DeepSeek-R1-Distill-Llama-8B,Pentane-2-thiol,8,thiol,answer_correct,thiol,thiol,1,1," a thiol group, which is a good leaving"
deepseek-ai-DeepSeek-R1-Distill-Llama-8B,Pentane-2-thiol,9,thiol,answer_correct,thiol,thiol,1,1," the thiol group, which is a type of"
deepseek-ai-DeepSeek-R1-Distill-Llama-8B,Hexane-2-thiol,0,thiol,answer_correct,thiol,-SH,1,1, -SH. The structure is a thiol group
deepseek-ai-DeepSeek-R1-Distill-Llama-8B,Hexane-2-thiol,1,thiol,answer_correct,thiol,thiol,1,1," a thiol group, which is a good nucle"
deepseek-ai-DeepSeek-R1-Distill-Llama-8B,Hexane-2-thiol,2,thiol,answer_correct,thiol,thiol,1,1," a thiol, which is a type of -"
deepseek-ai-DeepSeek-R1-Distill-Llama-8B,Hexane-2-thiol,3,thiol,answer_correct,thiol,thiol,1,1, thiol group. Thiol groups are known to
deepseek-ai-DeepSeek-R1-Distill-Llama-8B,Hexane-2-thiol,4,thiol,answer_correct,thiol,-SH,1,1, the -SH group. The molecular formula is C
deepseek-ai-DeepSeek-R1-Distill-Llama-8B,Hexane-2-thiol,5,thiol,answer_correct,thiol,thiol,1,1, the thiol group (-SH). Thiols are
deepseek-ai-DeepSeek-R1-Distill-Llama-8B,Hexane-2-thiol,6,thiol,answer_correct,thiol,thiol,1,1," thiol, which is a type of compound that"
deepseek-ai-DeepSeek-R1-Distill-Llama-8B,Hexane-2-thiol,7,thiol,answer_correct,thiol,thiol,1,1," as a thiol, which is a type of"
deepseek-ai-DeepSeek-R1-Distill-Llama-8B,Hexane-2-thiol,8,thiol,answer_correct,thiol,thiol,1,1," a thiol group, which is a good leaving"
deepseek-ai-DeepSeek-R1-Distill-Llama-8B,Hexane-2-thiol,9,thiol,answer_correct,thiol,thiol,1,1," the thiol group, which is a type of"
