model,short,entity_type,layer,functional_group,n_prompts,strict,superclass_credit,commit,conditional_acc,answer_wrong,underspecified,non_answer,malformed,tf_raw_recall,rival_margin,rival_margin_sd,silhouette,within_cos,nearest_rival,frac_rows_positive_margin,retr_hit1,retr_hit2,retr_mrr,retr_mean_rank,retr_median_rank,retr_n_trials,retr_axis,ladder_hit1,ladder_mrr,ladder_mean_rank,ladder_median_rank,ladder_n_trials,ladder_top1_same_label,probe_fine_recall,probe_fine_mean_p_true,probe_fine_surface_baseline,within_score
meta-llama-Llama-3.1-8B,base,functional_group,0,alcohol,80,0.8,0.85,0.8,1.0,0.0,0.05,0.0375,0.1125,0.9375,6.5e-05,0.038389,-0.02065,0.891293,amine,0.6,0.916667,0.916667,0.944444,1.166667,1.0,12.0,inter_group,0.0,0.165022,9.083333,6.5,12.0,1.0,1.0,0.808127,1.0,0.847058
meta-llama-Llama-3.1-8B,base,functional_group,0,aldehyde,40,0.625,0.775,0.7,0.892857,0.075,0.15,0.05,0.1,0.8,0.001842,0.038568,-0.019009,0.892538,amide,0.6,0.125,0.75,0.520833,2.125,2.0,8.0,inter_group,0.5,0.75,1.5,1.5,12.0,1.0,1.0,0.954797,1.0,0.942918
meta-llama-Llama-3.1-8B,base,functional_group,0,alkyl bromide,40,0.325,0.775,0.375,0.866667,0.05,0.45,0.05,0.125,0.875,0.00011,0.03838,-0.030401,0.889941,ether,0.6,0.1875,0.5,0.44375,3.6875,3.0,16.0,halide,0.083333,0.329861,5.5,3.5,12.0,1.0,1.0,0.768933,1.0,0.880064
meta-llama-Llama-3.1-8B,base,functional_group,0,alkyl chloride,40,0.15,0.625,0.275,0.545455,0.125,0.475,0.1,0.15,0.95,0.000173,0.038642,-0.029424,0.890383,alkyl bromide,0.6,0.25,0.5,0.453335,4.9375,3.0,16.0,halide,0.0,0.054663,37.0,31.5,12.0,0.916667,1.0,0.77641,1.0,0.636651
meta-llama-Llama-3.1-8B,base,functional_group,0,alkyl fluoride,40,0.25,0.35,0.5,0.5,0.25,0.1,0.3,0.1,0.425,-2.2e-05,0.038954,-0.035138,0.888852,alkyl iodide,0.6,0.625,0.875,0.78125,1.625,1.0,8.0,halide,0.083333,0.195565,15.166667,14.5,12.0,1.0,1.0,0.774158,1.0,0.802079
meta-llama-Llama-3.1-8B,base,functional_group,0,alkyl iodide,40,0.05,0.375,0.25,0.2,0.2,0.325,0.175,0.25,0.475,2.7e-05,0.039312,-0.036017,0.888136,alkyl fluoride,0.6,0.125,0.5,0.479167,2.375,2.5,8.0,halide,0.0,0.151151,14.25,11.0,12.0,0.75,0.95,0.711978,1.0,0.71779
meta-llama-Llama-3.1-8B,base,functional_group,0,amide,40,0.525,0.575,0.525,1.0,0.0,0.05,0.3,0.125,0.8,0.000758,0.037853,-0.018274,0.895514,carboxylic acid,0.6,1.0,1.0,1.0,1.0,1.0,4.0,inter_group,0.5,0.694444,1.833333,1.5,12.0,1.0,1.0,0.975134,1.0,0.959867
meta-llama-Llama-3.1-8B,base,functional_group,0,amine,80,0.8,0.8,0.8,1.0,0.0,0.0,0.1,0.1,0.9,5.7e-05,0.038487,-0.022371,0.891455,alcohol,0.6,1.0,1.0,1.0,1.0,1.0,8.0,inter_group,0.0,0.141373,10.25,8.0,12.0,1.0,0.975,0.879037,1.0,0.841503
meta-llama-Llama-3.1-8B,base,functional_group,0,carboxylic acid,40,0.9,0.9,0.9,1.0,0.0,0.0,0.025,0.075,1.0,0.000789,0.037404,-0.009878,0.896642,amide,0.6,0.875,1.0,0.9375,1.125,1.0,8.0,inter_group,0.5,0.708333,1.833333,1.5,12.0,1.0,1.0,0.977917,1.0,0.957182
meta-llama-Llama-3.1-8B,base,functional_group,0,ester,40,0.7,0.75,0.8,0.875,0.1,0.05,0.05,0.1,0.7,0.000165,0.035596,-0.023903,0.901423,sulfoxide,0.6,0.75,1.0,0.875,1.25,1.0,4.0,inter_group,0.0,0.123915,8.666667,8.0,12.0,0.916667,1.0,0.895459,1.0,0.924144
meta-llama-Llama-3.1-8B,base,functional_group,0,ether,40,0.425,0.425,0.525,0.809524,0.1,0.0,0.25,0.225,0.25,0.000156,0.038787,-0.031444,0.889466,alkyl chloride,0.6,0.75,0.75,0.833333,1.5,1.0,4.0,inter_group,0.0,0.036429,36.25,34.0,12.0,0.833333,0.825,0.742294,1.0,0.575381
meta-llama-Llama-3.1-8B,base,functional_group,0,imine,40,0.275,0.275,0.425,0.647059,0.15,0.0,0.4,0.175,0.8,0.002107,0.038022,-0.011706,0.893771,amide,0.6,0.0,1.0,0.5,2.0,2.0,4.0,inter_group,0.666667,0.833333,1.333333,1.0,12.0,1.0,1.0,0.962598,1.0,0.967626
meta-llama-Llama-3.1-8B,base,functional_group,0,ketone,40,0.675,0.875,0.675,1.0,0.0,0.2,0.0,0.125,0.85,0.001189,0.035635,-0.015726,0.899988,ester,0.6,0.75,1.0,0.875,1.25,1.0,4.0,inter_group,0.083333,0.249735,6.833333,6.0,12.0,1.0,1.0,0.959302,1.0,0.913109
meta-llama-Llama-3.1-8B,base,functional_group,0,nitrile,40,0.625,0.625,0.65,0.961538,0.025,0.0,0.2,0.15,1.0,0.022535,0.038252,0.150578,0.890703,imine,0.6,,,,,,,,0.583333,0.791667,1.416667,1.0,12.0,1.0,1.0,0.998376,1.0,0.990408
meta-llama-Llama-3.1-8B,base,functional_group,0,nitro,40,0.65,0.65,0.65,1.0,0.0,0.0,0.275,0.075,0.975,0.019318,0.036589,0.128294,0.895603,imine,0.6,,,,,,,,0.583333,0.791667,1.416667,1.0,12.0,1.0,1.0,0.997791,1.0,0.981629
meta-llama-Llama-3.1-8B,base,functional_group,0,none (alkane),40,0.45,0.45,0.45,1.0,0.0,0.0,0.25,0.3,0.9,0.001768,0.039161,-0.01744,0.890158,ether,0.6,,,,,,,,,,,,,,1.0,0.900775,1.0,
meta-llama-Llama-3.1-8B,base,functional_group,0,sulfone,40,0.875,0.875,0.875,1.0,0.0,0.0,0.0,0.125,1.0,0.001518,0.035383,-0.013111,0.900657,sulfoxide,0.6,0.0,0.0,0.333333,3.0,3.0,4.0,inter_group,0.0,0.173611,6.166667,6.0,12.0,1.0,1.0,0.980457,1.0,0.93457
meta-llama-Llama-3.1-8B,base,functional_group,0,sulfoxide,40,0.7,0.7,0.7,1.0,0.0,0.0,0.075,0.225,0.975,9.3e-05,0.035481,-0.020131,0.901857,ester,0.6,0.0,0.0,0.103283,9.75,9.5,8.0,inter_group,0.0,0.1195,8.916667,8.5,12.0,1.0,1.0,0.888782,1.0,0.918629
meta-llama-Llama-3.1-8B,base,functional_group,0,thioether,40,0.425,0.425,0.55,0.772727,0.125,0.0,0.45,0.0,0.8,0.002418,0.038001,0.006303,0.892895,ether,0.6,0.375,0.375,0.572917,2.375,3.0,8.0,inter_group,0.0,0.192745,14.416667,9.0,12.0,1.0,1.0,0.932874,1.0,0.833808
meta-llama-Llama-3.1-8B,base,functional_group,0,thiol,80,0.8125,0.8125,0.8125,1.0,0.0,0.0,0.1,0.0875,1.0,0.000303,0.038368,-0.016874,0.892099,alcohol,0.6,0.0,1.0,0.5,2.0,2.0,4.0,inter_group,0.0,0.143258,13.083333,8.5,12.0,1.0,1.0,0.906604,1.0,0.813587
meta-llama-Llama-3.1-8B,base,functional_group,8,alcohol,80,0.8,0.85,0.8,1.0,0.0,0.05,0.0375,0.1125,0.9375,0.002093,0.07567,-0.014335,0.633343,amine,0.5,0.75,0.75,0.808333,1.916667,1.0,12.0,inter_group,0.0,0.071484,24.333333,22.0,12.0,1.0,1.0,0.860486,1.0,0.724282
meta-llama-Llama-3.1-8B,base,functional_group,8,aldehyde,40,0.625,0.775,0.7,0.892857,0.075,0.15,0.05,0.1,0.8,0.004516,0.073939,-0.022944,0.624626,amide,0.525,0.125,0.25,0.335913,5.0,4.0,8.0,inter_group,0.25,0.396325,9.75,4.0,12.0,1.0,0.975,0.876135,1.0,0.686451
meta-llama-Llama-3.1-8B,base,functional_group,8,alkyl bromide,40,0.325,0.775,0.375,0.866667,0.05,0.45,0.05,0.125,0.875,0.002015,0.078997,-0.023207,0.62009,alkyl chloride,0.5,0.25,0.5625,0.522917,2.625,2.0,16.0,halide,0.0,0.194841,6.0,6.0,12.0,1.0,0.975,0.821741,1.0,0.856979
meta-llama-Llama-3.1-8B,base,functional_group,8,alkyl chloride,40,0.15,0.625,0.275,0.545455,0.125,0.475,0.1,0.15,0.95,0.002602,0.07615,-0.032324,0.616706,alkyl bromide,0.5,0.25,0.25,0.403026,4.625,4.0,16.0,halide,0.0,0.192058,9.916667,8.0,12.0,1.0,1.0,0.870398,1.0,0.805151
meta-llama-Llama-3.1-8B,base,functional_group,8,alkyl fluoride,40,0.25,0.35,0.5,0.5,0.25,0.1,0.3,0.1,0.425,0.004297,0.081506,-0.029623,0.617726,ether,0.55,0.25,0.5,0.478125,3.375,3.0,8.0,halide,0.166667,0.298521,6.5,6.0,12.0,1.0,1.0,0.911011,1.0,0.858
meta-llama-Llama-3.1-8B,base,functional_group,8,alkyl iodide,40,0.05,0.375,0.25,0.2,0.2,0.325,0.175,0.25,0.475,0.00491,0.083648,-0.02402,0.613426,alkyl fluoride,0.5,0.875,1.0,0.9375,1.125,1.0,8.0,halide,0.0,0.17338,6.583333,6.5,12.0,1.0,0.975,0.886908,1.0,0.84766
meta-llama-Llama-3.1-8B,base,functional_group,8,amide,40,0.525,0.575,0.525,1.0,0.0,0.05,0.3,0.125,0.8,0.004689,0.07911,-0.032152,0.621805,carboxylic acid,0.525,1.0,1.0,1.0,1.0,1.0,4.0,inter_group,0.083333,0.245357,15.916667,13.5,12.0,1.0,1.0,0.879443,1.0,0.750626
meta-llama-Llama-3.1-8B,base,functional_group,8,amine,80,0.8,0.8,0.8,1.0,0.0,0.0,0.1,0.1,0.9,0.002163,0.076716,-0.022903,0.628041,alcohol,0.5,0.5,1.0,0.75,1.5,1.5,8.0,inter_group,0.0,0.086799,17.916667,20.0,12.0,1.0,1.0,0.907153,1.0,0.755565
meta-llama-Llama-3.1-8B,base,functional_group,8,carboxylic acid,40,0.9,0.9,0.9,1.0,0.0,0.0,0.025,0.075,1.0,0.006435,0.074277,-0.009462,0.633722,amide,0.5,0.25,0.75,0.566667,2.25,2.0,8.0,inter_group,0.166667,0.387286,5.916667,3.0,12.0,1.0,1.0,0.942688,1.0,0.765494
meta-llama-Llama-3.1-8B,base,functional_group,8,ester,40,0.7,0.75,0.8,0.875,0.1,0.05,0.05,0.1,0.7,0.005105,0.073033,-0.026383,0.633355,ketone,0.5,1.0,1.0,1.0,1.0,1.0,4.0,inter_group,0.0,0.125563,13.416667,14.5,12.0,1.0,1.0,0.894592,1.0,0.774561
meta-llama-Llama-3.1-8B,base,functional_group,8,ether,40,0.425,0.425,0.525,0.809524,0.1,0.0,0.25,0.225,0.25,-0.002265,0.076991,-0.02884,0.623127,alkyl fluoride,0.55,1.0,1.0,1.0,1.0,1.0,4.0,inter_group,0.0,0.092835,32.583333,30.5,12.0,1.0,0.75,0.639255,1.0,0.591979
meta-llama-Llama-3.1-8B,base,functional_group,8,imine,40,0.275,0.275,0.425,0.647059,0.15,0.0,0.4,0.175,0.8,0.008575,0.072275,-0.028895,0.618454,amine,0.5,0.25,0.75,0.583333,2.0,2.0,4.0,inter_group,0.166667,0.344345,5.166667,4.5,12.0,1.0,1.0,0.945483,1.0,0.830082
meta-llama-Llama-3.1-8B,base,functional_group,8,ketone,40,0.675,0.875,0.675,1.0,0.0,0.2,0.0,0.125,0.85,0.006266,0.074262,-0.004163,0.636686,ester,0.5,0.5,0.5,0.666667,2.0,2.0,4.0,inter_group,0.0,0.168518,10.416667,7.5,12.0,1.0,1.0,0.957263,1.0,0.8138
meta-llama-Llama-3.1-8B,base,functional_group,8,nitrile,40,0.625,0.625,0.65,0.961538,0.025,0.0,0.2,0.15,1.0,0.007164,0.084595,-0.03228,0.619046,amine,0.525,,,,,,,,0.166667,0.257968,14.416667,9.0,12.0,1.0,1.0,0.925439,1.0,0.711351
meta-llama-Llama-3.1-8B,base,functional_group,8,nitro,40,0.65,0.65,0.65,1.0,0.0,0.0,0.275,0.075,0.975,0.021145,0.073238,-0.000936,0.6172,alkyl chloride,0.525,,,,,,,,0.666667,0.833333,1.333333,1.0,12.0,1.0,1.0,0.985864,1.0,0.908064
meta-llama-Llama-3.1-8B,base,functional_group,8,none (alkane),40,0.45,0.45,0.45,1.0,0.0,0.0,0.25,0.3,0.9,0.010604,0.082687,-0.021431,0.616218,aldehyde,0.6,,,,,,,,,,,,,,1.0,0.923169,1.0,
meta-llama-Llama-3.1-8B,base,functional_group,8,sulfone,40,0.875,0.875,0.875,1.0,0.0,0.0,0.0,0.125,1.0,0.002641,0.071136,-0.018706,0.629302,sulfoxide,0.5,1.0,1.0,1.0,1.0,1.0,4.0,inter_group,0.0,0.20786,7.25,6.0,12.0,1.0,1.0,0.93352,1.0,0.832214
meta-llama-Llama-3.1-8B,base,functional_group,8,sulfoxide,40,0.7,0.7,0.7,1.0,0.0,0.0,0.075,0.225,0.975,0.002653,0.07179,-0.034229,0.626243,sulfone,0.5,0.0,0.0,0.143056,8.0,9.0,8.0,inter_group,0.0,0.158526,9.583333,9.5,12.0,1.0,1.0,0.919189,1.0,0.814127
meta-llama-Llama-3.1-8B,base,functional_group,8,thioether,40,0.425,0.425,0.55,0.772727,0.125,0.0,0.45,0.0,0.8,0.003038,0.069812,-0.035747,0.614383,ether,0.5,0.5,0.5,0.550253,5.5,5.0,8.0,inter_group,0.0,0.213817,22.083333,14.0,12.0,1.0,0.775,0.776977,1.0,0.721187
meta-llama-Llama-3.1-8B,base,functional_group,8,thiol,80,0.8125,0.8125,0.8125,1.0,0.0,0.0,0.1,0.0875,1.0,0.005198,0.076757,-0.00244,0.634072,amine,0.5125,0.0,1.0,0.5,2.0,2.0,4.0,inter_group,0.166667,0.315278,5.333333,6.0,12.0,1.0,1.0,0.921887,1.0,0.845377
meta-llama-Llama-3.1-8B,base,functional_group,16,alcohol,80,0.8,0.85,0.8,1.0,0.0,0.05,0.0375,0.1125,0.9375,0.012157,0.053391,0.016963,0.791832,ether,0.6,0.916667,0.916667,0.944444,1.166667,1.0,12.0,inter_group,0.083333,0.386111,4.666667,3.0,12.0,1.0,1.0,0.838959,1.0,0.773446
meta-llama-Llama-3.1-8B,base,functional_group,16,aldehyde,40,0.625,0.775,0.7,0.892857,0.075,0.15,0.05,0.1,0.8,0.012134,0.051631,0.000485,0.769599,amide,0.575,0.25,1.0,0.625,1.75,2.0,8.0,inter_group,0.583333,0.715278,2.5,1.0,12.0,1.0,1.0,0.845929,1.0,0.782122
meta-llama-Llama-3.1-8B,base,functional_group,16,alkyl bromide,40,0.325,0.775,0.375,0.866667,0.05,0.45,0.05,0.125,0.875,0.001581,0.050795,-0.033998,0.782738,alkyl chloride,0.525,0.3125,0.4375,0.505729,3.1875,3.0,16.0,halide,0.0,0.255754,5.0,5.5,12.0,1.0,0.9,0.60358,1.0,0.788555
meta-llama-Llama-3.1-8B,base,functional_group,16,alkyl chloride,40,0.15,0.625,0.275,0.545455,0.125,0.475,0.1,0.15,0.95,0.003223,0.038413,-0.004004,0.796256,alkyl bromide,0.475,0.3125,0.5625,0.521875,3.125,2.0,16.0,halide,0.0,0.218556,7.666667,5.0,12.0,1.0,1.0,0.730664,1.0,0.77448
meta-llama-Llama-3.1-8B,base,functional_group,16,alkyl fluoride,40,0.25,0.35,0.5,0.5,0.25,0.1,0.3,0.1,0.425,0.013521,0.048544,0.040594,0.801271,ether,0.65,0.625,0.75,0.754167,1.875,1.0,8.0,halide,0.25,0.401091,4.5,4.5,12.0,1.0,1.0,0.848999,1.0,0.828772
meta-llama-Llama-3.1-8B,base,functional_group,16,alkyl iodide,40,0.05,0.375,0.25,0.2,0.2,0.325,0.175,0.25,0.475,0.004566,0.047722,-0.033032,0.779601,alkyl bromide,0.525,1.0,1.0,1.0,1.0,1.0,8.0,halide,0.166667,0.318981,6.833333,6.5,12.0,0.916667,0.825,0.710081,1.0,0.760106
meta-llama-Llama-3.1-8B,base,functional_group,16,amide,40,0.525,0.575,0.525,1.0,0.0,0.05,0.3,0.125,0.8,0.009894,0.053284,-0.024427,0.766838,carboxylic acid,0.55,0.75,1.0,0.875,1.25,1.0,4.0,inter_group,0.0,0.306944,4.333333,3.0,12.0,1.0,1.0,0.792383,1.0,0.839484
meta-llama-Llama-3.1-8B,base,functional_group,16,amine,80,0.8,0.8,0.8,1.0,0.0,0.0,0.1,0.1,0.9,0.014786,0.053316,0.022801,0.786901,alcohol,0.6125,0.875,1.0,0.9375,1.125,1.0,8.0,inter_group,0.333333,0.555556,2.583333,2.5,12.0,1.0,1.0,0.893164,1.0,0.80688
meta-llama-Llama-3.1-8B,base,functional_group,16,carboxylic acid,40,0.9,0.9,0.9,1.0,0.0,0.0,0.025,0.075,1.0,0.009726,0.055366,-0.018375,0.779488,amide,0.55,0.875,1.0,0.9375,1.125,1.0,8.0,inter_group,0.25,0.555556,2.166667,2.0,12.0,1.0,1.0,0.853918,1.0,0.807994
meta-llama-Llama-3.1-8B,base,functional_group,16,ester,40,0.7,0.75,0.8,0.875,0.1,0.05,0.05,0.1,0.7,0.009307,0.048293,0.030839,0.798785,ketone,0.575,1.0,1.0,1.0,1.0,1.0,4.0,inter_group,0.0,0.251809,6.583333,6.0,12.0,1.0,1.0,0.846295,1.0,0.816477
meta-llama-Llama-3.1-8B,base,functional_group,16,ether,40,0.425,0.425,0.525,0.809524,0.1,0.0,0.25,0.225,0.25,0.008882,0.047166,0.043177,0.805403,alkyl fluoride,0.625,1.0,1.0,1.0,1.0,1.0,4.0,inter_group,0.166667,0.301988,19.5,11.0,12.0,1.0,0.875,0.713249,1.0,0.697444
meta-llama-Llama-3.1-8B,base,functional_group,16,imine,40,0.275,0.275,0.425,0.647059,0.15,0.0,0.4,0.175,0.8,0.012295,0.046356,-0.000791,0.774974,amine,0.6,0.5,1.0,0.75,1.5,1.5,4.0,inter_group,0.166667,0.458333,3.25,2.5,12.0,1.0,1.0,0.861468,1.0,0.84113
meta-llama-Llama-3.1-8B,base,functional_group,16,ketone,40,0.675,0.875,0.675,1.0,0.0,0.2,0.0,0.125,0.85,0.011973,0.057222,0.017224,0.792588,ester,0.65,0.75,1.0,0.875,1.25,1.0,4.0,inter_group,0.166667,0.436111,3.083333,3.5,12.0,1.0,1.0,0.886005,1.0,0.829821
meta-llama-Llama-3.1-8B,base,functional_group,16,nitrile,40,0.625,0.625,0.65,0.961538,0.025,0.0,0.2,0.15,1.0,0.012277,0.05219,0.037467,0.789209,imine,0.6,,,,,,,,0.25,0.457837,3.666667,3.5,12.0,1.0,1.0,0.836597,1.0,0.785294
meta-llama-Llama-3.1-8B,base,functional_group,16,nitro,40,0.65,0.65,0.65,1.0,0.0,0.0,0.275,0.075,0.975,0.027684,0.049095,0.046068,0.791159,ether,0.625,,,,,,,,0.666667,0.833333,1.333333,1.0,12.0,1.0,1.0,0.922412,1.0,0.882721
meta-llama-Llama-3.1-8B,base,functional_group,16,none (alkane),40,0.45,0.45,0.45,1.0,0.0,0.0,0.25,0.3,0.9,0.024977,0.049707,0.032238,0.766411,alcohol,0.625,,,,,,,,,,,,,,1.0,0.892261,1.0,
meta-llama-Llama-3.1-8B,base,functional_group,16,sulfone,40,0.875,0.875,0.875,1.0,0.0,0.0,0.0,0.125,1.0,0.007645,0.05079,0.041747,0.800955,sulfoxide,0.6,1.0,1.0,1.0,1.0,1.0,4.0,inter_group,0.0,0.372222,3.166667,2.5,12.0,1.0,1.0,0.894904,1.0,0.862967
meta-llama-Llama-3.1-8B,base,functional_group,16,sulfoxide,40,0.7,0.7,0.7,1.0,0.0,0.0,0.075,0.225,0.975,0.007584,0.051804,-0.012288,0.791238,sulfone,0.55,0.0,0.25,0.246429,5.25,6.0,8.0,inter_group,0.0,0.372222,3.166667,2.5,12.0,1.0,1.0,0.88175,1.0,0.866446
meta-llama-Llama-3.1-8B,base,functional_group,16,thioether,40,0.425,0.425,0.55,0.772727,0.125,0.0,0.45,0.0,0.8,0.013469,0.047014,0.044181,0.801618,thiol,0.6,0.5,0.5,0.588447,3.75,2.5,8.0,inter_group,0.166667,0.47583,3.5,2.0,12.0,1.0,1.0,0.838037,1.0,0.82375
meta-llama-Llama-3.1-8B,base,functional_group,16,thiol,80,0.8125,0.8125,0.8125,1.0,0.0,0.0,0.1,0.0875,1.0,0.015494,0.051627,0.042051,0.798113,thioether,0.5875,1.0,1.0,1.0,1.0,1.0,4.0,inter_group,0.583333,0.741667,1.916667,1.0,12.0,1.0,1.0,0.890158,1.0,0.868002
meta-llama-Llama-3.1-8B,base,functional_group,24,alcohol,80,0.8,0.85,0.8,1.0,0.0,0.05,0.0375,0.1125,0.9375,0.039314,0.048441,0.11541,0.820967,ether,0.7625,1.0,1.0,1.0,1.0,1.0,12.0,inter_group,0.666667,0.833333,1.333333,1.0,12.0,1.0,1.0,0.923425,1.0,0.918284
meta-llama-Llama-3.1-8B,base,functional_group,24,aldehyde,40,0.625,0.775,0.7,0.892857,0.075,0.15,0.05,0.1,0.8,0.044107,0.062755,0.114975,0.803909,ketone,0.775,0.625,1.0,0.8125,1.375,1.0,8.0,inter_group,0.833333,0.916667,1.166667,1.0,12.0,1.0,1.0,0.895599,1.0,0.899848
meta-llama-Llama-3.1-8B,base,functional_group,24,alkyl bromide,40,0.325,0.775,0.375,0.866667,0.05,0.45,0.05,0.125,0.875,0.010516,0.047792,0.061148,0.851617,alkyl chloride,0.675,0.375,0.625,0.614583,2.125,2.0,16.0,halide,0.25,0.468056,3.25,3.5,12.0,1.0,0.95,0.778162,1.0,0.841755
meta-llama-Llama-3.1-8B,base,functional_group,24,alkyl chloride,40,0.15,0.625,0.275,0.545455,0.125,0.475,0.1,0.15,0.95,0.012809,0.03703,0.091179,0.86027,alkyl bromide,0.725,0.375,0.875,0.65,2.0,2.0,16.0,halide,0.25,0.415675,4.083333,4.0,12.0,1.0,1.0,0.847803,1.0,0.845711
meta-llama-Llama-3.1-8B,base,functional_group,24,alkyl fluoride,40,0.25,0.35,0.5,0.5,0.25,0.1,0.3,0.1,0.425,0.032731,0.047431,0.176737,0.852433,alkyl iodide,0.8,0.5,1.0,0.75,1.5,1.5,8.0,halide,0.666667,0.833333,1.333333,1.0,12.0,1.0,1.0,0.907178,1.0,0.874401
meta-llama-Llama-3.1-8B,base,functional_group,24,alkyl iodide,40,0.05,0.375,0.25,0.2,0.2,0.325,0.175,0.25,0.475,0.012736,0.047109,0.011213,0.841813,alkyl chloride,0.725,1.0,1.0,1.0,1.0,1.0,8.0,halide,0.25,0.454167,3.333333,3.5,12.0,1.0,1.0,0.790363,1.0,0.822819
meta-llama-Llama-3.1-8B,base,functional_group,24,amide,40,0.525,0.575,0.525,1.0,0.0,0.05,0.3,0.125,0.8,0.056343,0.042946,0.189869,0.82596,aldehyde,0.9,1.0,1.0,1.0,1.0,1.0,4.0,inter_group,0.666667,0.833333,1.333333,1.0,12.0,1.0,1.0,0.885803,1.0,0.919309
meta-llama-Llama-3.1-8B,base,functional_group,24,amine,80,0.8,0.8,0.8,1.0,0.0,0.0,0.1,0.1,0.9,0.043402,0.047454,0.17158,0.83108,imine,0.8,1.0,1.0,1.0,1.0,1.0,8.0,inter_group,0.583333,0.791667,1.416667,1.0,12.0,1.0,1.0,0.930292,1.0,0.909458
meta-llama-Llama-3.1-8B,base,functional_group,24,carboxylic acid,40,0.9,0.9,0.9,1.0,0.0,0.0,0.025,0.075,1.0,0.031317,0.047827,0.1047,0.820859,ester,0.675,0.5,0.625,0.666667,2.125,1.5,8.0,inter_group,0.583333,0.791667,1.416667,1.0,12.0,1.0,1.0,0.917895,1.0,0.922627
meta-llama-Llama-3.1-8B,base,functional_group,24,ester,40,0.7,0.75,0.8,0.875,0.1,0.05,0.05,0.1,0.7,0.029933,0.039371,0.153215,0.838056,ketone,0.725,1.0,1.0,1.0,1.0,1.0,4.0,inter_group,0.166667,0.409722,3.916667,3.5,12.0,1.0,1.0,0.879749,1.0,0.878088
meta-llama-Llama-3.1-8B,base,functional_group,24,ether,40,0.425,0.425,0.525,0.809524,0.1,0.0,0.25,0.225,0.25,0.033928,0.042326,0.236411,0.851648,alcohol,0.825,1.0,1.0,1.0,1.0,1.0,4.0,inter_group,0.25,0.406944,5.25,4.0,12.0,1.0,1.0,0.856842,1.0,0.757864
meta-llama-Llama-3.1-8B,base,functional_group,24,imine,40,0.275,0.275,0.425,0.647059,0.15,0.0,0.4,0.175,0.8,0.042736,0.040664,0.210534,0.840032,amine,0.825,1.0,1.0,1.0,1.0,1.0,4.0,inter_group,0.666667,0.833333,1.333333,1.0,12.0,1.0,1.0,0.913061,1.0,0.905721
meta-llama-Llama-3.1-8B,base,functional_group,24,ketone,40,0.675,0.875,0.675,1.0,0.0,0.2,0.0,0.125,0.85,0.03638,0.050372,0.141192,0.827619,ester,0.775,1.0,1.0,1.0,1.0,1.0,4.0,inter_group,0.666667,0.833333,1.333333,1.0,12.0,1.0,1.0,0.934485,1.0,0.925647
meta-llama-Llama-3.1-8B,base,functional_group,24,nitrile,40,0.625,0.625,0.65,0.961538,0.025,0.0,0.2,0.15,1.0,0.052447,0.054352,0.208001,0.827768,imine,0.825,,,,,,,,0.666667,0.833333,1.333333,1.0,12.0,1.0,1.0,0.900317,1.0,0.909054
meta-llama-Llama-3.1-8B,base,functional_group,24,nitro,40,0.65,0.65,0.65,1.0,0.0,0.0,0.275,0.075,0.975,0.066796,0.03661,0.32177,0.858626,amide,0.9,,,,,,,,0.666667,0.833333,1.333333,1.0,12.0,1.0,1.0,0.949512,1.0,0.916194
meta-llama-Llama-3.1-8B,base,functional_group,24,none (alkane),40,0.45,0.45,0.45,1.0,0.0,0.0,0.25,0.3,0.9,0.053493,0.056082,0.102544,0.797941,alkyl chloride,0.8,,,,,,,,,,,,,,0.975,0.882941,1.0,
meta-llama-Llama-3.1-8B,base,functional_group,24,sulfone,40,0.875,0.875,0.875,1.0,0.0,0.0,0.0,0.125,1.0,0.015857,0.043874,0.112568,0.855513,sulfoxide,0.75,1.0,1.0,1.0,1.0,1.0,4.0,inter_group,0.0,0.316667,3.5,3.0,12.0,1.0,1.0,0.903595,1.0,0.893323
meta-llama-Llama-3.1-8B,base,functional_group,24,sulfoxide,40,0.7,0.7,0.7,1.0,0.0,0.0,0.075,0.225,0.975,0.016116,0.044407,0.065809,0.847525,sulfone,0.725,0.0,1.0,0.5,2.0,2.0,8.0,inter_group,0.0,0.352778,3.166667,3.0,12.0,1.0,1.0,0.905994,1.0,0.898328
meta-llama-Llama-3.1-8B,base,functional_group,24,thioether,40,0.425,0.425,0.55,0.772727,0.125,0.0,0.45,0.0,0.8,0.025972,0.043023,0.15816,0.847503,thiol,0.75,0.625,1.0,0.8125,1.375,1.0,8.0,inter_group,0.166667,0.357407,5.083333,4.0,12.0,1.0,1.0,0.861133,1.0,0.821624
meta-llama-Llama-3.1-8B,base,functional_group,24,thiol,80,0.8125,0.8125,0.8125,1.0,0.0,0.0,0.1,0.0875,1.0,0.029466,0.045559,0.126372,0.837601,thioether,0.7125,1.0,1.0,1.0,1.0,1.0,4.0,inter_group,0.666667,0.791667,1.666667,1.0,12.0,1.0,1.0,0.922385,1.0,0.916505
meta-llama-Llama-3.1-8B,base,functional_group,31,alcohol,80,0.8,0.85,0.8,1.0,0.0,0.05,0.0375,0.1125,0.9375,0.018148,0.021521,0.099826,0.897217,ether,0.775,0.916667,1.0,0.958333,1.083333,1.0,12.0,inter_group,0.666667,0.833333,1.333333,1.0,12.0,1.0,1.0,0.873059,1.0,0.876282
meta-llama-Llama-3.1-8B,base,functional_group,31,aldehyde,40,0.625,0.775,0.7,0.892857,0.075,0.15,0.05,0.1,0.8,0.013904,0.023268,0.072415,0.895155,carboxylic acid,0.7,1.0,1.0,1.0,1.0,1.0,8.0,inter_group,0.833333,0.916667,1.166667,1.0,12.0,1.0,1.0,0.826801,1.0,0.845114
meta-llama-Llama-3.1-8B,base,functional_group,31,alkyl bromide,40,0.325,0.775,0.375,0.866667,0.05,0.45,0.05,0.125,0.875,0.011531,0.02634,0.096025,0.911102,alkyl chloride,0.8,0.3125,0.375,0.40298,7.75,8.5,16.0,halide,0.75,0.861111,1.333333,1.0,12.0,1.0,1.0,0.854407,1.0,0.819724
meta-llama-Llama-3.1-8B,base,functional_group,31,alkyl chloride,40,0.15,0.625,0.275,0.545455,0.125,0.475,0.1,0.15,0.95,0.014621,0.018567,0.194767,0.921764,alkyl bromide,0.75,0.375,0.5625,0.541728,5.375,2.0,16.0,halide,0.5,0.686111,2.083333,1.5,12.0,1.0,1.0,0.896277,1.0,0.804785
meta-llama-Llama-3.1-8B,base,functional_group,31,alkyl fluoride,40,0.25,0.35,0.5,0.5,0.25,0.1,0.3,0.1,0.425,0.025294,0.022923,0.115539,0.901258,alkyl chloride,0.85,0.75,0.875,0.854167,1.375,1.0,8.0,halide,0.666667,0.833333,1.333333,1.0,12.0,1.0,1.0,0.912524,1.0,0.880108
meta-llama-Llama-3.1-8B,base,functional_group,31,alkyl iodide,40,0.05,0.375,0.25,0.2,0.2,0.325,0.175,0.25,0.475,0.014667,0.027781,0.050391,0.899085,alkyl bromide,0.75,1.0,1.0,1.0,1.0,1.0,8.0,halide,0.666667,0.805556,1.5,1.0,12.0,1.0,1.0,0.870886,1.0,0.788983
meta-llama-Llama-3.1-8B,base,functional_group,31,amide,40,0.525,0.575,0.525,1.0,0.0,0.05,0.3,0.125,0.8,0.01976,0.020639,0.108668,0.896581,amine,0.825,1.0,1.0,1.0,1.0,1.0,4.0,inter_group,0.666667,0.833333,1.333333,1.0,12.0,1.0,1.0,0.865656,1.0,0.887758
meta-llama-Llama-3.1-8B,base,functional_group,31,amine,80,0.8,0.8,0.8,1.0,0.0,0.0,0.1,0.1,0.9,0.016647,0.024895,0.124338,0.897533,imine,0.7625,1.0,1.0,1.0,1.0,1.0,8.0,inter_group,0.666667,0.833333,1.333333,1.0,12.0,1.0,1.0,0.908575,1.0,0.886606
meta-llama-Llama-3.1-8B,base,functional_group,31,carboxylic acid,40,0.9,0.9,0.9,1.0,0.0,0.0,0.025,0.075,1.0,0.01436,0.017103,0.126696,0.9063,aldehyde,0.775,0.625,1.0,0.8125,1.375,1.0,8.0,inter_group,0.833333,0.916667,1.166667,1.0,12.0,1.0,1.0,0.888867,1.0,0.881427
meta-llama-Llama-3.1-8B,base,functional_group,31,ester,40,0.7,0.75,0.8,0.875,0.1,0.05,0.05,0.1,0.7,0.012921,0.015759,0.116955,0.907004,ketone,0.8,1.0,1.0,1.0,1.0,1.0,4.0,inter_group,0.166667,0.372321,5.833333,5.0,12.0,1.0,1.0,0.857043,1.0,0.795889
meta-llama-Llama-3.1-8B,base,functional_group,31,ether,40,0.425,0.425,0.525,0.809524,0.1,0.0,0.25,0.225,0.25,0.016072,0.019923,0.157042,0.907076,alcohol,0.7,1.0,1.0,1.0,1.0,1.0,4.0,inter_group,0.25,0.393849,6.916667,3.0,12.0,1.0,1.0,0.835754,1.0,0.717298
meta-llama-Llama-3.1-8B,base,functional_group,31,imine,40,0.275,0.275,0.425,0.647059,0.15,0.0,0.4,0.175,0.8,0.015932,0.023816,0.108245,0.893265,amine,0.775,0.75,1.0,0.875,1.25,1.0,4.0,inter_group,0.666667,0.833333,1.333333,1.0,12.0,1.0,1.0,0.904285,1.0,0.896891
meta-llama-Llama-3.1-8B,base,functional_group,31,ketone,40,0.675,0.875,0.675,1.0,0.0,0.2,0.0,0.125,0.85,0.018669,0.019683,0.109363,0.90061,ester,0.825,1.0,1.0,1.0,1.0,1.0,4.0,inter_group,0.75,0.875,1.25,1.0,12.0,1.0,1.0,0.901428,1.0,0.87817
meta-llama-Llama-3.1-8B,base,functional_group,31,nitrile,40,0.625,0.625,0.65,0.961538,0.025,0.0,0.2,0.15,1.0,0.020106,0.026537,0.125626,0.892662,imine,0.8,,,,,,,,0.666667,0.833333,1.333333,1.0,12.0,1.0,1.0,0.88067,1.0,0.85375
meta-llama-Llama-3.1-8B,base,functional_group,31,nitro,40,0.65,0.65,0.65,1.0,0.0,0.0,0.275,0.075,0.975,0.025249,0.017506,0.205744,0.903263,nitrile,0.875,,,,,,,,0.666667,0.833333,1.333333,1.0,12.0,1.0,1.0,0.898718,1.0,0.89683
meta-llama-Llama-3.1-8B,base,functional_group,31,none (alkane),40,0.45,0.45,0.45,1.0,0.0,0.0,0.25,0.3,0.9,0.020593,0.033815,0.021316,0.882176,alkyl chloride,0.725,,,,,,,,,,,,,,0.975,0.834679,1.0,
meta-llama-Llama-3.1-8B,base,functional_group,31,sulfone,40,0.875,0.875,0.875,1.0,0.0,0.0,0.0,0.125,1.0,0.004453,0.022496,0.010276,0.900276,sulfoxide,0.7,1.0,1.0,1.0,1.0,1.0,4.0,inter_group,0.0,0.28631,4.0,3.0,12.0,1.0,1.0,0.849182,1.0,0.868687
meta-llama-Llama-3.1-8B,base,functional_group,31,sulfoxide,40,0.7,0.7,0.7,1.0,0.0,0.0,0.075,0.225,0.975,0.004601,0.021552,0.052182,0.90363,sulfone,0.675,0.0,1.0,0.5,2.0,2.0,8.0,inter_group,0.0,0.333333,3.416667,3.0,12.0,1.0,1.0,0.870764,1.0,0.881279
meta-llama-Llama-3.1-8B,base,functional_group,31,thioether,40,0.425,0.425,0.55,0.772727,0.125,0.0,0.45,0.0,0.8,0.014846,0.022894,0.158119,0.905983,thiol,0.775,0.625,1.0,0.8125,1.375,1.0,8.0,inter_group,0.25,0.436448,4.916667,3.0,12.0,1.0,1.0,0.879535,1.0,0.827604
meta-llama-Llama-3.1-8B,base,functional_group,31,thiol,80,0.8125,0.8125,0.8125,1.0,0.0,0.0,0.1,0.0875,1.0,0.016618,0.022772,0.107774,0.8998,thioether,0.8,1.0,1.0,1.0,1.0,1.0,4.0,inter_group,0.666667,0.833333,1.333333,1.0,12.0,1.0,1.0,0.913348,1.0,0.929886
weidawang-Chem-R-8B,chem-r,functional_group,0,alcohol,80,1.0,1.0,1.0,1.0,0.0,0.0,0.0,0.0,0.975,-0.000393,0.03721,-0.041814,0.889145,amine,0.6,0.666667,0.916667,0.819444,1.416667,1.0,12.0,inter_group,0.0,0.118082,17.25,12.5,12.0,1.0,0.8625,0.762605,1.0,
weidawang-Chem-R-8B,chem-r,functional_group,0,aldehyde,40,0.9,0.95,0.925,0.972973,0.025,0.05,0.025,0.0,0.875,0.001349,0.037709,-0.025961,0.889374,alcohol,0.6,0.0,0.125,0.34375,3.0,3.0,8.0,inter_group,0.583333,0.791667,1.416667,1.0,12.0,1.0,1.0,0.879553,1.0,
weidawang-Chem-R-8B,chem-r,functional_group,0,alkyl bromide,40,0.875,0.875,0.875,1.0,0.0,0.0,0.1,0.025,0.925,-0.000604,0.037428,-0.04038,0.890402,ether,0.6,0.25,0.4375,0.454072,4.0625,3.5,16.0,halide,0.0,0.137439,13.583333,10.0,12.0,1.0,0.75,0.64696,1.0,
weidawang-Chem-R-8B,chem-r,functional_group,0,alkyl chloride,40,0.8,0.9,0.825,0.969697,0.025,0.1,0.05,0.025,1.0,-5.6e-05,0.037028,-0.029455,0.89248,alkyl fluoride,0.6,0.3125,0.375,0.453547,5.5,3.5,16.0,halide,0.0,0.033921,39.333333,41.0,12.0,0.666667,1.0,0.819318,1.0,
weidawang-Chem-R-8B,chem-r,functional_group,0,alkyl fluoride,40,0.75,0.75,0.95,0.789474,0.2,0.0,0.0,0.05,1.0,-0.000407,0.037181,-0.032839,0.891605,alkyl bromide,0.6,0.625,0.75,0.770833,1.625,1.0,8.0,halide,0.0,0.098941,24.666667,23.5,12.0,1.0,1.0,0.682831,1.0,
weidawang-Chem-R-8B,chem-r,functional_group,0,alkyl iodide,40,0.925,0.95,0.925,1.0,0.0,0.025,0.025,0.025,0.75,0.000321,0.039151,-0.043233,0.88712,ether,0.6,0.25,0.375,0.469697,3.625,3.0,8.0,halide,0.0,0.033545,38.583333,35.5,12.0,0.5,0.875,0.668092,1.0,
weidawang-Chem-R-8B,chem-r,functional_group,0,amide,40,0.875,0.875,0.975,0.897436,0.1,0.0,0.025,0.0,0.9,0.000582,0.034811,-0.019523,0.899075,carboxylic acid,0.6,1.0,1.0,1.0,1.0,1.0,4.0,inter_group,0.416667,0.630556,2.25,2.0,12.0,1.0,1.0,0.977161,1.0,
weidawang-Chem-R-8B,chem-r,functional_group,0,amine,80,0.975,0.975,0.975,1.0,0.0,0.0,0.025,0.0,0.775,-0.000199,0.036557,-0.032267,0.891899,alcohol,0.6,1.0,1.0,1.0,1.0,1.0,8.0,inter_group,0.0,0.143998,18.416667,11.0,12.0,1.0,0.975,0.885237,1.0,
weidawang-Chem-R-8B,chem-r,functional_group,0,carboxylic acid,40,0.9,0.9,0.9,1.0,0.0,0.0,0.1,0.0,1.0,0.000605,0.034321,-0.005615,0.9006,amide,0.6,0.5,0.5,0.629167,2.5,2.0,8.0,inter_group,0.333333,0.583333,2.25,2.0,12.0,1.0,1.0,0.983533,1.0,
weidawang-Chem-R-8B,chem-r,functional_group,0,ester,40,0.875,0.975,0.875,1.0,0.0,0.1,0.025,0.0,0.925,0.000403,0.034146,-0.027761,0.90019,sulfoxide,0.6,0.25,0.75,0.583333,2.0,2.0,4.0,inter_group,0.0,0.061276,22.25,19.5,12.0,0.666667,1.0,0.905566,1.0,
weidawang-Chem-R-8B,chem-r,functional_group,0,ether,40,0.85,0.85,0.85,1.0,0.0,0.0,0.15,0.0,0.975,0.00019,0.038174,-0.042648,0.88895,alkyl iodide,0.6,0.5,0.75,0.675,2.25,1.5,4.0,inter_group,0.0,0.021634,53.666667,58.0,12.0,0.833333,0.8,0.697903,1.0,
weidawang-Chem-R-8B,chem-r,functional_group,0,imine,40,0.7,0.7,0.7,1.0,0.0,0.0,0.3,0.0,0.8,0.004292,0.035253,0.025853,0.897059,aldehyde,0.6,0.0,0.0,0.18125,5.75,5.0,4.0,inter_group,0.5,0.75,1.5,1.5,12.0,1.0,1.0,0.981726,1.0,
weidawang-Chem-R-8B,chem-r,functional_group,0,ketone,40,0.975,0.975,0.975,1.0,0.0,0.0,0.025,0.0,1.0,0.000667,0.034399,-0.027048,0.897818,ester,0.6,0.25,0.5,0.520833,2.5,2.5,4.0,inter_group,0.0,0.192311,10.583333,10.5,12.0,1.0,1.0,0.94624,1.0,
weidawang-Chem-R-8B,chem-r,functional_group,0,nitrile,40,1.0,1.0,1.0,1.0,0.0,0.0,0.0,0.0,1.0,0.054626,0.0369,0.321915,0.891321,aldehyde,0.925,,,,,,,,0.666667,0.833333,1.333333,1.0,12.0,1.0,1.0,0.998706,1.0,
weidawang-Chem-R-8B,chem-r,functional_group,0,nitro,40,0.875,0.875,0.875,1.0,0.0,0.0,0.125,0.0,1.0,0.012619,0.03417,0.050094,0.893842,sulfone,0.6,,,,,,,,0.583333,0.791667,1.416667,1.0,12.0,1.0,1.0,0.995691,1.0,
weidawang-Chem-R-8B,chem-r,functional_group,0,none (alkane),40,0.9,0.925,0.9,1.0,0.0,0.025,0.075,0.0,0.875,0.000575,0.039008,-0.039917,0.884302,alkyl iodide,0.6,,,,,,,,,,,,,,0.8,0.72028,1.0,
weidawang-Chem-R-8B,chem-r,functional_group,0,sulfone,40,0.925,0.925,0.925,1.0,0.0,0.0,0.075,0.0,1.0,0.002296,0.033394,-0.005927,0.899773,sulfoxide,0.6,0.0,0.25,0.375,2.75,3.0,4.0,inter_group,0.0,0.110601,11.583333,11.5,12.0,1.0,1.0,0.981152,1.0,
weidawang-Chem-R-8B,chem-r,functional_group,0,sulfoxide,40,0.95,0.95,0.95,1.0,0.0,0.0,0.05,0.0,0.925,0.000399,0.033865,-0.008529,0.902034,ester,0.6,0.0,0.25,0.279167,4.25,4.5,8.0,inter_group,0.0,0.065593,22.25,16.5,12.0,0.666667,1.0,0.936694,1.0,
weidawang-Chem-R-8B,chem-r,functional_group,0,thioether,40,0.925,0.925,0.925,1.0,0.0,0.0,0.075,0.0,0.95,0.001593,0.035933,-0.006037,0.896621,alkyl chloride,0.6,0.25,0.5,0.541667,2.25,2.5,8.0,inter_group,0.0,0.038671,38.166667,40.0,12.0,0.666667,1.0,0.922858,1.0,
weidawang-Chem-R-8B,chem-r,functional_group,0,thiol,80,0.9,0.9,0.925,0.972973,0.025,0.0,0.0625,0.0125,0.925,0.000303,0.036933,-0.021983,0.892405,amine,0.6,0.0,0.5,0.383333,3.0,2.5,4.0,inter_group,0.0,0.217373,15.333333,8.0,12.0,1.0,0.9875,0.908121,1.0,
weidawang-Chem-R-8B,chem-r,functional_group,8,alcohol,80,1.0,1.0,1.0,1.0,0.0,0.0,0.0,0.0,0.975,0.004836,0.074952,-0.006527,0.57673,ketone,0.4125,1.0,1.0,1.0,1.0,1.0,12.0,inter_group,0.0,0.184921,8.583333,5.0,12.0,1.0,1.0,0.875256,1.0,
weidawang-Chem-R-8B,chem-r,functional_group,8,aldehyde,40,0.9,0.95,0.925,0.972973,0.025,0.05,0.025,0.0,0.875,0.013759,0.075252,-0.002759,0.567907,carboxylic acid,0.45,0.5,0.625,0.677083,2.0,1.5,8.0,inter_group,0.416667,0.541667,4.5,2.5,12.0,1.0,1.0,0.885657,1.0,
weidawang-Chem-R-8B,chem-r,functional_group,8,alkyl bromide,40,0.875,0.875,0.875,1.0,0.0,0.0,0.1,0.025,0.925,0.003322,0.076775,-0.016364,0.57155,alkyl chloride,0.4,0.5,1.0,0.75,1.5,1.5,16.0,halide,0.0,0.236574,5.166667,4.0,12.0,1.0,1.0,0.797009,1.0,
weidawang-Chem-R-8B,chem-r,functional_group,8,alkyl chloride,40,0.8,0.9,0.825,0.969697,0.025,0.1,0.05,0.025,1.0,0.003387,0.077342,-0.013875,0.572672,alkyl bromide,0.45,0.5625,0.875,0.75,1.6875,1.0,16.0,halide,0.0,0.175066,8.25,6.0,12.0,1.0,1.0,0.841809,1.0,
weidawang-Chem-R-8B,chem-r,functional_group,8,alkyl fluoride,40,0.75,0.75,0.95,0.789474,0.2,0.0,0.0,0.05,1.0,0.003359,0.075007,-0.019869,0.568008,alkyl chloride,0.4,1.0,1.0,1.0,1.0,1.0,8.0,halide,0.0,0.185043,7.166667,5.5,12.0,1.0,1.0,0.772559,1.0,
weidawang-Chem-R-8B,chem-r,functional_group,8,alkyl iodide,40,0.925,0.95,0.925,1.0,0.0,0.025,0.025,0.025,0.75,0.008054,0.073646,-0.007745,0.568574,alkyl bromide,0.425,0.75,1.0,0.875,1.25,1.0,8.0,halide,0.083333,0.331019,4.666667,3.5,12.0,1.0,1.0,0.908801,1.0,
weidawang-Chem-R-8B,chem-r,functional_group,8,amide,40,0.875,0.875,0.975,0.897436,0.1,0.0,0.025,0.0,0.9,0.009273,0.067547,-0.007353,0.57167,carboxylic acid,0.4,1.0,1.0,1.0,1.0,1.0,4.0,inter_group,0.5,0.658333,2.333333,1.5,12.0,1.0,1.0,0.928857,1.0,
weidawang-Chem-R-8B,chem-r,functional_group,8,amine,80,0.975,0.975,0.975,1.0,0.0,0.0,0.025,0.0,0.775,0.005575,0.071685,-0.001956,0.576188,alcohol,0.4125,1.0,1.0,1.0,1.0,1.0,8.0,inter_group,0.083333,0.326389,5.083333,3.0,12.0,1.0,1.0,0.92121,1.0,
weidawang-Chem-R-8B,chem-r,functional_group,8,carboxylic acid,40,0.9,0.9,0.9,1.0,0.0,0.0,0.1,0.0,1.0,0.008746,0.072398,-0.004175,0.572804,amide,0.425,0.5,0.75,0.708333,1.75,1.5,8.0,inter_group,0.5,0.666667,2.166667,1.5,12.0,1.0,1.0,0.918347,1.0,
weidawang-Chem-R-8B,chem-r,functional_group,8,ester,40,0.875,0.975,0.875,1.0,0.0,0.1,0.025,0.0,0.925,0.012728,0.068599,0.001649,0.575202,ketone,0.5,0.0,1.0,0.5,2.0,2.0,4.0,inter_group,0.5,0.590972,6.083333,1.5,12.0,1.0,1.0,0.913428,1.0,
weidawang-Chem-R-8B,chem-r,functional_group,8,ether,40,0.85,0.85,0.85,1.0,0.0,0.0,0.15,0.0,0.975,-6.6e-05,0.069936,-0.022121,0.565569,alkyl fluoride,0.4,1.0,1.0,1.0,1.0,1.0,4.0,inter_group,0.0,0.09963,31.333333,24.0,12.0,1.0,0.8,0.692168,1.0,
weidawang-Chem-R-8B,chem-r,functional_group,8,imine,40,0.7,0.7,0.7,1.0,0.0,0.0,0.3,0.0,0.8,0.019912,0.072021,0.009686,0.569544,amine,0.5,0.75,1.0,0.875,1.25,1.0,4.0,inter_group,0.666667,0.833333,1.333333,1.0,12.0,1.0,1.0,0.948584,1.0,
weidawang-Chem-R-8B,chem-r,functional_group,8,ketone,40,0.975,0.975,0.975,1.0,0.0,0.0,0.025,0.0,1.0,0.005223,0.071684,-0.003415,0.577122,alcohol,0.4,0.25,0.25,0.4125,3.75,4.5,4.0,inter_group,0.0,0.266818,11.0,4.0,12.0,1.0,1.0,0.858643,1.0,
weidawang-Chem-R-8B,chem-r,functional_group,8,nitrile,40,1.0,1.0,1.0,1.0,0.0,0.0,0.0,0.0,1.0,0.016668,0.077341,-0.002092,0.565893,alcohol,0.4,,,,,,,,0.666667,0.833333,1.333333,1.0,12.0,1.0,1.0,0.9448,1.0,
weidawang-Chem-R-8B,chem-r,functional_group,8,nitro,40,0.875,0.875,0.875,1.0,0.0,0.0,0.125,0.0,1.0,0.031498,0.071311,0.012158,0.558818,alkyl bromide,0.625,,,,,,,,0.666667,0.833333,1.333333,1.0,12.0,1.0,1.0,0.969458,1.0,
weidawang-Chem-R-8B,chem-r,functional_group,8,none (alkane),40,0.9,0.925,0.9,1.0,0.0,0.025,0.075,0.0,0.875,0.016166,0.074729,0.012298,0.572979,alcohol,0.45,,,,,,,,,,,,,,1.0,0.943469,1.0,
weidawang-Chem-R-8B,chem-r,functional_group,8,sulfone,40,0.925,0.925,0.925,1.0,0.0,0.0,0.075,0.0,1.0,0.004392,0.064906,-0.018947,0.569219,sulfoxide,0.5,1.0,1.0,1.0,1.0,1.0,4.0,inter_group,0.0,0.347222,3.333333,3.0,12.0,1.0,1.0,0.907874,1.0,
weidawang-Chem-R-8B,chem-r,functional_group,8,sulfoxide,40,0.95,0.95,0.95,1.0,0.0,0.0,0.05,0.0,0.925,0.004252,0.066361,-0.006825,0.574736,sulfone,0.475,0.0,0.0,0.166667,7.75,8.0,8.0,inter_group,0.0,0.334921,3.666667,3.0,12.0,1.0,1.0,0.896509,1.0,
weidawang-Chem-R-8B,chem-r,functional_group,8,thioether,40,0.925,0.925,0.925,1.0,0.0,0.0,0.075,0.0,0.95,0.004864,0.06541,-0.015315,0.562686,ether,0.475,0.5,0.625,0.620982,3.25,1.5,8.0,inter_group,0.083333,0.228462,18.083333,9.0,12.0,1.0,0.875,0.794342,1.0,
weidawang-Chem-R-8B,chem-r,functional_group,8,thiol,80,0.9,0.9,0.925,0.972973,0.025,0.0,0.0625,0.0125,0.925,0.007506,0.07323,0.000622,0.576026,alcohol,0.4125,0.25,0.5,0.541667,2.25,2.5,4.0,inter_group,0.583333,0.722222,2.166667,1.0,12.0,1.0,1.0,0.904089,1.0,
weidawang-Chem-R-8B,chem-r,functional_group,16,alcohol,80,1.0,1.0,1.0,1.0,0.0,0.0,0.0,0.0,0.975,0.029592,0.050104,0.059853,0.681147,thiol,0.6125,1.0,1.0,1.0,1.0,1.0,12.0,inter_group,0.666667,0.833333,1.333333,1.0,12.0,1.0,1.0,0.907391,1.0,
weidawang-Chem-R-8B,chem-r,functional_group,16,aldehyde,40,0.9,0.95,0.925,0.972973,0.025,0.05,0.025,0.0,0.875,0.038218,0.052254,0.062957,0.684051,nitrile,0.675,1.0,1.0,1.0,1.0,1.0,8.0,inter_group,0.666667,0.833333,1.333333,1.0,12.0,1.0,1.0,0.881689,1.0,
weidawang-Chem-R-8B,chem-r,functional_group,16,alkyl bromide,40,0.875,0.875,0.875,1.0,0.0,0.0,0.1,0.025,0.925,0.005589,0.048711,-0.019976,0.682607,alkyl chloride,0.5,0.5,1.0,0.75,1.5,1.5,16.0,halide,0.083333,0.326852,4.416667,3.0,12.0,1.0,1.0,0.766211,1.0,
weidawang-Chem-R-8B,chem-r,functional_group,16,alkyl chloride,40,0.8,0.9,0.825,0.969697,0.025,0.1,0.05,0.025,1.0,0.00449,0.040233,0.008929,0.69399,alkyl bromide,0.5,0.625,0.875,0.78125,1.625,1.0,16.0,halide,0.0,0.169418,9.833333,8.0,12.0,1.0,0.975,0.706418,1.0,
weidawang-Chem-R-8B,chem-r,functional_group,16,alkyl fluoride,40,0.75,0.75,0.95,0.789474,0.2,0.0,0.0,0.05,1.0,0.005643,0.047816,-0.009494,0.68477,alkyl chloride,0.5,1.0,1.0,1.0,1.0,1.0,8.0,halide,0.0,0.221032,5.833333,4.5,12.0,1.0,1.0,0.778357,1.0,
weidawang-Chem-R-8B,chem-r,functional_group,16,alkyl iodide,40,0.925,0.95,0.925,1.0,0.0,0.025,0.025,0.025,0.75,0.005433,0.046021,0.012404,0.693605,alkyl bromide,0.525,1.0,1.0,1.0,1.0,1.0,8.0,halide,0.0,0.195668,7.166667,6.0,12.0,1.0,0.975,0.742554,1.0,
weidawang-Chem-R-8B,chem-r,functional_group,16,amide,40,0.875,0.875,0.975,0.897436,0.1,0.0,0.025,0.0,0.9,0.032335,0.048799,0.083591,0.701536,carboxylic acid,0.7,1.0,1.0,1.0,1.0,1.0,4.0,inter_group,0.666667,0.833333,1.333333,1.0,12.0,1.0,1.0,0.911218,1.0,
weidawang-Chem-R-8B,chem-r,functional_group,16,amine,80,0.975,0.975,0.975,1.0,0.0,0.0,0.025,0.0,0.775,0.033275,0.046853,0.065339,0.68124,alcohol,0.6875,1.0,1.0,1.0,1.0,1.0,8.0,inter_group,0.666667,0.833333,1.333333,1.0,12.0,1.0,1.0,0.917609,1.0,
weidawang-Chem-R-8B,chem-r,functional_group,16,carboxylic acid,40,0.9,0.9,0.9,1.0,0.0,0.0,0.1,0.0,1.0,0.030428,0.052051,0.052632,0.691025,amide,0.675,1.0,1.0,1.0,1.0,1.0,8.0,inter_group,0.666667,0.833333,1.333333,1.0,12.0,1.0,1.0,0.896466,1.0,
weidawang-Chem-R-8B,chem-r,functional_group,16,ester,40,0.875,0.975,0.875,1.0,0.0,0.1,0.025,0.0,0.925,0.041801,0.052448,0.093206,0.69363,carboxylic acid,0.725,1.0,1.0,1.0,1.0,1.0,4.0,inter_group,0.75,0.833333,1.583333,1.0,12.0,1.0,1.0,0.937524,1.0,
weidawang-Chem-R-8B,chem-r,functional_group,16,ether,40,0.85,0.85,0.85,1.0,0.0,0.0,0.15,0.0,0.975,0.023146,0.04443,0.047882,0.685249,thioether,0.575,1.0,1.0,1.0,1.0,1.0,4.0,inter_group,0.166667,0.397619,6.916667,3.0,12.0,1.0,1.0,0.866064,1.0,
weidawang-Chem-R-8B,chem-r,functional_group,16,imine,40,0.7,0.7,0.7,1.0,0.0,0.0,0.3,0.0,0.8,0.044865,0.056419,0.061657,0.674434,nitrile,0.75,1.0,1.0,1.0,1.0,1.0,4.0,inter_group,0.666667,0.833333,1.333333,1.0,12.0,1.0,1.0,0.927661,1.0,
weidawang-Chem-R-8B,chem-r,functional_group,16,ketone,40,0.975,0.975,0.975,1.0,0.0,0.0,0.025,0.0,1.0,0.044795,0.047121,0.099579,0.691254,alcohol,0.725,0.25,0.25,0.4,4.0,5.0,4.0,inter_group,0.833333,0.916667,1.166667,1.0,12.0,1.0,1.0,0.919788,1.0,
weidawang-Chem-R-8B,chem-r,functional_group,16,nitrile,40,1.0,1.0,1.0,1.0,0.0,0.0,0.0,0.0,1.0,0.040001,0.048744,0.079568,0.690506,aldehyde,0.75,,,,,,,,0.666667,0.833333,1.333333,1.0,12.0,1.0,1.0,0.908154,1.0,
weidawang-Chem-R-8B,chem-r,functional_group,16,nitro,40,0.875,0.875,0.875,1.0,0.0,0.0,0.125,0.0,1.0,0.063566,0.047825,0.122672,0.690578,alkyl iodide,0.85,,,,,,,,0.666667,0.833333,1.333333,1.0,12.0,1.0,1.0,0.947205,1.0,
weidawang-Chem-R-8B,chem-r,functional_group,16,none (alkane),40,0.9,0.925,0.9,1.0,0.0,0.025,0.075,0.0,0.875,0.061024,0.046238,0.131577,0.690856,alkyl fluoride,0.95,,,,,,,,,,,,,,1.0,0.939551,1.0,
weidawang-Chem-R-8B,chem-r,functional_group,16,sulfone,40,0.925,0.925,0.925,1.0,0.0,0.0,0.075,0.0,1.0,0.029601,0.04585,0.076592,0.692554,sulfoxide,0.675,1.0,1.0,1.0,1.0,1.0,4.0,inter_group,0.5,0.708333,1.833333,1.5,12.0,1.0,1.0,0.926038,1.0,
weidawang-Chem-R-8B,chem-r,functional_group,16,sulfoxide,40,0.95,0.95,0.95,1.0,0.0,0.0,0.05,0.0,0.925,0.028549,0.048267,0.041598,0.681181,sulfone,0.575,0.0,0.0,0.087302,11.75,12.0,8.0,inter_group,0.416667,0.625,2.25,2.0,12.0,1.0,1.0,0.897467,1.0,
weidawang-Chem-R-8B,chem-r,functional_group,16,thioether,40,0.925,0.925,0.925,1.0,0.0,0.0,0.075,0.0,0.95,0.024544,0.045093,0.049076,0.687157,alkyl fluoride,0.625,0.625,0.875,0.791667,1.5,1.0,8.0,inter_group,0.416667,0.561343,4.75,2.5,12.0,1.0,1.0,0.845526,1.0,
weidawang-Chem-R-8B,chem-r,functional_group,16,thiol,80,0.9,0.9,0.925,0.972973,0.025,0.0,0.0625,0.0125,0.925,0.027798,0.045889,0.024623,0.665682,thioether,0.625,1.0,1.0,1.0,1.0,1.0,4.0,inter_group,0.666667,0.833333,1.333333,1.0,12.0,1.0,1.0,0.858118,1.0,
weidawang-Chem-R-8B,chem-r,functional_group,24,alcohol,80,1.0,1.0,1.0,1.0,0.0,0.0,0.0,0.0,0.975,0.131676,0.070405,0.206056,0.601256,ether,0.9375,1.0,1.0,1.0,1.0,1.0,12.0,inter_group,0.583333,0.736111,1.833333,1.0,12.0,1.0,1.0,0.730281,1.0,
weidawang-Chem-R-8B,chem-r,functional_group,24,aldehyde,40,0.9,0.95,0.925,0.972973,0.025,0.05,0.025,0.0,0.875,0.147969,0.069298,0.272694,0.644889,carboxylic acid,0.975,1.0,1.0,1.0,1.0,1.0,8.0,inter_group,0.666667,0.833333,1.333333,1.0,12.0,1.0,1.0,0.725723,1.0,
weidawang-Chem-R-8B,chem-r,functional_group,24,alkyl bromide,40,0.875,0.875,0.875,1.0,0.0,0.0,0.1,0.025,0.925,0.076841,0.056531,0.159346,0.664658,alkyl chloride,0.975,0.5,0.875,0.729167,1.625,1.5,16.0,halide,0.083333,0.3125,4.666667,4.0,12.0,1.0,1.0,0.717419,1.0,
weidawang-Chem-R-8B,chem-r,functional_group,24,alkyl chloride,40,0.8,0.9,0.825,0.969697,0.025,0.1,0.05,0.025,1.0,0.076618,0.04766,0.174019,0.671927,alkyl bromide,0.95,0.5,0.625,0.666667,2.125,1.5,16.0,halide,0.0,0.184768,7.5,5.5,12.0,1.0,1.0,0.721655,1.0,
weidawang-Chem-R-8B,chem-r,functional_group,24,alkyl fluoride,40,0.75,0.75,0.95,0.789474,0.2,0.0,0.0,0.05,1.0,0.083504,0.058607,0.15811,0.650325,alkyl chloride,0.9,1.0,1.0,1.0,1.0,1.0,8.0,halide,0.0,0.19936,7.583333,5.5,12.0,1.0,1.0,0.702121,1.0,
weidawang-Chem-R-8B,chem-r,functional_group,24,alkyl iodide,40,0.925,0.95,0.925,1.0,0.0,0.025,0.025,0.025,0.75,0.08625,0.051611,0.195494,0.674305,alkyl chloride,0.975,1.0,1.0,1.0,1.0,1.0,8.0,halide,0.0,0.21131,6.5,5.0,12.0,1.0,1.0,0.730237,1.0,
weidawang-Chem-R-8B,chem-r,functional_group,24,amide,40,0.875,0.875,0.975,0.897436,0.1,0.0,0.025,0.0,0.9,0.154204,0.079293,0.265502,0.631838,carboxylic acid,0.975,1.0,1.0,1.0,1.0,1.0,4.0,inter_group,0.583333,0.791667,1.416667,1.0,12.0,1.0,1.0,0.761737,1.0,
weidawang-Chem-R-8B,chem-r,functional_group,24,amine,80,0.975,0.975,0.975,1.0,0.0,0.0,0.025,0.0,0.775,0.142288,0.06158,0.2001,0.58311,alcohol,0.9875,1.0,1.0,1.0,1.0,1.0,8.0,inter_group,0.583333,0.727778,2.0,1.0,12.0,1.0,1.0,0.765344,1.0,
weidawang-Chem-R-8B,chem-r,functional_group,24,carboxylic acid,40,0.9,0.9,0.9,1.0,0.0,0.0,0.1,0.0,1.0,0.126799,0.076223,0.218843,0.615078,ester,0.95,1.0,1.0,1.0,1.0,1.0,8.0,inter_group,0.583333,0.791667,1.416667,1.0,12.0,1.0,1.0,0.723267,1.0,
weidawang-Chem-R-8B,chem-r,functional_group,24,ester,40,0.875,0.975,0.875,1.0,0.0,0.1,0.025,0.0,0.925,0.123263,0.067077,0.231054,0.626834,carboxylic acid,0.925,1.0,1.0,1.0,1.0,1.0,4.0,inter_group,0.166667,0.259007,19.75,17.5,12.0,1.0,1.0,0.722272,1.0,
weidawang-Chem-R-8B,chem-r,functional_group,24,ether,40,0.85,0.85,0.85,1.0,0.0,0.0,0.15,0.0,0.975,0.153539,0.060187,0.259961,0.632499,alcohol,1.0,1.0,1.0,1.0,1.0,1.0,4.0,inter_group,0.083333,0.142369,22.25,12.0,12.0,1.0,1.0,0.714847,1.0,
weidawang-Chem-R-8B,chem-r,functional_group,24,imine,40,0.7,0.7,0.7,1.0,0.0,0.0,0.3,0.0,0.8,0.176745,0.079221,0.277813,0.636101,aldehyde,0.95,0.75,1.0,0.875,1.25,1.0,4.0,inter_group,0.666667,0.833333,1.333333,1.0,12.0,1.0,1.0,0.787439,1.0,
weidawang-Chem-R-8B,chem-r,functional_group,24,ketone,40,0.975,0.975,0.975,1.0,0.0,0.0,0.025,0.0,1.0,0.169241,0.063911,0.301162,0.655377,aldehyde,1.0,0.25,0.75,0.583333,2.0,2.0,4.0,inter_group,0.583333,0.726852,2.583333,1.0,12.0,1.0,1.0,0.782336,1.0,
weidawang-Chem-R-8B,chem-r,functional_group,24,nitrile,40,1.0,1.0,1.0,1.0,0.0,0.0,0.0,0.0,1.0,0.179963,0.071842,0.327595,0.658409,imine,1.0,,,,,,,,0.666667,0.833333,1.333333,1.0,12.0,1.0,1.0,0.773657,1.0,
weidawang-Chem-R-8B,chem-r,functional_group,24,nitro,40,0.875,0.875,0.875,1.0,0.0,0.0,0.125,0.0,1.0,0.246951,0.070204,0.365618,0.657496,alkyl bromide,1.0,,,,,,,,0.666667,0.833333,1.333333,1.0,12.0,1.0,1.0,0.819562,1.0,
weidawang-Chem-R-8B,chem-r,functional_group,24,none (alkane),40,0.9,0.925,0.9,1.0,0.0,0.025,0.075,0.0,0.875,0.148549,0.058458,0.180894,0.558477,alkyl fluoride,1.0,,,,,,,,,,,,,,1.0,0.669794,1.0,
weidawang-Chem-R-8B,chem-r,functional_group,24,sulfone,40,0.925,0.925,0.925,1.0,0.0,0.0,0.075,0.0,1.0,0.117493,0.061462,0.208731,0.644806,sulfoxide,1.0,1.0,1.0,1.0,1.0,1.0,4.0,inter_group,0.0,0.16417,12.666667,8.5,12.0,1.0,1.0,0.773181,1.0,
weidawang-Chem-R-8B,chem-r,functional_group,24,sulfoxide,40,0.95,0.95,0.95,1.0,0.0,0.0,0.05,0.0,0.925,0.122127,0.059609,0.227494,0.656489,sulfone,0.975,0.0,0.0,0.116477,8.75,8.0,8.0,inter_group,0.0,0.189052,8.916667,7.0,12.0,1.0,1.0,0.76524,1.0,
weidawang-Chem-R-8B,chem-r,functional_group,24,thioether,40,0.925,0.925,0.925,1.0,0.0,0.0,0.075,0.0,0.95,0.10382,0.062079,0.249689,0.654566,thiol,0.95,0.875,1.0,0.9375,1.125,1.0,8.0,inter_group,0.0,0.120116,16.666667,10.5,12.0,1.0,1.0,0.711026,1.0,
weidawang-Chem-R-8B,chem-r,functional_group,24,thiol,80,0.9,0.9,0.925,0.972973,0.025,0.0,0.0625,0.0125,0.925,0.097177,0.075389,0.117943,0.595078,thioether,0.925,1.0,1.0,1.0,1.0,1.0,4.0,inter_group,0.416667,0.611111,2.583333,2.0,12.0,1.0,0.9875,0.703723,1.0,
weidawang-Chem-R-8B,chem-r,functional_group,31,alcohol,80,1.0,1.0,1.0,1.0,0.0,0.0,0.0,0.0,0.975,0.117766,0.092137,0.196,0.600601,amine,0.8125,1.0,1.0,1.0,1.0,1.0,12.0,inter_group,0.666667,0.777778,1.666667,1.0,12.0,1.0,1.0,0.715067,1.0,
weidawang-Chem-R-8B,chem-r,functional_group,31,aldehyde,40,0.9,0.95,0.925,0.972973,0.025,0.05,0.025,0.0,0.875,0.106723,0.076934,0.218518,0.624066,carboxylic acid,0.925,0.875,1.0,0.9375,1.125,1.0,8.0,inter_group,0.666667,0.791667,1.666667,1.0,12.0,1.0,1.0,0.694852,1.0,
weidawang-Chem-R-8B,chem-r,functional_group,31,alkyl bromide,40,0.875,0.875,0.875,1.0,0.0,0.0,0.1,0.025,0.925,0.109875,0.071582,0.200816,0.632365,alkyl chloride,0.925,0.5,0.5,0.591919,4.0,2.0,16.0,halide,0.5,0.602778,3.0,2.5,12.0,1.0,1.0,0.723245,1.0,
weidawang-Chem-R-8B,chem-r,functional_group,31,alkyl chloride,40,0.8,0.9,0.825,0.969697,0.025,0.1,0.05,0.025,1.0,0.111754,0.069666,0.204605,0.635318,alkyl bromide,0.95,0.5,0.5,0.559673,5.125,4.0,16.0,halide,0.166667,0.396296,4.75,3.5,12.0,1.0,1.0,0.734448,1.0,
weidawang-Chem-R-8B,chem-r,functional_group,31,alkyl fluoride,40,0.75,0.75,0.95,0.789474,0.2,0.0,0.0,0.05,1.0,0.112682,0.076331,0.182387,0.611618,alkyl chloride,0.875,1.0,1.0,1.0,1.0,1.0,8.0,halide,0.416667,0.540476,4.083333,3.0,12.0,1.0,1.0,0.721909,1.0,
weidawang-Chem-R-8B,chem-r,functional_group,31,alkyl iodide,40,0.925,0.95,0.925,1.0,0.0,0.025,0.025,0.025,0.75,0.127445,0.075935,0.247507,0.646339,alkyl bromide,0.925,1.0,1.0,1.0,1.0,1.0,8.0,halide,0.416667,0.544643,3.75,3.0,12.0,1.0,1.0,0.753006,1.0,
weidawang-Chem-R-8B,chem-r,functional_group,31,amide,40,0.875,0.875,0.975,0.897436,0.1,0.0,0.025,0.0,0.9,0.110856,0.085804,0.167565,0.58092,carboxylic acid,0.875,1.0,1.0,1.0,1.0,1.0,4.0,inter_group,0.583333,0.7,2.25,1.0,12.0,1.0,1.0,0.724835,1.0,
weidawang-Chem-R-8B,chem-r,functional_group,31,amine,80,0.975,0.975,0.975,1.0,0.0,0.0,0.025,0.0,0.775,0.10792,0.07352,0.122487,0.54514,alcohol,0.9125,1.0,1.0,1.0,1.0,1.0,8.0,inter_group,0.5,0.660185,2.916667,1.5,12.0,1.0,1.0,0.721083,1.0,
weidawang-Chem-R-8B,chem-r,functional_group,31,carboxylic acid,40,0.9,0.9,0.9,1.0,0.0,0.0,0.1,0.0,1.0,0.106568,0.073851,0.199435,0.618215,aldehyde,0.9,0.75,1.0,0.875,1.25,1.0,8.0,inter_group,0.5,0.631944,3.166667,1.5,12.0,1.0,1.0,0.688886,1.0,
weidawang-Chem-R-8B,chem-r,functional_group,31,ester,40,0.875,0.975,0.875,1.0,0.0,0.1,0.025,0.0,0.925,0.104071,0.063061,0.150316,0.576743,carboxylic acid,0.925,1.0,1.0,1.0,1.0,1.0,4.0,inter_group,0.0,0.157703,26.083333,18.0,12.0,1.0,1.0,0.690936,1.0,
weidawang-Chem-R-8B,chem-r,functional_group,31,ether,40,0.85,0.85,0.85,1.0,0.0,0.0,0.15,0.0,0.975,0.125342,0.074261,0.206443,0.591889,alcohol,0.925,1.0,1.0,1.0,1.0,1.0,4.0,inter_group,0.0,0.115436,24.75,13.0,12.0,1.0,1.0,0.677847,1.0,
weidawang-Chem-R-8B,chem-r,functional_group,31,imine,40,0.7,0.7,0.7,1.0,0.0,0.0,0.3,0.0,0.8,0.154858,0.083939,0.205235,0.579105,aldehyde,1.0,0.0,1.0,0.5,2.0,2.0,4.0,inter_group,0.666667,0.833333,1.333333,1.0,12.0,1.0,1.0,0.749509,1.0,
weidawang-Chem-R-8B,chem-r,functional_group,31,ketone,40,0.975,0.975,0.975,1.0,0.0,0.0,0.025,0.0,1.0,0.148098,0.084801,0.248782,0.619773,ester,0.9,0.0,0.75,0.458333,2.25,2.0,4.0,inter_group,0.416667,0.601852,3.083333,2.0,12.0,1.0,1.0,0.765118,1.0,
weidawang-Chem-R-8B,chem-r,functional_group,31,nitrile,40,1.0,1.0,1.0,1.0,0.0,0.0,0.0,0.0,1.0,0.156452,0.090205,0.255514,0.596216,none (alkane),0.95,,,,,,,,0.666667,0.833333,1.333333,1.0,12.0,1.0,1.0,0.721112,1.0,
weidawang-Chem-R-8B,chem-r,functional_group,31,nitro,40,0.875,0.875,0.875,1.0,0.0,0.0,0.125,0.0,1.0,0.197677,0.07917,0.251577,0.575856,amine,1.0,,,,,,,,0.666667,0.833333,1.333333,1.0,12.0,1.0,1.0,0.776361,1.0,
weidawang-Chem-R-8B,chem-r,functional_group,31,none (alkane),40,0.9,0.925,0.9,1.0,0.0,0.025,0.075,0.0,0.875,0.110872,0.068406,0.177032,0.582634,alcohol,0.925,,,,,,,,,,,,,,1.0,0.642517,1.0,
weidawang-Chem-R-8B,chem-r,functional_group,31,sulfone,40,0.925,0.925,0.925,1.0,0.0,0.0,0.075,0.0,1.0,0.082342,0.058358,0.152275,0.651472,sulfoxide,0.925,1.0,1.0,1.0,1.0,1.0,4.0,inter_group,0.0,0.179495,10.25,7.0,12.0,1.0,1.0,0.755945,1.0,
weidawang-Chem-R-8B,chem-r,functional_group,31,sulfoxide,40,0.95,0.95,0.95,1.0,0.0,0.0,0.05,0.0,0.925,0.088422,0.054195,0.203008,0.671865,sulfone,0.975,0.0,0.0,0.083625,12.0,12.0,8.0,inter_group,0.083333,0.313657,5.166667,4.5,12.0,1.0,1.0,0.790698,1.0,
weidawang-Chem-R-8B,chem-r,functional_group,31,thioether,40,0.925,0.925,0.925,1.0,0.0,0.0,0.075,0.0,0.95,0.112083,0.072011,0.208999,0.61807,thiol,0.9,0.875,1.0,0.9375,1.125,1.0,8.0,inter_group,0.083333,0.245238,12.583333,7.0,12.0,1.0,1.0,0.751001,1.0,
weidawang-Chem-R-8B,chem-r,functional_group,31,thiol,80,0.9,0.9,0.925,0.972973,0.025,0.0,0.0625,0.0125,0.925,0.108209,0.067415,0.159465,0.598169,thioether,0.9,1.0,1.0,1.0,1.0,1.0,4.0,inter_group,0.5,0.64881,2.666667,1.5,12.0,1.0,0.9875,0.70713,1.0,
phenixace-Chem-R-Faithful,chem,functional_group,0,alcohol,80,1.0,1.0,1.0,1.0,0.0,0.0,0.0,0.0,1.0,-0.000342,0.035947,-0.040331,0.89257,amine,0.6,0.666667,0.916667,0.819444,1.416667,1.0,12.0,inter_group,0.0,0.100541,17.0,12.0,12.0,1.0,0.85,0.769484,1.0,0.815159
phenixace-Chem-R-Faithful,chem,functional_group,0,aldehyde,40,0.5,0.925,0.575,0.869565,0.075,0.425,0.0,0.0,1.0,0.001686,0.036542,-0.024636,0.892436,alcohol,0.6,0.0,0.0,0.30625,3.375,3.0,8.0,inter_group,0.583333,0.791667,1.416667,1.0,12.0,1.0,1.0,0.902234,1.0,0.950254
phenixace-Chem-R-Faithful,chem,functional_group,0,alkyl bromide,40,0.875,0.875,0.875,1.0,0.0,0.0,0.1,0.025,1.0,-0.000526,0.036278,-0.04025,0.893415,ether,0.6,0.25,0.3125,0.431399,4.1875,3.5,16.0,halide,0.0,0.129101,14.333333,10.5,12.0,1.0,0.75,0.65302,1.0,0.807303
phenixace-Chem-R-Faithful,chem,functional_group,0,alkyl chloride,40,0.8,0.875,0.825,0.969697,0.025,0.075,0.05,0.05,1.0,5e-05,0.03589,-0.028768,0.895554,alkyl fluoride,0.6,0.1875,0.375,0.386533,5.625,4.0,16.0,halide,0.0,0.035199,38.5,39.5,12.0,0.666667,1.0,0.829626,1.0,0.664743
phenixace-Chem-R-Faithful,chem,functional_group,0,alkyl fluoride,40,0.775,0.775,0.975,0.794872,0.2,0.0,0.0,0.025,1.0,-0.000309,0.036103,-0.032291,0.894552,alkyl bromide,0.6,0.5,0.75,0.708333,1.75,1.5,8.0,halide,0.0,0.098698,24.75,23.5,12.0,1.0,1.0,0.697864,1.0,0.753859
phenixace-Chem-R-Faithful,chem,functional_group,0,alkyl iodide,40,0.925,0.95,0.925,1.0,0.0,0.025,0.025,0.025,1.0,0.000311,0.037949,-0.04341,0.890202,ether,0.6,0.25,0.375,0.470833,3.5,3.0,8.0,halide,0.0,0.032683,39.75,41.0,12.0,0.5,0.875,0.671674,1.0,0.475544
phenixace-Chem-R-Faithful,chem,functional_group,0,amide,40,1.0,1.0,1.0,1.0,0.0,0.0,0.0,0.0,1.0,0.000745,0.033911,-0.019456,0.901485,carboxylic acid,0.6,1.0,1.0,1.0,1.0,1.0,4.0,inter_group,0.5,0.672222,2.166667,1.5,12.0,1.0,1.0,0.977612,1.0,0.967015
phenixace-Chem-R-Faithful,chem,functional_group,0,amine,80,0.9875,0.9875,0.9875,1.0,0.0,0.0,0.0125,0.0,0.9125,-0.000175,0.03539,-0.032,0.894898,alcohol,0.6,1.0,1.0,1.0,1.0,1.0,8.0,inter_group,0.0,0.145178,18.416667,12.0,12.0,1.0,0.9875,0.887947,1.0,0.822609
phenixace-Chem-R-Faithful,chem,functional_group,0,carboxylic acid,40,0.2,0.9,0.2,1.0,0.0,0.7,0.1,0.0,1.0,0.000773,0.033303,-0.001078,0.90344,amide,0.6,0.5,0.5,0.633333,2.5,2.0,8.0,inter_group,0.333333,0.569444,2.416667,2.0,12.0,1.0,1.0,0.985352,1.0,0.967037
phenixace-Chem-R-Faithful,chem,functional_group,0,ester,40,0.45,1.0,0.45,1.0,0.0,0.55,0.0,0.0,1.0,0.000453,0.033093,-0.027977,0.902745,sulfoxide,0.6,0.75,0.75,0.833333,1.5,1.0,4.0,inter_group,0.0,0.063594,22.166667,20.5,12.0,0.666667,1.0,0.907629,1.0,0.825511
phenixace-Chem-R-Faithful,chem,functional_group,0,ether,40,0.9,0.9,0.9,1.0,0.0,0.0,0.1,0.0,1.0,0.000171,0.037044,-0.042554,0.891853,alkyl iodide,0.6,0.75,0.75,0.8,2.0,1.0,4.0,inter_group,0.0,0.020974,54.333333,57.5,12.0,0.916667,0.8,0.694368,1.0,0.400397
phenixace-Chem-R-Faithful,chem,functional_group,0,imine,40,0.7,0.7,0.7,1.0,0.0,0.0,0.3,0.0,0.975,0.004474,0.03397,0.023124,0.900288,aldehyde,0.6,0.0,0.0,0.20625,5.25,4.5,4.0,inter_group,0.5,0.75,1.5,1.5,12.0,1.0,1.0,0.983069,1.0,0.974269
phenixace-Chem-R-Faithful,chem,functional_group,0,ketone,40,0.65,0.975,0.65,1.0,0.0,0.325,0.025,0.0,1.0,0.000676,0.03327,-0.026459,0.900535,ester,0.6,0.5,0.5,0.645833,2.25,2.0,4.0,inter_group,0.0,0.205278,10.583333,11.0,12.0,1.0,1.0,0.94679,1.0,0.857995
phenixace-Chem-R-Faithful,chem,functional_group,0,nitrile,40,1.0,1.0,1.0,1.0,0.0,0.0,0.0,0.0,1.0,0.059225,0.035566,0.347973,0.894728,aldehyde,0.975,,,,,,,,0.666667,0.833333,1.333333,1.0,12.0,1.0,1.0,0.998987,1.0,0.989483
phenixace-Chem-R-Faithful,chem,functional_group,0,nitro,40,0.975,0.975,0.975,1.0,0.0,0.0,0.025,0.0,1.0,0.013323,0.032322,0.055608,0.896211,sulfone,0.6,,,,,,,,0.583333,0.791667,1.416667,1.0,12.0,1.0,1.0,0.996069,1.0,0.960943
phenixace-Chem-R-Faithful,chem,functional_group,0,none (alkane),40,0.875,0.925,0.875,1.0,0.0,0.05,0.075,0.0,0.9,0.000695,0.037833,-0.039712,0.887245,ether,0.6,,,,,,,,,,,,,,0.825,0.740503,1.0,
phenixace-Chem-R-Faithful,chem,functional_group,0,sulfone,40,0.95,0.95,0.95,1.0,0.0,0.0,0.05,0.0,1.0,0.002414,0.032312,-0.003283,0.902643,sulfoxide,0.6,0.0,0.5,0.416667,2.5,2.5,4.0,inter_group,0.0,0.111147,11.416667,10.5,12.0,1.0,1.0,0.98269,1.0,0.880828
phenixace-Chem-R-Faithful,chem,functional_group,0,sulfoxide,40,0.95,0.95,0.95,1.0,0.0,0.0,0.05,0.0,1.0,0.000451,0.032793,-0.006791,0.90476,ester,0.6,0.0,0.25,0.2875,4.0,4.5,8.0,inter_group,0.0,0.064898,22.666667,16.5,12.0,0.666667,1.0,0.939453,1.0,0.824113
phenixace-Chem-R-Faithful,chem,functional_group,0,thioether,40,0.95,0.95,0.95,1.0,0.0,0.0,0.05,0.0,1.0,0.001535,0.034813,-0.005051,0.899445,alkyl chloride,0.6,0.25,0.5,0.541667,2.25,2.5,8.0,inter_group,0.0,0.038806,39.0,38.5,12.0,0.666667,1.0,0.909961,1.0,0.682352
phenixace-Chem-R-Faithful,chem,functional_group,0,thiol,80,0.975,0.975,0.9875,0.987342,0.0125,0.0,0.0,0.0125,0.9,0.000302,0.035788,-0.022551,0.895219,amine,0.6,0.0,0.75,0.4375,2.5,2.0,4.0,inter_group,0.0,0.185052,15.666667,9.0,12.0,1.0,1.0,0.910757,1.0,0.81363
phenixace-Chem-R-Faithful,chem,functional_group,8,alcohol,80,1.0,1.0,1.0,1.0,0.0,0.0,0.0,0.0,1.0,0.004727,0.074281,-0.005737,0.580703,ketone,0.4125,1.0,1.0,1.0,1.0,1.0,12.0,inter_group,0.0,0.188259,8.166667,5.0,12.0,1.0,1.0,0.873523,1.0,0.791427
phenixace-Chem-R-Faithful,chem,functional_group,8,aldehyde,40,0.5,0.925,0.575,0.869565,0.075,0.425,0.0,0.0,1.0,0.013517,0.074667,-0.001663,0.570983,carboxylic acid,0.425,0.5,0.625,0.6875,1.875,1.5,8.0,inter_group,0.5,0.593056,3.75,2.0,12.0,1.0,1.0,0.88634,1.0,0.79753
phenixace-Chem-R-Faithful,chem,functional_group,8,alkyl bromide,40,0.875,0.875,0.875,1.0,0.0,0.0,0.1,0.025,1.0,0.002924,0.076569,-0.017231,0.576889,alkyl chloride,0.4,0.5,1.0,0.75,1.5,1.5,16.0,halide,0.0,0.247685,5.0,3.5,12.0,1.0,1.0,0.786523,1.0,0.894492
phenixace-Chem-R-Faithful,chem,functional_group,8,alkyl chloride,40,0.8,0.875,0.825,0.969697,0.025,0.075,0.05,0.05,1.0,0.003009,0.076626,-0.013471,0.578379,alkyl bromide,0.425,0.5625,0.875,0.75,1.6875,1.0,16.0,halide,0.083333,0.22252,8.166667,6.0,12.0,1.0,1.0,0.835864,1.0,0.860635
phenixace-Chem-R-Faithful,chem,functional_group,8,alkyl fluoride,40,0.775,0.775,0.975,0.794872,0.2,0.0,0.0,0.025,1.0,0.002966,0.074468,-0.02105,0.57274,alkyl chloride,0.4,1.0,1.0,1.0,1.0,1.0,8.0,halide,0.0,0.17703,7.416667,5.5,12.0,1.0,1.0,0.763989,1.0,0.861476
phenixace-Chem-R-Faithful,chem,functional_group,8,alkyl iodide,40,0.925,0.95,0.925,1.0,0.0,0.025,0.025,0.025,1.0,0.007415,0.073633,-0.008631,0.574234,alkyl bromide,0.4,0.75,1.0,0.875,1.25,1.0,8.0,halide,0.083333,0.310185,4.833333,4.0,12.0,1.0,1.0,0.905457,1.0,0.874257
phenixace-Chem-R-Faithful,chem,functional_group,8,amide,40,1.0,1.0,1.0,1.0,0.0,0.0,0.0,0.0,1.0,0.009361,0.06612,-0.00535,0.574291,carboxylic acid,0.4,1.0,1.0,1.0,1.0,1.0,4.0,inter_group,0.583333,0.741667,1.916667,1.0,12.0,1.0,1.0,0.928088,1.0,0.862556
phenixace-Chem-R-Faithful,chem,functional_group,8,amine,80,0.9875,0.9875,0.9875,1.0,0.0,0.0,0.0125,0.0,0.9125,0.005591,0.070164,-0.001556,0.580271,alcohol,0.4125,1.0,1.0,1.0,1.0,1.0,8.0,inter_group,0.083333,0.372294,4.5,3.0,12.0,1.0,1.0,0.92193,1.0,0.824594
phenixace-Chem-R-Faithful,chem,functional_group,8,carboxylic acid,40,0.2,0.9,0.2,1.0,0.0,0.7,0.1,0.0,1.0,0.00872,0.071388,-0.010318,0.57169,amide,0.425,0.5,0.875,0.729167,1.625,1.5,8.0,inter_group,0.5,0.680556,2.0,1.5,12.0,1.0,1.0,0.914478,1.0,0.851368
phenixace-Chem-R-Faithful,chem,functional_group,8,ester,40,0.45,1.0,0.45,1.0,0.0,0.55,0.0,0.0,1.0,0.011676,0.067679,-0.000525,0.578209,ketone,0.475,0.0,1.0,0.5,2.0,2.0,4.0,inter_group,0.416667,0.550794,5.833333,2.0,12.0,1.0,1.0,0.907788,1.0,0.799512
phenixace-Chem-R-Faithful,chem,functional_group,8,ether,40,0.9,0.9,0.9,1.0,0.0,0.0,0.1,0.0,1.0,-0.00034,0.070127,-0.022062,0.571035,alkyl fluoride,0.4,1.0,1.0,1.0,1.0,1.0,4.0,inter_group,0.0,0.089874,30.583333,21.5,12.0,1.0,0.8,0.686479,1.0,0.631003
phenixace-Chem-R-Faithful,chem,functional_group,8,imine,40,0.7,0.7,0.7,1.0,0.0,0.0,0.3,0.0,0.975,0.020242,0.07091,0.010566,0.574096,amine,0.5,0.75,1.0,0.875,1.25,1.0,4.0,inter_group,0.666667,0.833333,1.333333,1.0,12.0,1.0,1.0,0.950781,1.0,0.888064
phenixace-Chem-R-Faithful,chem,functional_group,8,ketone,40,0.65,0.975,0.65,1.0,0.0,0.325,0.025,0.0,1.0,0.005145,0.070305,-0.006374,0.579306,alcohol,0.4,0.25,0.25,0.445833,3.25,3.5,4.0,inter_group,0.083333,0.301389,11.333333,4.5,12.0,1.0,1.0,0.849915,1.0,0.76423
phenixace-Chem-R-Faithful,chem,functional_group,8,nitrile,40,1.0,1.0,1.0,1.0,0.0,0.0,0.0,0.0,1.0,0.016809,0.076775,-0.003507,0.567997,ketone,0.4,,,,,,,,0.666667,0.833333,1.333333,1.0,12.0,1.0,1.0,0.94668,1.0,0.835524
phenixace-Chem-R-Faithful,chem,functional_group,8,nitro,40,0.975,0.975,0.975,1.0,0.0,0.0,0.025,0.0,1.0,0.030081,0.071682,0.011333,0.564262,alkyl bromide,0.65,,,,,,,,0.666667,0.833333,1.333333,1.0,12.0,1.0,1.0,0.969641,1.0,0.923663
phenixace-Chem-R-Faithful,chem,functional_group,8,none (alkane),40,0.875,0.925,0.875,1.0,0.0,0.05,0.075,0.0,0.9,0.015835,0.074592,0.0119,0.57688,alcohol,0.4,,,,,,,,,,,,,,1.0,0.94325,1.0,
phenixace-Chem-R-Faithful,chem,functional_group,8,sulfone,40,0.95,0.95,0.95,1.0,0.0,0.0,0.05,0.0,1.0,0.003849,0.063358,-0.018692,0.577613,sulfoxide,0.475,1.0,1.0,1.0,1.0,1.0,4.0,inter_group,0.0,0.347222,3.333333,3.0,12.0,1.0,1.0,0.901855,1.0,0.864249
phenixace-Chem-R-Faithful,chem,functional_group,8,sulfoxide,40,0.95,0.95,0.95,1.0,0.0,0.0,0.05,0.0,1.0,0.003722,0.065244,-0.008383,0.581845,sulfone,0.45,0.0,0.0,0.166667,7.75,8.0,8.0,inter_group,0.0,0.334921,3.666667,3.0,12.0,1.0,1.0,0.893042,1.0,0.859479
phenixace-Chem-R-Faithful,chem,functional_group,8,thioether,40,0.95,0.95,0.95,1.0,0.0,0.0,0.05,0.0,1.0,0.004072,0.06592,-0.014907,0.569871,ether,0.475,0.5,0.625,0.613839,3.5,1.5,8.0,inter_group,0.083333,0.228724,18.166667,8.5,12.0,1.0,0.825,0.778088,1.0,0.743602
phenixace-Chem-R-Faithful,chem,functional_group,8,thiol,80,0.975,0.975,0.9875,0.987342,0.0125,0.0,0.0,0.0125,0.9,0.006558,0.072527,-0.000716,0.580373,alcohol,0.4,0.25,0.5,0.541667,2.25,2.5,4.0,inter_group,0.5,0.680556,2.25,1.5,12.0,1.0,1.0,0.896289,1.0,0.863049
phenixace-Chem-R-Faithful,chem,functional_group,16,alcohol,80,1.0,1.0,1.0,1.0,0.0,0.0,0.0,0.0,1.0,0.030966,0.049945,0.069773,0.691918,thiol,0.675,1.0,1.0,1.0,1.0,1.0,12.0,inter_group,0.666667,0.833333,1.333333,1.0,12.0,1.0,1.0,0.890286,1.0,0.891514
phenixace-Chem-R-Faithful,chem,functional_group,16,aldehyde,40,0.5,0.925,0.575,0.869565,0.075,0.425,0.0,0.0,1.0,0.042579,0.053635,0.08513,0.698757,nitrile,0.725,1.0,1.0,1.0,1.0,1.0,8.0,inter_group,0.666667,0.833333,1.333333,1.0,12.0,1.0,1.0,0.891663,1.0,0.887156
phenixace-Chem-R-Faithful,chem,functional_group,16,alkyl bromide,40,0.875,0.875,0.875,1.0,0.0,0.0,0.1,0.025,1.0,0.00511,0.048464,-0.018879,0.694523,alkyl chloride,0.5,0.5,1.0,0.75,1.5,1.5,16.0,halide,0.083333,0.319907,4.25,3.5,12.0,1.0,1.0,0.773755,1.0,0.909222
phenixace-Chem-R-Faithful,chem,functional_group,16,alkyl chloride,40,0.8,0.875,0.825,0.969697,0.025,0.075,0.05,0.05,1.0,0.004028,0.04189,0.012426,0.705731,alkyl bromide,0.525,0.625,0.875,0.78125,1.625,1.0,16.0,halide,0.0,0.175304,9.5,8.5,12.0,1.0,0.975,0.694208,1.0,0.862198
phenixace-Chem-R-Faithful,chem,functional_group,16,alkyl fluoride,40,0.775,0.775,0.975,0.794872,0.2,0.0,0.0,0.025,1.0,0.00563,0.049206,-0.011704,0.694446,alkyl chloride,0.5,1.0,1.0,1.0,1.0,1.0,8.0,halide,0.0,0.219963,6.0,4.5,12.0,1.0,1.0,0.777264,1.0,0.866224
phenixace-Chem-R-Faithful,chem,functional_group,16,alkyl iodide,40,0.925,0.95,0.925,1.0,0.0,0.025,0.025,0.025,1.0,0.00521,0.046332,0.008971,0.702896,alkyl bromide,0.525,1.0,1.0,1.0,1.0,1.0,8.0,halide,0.0,0.214683,6.833333,5.5,12.0,1.0,0.975,0.774121,1.0,0.87647
phenixace-Chem-R-Faithful,chem,functional_group,16,amide,40,1.0,1.0,1.0,1.0,0.0,0.0,0.0,0.0,1.0,0.036502,0.048605,0.099607,0.71456,carboxylic acid,0.725,1.0,1.0,1.0,1.0,1.0,4.0,inter_group,0.666667,0.833333,1.333333,1.0,12.0,1.0,1.0,0.934521,1.0,0.926927
phenixace-Chem-R-Faithful,chem,functional_group,16,amine,80,0.9875,0.9875,0.9875,1.0,0.0,0.0,0.0125,0.0,0.9125,0.035909,0.046298,0.082089,0.693357,alcohol,0.7125,1.0,1.0,1.0,1.0,1.0,8.0,inter_group,0.833333,0.916667,1.166667,1.0,12.0,1.0,1.0,0.931152,1.0,0.906242
phenixace-Chem-R-Faithful,chem,functional_group,16,carboxylic acid,40,0.2,0.9,0.2,1.0,0.0,0.7,0.1,0.0,1.0,0.03446,0.051028,0.065134,0.703984,amide,0.65,1.0,1.0,1.0,1.0,1.0,8.0,inter_group,0.666667,0.833333,1.333333,1.0,12.0,1.0,1.0,0.915051,1.0,0.908231
phenixace-Chem-R-Faithful,chem,functional_group,16,ester,40,0.45,1.0,0.45,1.0,0.0,0.55,0.0,0.0,1.0,0.043574,0.050594,0.105322,0.707406,carboxylic acid,0.725,1.0,1.0,1.0,1.0,1.0,4.0,inter_group,0.75,0.833333,1.583333,1.0,12.0,1.0,1.0,0.935779,1.0,0.880454
phenixace-Chem-R-Faithful,chem,functional_group,16,ether,40,0.9,0.9,0.9,1.0,0.0,0.0,0.1,0.0,1.0,0.023684,0.045003,0.060306,0.700016,thioether,0.6,1.0,1.0,1.0,1.0,1.0,4.0,inter_group,0.166667,0.43871,7.166667,2.5,12.0,1.0,1.0,0.861169,1.0,0.789302
phenixace-Chem-R-Faithful,chem,functional_group,16,imine,40,0.7,0.7,0.7,1.0,0.0,0.0,0.3,0.0,0.975,0.053281,0.053744,0.09386,0.690656,nitrile,0.825,0.5,0.75,0.708333,1.75,1.5,4.0,inter_group,0.666667,0.833333,1.333333,1.0,12.0,1.0,1.0,0.940369,1.0,0.919317
phenixace-Chem-R-Faithful,chem,functional_group,16,ketone,40,0.65,0.975,0.65,1.0,0.0,0.325,0.025,0.0,1.0,0.051561,0.045479,0.120873,0.705237,aldehyde,0.85,0.25,0.25,0.466667,3.0,3.0,4.0,inter_group,0.833333,0.916667,1.166667,1.0,12.0,1.0,1.0,0.911426,1.0,0.849545
phenixace-Chem-R-Faithful,chem,functional_group,16,nitrile,40,1.0,1.0,1.0,1.0,0.0,0.0,0.0,0.0,1.0,0.044032,0.048402,0.093327,0.70205,aldehyde,0.8,,,,,,,,0.666667,0.833333,1.333333,1.0,12.0,1.0,1.0,0.918518,1.0,0.908705
phenixace-Chem-R-Faithful,chem,functional_group,16,nitro,40,0.975,0.975,0.975,1.0,0.0,0.0,0.025,0.0,1.0,0.066631,0.05018,0.133105,0.70098,alkyl iodide,0.85,,,,,,,,0.666667,0.833333,1.333333,1.0,12.0,1.0,1.0,0.946863,1.0,0.935717
phenixace-Chem-R-Faithful,chem,functional_group,16,none (alkane),40,0.875,0.925,0.875,1.0,0.0,0.05,0.075,0.0,0.9,0.064465,0.046594,0.142262,0.700647,ether,0.95,,,,,,,,,,,,,,1.0,0.944092,1.0,
phenixace-Chem-R-Faithful,chem,functional_group,16,sulfone,40,0.95,0.95,0.95,1.0,0.0,0.0,0.05,0.0,1.0,0.039118,0.047617,0.103764,0.706721,sulfoxide,0.775,1.0,1.0,1.0,1.0,1.0,4.0,inter_group,0.666667,0.805556,1.5,1.0,12.0,1.0,1.0,0.947339,1.0,0.908207
phenixace-Chem-R-Faithful,chem,functional_group,16,sulfoxide,40,0.95,0.95,0.95,1.0,0.0,0.0,0.05,0.0,1.0,0.038027,0.047405,0.070131,0.6964,sulfone,0.625,0.0,0.0,0.084325,12.25,13.0,8.0,inter_group,0.666667,0.791667,1.666667,1.0,12.0,1.0,1.0,0.898114,1.0,0.893678
phenixace-Chem-R-Faithful,chem,functional_group,16,thioether,40,0.95,0.95,0.95,1.0,0.0,0.0,0.05,0.0,1.0,0.025126,0.045106,0.05258,0.698922,ether,0.625,0.625,1.0,0.8125,1.375,1.0,8.0,inter_group,0.5,0.603554,4.75,2.0,12.0,1.0,1.0,0.853113,1.0,0.850672
phenixace-Chem-R-Faithful,chem,functional_group,16,thiol,80,0.975,0.975,0.9875,0.987342,0.0125,0.0,0.0,0.0125,0.9,0.028969,0.0457,0.030384,0.676716,alcohol,0.6375,1.0,1.0,1.0,1.0,1.0,4.0,inter_group,0.666667,0.833333,1.333333,1.0,12.0,1.0,1.0,0.8798,1.0,0.898037
phenixace-Chem-R-Faithful,chem,functional_group,24,alcohol,80,1.0,1.0,1.0,1.0,0.0,0.0,0.0,0.0,1.0,0.155979,0.069913,0.266789,0.640239,ether,0.975,1.0,1.0,1.0,1.0,1.0,12.0,inter_group,0.666667,0.791667,1.666667,1.0,12.0,1.0,1.0,0.761978,1.0,0.818467
phenixace-Chem-R-Faithful,chem,functional_group,24,aldehyde,40,0.5,0.925,0.575,0.869565,0.075,0.425,0.0,0.0,1.0,0.186678,0.059157,0.36076,0.699965,ketone,1.0,1.0,1.0,1.0,1.0,1.0,8.0,inter_group,0.666667,0.833333,1.333333,1.0,12.0,1.0,1.0,0.781915,1.0,0.837795
phenixace-Chem-R-Faithful,chem,functional_group,24,alkyl bromide,40,0.875,0.875,0.875,1.0,0.0,0.0,0.1,0.025,1.0,0.077175,0.049393,0.18238,0.705799,alkyl chloride,1.0,0.5,0.875,0.729167,1.625,1.5,16.0,halide,0.083333,0.310185,4.833333,4.0,12.0,1.0,1.0,0.730756,1.0,0.813687
phenixace-Chem-R-Faithful,chem,functional_group,24,alkyl chloride,40,0.8,0.875,0.825,0.969697,0.025,0.075,0.05,0.05,1.0,0.078052,0.043588,0.211849,0.717182,alkyl bromide,1.0,0.5,0.625,0.666667,2.125,1.5,16.0,halide,0.0,0.166865,7.666667,5.5,12.0,1.0,1.0,0.739307,1.0,0.764882
phenixace-Chem-R-Faithful,chem,functional_group,24,alkyl fluoride,40,0.775,0.775,0.975,0.794872,0.2,0.0,0.0,0.025,1.0,0.086365,0.056062,0.185843,0.691072,alkyl chloride,0.95,1.0,1.0,1.0,1.0,1.0,8.0,halide,0.0,0.210836,6.916667,5.0,12.0,1.0,1.0,0.717413,1.0,0.764907
phenixace-Chem-R-Faithful,chem,functional_group,24,alkyl iodide,40,0.925,0.95,0.925,1.0,0.0,0.025,0.025,0.025,1.0,0.09059,0.046979,0.229455,0.71494,alkyl chloride,1.0,1.0,1.0,1.0,1.0,1.0,8.0,halide,0.083333,0.243849,6.25,5.5,12.0,1.0,1.0,0.740155,1.0,0.785387
phenixace-Chem-R-Faithful,chem,functional_group,24,amide,40,1.0,1.0,1.0,1.0,0.0,0.0,0.0,0.0,1.0,0.186053,0.072683,0.350967,0.688636,carboxylic acid,1.0,1.0,1.0,1.0,1.0,1.0,4.0,inter_group,0.666667,0.833333,1.333333,1.0,12.0,1.0,1.0,0.80517,1.0,0.857892
phenixace-Chem-R-Faithful,chem,functional_group,24,amine,80,0.9875,0.9875,0.9875,1.0,0.0,0.0,0.0125,0.0,0.9125,0.17644,0.057269,0.274395,0.625886,alcohol,1.0,1.0,1.0,1.0,1.0,1.0,8.0,inter_group,0.666667,0.805556,1.5,1.0,12.0,1.0,1.0,0.801254,1.0,0.822588
phenixace-Chem-R-Faithful,chem,functional_group,24,carboxylic acid,40,0.2,0.9,0.2,1.0,0.0,0.7,0.1,0.0,1.0,0.135555,0.070297,0.269189,0.667986,ester,0.975,1.0,1.0,1.0,1.0,1.0,8.0,inter_group,0.583333,0.791667,1.416667,1.0,12.0,1.0,1.0,0.766827,1.0,0.849517
phenixace-Chem-R-Faithful,chem,functional_group,24,ester,40,0.45,1.0,0.45,1.0,0.0,0.55,0.0,0.0,1.0,0.1285,0.060004,0.278294,0.68098,carboxylic acid,0.975,1.0,1.0,1.0,1.0,1.0,4.0,inter_group,0.083333,0.22005,17.5,13.5,12.0,1.0,1.0,0.747833,1.0,0.695168
phenixace-Chem-R-Faithful,chem,functional_group,24,ether,40,0.9,0.9,0.9,1.0,0.0,0.0,0.1,0.0,1.0,0.167214,0.057425,0.29998,0.669418,thioether,1.0,1.0,1.0,1.0,1.0,1.0,4.0,inter_group,0.083333,0.141781,23.0,12.0,12.0,1.0,1.0,0.731729,1.0,0.604125
phenixace-Chem-R-Faithful,chem,functional_group,24,imine,40,0.7,0.7,0.7,1.0,0.0,0.0,0.3,0.0,0.975,0.225744,0.069588,0.378359,0.688432,aldehyde,1.0,0.5,1.0,0.75,1.5,1.5,4.0,inter_group,0.666667,0.833333,1.333333,1.0,12.0,1.0,1.0,0.82113,1.0,0.844626
phenixace-Chem-R-Faithful,chem,functional_group,24,ketone,40,0.65,0.975,0.65,1.0,0.0,0.325,0.025,0.0,1.0,0.186749,0.053363,0.378288,0.712424,ester,1.0,1.0,1.0,1.0,1.0,1.0,4.0,inter_group,0.333333,0.583333,2.5,2.0,12.0,1.0,1.0,0.819141,1.0,0.803461
phenixace-Chem-R-Faithful,chem,functional_group,24,nitrile,40,1.0,1.0,1.0,1.0,0.0,0.0,0.0,0.0,1.0,0.226711,0.063686,0.409002,0.702964,imine,1.0,,,,,,,,0.666667,0.833333,1.333333,1.0,12.0,1.0,1.0,0.805438,1.0,0.849934
phenixace-Chem-R-Faithful,chem,functional_group,24,nitro,40,0.975,0.975,0.975,1.0,0.0,0.0,0.025,0.0,1.0,0.261581,0.066484,0.413304,0.693619,sulfone,1.0,,,,,,,,0.583333,0.791667,1.416667,1.0,12.0,1.0,1.0,0.830499,1.0,0.84256
phenixace-Chem-R-Faithful,chem,functional_group,24,none (alkane),40,0.875,0.925,0.875,1.0,0.0,0.05,0.075,0.0,0.9,0.161594,0.055651,0.221981,0.591102,alkyl fluoride,1.0,,,,,,,,,,,,,,1.0,0.68418,1.0,
phenixace-Chem-R-Faithful,chem,functional_group,24,sulfone,40,0.95,0.95,0.95,1.0,0.0,0.0,0.05,0.0,1.0,0.14701,0.061347,0.279318,0.686901,sulfoxide,1.0,1.0,1.0,1.0,1.0,1.0,4.0,inter_group,0.0,0.158882,14.083333,9.5,12.0,1.0,1.0,0.782404,1.0,0.712627
phenixace-Chem-R-Faithful,chem,functional_group,24,sulfoxide,40,0.95,0.95,0.95,1.0,0.0,0.0,0.05,0.0,1.0,0.15449,0.0566,0.31314,0.706547,sulfone,1.0,0.0,0.0,0.113005,9.0,8.5,8.0,inter_group,0.0,0.222222,8.083333,6.0,12.0,1.0,1.0,0.817554,1.0,0.773332
phenixace-Chem-R-Faithful,chem,functional_group,24,thioether,40,0.95,0.95,0.95,1.0,0.0,0.0,0.05,0.0,1.0,0.114077,0.057892,0.299892,0.70006,thiol,0.975,1.0,1.0,1.0,1.0,1.0,8.0,inter_group,0.0,0.099765,17.916667,11.0,12.0,1.0,1.0,0.740164,1.0,0.69935
phenixace-Chem-R-Faithful,chem,functional_group,24,thiol,80,0.975,0.975,0.9875,0.987342,0.0125,0.0,0.0,0.0125,0.9,0.106664,0.076731,0.149113,0.63725,thioether,0.9125,1.0,1.0,1.0,1.0,1.0,4.0,inter_group,0.333333,0.575,2.5,2.0,12.0,1.0,0.9875,0.714819,1.0,0.821056
phenixace-Chem-R-Faithful,chem,functional_group,31,alcohol,80,1.0,1.0,1.0,1.0,0.0,0.0,0.0,0.0,1.0,0.13378,0.077529,0.288261,0.683789,amine,0.9,1.0,1.0,1.0,1.0,1.0,12.0,inter_group,0.666667,0.833333,1.333333,1.0,12.0,1.0,1.0,0.713724,1.0,0.78781
phenixace-Chem-R-Faithful,chem,functional_group,31,aldehyde,40,0.5,0.925,0.575,0.869565,0.075,0.425,0.0,0.0,1.0,0.123134,0.063056,0.279758,0.700146,carboxylic acid,0.95,0.875,1.0,0.9375,1.125,1.0,8.0,inter_group,0.666667,0.805556,1.5,1.0,12.0,1.0,1.0,0.700586,1.0,0.784759
phenixace-Chem-R-Faithful,chem,functional_group,31,alkyl bromide,40,0.875,0.875,0.875,1.0,0.0,0.0,0.1,0.025,1.0,0.101082,0.058045,0.2382,0.708613,alkyl chloride,0.975,0.5,0.5,0.601042,3.625,2.0,16.0,halide,0.416667,0.555556,3.25,3.0,12.0,1.0,1.0,0.696478,1.0,0.794663
phenixace-Chem-R-Faithful,chem,functional_group,31,alkyl chloride,40,0.8,0.875,0.825,0.969697,0.025,0.075,0.05,0.05,1.0,0.10331,0.05769,0.24905,0.713648,alkyl bromide,0.975,0.5,0.5,0.554688,5.5,4.5,16.0,halide,0.166667,0.380892,5.0,3.5,12.0,1.0,1.0,0.717114,1.0,0.754021
phenixace-Chem-R-Faithful,chem,functional_group,31,alkyl fluoride,40,0.775,0.775,0.975,0.794872,0.2,0.0,0.0,0.025,1.0,0.105376,0.063946,0.225708,0.692329,alkyl chloride,0.9,1.0,1.0,1.0,1.0,1.0,8.0,halide,0.333333,0.47963,4.333333,3.5,12.0,1.0,1.0,0.702362,1.0,0.747339
phenixace-Chem-R-Faithful,chem,functional_group,31,alkyl iodide,40,0.925,0.95,0.925,1.0,0.0,0.025,0.025,0.025,1.0,0.121115,0.063422,0.289688,0.717101,alkyl bromide,0.95,1.0,1.0,1.0,1.0,1.0,8.0,halide,0.416667,0.555556,3.5,2.5,12.0,1.0,1.0,0.739017,1.0,0.7699
phenixace-Chem-R-Faithful,chem,functional_group,31,amide,40,1.0,1.0,1.0,1.0,0.0,0.0,0.0,0.0,1.0,0.123792,0.072365,0.230903,0.66756,carboxylic acid,0.95,1.0,1.0,1.0,1.0,1.0,4.0,inter_group,0.666667,0.833333,1.333333,1.0,12.0,1.0,1.0,0.718533,1.0,0.795969
phenixace-Chem-R-Faithful,chem,functional_group,31,amine,80,0.9875,0.9875,0.9875,1.0,0.0,0.0,0.0125,0.0,0.9125,0.123776,0.06065,0.181361,0.627776,alcohol,0.9875,1.0,1.0,1.0,1.0,1.0,8.0,inter_group,0.583333,0.736111,2.083333,1.0,12.0,1.0,1.0,0.724976,1.0,0.776904
phenixace-Chem-R-Faithful,chem,functional_group,31,carboxylic acid,40,0.2,0.9,0.2,1.0,0.0,0.7,0.1,0.0,1.0,0.12209,0.058323,0.295398,0.710047,aldehyde,1.0,0.875,1.0,0.9375,1.125,1.0,8.0,inter_group,0.666667,0.805556,1.5,1.0,12.0,1.0,1.0,0.67695,1.0,0.783997
phenixace-Chem-R-Faithful,chem,functional_group,31,ester,40,0.45,1.0,0.45,1.0,0.0,0.55,0.0,0.0,1.0,0.109365,0.048338,0.188674,0.651937,carboxylic acid,0.975,1.0,1.0,1.0,1.0,1.0,4.0,inter_group,0.083333,0.227493,23.583333,16.0,12.0,1.0,1.0,0.690485,1.0,0.628744
phenixace-Chem-R-Faithful,chem,functional_group,31,ether,40,0.9,0.9,0.9,1.0,0.0,0.0,0.1,0.0,1.0,0.132333,0.061367,0.243308,0.654281,alcohol,0.975,1.0,1.0,1.0,1.0,1.0,4.0,inter_group,0.083333,0.142177,26.416667,15.5,12.0,1.0,1.0,0.651739,1.0,0.541443
phenixace-Chem-R-Faithful,chem,functional_group,31,imine,40,0.7,0.7,0.7,1.0,0.0,0.0,0.3,0.0,0.975,0.195602,0.067704,0.306682,0.656699,amine,1.0,0.0,1.0,0.5,2.0,2.0,4.0,inter_group,0.666667,0.833333,1.333333,1.0,12.0,1.0,1.0,0.766803,1.0,0.800528
phenixace-Chem-R-Faithful,chem,functional_group,31,ketone,40,0.65,0.975,0.65,1.0,0.0,0.325,0.025,0.0,1.0,0.160564,0.061589,0.326299,0.704793,ester,1.0,0.25,0.75,0.583333,2.0,2.0,4.0,inter_group,0.416667,0.607143,2.75,2.0,12.0,1.0,1.0,0.762805,1.0,0.758519
phenixace-Chem-R-Faithful,chem,functional_group,31,nitrile,40,1.0,1.0,1.0,1.0,0.0,0.0,0.0,0.0,1.0,0.178816,0.076707,0.320771,0.662148,none (alkane),1.0,,,,,,,,0.666667,0.833333,1.333333,1.0,12.0,1.0,1.0,0.722125,1.0,0.789082
phenixace-Chem-R-Faithful,chem,functional_group,31,nitro,40,0.975,0.975,0.975,1.0,0.0,0.0,0.025,0.0,1.0,0.209475,0.070277,0.313424,0.648217,amine,1.0,,,,,,,,0.666667,0.833333,1.333333,1.0,12.0,1.0,1.0,0.775342,1.0,0.808357
phenixace-Chem-R-Faithful,chem,functional_group,31,none (alkane),40,0.875,0.925,0.875,1.0,0.0,0.05,0.075,0.0,0.9,0.119655,0.060758,0.20523,0.638662,alcohol,0.95,,,,,,,,,,,,,,1.0,0.599744,1.0,
phenixace-Chem-R-Faithful,chem,functional_group,31,sulfone,40,0.95,0.95,0.95,1.0,0.0,0.0,0.05,0.0,1.0,0.095594,0.054402,0.209521,0.70977,sulfoxide,1.0,1.0,1.0,1.0,1.0,1.0,4.0,inter_group,0.0,0.167397,12.416667,7.5,12.0,1.0,1.0,0.749847,1.0,0.688385
phenixace-Chem-R-Faithful,chem,functional_group,31,sulfoxide,40,0.95,0.95,0.95,1.0,0.0,0.0,0.05,0.0,1.0,0.103723,0.048853,0.286034,0.737588,sulfone,1.0,0.0,0.0,0.078755,12.75,12.5,8.0,inter_group,0.083333,0.295707,6.083333,6.0,12.0,1.0,1.0,0.781751,1.0,0.754824
phenixace-Chem-R-Faithful,chem,functional_group,31,thioether,40,0.95,0.95,0.95,1.0,0.0,0.0,0.05,0.0,1.0,0.119887,0.061906,0.267499,0.685428,thiol,0.975,0.875,1.0,0.9375,1.125,1.0,8.0,inter_group,0.083333,0.233036,13.083333,8.5,12.0,1.0,1.0,0.727686,1.0,0.689593
phenixace-Chem-R-Faithful,chem,functional_group,31,thiol,80,0.975,0.975,0.9875,0.987342,0.0125,0.0,0.0,0.0125,0.9,0.115368,0.064882,0.205816,0.664928,thioether,0.9,1.0,1.0,1.0,1.0,1.0,4.0,inter_group,0.5,0.658333,2.333333,1.5,12.0,1.0,1.0,0.692712,1.0,0.787564
OpenDFM-ChemDFM-v1.5-8B,chemdfm,functional_group,0,alcohol,80,0.8875,0.8875,0.8875,1.0,0.0,0.0,0.1125,0.0,1.0,-0.00077,0.031262,-0.065704,0.879539,thiol,0.6,0.916667,1.0,0.958333,1.083333,1.0,12.0,inter_group,0.0,0.149687,10.333333,10.5,12.0,1.0,0.9625,0.821503,1.0,
OpenDFM-ChemDFM-v1.5-8B,chemdfm,functional_group,0,aldehyde,40,0.75,0.8,0.75,1.0,0.0,0.05,0.2,0.0,0.85,0.001809,0.030465,-0.073685,0.871892,none (alkane),0.6,0.25,0.75,0.53869,2.875,2.0,8.0,inter_group,0.916667,0.958333,1.083333,1.0,12.0,1.0,1.0,0.905823,1.0,
OpenDFM-ChemDFM-v1.5-8B,chemdfm,functional_group,0,alkyl bromide,40,0.125,0.225,0.325,0.384615,0.2,0.1,0.575,0.0,1.0,-0.001442,0.03368,-0.047624,0.884322,ether,0.6,0.4375,0.5,0.54435,4.4375,2.5,16.0,halide,0.083333,0.17608,17.166667,15.0,12.0,0.916667,0.75,0.759668,1.0,
OpenDFM-ChemDFM-v1.5-8B,chemdfm,functional_group,0,alkyl chloride,40,0.525,0.525,0.525,1.0,0.0,0.0,0.475,0.0,0.95,-2.4e-05,0.034305,-0.026731,0.886155,alkyl iodide,0.6,0.1875,0.25,0.346477,7.25,5.0,16.0,halide,0.0,0.044887,31.5,24.0,12.0,0.666667,1.0,0.824304,1.0,
OpenDFM-ChemDFM-v1.5-8B,chemdfm,functional_group,0,alkyl fluoride,40,0.25,0.3,0.275,0.909091,0.025,0.05,0.675,0.0,0.9,1.1e-05,0.03404,-0.036368,0.88372,alkyl bromide,0.6,0.375,0.625,0.590774,2.625,2.0,8.0,halide,0.0,0.142298,16.833333,12.0,12.0,1.0,1.0,0.812299,1.0,
OpenDFM-ChemDFM-v1.5-8B,chemdfm,functional_group,0,alkyl iodide,40,0.725,0.775,0.725,1.0,0.0,0.05,0.225,0.0,1.0,0.000208,0.034671,-0.029966,0.885511,alkyl bromide,0.6,0.25,0.625,0.53869,2.625,2.0,8.0,halide,0.0,0.053372,24.166667,23.0,12.0,0.833333,1.0,0.759699,1.0,
OpenDFM-ChemDFM-v1.5-8B,chemdfm,functional_group,0,amide,40,0.5,0.55,0.5,1.0,0.0,0.05,0.45,0.0,0.9,0.000683,0.027703,-0.027957,0.885823,carboxylic acid,0.6,1.0,1.0,1.0,1.0,1.0,4.0,inter_group,0.0,0.409722,2.583333,2.5,12.0,1.0,1.0,0.979321,1.0,
OpenDFM-ChemDFM-v1.5-8B,chemdfm,functional_group,0,amine,80,0.8875,0.8875,0.8875,1.0,0.0,0.0,0.1125,0.0,0.975,-0.000524,0.031205,-0.058479,0.879361,alcohol,0.6,1.0,1.0,1.0,1.0,1.0,8.0,inter_group,0.0,0.133528,11.25,11.0,12.0,1.0,0.9125,0.881705,1.0,
OpenDFM-ChemDFM-v1.5-8B,chemdfm,functional_group,0,carboxylic acid,40,0.575,0.575,0.65,0.884615,0.075,0.0,0.35,0.0,0.7,0.000714,0.027892,-0.030897,0.886945,amide,0.6,0.5,0.875,0.7125,1.875,1.5,8.0,inter_group,0.166667,0.486111,2.416667,3.0,12.0,1.0,1.0,0.987683,1.0,
OpenDFM-ChemDFM-v1.5-8B,chemdfm,functional_group,0,ester,40,0.55,0.8,0.6,0.916667,0.05,0.25,0.125,0.025,0.8,0.00054,0.029308,-0.018104,0.898594,sulfoxide,0.6,0.0,1.0,0.5,2.0,2.0,4.0,inter_group,0.0,0.074512,15.416667,15.5,12.0,1.0,1.0,0.951184,1.0,
OpenDFM-ChemDFM-v1.5-8B,chemdfm,functional_group,0,ether,40,0.65,0.65,0.65,1.0,0.0,0.0,0.35,0.0,0.7,0.000412,0.033705,-0.051611,0.882494,thiol,0.6,0.75,0.75,0.833333,1.5,1.0,4.0,inter_group,0.0,0.035716,37.916667,35.0,12.0,0.916667,1.0,0.843591,1.0,
OpenDFM-ChemDFM-v1.5-8B,chemdfm,functional_group,0,imine,40,0.7,0.7,0.725,0.965517,0.025,0.0,0.275,0.0,0.85,0.002098,0.031114,-0.044682,0.879691,aldehyde,0.6,0.25,0.75,0.583333,2.0,2.0,4.0,inter_group,0.833333,0.916667,1.166667,1.0,12.0,1.0,1.0,0.944617,1.0,
OpenDFM-ChemDFM-v1.5-8B,chemdfm,functional_group,0,ketone,40,0.475,0.875,0.55,0.863636,0.075,0.4,0.05,0.0,0.925,0.002082,0.030207,-0.022416,0.893167,ester,0.6,0.0,1.0,0.5,2.0,2.0,4.0,inter_group,0.083333,0.174698,13.75,15.0,12.0,1.0,1.0,0.964209,1.0,
OpenDFM-ChemDFM-v1.5-8B,chemdfm,functional_group,0,nitrile,40,0.65,0.65,0.65,1.0,0.0,0.0,0.35,0.0,0.95,0.011152,0.031658,0.0037,0.871381,aldehyde,0.6,,,,,,,,0.833333,0.916667,1.166667,1.0,12.0,1.0,1.0,0.993884,1.0,
OpenDFM-ChemDFM-v1.5-8B,chemdfm,functional_group,0,nitro,40,0.65,0.65,0.65,1.0,0.0,0.0,0.35,0.0,1.0,0.017346,0.130235,-0.199892,0.807852,amide,0.9,,,,,,,,0.583333,0.791667,1.416667,1.0,12.0,1.0,1.0,0.996301,1.0,
OpenDFM-ChemDFM-v1.5-8B,chemdfm,functional_group,0,none (alkane),40,0.65,0.775,0.65,1.0,0.0,0.125,0.225,0.0,0.875,0.001054,0.032249,-0.082288,0.869613,aldehyde,0.6,,,,,,,,,,,,,,1.0,0.780188,1.0,
OpenDFM-ChemDFM-v1.5-8B,chemdfm,functional_group,0,sulfone,40,0.725,0.725,0.875,0.828571,0.15,0.0,0.1,0.025,0.65,0.002163,0.02826,0.010568,0.900692,sulfoxide,0.6,0.25,1.0,0.625,1.75,2.0,4.0,inter_group,0.0,0.097984,12.083333,11.5,12.0,1.0,1.0,0.982874,1.0,
OpenDFM-ChemDFM-v1.5-8B,chemdfm,functional_group,0,sulfoxide,40,0.85,0.85,0.85,1.0,0.0,0.0,0.15,0.0,0.975,0.000481,0.029097,-0.015712,0.898939,ester,0.6,0.5,0.5,0.666667,2.0,2.0,8.0,inter_group,0.0,0.06835,17.0,16.0,12.0,1.0,1.0,0.95282,1.0,
OpenDFM-ChemDFM-v1.5-8B,chemdfm,functional_group,0,thioether,40,0.275,0.275,0.35,0.785714,0.075,0.0,0.65,0.0,0.725,0.003658,0.032098,0.005585,0.89285,ether,0.6,0.375,0.875,0.666667,1.75,2.0,8.0,inter_group,0.0,0.09112,19.833333,14.0,12.0,0.916667,1.0,0.928131,1.0,
OpenDFM-ChemDFM-v1.5-8B,chemdfm,functional_group,0,thiol,80,0.7125,0.7125,0.725,0.982759,0.0125,0.0,0.275,0.0,0.9125,6.2e-05,0.031037,-0.053235,0.883165,alcohol,0.6,1.0,1.0,1.0,1.0,1.0,4.0,inter_group,0.0,0.092349,18.0,19.0,12.0,1.0,1.0,0.889038,1.0,
OpenDFM-ChemDFM-v1.5-8B,chemdfm,functional_group,8,alcohol,80,0.8875,0.8875,0.8875,1.0,0.0,0.0,0.1125,0.0,1.0,0.006326,0.07358,-0.009293,0.536058,amine,0.475,1.0,1.0,1.0,1.0,1.0,12.0,inter_group,0.0,0.138268,17.416667,6.5,12.0,1.0,1.0,0.650032,1.0,
OpenDFM-ChemDFM-v1.5-8B,chemdfm,functional_group,8,aldehyde,40,0.75,0.8,0.75,1.0,0.0,0.05,0.2,0.0,0.85,0.015123,0.075692,-0.004072,0.53612,alcohol,0.5,0.5,0.5,0.625,2.625,2.0,8.0,inter_group,0.666667,0.718137,4.166667,1.0,12.0,1.0,1.0,0.716226,1.0,
OpenDFM-ChemDFM-v1.5-8B,chemdfm,functional_group,8,alkyl bromide,40,0.125,0.225,0.325,0.384615,0.2,0.1,0.575,0.0,1.0,0.003724,0.071942,-0.012812,0.543284,alkyl chloride,0.4,0.5,0.875,0.71875,1.75,1.5,16.0,halide,0.0,0.22963,6.416667,4.5,12.0,1.0,1.0,0.621484,1.0,
OpenDFM-ChemDFM-v1.5-8B,chemdfm,functional_group,8,alkyl chloride,40,0.525,0.525,0.525,1.0,0.0,0.0,0.475,0.0,0.95,0.003199,0.072223,-0.01484,0.543262,alkyl bromide,0.4,0.4375,0.75,0.639583,2.4375,2.0,16.0,halide,0.0,0.121717,13.666667,9.0,12.0,1.0,1.0,0.613824,1.0,
OpenDFM-ChemDFM-v1.5-8B,chemdfm,functional_group,8,alkyl fluoride,40,0.25,0.3,0.275,0.909091,0.025,0.05,0.675,0.0,0.9,0.005645,0.075508,-0.017331,0.536893,alkyl chloride,0.425,0.875,1.0,0.9375,1.125,1.0,8.0,halide,0.083333,0.241204,8.666667,6.0,12.0,1.0,1.0,0.641446,1.0,
OpenDFM-ChemDFM-v1.5-8B,chemdfm,functional_group,8,alkyl iodide,40,0.725,0.775,0.725,1.0,0.0,0.05,0.225,0.0,1.0,0.007084,0.076142,-0.015253,0.538372,alkyl bromide,0.425,1.0,1.0,1.0,1.0,1.0,8.0,halide,0.0,0.197222,7.0,6.0,12.0,1.0,1.0,0.728717,1.0,
OpenDFM-ChemDFM-v1.5-8B,chemdfm,functional_group,8,amide,40,0.5,0.55,0.5,1.0,0.0,0.05,0.45,0.0,0.9,0.010216,0.077093,-0.00822,0.542983,carboxylic acid,0.5,1.0,1.0,1.0,1.0,1.0,4.0,inter_group,0.166667,0.472222,3.166667,2.0,12.0,1.0,1.0,0.778741,1.0,
OpenDFM-ChemDFM-v1.5-8B,chemdfm,functional_group,8,amine,80,0.8875,0.8875,0.8875,1.0,0.0,0.0,0.1125,0.0,0.975,0.006934,0.074124,-0.005447,0.536157,alcohol,0.4625,1.0,1.0,1.0,1.0,1.0,8.0,inter_group,0.0,0.27037,7.416667,3.5,12.0,1.0,1.0,0.749594,1.0,
OpenDFM-ChemDFM-v1.5-8B,chemdfm,functional_group,8,carboxylic acid,40,0.575,0.575,0.65,0.884615,0.075,0.0,0.35,0.0,0.7,0.009663,0.074141,0.000869,0.547636,amide,0.5,0.875,1.0,0.9375,1.125,1.0,8.0,inter_group,0.166667,0.486111,2.833333,2.0,12.0,1.0,1.0,0.748499,1.0,
OpenDFM-ChemDFM-v1.5-8B,chemdfm,functional_group,8,ester,40,0.55,0.8,0.6,0.916667,0.05,0.25,0.125,0.025,0.8,0.013521,0.070705,-0.001951,0.544162,ketone,0.5,0.75,1.0,0.875,1.25,1.0,4.0,inter_group,0.25,0.367523,11.0,6.5,12.0,1.0,1.0,0.761597,1.0,
OpenDFM-ChemDFM-v1.5-8B,chemdfm,functional_group,8,ether,40,0.65,0.65,0.65,1.0,0.0,0.0,0.35,0.0,0.7,0.005476,0.072755,-0.019793,0.532289,alkyl chloride,0.5,1.0,1.0,1.0,1.0,1.0,4.0,inter_group,0.0,0.071223,29.083333,26.0,12.0,1.0,0.95,0.562215,1.0,
OpenDFM-ChemDFM-v1.5-8B,chemdfm,functional_group,8,imine,40,0.7,0.7,0.725,0.965517,0.025,0.0,0.275,0.0,0.85,0.025168,0.077405,0.018622,0.539907,nitrile,0.5,0.75,1.0,0.875,1.25,1.0,4.0,inter_group,0.666667,0.833333,1.333333,1.0,12.0,1.0,1.0,0.840607,1.0,
OpenDFM-ChemDFM-v1.5-8B,chemdfm,functional_group,8,ketone,40,0.475,0.875,0.55,0.863636,0.075,0.4,0.05,0.0,0.925,0.011729,0.072289,0.000827,0.542747,ester,0.475,1.0,1.0,1.0,1.0,1.0,4.0,inter_group,0.0,0.225194,6.333333,4.0,12.0,1.0,1.0,0.712631,1.0,
OpenDFM-ChemDFM-v1.5-8B,chemdfm,functional_group,8,nitrile,40,0.65,0.65,0.65,1.0,0.0,0.0,0.35,0.0,0.95,0.014673,0.080478,-0.008324,0.534991,thiol,0.5,,,,,,,,0.666667,0.791667,1.666667,1.0,12.0,1.0,1.0,0.754089,1.0,
OpenDFM-ChemDFM-v1.5-8B,chemdfm,functional_group,8,nitro,40,0.65,0.65,0.65,1.0,0.0,0.0,0.35,0.0,1.0,0.031112,0.075314,0.012218,0.535661,alkyl chloride,0.525,,,,,,,,0.666667,0.833333,1.333333,1.0,12.0,1.0,1.0,0.878748,1.0,
OpenDFM-ChemDFM-v1.5-8B,chemdfm,functional_group,8,none (alkane),40,0.65,0.775,0.65,1.0,0.0,0.125,0.225,0.0,0.875,0.016036,0.077497,-0.007469,0.519044,alcohol,0.5,,,,,,,,,,,,,,1.0,0.762646,1.0,
OpenDFM-ChemDFM-v1.5-8B,chemdfm,functional_group,8,sulfone,40,0.725,0.725,0.875,0.828571,0.15,0.0,0.1,0.025,0.65,0.007085,0.065443,-0.00283,0.549584,sulfoxide,0.5,1.0,1.0,1.0,1.0,1.0,4.0,inter_group,0.0,0.301587,4.916667,3.0,12.0,1.0,1.0,0.776093,1.0,
OpenDFM-ChemDFM-v1.5-8B,chemdfm,functional_group,8,sulfoxide,40,0.85,0.85,0.85,1.0,0.0,0.0,0.15,0.0,0.975,0.007106,0.069911,-0.014949,0.544004,sulfone,0.5,0.0,0.0,0.156944,8.5,9.5,8.0,inter_group,0.0,0.273611,5.583333,3.0,12.0,1.0,1.0,0.765613,1.0,
OpenDFM-ChemDFM-v1.5-8B,chemdfm,functional_group,8,thioether,40,0.275,0.275,0.35,0.785714,0.075,0.0,0.65,0.0,0.725,0.011047,0.071077,-0.001695,0.537669,ether,0.475,0.625,0.625,0.75,1.75,1.0,8.0,inter_group,0.083333,0.219593,13.25,10.0,12.0,1.0,0.85,0.651633,1.0,
OpenDFM-ChemDFM-v1.5-8B,chemdfm,functional_group,8,thiol,80,0.7125,0.7125,0.725,0.982759,0.0125,0.0,0.275,0.0,0.9125,0.007542,0.073406,-0.007851,0.533737,alcohol,0.4875,0.75,1.0,0.875,1.25,1.0,4.0,inter_group,0.333333,0.49881,4.083333,3.0,12.0,1.0,1.0,0.683202,1.0,
OpenDFM-ChemDFM-v1.5-8B,chemdfm,functional_group,16,alcohol,80,0.8875,0.8875,0.8875,1.0,0.0,0.0,0.1125,0.0,1.0,0.021102,0.05082,0.040909,0.674915,amine,0.6,1.0,1.0,1.0,1.0,1.0,12.0,inter_group,0.416667,0.530093,4.25,3.0,12.0,1.0,1.0,0.6519,1.0,
OpenDFM-ChemDFM-v1.5-8B,chemdfm,functional_group,16,aldehyde,40,0.75,0.8,0.75,1.0,0.0,0.05,0.2,0.0,0.85,0.037721,0.058993,0.077354,0.689228,carboxylic acid,0.625,0.5,0.875,0.729167,1.625,1.5,8.0,inter_group,0.666667,0.730556,4.5,1.0,12.0,1.0,1.0,0.689665,1.0,
OpenDFM-ChemDFM-v1.5-8B,chemdfm,functional_group,16,alkyl bromide,40,0.125,0.225,0.325,0.384615,0.2,0.1,0.575,0.0,1.0,0.007806,0.050312,0.016134,0.695254,alkyl chloride,0.5,0.5,0.875,0.71875,1.75,1.5,16.0,halide,0.083333,0.29881,5.666667,3.5,12.0,1.0,1.0,0.53391,1.0,
OpenDFM-ChemDFM-v1.5-8B,chemdfm,functional_group,16,alkyl chloride,40,0.525,0.525,0.525,1.0,0.0,0.0,0.475,0.0,0.95,0.005863,0.046469,0.002378,0.691497,alkyl bromide,0.525,0.5,0.75,0.675,2.25,1.5,16.0,halide,0.0,0.208246,10.083333,7.0,12.0,1.0,0.9,0.584831,1.0,
OpenDFM-ChemDFM-v1.5-8B,chemdfm,functional_group,16,alkyl fluoride,40,0.25,0.3,0.275,0.909091,0.025,0.05,0.675,0.0,0.9,0.009893,0.048245,0.006081,0.683233,alkyl chloride,0.525,1.0,1.0,1.0,1.0,1.0,8.0,halide,0.25,0.354105,9.083333,6.0,12.0,1.0,1.0,0.622317,1.0,
OpenDFM-ChemDFM-v1.5-8B,chemdfm,functional_group,16,alkyl iodide,40,0.725,0.775,0.725,1.0,0.0,0.05,0.225,0.0,1.0,0.011622,0.050036,0.014027,0.689134,alkyl bromide,0.5,1.0,1.0,1.0,1.0,1.0,8.0,halide,0.166667,0.293981,8.583333,7.5,12.0,1.0,0.95,0.598047,1.0,
OpenDFM-ChemDFM-v1.5-8B,chemdfm,functional_group,16,amide,40,0.5,0.55,0.5,1.0,0.0,0.05,0.45,0.0,0.9,0.025431,0.05157,0.047898,0.694881,carboxylic acid,0.55,1.0,1.0,1.0,1.0,1.0,4.0,inter_group,0.416667,0.625,2.25,2.0,12.0,1.0,1.0,0.69837,1.0,
OpenDFM-ChemDFM-v1.5-8B,chemdfm,functional_group,16,amine,80,0.8875,0.8875,0.8875,1.0,0.0,0.0,0.1125,0.0,0.975,0.022962,0.054539,0.040611,0.66815,alcohol,0.6375,1.0,1.0,1.0,1.0,1.0,8.0,inter_group,0.333333,0.541667,2.833333,2.5,12.0,1.0,1.0,0.702435,1.0,
OpenDFM-ChemDFM-v1.5-8B,chemdfm,functional_group,16,carboxylic acid,40,0.575,0.575,0.65,0.884615,0.075,0.0,0.35,0.0,0.7,0.024844,0.052061,0.071345,0.70232,amide,0.575,1.0,1.0,1.0,1.0,1.0,8.0,inter_group,0.666667,0.763889,1.833333,1.0,12.0,1.0,1.0,0.690335,1.0,
OpenDFM-ChemDFM-v1.5-8B,chemdfm,functional_group,16,ester,40,0.55,0.8,0.6,0.916667,0.05,0.25,0.125,0.025,0.8,0.03352,0.04987,0.064398,0.687413,carboxylic acid,0.675,1.0,1.0,1.0,1.0,1.0,4.0,inter_group,0.583333,0.736111,2.083333,1.0,12.0,1.0,1.0,0.715527,1.0,
OpenDFM-ChemDFM-v1.5-8B,chemdfm,functional_group,16,ether,40,0.65,0.65,0.65,1.0,0.0,0.0,0.35,0.0,0.7,0.022873,0.051778,0.036867,0.675734,thioether,0.625,1.0,1.0,1.0,1.0,1.0,4.0,inter_group,0.083333,0.245498,13.416667,6.0,12.0,1.0,1.0,0.632614,1.0,
OpenDFM-ChemDFM-v1.5-8B,chemdfm,functional_group,16,imine,40,0.7,0.7,0.725,0.965517,0.025,0.0,0.275,0.0,0.85,0.043149,0.056902,0.060271,0.668049,nitrile,0.65,1.0,1.0,1.0,1.0,1.0,4.0,inter_group,0.666667,0.833333,1.333333,1.0,12.0,1.0,1.0,0.727634,1.0,
OpenDFM-ChemDFM-v1.5-8B,chemdfm,functional_group,16,ketone,40,0.475,0.875,0.55,0.863636,0.075,0.4,0.05,0.0,0.925,0.036866,0.052779,0.084006,0.685568,ester,0.725,1.0,1.0,1.0,1.0,1.0,4.0,inter_group,0.666667,0.768519,2.5,1.0,12.0,1.0,1.0,0.695465,1.0,
OpenDFM-ChemDFM-v1.5-8B,chemdfm,functional_group,16,nitrile,40,0.65,0.65,0.65,1.0,0.0,0.0,0.35,0.0,0.95,0.041389,0.057083,0.06865,0.679282,amide,0.65,,,,,,,,0.666667,0.833333,1.333333,1.0,12.0,1.0,1.0,0.696008,1.0,
OpenDFM-ChemDFM-v1.5-8B,chemdfm,functional_group,16,nitro,40,0.65,0.65,0.65,1.0,0.0,0.0,0.35,0.0,1.0,0.048024,0.047587,0.105965,0.697566,alkyl bromide,0.725,,,,,,,,0.666667,0.833333,1.333333,1.0,12.0,1.0,1.0,0.73255,1.0,
OpenDFM-ChemDFM-v1.5-8B,chemdfm,functional_group,16,none (alkane),40,0.65,0.775,0.65,1.0,0.0,0.125,0.225,0.0,0.875,0.060659,0.053798,0.073921,0.642347,alcohol,0.825,,,,,,,,,,,,,,1.0,0.75867,1.0,
OpenDFM-ChemDFM-v1.5-8B,chemdfm,functional_group,16,sulfone,40,0.725,0.725,0.875,0.828571,0.15,0.0,0.1,0.025,0.65,0.01865,0.045362,0.033954,0.698221,sulfoxide,0.6,1.0,1.0,1.0,1.0,1.0,4.0,inter_group,0.166667,0.5,2.5,2.0,12.0,1.0,1.0,0.73064,1.0,
OpenDFM-ChemDFM-v1.5-8B,chemdfm,functional_group,16,sulfoxide,40,0.85,0.85,0.85,1.0,0.0,0.0,0.15,0.0,0.975,0.018599,0.048696,0.043897,0.70193,sulfone,0.55,0.0,0.0,0.152778,7.25,8.0,8.0,inter_group,0.083333,0.458333,2.583333,2.0,12.0,1.0,1.0,0.699298,1.0,
OpenDFM-ChemDFM-v1.5-8B,chemdfm,functional_group,16,thioether,40,0.275,0.275,0.35,0.785714,0.075,0.0,0.65,0.0,0.725,0.021356,0.053164,0.039168,0.681543,thiol,0.65,0.875,1.0,0.9375,1.125,1.0,8.0,inter_group,0.083333,0.266247,8.083333,4.5,12.0,1.0,0.975,0.61275,1.0,
OpenDFM-ChemDFM-v1.5-8B,chemdfm,functional_group,16,thiol,80,0.7125,0.7125,0.725,0.982759,0.0125,0.0,0.275,0.0,0.9125,0.022534,0.047782,0.041767,0.681806,thioether,0.6375,1.0,1.0,1.0,1.0,1.0,4.0,inter_group,0.416667,0.554563,3.5,2.5,12.0,1.0,1.0,0.640469,1.0,
OpenDFM-ChemDFM-v1.5-8B,chemdfm,functional_group,24,alcohol,80,0.8875,0.8875,0.8875,1.0,0.0,0.0,0.1125,0.0,1.0,0.139455,0.060817,0.200329,0.616009,amine,0.95,1.0,1.0,1.0,1.0,1.0,12.0,inter_group,0.666667,0.833333,1.333333,1.0,12.0,1.0,1.0,0.471379,1.0,
OpenDFM-ChemDFM-v1.5-8B,chemdfm,functional_group,24,aldehyde,40,0.75,0.8,0.75,1.0,0.0,0.05,0.2,0.0,0.85,0.145532,0.063625,0.272324,0.664552,carboxylic acid,0.975,1.0,1.0,1.0,1.0,1.0,8.0,inter_group,0.666667,0.833333,1.333333,1.0,12.0,1.0,1.0,0.48093,1.0,
OpenDFM-ChemDFM-v1.5-8B,chemdfm,functional_group,24,alkyl bromide,40,0.125,0.225,0.325,0.384615,0.2,0.1,0.575,0.0,1.0,0.09053,0.044676,0.257791,0.731652,alkyl chloride,1.0,0.5,0.5,0.576389,4.375,2.5,16.0,halide,0.666667,0.833333,1.333333,1.0,12.0,1.0,1.0,0.526331,1.0,
OpenDFM-ChemDFM-v1.5-8B,chemdfm,functional_group,24,alkyl chloride,40,0.525,0.525,0.525,1.0,0.0,0.0,0.475,0.0,0.95,0.084803,0.04493,0.194965,0.710295,alkyl bromide,1.0,0.5,0.75,0.674107,2.375,1.5,16.0,halide,0.416667,0.574074,3.25,2.5,12.0,1.0,1.0,0.470981,1.0,
OpenDFM-ChemDFM-v1.5-8B,chemdfm,functional_group,24,alkyl fluoride,40,0.25,0.3,0.275,0.909091,0.025,0.05,0.675,0.0,0.9,0.095296,0.04877,0.234065,0.711158,alkyl chloride,0.975,1.0,1.0,1.0,1.0,1.0,8.0,halide,0.416667,0.638889,2.333333,2.0,12.0,1.0,1.0,0.501636,1.0,
OpenDFM-ChemDFM-v1.5-8B,chemdfm,functional_group,24,alkyl iodide,40,0.725,0.775,0.725,1.0,0.0,0.05,0.225,0.0,1.0,0.110398,0.046718,0.227308,0.70198,alkyl bromide,1.0,1.0,1.0,1.0,1.0,1.0,8.0,halide,0.583333,0.791667,1.416667,1.0,12.0,1.0,1.0,0.534686,1.0,
OpenDFM-ChemDFM-v1.5-8B,chemdfm,functional_group,24,amide,40,0.5,0.55,0.5,1.0,0.0,0.05,0.45,0.0,0.9,0.166299,0.055594,0.343926,0.70117,carboxylic acid,1.0,1.0,1.0,1.0,1.0,1.0,4.0,inter_group,0.666667,0.833333,1.333333,1.0,12.0,1.0,1.0,0.5811,1.0,
OpenDFM-ChemDFM-v1.5-8B,chemdfm,functional_group,24,amine,80,0.8875,0.8875,0.8875,1.0,0.0,0.0,0.1125,0.0,0.975,0.148639,0.070155,0.258582,0.630767,alcohol,0.95,1.0,1.0,1.0,1.0,1.0,8.0,inter_group,0.666667,0.833333,1.333333,1.0,12.0,1.0,1.0,0.529024,1.0,
OpenDFM-ChemDFM-v1.5-8B,chemdfm,functional_group,24,carboxylic acid,40,0.575,0.575,0.65,0.884615,0.075,0.0,0.35,0.0,0.7,0.119292,0.070497,0.276761,0.682874,ester,0.95,1.0,1.0,1.0,1.0,1.0,8.0,inter_group,0.666667,0.833333,1.333333,1.0,12.0,1.0,1.0,0.514188,1.0,
OpenDFM-ChemDFM-v1.5-8B,chemdfm,functional_group,24,ester,40,0.55,0.8,0.6,0.916667,0.05,0.25,0.125,0.025,0.8,0.11086,0.053747,0.194848,0.642089,carboxylic acid,0.975,1.0,1.0,1.0,1.0,1.0,4.0,inter_group,0.416667,0.571272,5.416667,2.0,12.0,1.0,1.0,0.454645,1.0,
OpenDFM-ChemDFM-v1.5-8B,chemdfm,functional_group,24,ether,40,0.65,0.65,0.65,1.0,0.0,0.0,0.35,0.0,0.7,0.14516,0.061086,0.277871,0.672862,thioether,0.975,1.0,1.0,1.0,1.0,1.0,4.0,inter_group,0.166667,0.350866,7.333333,5.0,12.0,1.0,1.0,0.458473,1.0,
OpenDFM-ChemDFM-v1.5-8B,chemdfm,functional_group,24,imine,40,0.7,0.7,0.725,0.965517,0.025,0.0,0.275,0.0,0.85,0.183183,0.057314,0.281537,0.645667,aldehyde,1.0,0.25,1.0,0.625,1.75,2.0,4.0,inter_group,0.666667,0.833333,1.333333,1.0,12.0,1.0,1.0,0.560303,1.0,
OpenDFM-ChemDFM-v1.5-8B,chemdfm,functional_group,24,ketone,40,0.475,0.875,0.55,0.863636,0.075,0.4,0.05,0.0,0.925,0.179102,0.05539,0.338147,0.67758,ester,1.0,1.0,1.0,1.0,1.0,1.0,4.0,inter_group,0.666667,0.833333,1.333333,1.0,12.0,1.0,1.0,0.593567,1.0,
OpenDFM-ChemDFM-v1.5-8B,chemdfm,functional_group,24,nitrile,40,0.65,0.65,0.65,1.0,0.0,0.0,0.35,0.0,0.95,0.231228,0.050514,0.409968,0.695376,imine,1.0,,,,,,,,0.666667,0.833333,1.333333,1.0,12.0,1.0,1.0,0.632135,1.0,
OpenDFM-ChemDFM-v1.5-8B,chemdfm,functional_group,24,nitro,40,0.65,0.65,0.65,1.0,0.0,0.0,0.35,0.0,1.0,0.225707,0.050209,0.383314,0.687549,amine,1.0,,,,,,,,0.666667,0.833333,1.333333,1.0,12.0,1.0,1.0,0.579456,1.0,
OpenDFM-ChemDFM-v1.5-8B,chemdfm,functional_group,24,none (alkane),40,0.65,0.775,0.65,1.0,0.0,0.125,0.225,0.0,0.875,0.144623,0.074117,0.20297,0.625554,alkyl fluoride,0.925,,,,,,,,,,,,,,1.0,0.478064,1.0,
OpenDFM-ChemDFM-v1.5-8B,chemdfm,functional_group,24,sulfone,40,0.725,0.725,0.875,0.828571,0.15,0.0,0.1,0.025,0.65,0.056155,0.044439,0.106962,0.661247,sulfoxide,0.85,1.0,1.0,1.0,1.0,1.0,4.0,inter_group,0.0,0.357143,3.416667,3.0,12.0,1.0,1.0,0.480395,1.0,
OpenDFM-ChemDFM-v1.5-8B,chemdfm,functional_group,24,sulfoxide,40,0.85,0.85,0.85,1.0,0.0,0.0,0.15,0.0,0.975,0.060086,0.04644,0.182763,0.689272,sulfone,0.875,0.5,1.0,0.75,1.5,1.5,8.0,inter_group,0.0,0.301587,4.0,3.0,12.0,1.0,1.0,0.474136,1.0,
OpenDFM-ChemDFM-v1.5-8B,chemdfm,functional_group,24,thioether,40,0.275,0.275,0.35,0.785714,0.075,0.0,0.65,0.0,0.725,0.088832,0.057205,0.191495,0.675982,thiol,0.975,1.0,1.0,1.0,1.0,1.0,8.0,inter_group,0.083333,0.272222,6.5,5.0,12.0,1.0,1.0,0.446326,1.0,
OpenDFM-ChemDFM-v1.5-8B,chemdfm,functional_group,24,thiol,80,0.7125,0.7125,0.725,0.982759,0.0125,0.0,0.275,0.0,0.9125,0.094992,0.058017,0.203698,0.675115,thioether,0.9375,1.0,1.0,1.0,1.0,1.0,4.0,inter_group,0.666667,0.833333,1.333333,1.0,12.0,1.0,1.0,0.503065,1.0,
OpenDFM-ChemDFM-v1.5-8B,chemdfm,functional_group,31,alcohol,80,0.8875,0.8875,0.8875,1.0,0.0,0.0,0.1125,0.0,1.0,0.150571,0.069168,0.159217,0.517588,aldehyde,0.9875,0.833333,0.916667,0.902778,1.25,1.0,12.0,inter_group,0.666667,0.833333,1.333333,1.0,12.0,1.0,1.0,0.53549,1.0,
OpenDFM-ChemDFM-v1.5-8B,chemdfm,functional_group,31,aldehyde,40,0.75,0.8,0.75,1.0,0.0,0.05,0.2,0.0,0.85,0.14112,0.080713,0.211995,0.548132,carboxylic acid,0.95,0.625,0.875,0.791667,1.5,1.0,8.0,inter_group,0.666667,0.732143,2.5,1.0,12.0,1.0,1.0,0.474799,1.0,
OpenDFM-ChemDFM-v1.5-8B,chemdfm,functional_group,31,alkyl bromide,40,0.125,0.225,0.325,0.384615,0.2,0.1,0.575,0.0,1.0,0.134478,0.055323,0.238214,0.633813,alkyl chloride,1.0,0.5,0.5,0.529871,8.875,8.5,16.0,halide,0.666667,0.833333,1.333333,1.0,12.0,1.0,1.0,0.613092,1.0,
OpenDFM-ChemDFM-v1.5-8B,chemdfm,functional_group,31,alkyl chloride,40,0.525,0.525,0.525,1.0,0.0,0.0,0.475,0.0,0.95,0.128722,0.062499,0.226207,0.630398,alkyl bromide,1.0,0.5,0.5,0.53325,8.125,7.0,16.0,halide,0.5,0.618056,3.0,2.0,12.0,1.0,1.0,0.586142,1.0,
OpenDFM-ChemDFM-v1.5-8B,chemdfm,functional_group,31,alkyl fluoride,40,0.25,0.3,0.275,0.909091,0.025,0.05,0.675,0.0,0.9,0.133281,0.061384,0.226139,0.619294,alkyl chloride,1.0,1.0,1.0,1.0,1.0,1.0,8.0,halide,0.666667,0.805556,1.5,1.0,12.0,1.0,1.0,0.617728,1.0,
OpenDFM-ChemDFM-v1.5-8B,chemdfm,functional_group,31,alkyl iodide,40,0.725,0.775,0.725,1.0,0.0,0.05,0.225,0.0,1.0,0.153117,0.071083,0.180054,0.564195,alkyl bromide,0.975,1.0,1.0,1.0,1.0,1.0,8.0,halide,0.666667,0.833333,1.333333,1.0,12.0,1.0,1.0,0.615503,1.0,
OpenDFM-ChemDFM-v1.5-8B,chemdfm,functional_group,31,amide,40,0.5,0.55,0.5,1.0,0.0,0.05,0.45,0.0,0.9,0.187647,0.08067,0.245497,0.539249,carboxylic acid,1.0,1.0,1.0,1.0,1.0,1.0,4.0,inter_group,0.666667,0.833333,1.333333,1.0,12.0,1.0,1.0,0.604742,1.0,
OpenDFM-ChemDFM-v1.5-8B,chemdfm,functional_group,31,amine,80,0.8875,0.8875,0.8875,1.0,0.0,0.0,0.1125,0.0,0.975,0.162059,0.092615,0.207499,0.531431,alcohol,0.8875,1.0,1.0,1.0,1.0,1.0,8.0,inter_group,0.666667,0.833333,1.333333,1.0,12.0,1.0,1.0,0.577991,1.0,
OpenDFM-ChemDFM-v1.5-8B,chemdfm,functional_group,31,carboxylic acid,40,0.575,0.575,0.65,0.884615,0.075,0.0,0.35,0.0,0.7,0.125196,0.079273,0.188124,0.538226,ester,0.875,1.0,1.0,1.0,1.0,1.0,8.0,inter_group,0.666667,0.791667,1.666667,1.0,12.0,1.0,1.0,0.514969,1.0,
OpenDFM-ChemDFM-v1.5-8B,chemdfm,functional_group,31,ester,40,0.55,0.8,0.6,0.916667,0.05,0.25,0.125,0.025,0.8,0.116206,0.07062,0.147821,0.510395,carboxylic acid,0.975,1.0,1.0,1.0,1.0,1.0,4.0,inter_group,0.333333,0.474242,10.0,2.5,12.0,1.0,1.0,0.514987,1.0,
OpenDFM-ChemDFM-v1.5-8B,chemdfm,functional_group,31,ether,40,0.65,0.65,0.65,1.0,0.0,0.0,0.35,0.0,0.7,0.162879,0.079799,0.213191,0.558102,alcohol,0.975,1.0,1.0,1.0,1.0,1.0,4.0,inter_group,0.333333,0.458386,8.166667,4.5,12.0,1.0,1.0,0.542484,1.0,
OpenDFM-ChemDFM-v1.5-8B,chemdfm,functional_group,31,imine,40,0.7,0.7,0.725,0.965517,0.025,0.0,0.275,0.0,0.85,0.188387,0.065727,0.244072,0.560882,amine,1.0,0.25,1.0,0.625,1.75,2.0,4.0,inter_group,0.666667,0.833333,1.333333,1.0,12.0,1.0,1.0,0.611716,1.0,
OpenDFM-ChemDFM-v1.5-8B,chemdfm,functional_group,31,ketone,40,0.475,0.875,0.55,0.863636,0.075,0.4,0.05,0.0,0.925,0.180211,0.072011,0.251911,0.557353,ester,1.0,0.5,1.0,0.75,1.5,1.5,4.0,inter_group,0.666667,0.833333,1.333333,1.0,12.0,1.0,1.0,0.608444,1.0,
OpenDFM-ChemDFM-v1.5-8B,chemdfm,functional_group,31,nitrile,40,0.65,0.65,0.65,1.0,0.0,0.0,0.35,0.0,0.95,0.211827,0.070766,0.277688,0.569326,imine,1.0,,,,,,,,0.666667,0.833333,1.333333,1.0,12.0,1.0,1.0,0.646265,1.0,
OpenDFM-ChemDFM-v1.5-8B,chemdfm,functional_group,31,nitro,40,0.65,0.65,0.65,1.0,0.0,0.0,0.35,0.0,1.0,0.243213,0.062927,0.332606,0.600128,amine,1.0,,,,,,,,0.666667,0.833333,1.333333,1.0,12.0,1.0,1.0,0.664081,1.0,
OpenDFM-ChemDFM-v1.5-8B,chemdfm,functional_group,31,none (alkane),40,0.65,0.775,0.65,1.0,0.0,0.125,0.225,0.0,0.875,0.147297,0.074732,0.146637,0.524033,alkyl chloride,0.975,,,,,,,,,,,,,,1.0,0.522012,1.0,
OpenDFM-ChemDFM-v1.5-8B,chemdfm,functional_group,31,sulfone,40,0.725,0.725,0.875,0.828571,0.15,0.0,0.1,0.025,0.65,0.052749,0.067299,0.050413,0.524543,sulfoxide,0.8,1.0,1.0,1.0,1.0,1.0,4.0,inter_group,0.0,0.333995,4.25,3.0,12.0,1.0,0.975,0.524023,1.0,
OpenDFM-ChemDFM-v1.5-8B,chemdfm,functional_group,31,sulfoxide,40,0.85,0.85,0.85,1.0,0.0,0.0,0.15,0.0,0.975,0.062194,0.071871,0.154334,0.574802,sulfone,0.775,0.0,1.0,0.5,2.0,2.0,8.0,inter_group,0.0,0.340278,3.666667,3.0,12.0,1.0,1.0,0.52146,1.0,
OpenDFM-ChemDFM-v1.5-8B,chemdfm,functional_group,31,thioether,40,0.275,0.275,0.35,0.785714,0.075,0.0,0.65,0.0,0.725,0.120936,0.083184,0.18473,0.569307,thiol,0.975,1.0,1.0,1.0,1.0,1.0,8.0,inter_group,0.25,0.443056,4.25,3.5,12.0,1.0,1.0,0.541907,1.0,
OpenDFM-ChemDFM-v1.5-8B,chemdfm,functional_group,31,thiol,80,0.7125,0.7125,0.725,0.982759,0.0125,0.0,0.275,0.0,0.9125,0.127632,0.073328,0.186686,0.56567,thioether,0.9625,1.0,1.0,1.0,1.0,1.0,4.0,inter_group,0.833333,0.888889,1.333333,1.0,12.0,1.0,1.0,0.585078,1.0,
deepseek-ai-DeepSeek-R1-Distill-Llama-8B,reason,functional_group,0,alcohol,80,0.9625,0.9625,0.9625,1.0,0.0,0.0,0.0375,0.0,0.9625,0.000169,0.034289,0.001239,0.895936,amine,0.6,0.583333,0.833333,0.756944,1.666667,1.0,12.0,inter_group,0.0,0.226389,5.416667,4.5,12.0,1.0,1.0,0.836462,1.0,0.876711
deepseek-ai-DeepSeek-R1-Distill-Llama-8B,reason,functional_group,0,aldehyde,40,0.725,0.9,0.775,0.935484,0.05,0.175,0.05,0.0,0.725,0.00246,0.037452,-0.024759,0.887788,amide,0.6,0.0,0.5,0.298769,6.25,5.0,8.0,inter_group,0.666667,0.833333,1.333333,1.0,12.0,1.0,1.0,0.968921,1.0,0.910619
deepseek-ai-DeepSeek-R1-Distill-Llama-8B,reason,functional_group,0,alkyl bromide,40,0.9,0.9,0.9,1.0,0.0,0.0,0.1,0.0,0.95,0.000399,0.03759,-0.031342,0.88679,ether,0.6,0.3125,0.5,0.493304,4.3125,3.0,16.0,halide,0.0,0.212672,11.25,4.5,12.0,1.0,1.0,0.85379,1.0,0.828533
deepseek-ai-DeepSeek-R1-Distill-Llama-8B,reason,functional_group,0,alkyl chloride,40,0.6,0.825,0.625,0.96,0.025,0.225,0.15,0.0,0.95,0.000582,0.037225,-0.027392,0.888266,alkyl bromide,0.6,0.25,0.4375,0.425061,5.625,4.5,16.0,halide,0.0,0.046219,37.75,32.5,12.0,0.75,1.0,0.868689,1.0,0.601557
deepseek-ai-DeepSeek-R1-Distill-Llama-8B,reason,functional_group,0,alkyl fluoride,40,0.125,0.725,0.25,0.5,0.125,0.6,0.15,0.0,0.3,0.00058,0.036939,-0.022565,0.889127,ether,0.6,0.875,0.875,0.916667,1.25,1.0,8.0,halide,0.083333,0.202441,22.916667,16.0,12.0,1.0,1.0,0.872156,1.0,0.771116
deepseek-ai-DeepSeek-R1-Distill-Llama-8B,reason,functional_group,0,alkyl iodide,40,0.45,0.7,0.475,0.947368,0.025,0.25,0.225,0.05,0.675,0.000627,0.03847,-0.036226,0.884688,ether,0.6,0.25,0.625,0.5625,2.125,2.0,8.0,halide,0.0,0.103481,25.75,18.0,12.0,0.833333,1.0,0.871533,1.0,0.633852
deepseek-ai-DeepSeek-R1-Distill-Llama-8B,reason,functional_group,0,amide,40,0.675,0.7,0.85,0.794118,0.175,0.025,0.125,0.0,0.75,0.001532,0.035394,-0.007634,0.893843,carboxylic acid,0.6,1.0,1.0,1.0,1.0,1.0,4.0,inter_group,0.5,0.75,1.5,1.5,12.0,1.0,1.0,0.981409,1.0,0.949301
deepseek-ai-DeepSeek-R1-Distill-Llama-8B,reason,functional_group,0,amine,80,0.9625,0.9625,0.9625,1.0,0.0,0.0,0.025,0.0125,0.875,0.000176,0.034863,-0.014405,0.894205,alcohol,0.6,1.0,1.0,1.0,1.0,1.0,8.0,inter_group,0.0,0.206944,6.333333,5.0,12.0,1.0,1.0,0.923972,1.0,0.86627
deepseek-ai-DeepSeek-R1-Distill-Llama-8B,reason,functional_group,0,carboxylic acid,40,1.0,1.0,1.0,1.0,0.0,0.0,0.0,0.0,0.9,0.001625,0.03558,-0.001255,0.894497,amide,0.6,0.75,1.0,0.875,1.25,1.0,8.0,inter_group,0.583333,0.791667,1.416667,1.0,12.0,1.0,1.0,0.98905,1.0,0.945853
deepseek-ai-DeepSeek-R1-Distill-Llama-8B,reason,functional_group,0,ester,40,1.0,1.0,1.0,1.0,0.0,0.0,0.0,0.0,0.7,0.000557,0.035424,-0.018619,0.894823,sulfoxide,0.6,1.0,1.0,1.0,1.0,1.0,4.0,inter_group,0.0,0.131372,8.583333,7.0,12.0,1.0,1.0,0.948474,1.0,0.868563
deepseek-ai-DeepSeek-R1-Distill-Llama-8B,reason,functional_group,0,ether,40,0.85,0.85,0.875,0.971429,0.025,0.0,0.1,0.025,0.625,0.000369,0.037938,-0.035686,0.885064,alkyl iodide,0.6,0.5,0.5,0.625,2.5,2.5,4.0,inter_group,0.0,0.024989,47.5,43.0,12.0,0.833333,1.0,0.829504,1.0,0.453204
deepseek-ai-DeepSeek-R1-Distill-Llama-8B,reason,functional_group,0,imine,40,0.8,0.8,0.875,0.914286,0.075,0.0,0.1,0.025,0.5,0.002213,0.035433,0.003094,0.894023,amine,0.6,0.0,0.25,0.2875,4.0,4.5,4.0,inter_group,0.5,0.75,1.5,1.5,12.0,1.0,1.0,0.964258,1.0,0.948744
deepseek-ai-DeepSeek-R1-Distill-Llama-8B,reason,functional_group,0,ketone,40,0.95,0.95,0.95,1.0,0.0,0.0,0.05,0.0,0.875,0.001822,0.03494,0.000877,0.895337,ester,0.6,0.25,1.0,0.625,1.75,2.0,4.0,inter_group,0.083333,0.292433,5.583333,5.0,12.0,1.0,1.0,0.974963,1.0,0.878721
deepseek-ai-DeepSeek-R1-Distill-Llama-8B,reason,functional_group,0,nitrile,40,1.0,1.0,1.0,1.0,0.0,0.0,0.0,0.0,1.0,0.019324,0.038631,0.111384,0.883926,alkyl iodide,0.6,,,,,,,,0.583333,0.791667,1.416667,1.0,12.0,1.0,1.0,0.997913,1.0,0.983342
deepseek-ai-DeepSeek-R1-Distill-Llama-8B,reason,functional_group,0,nitro,40,0.875,0.875,0.9,0.972222,0.025,0.0,0.1,0.0,0.9,0.022143,0.032262,0.151258,0.894115,amide,0.675,,,,,,,,0.5,0.75,1.5,1.5,12.0,1.0,1.0,0.997888,1.0,0.970521
deepseek-ai-DeepSeek-R1-Distill-Llama-8B,reason,functional_group,0,none (alkane),40,0.7,0.75,0.7,1.0,0.0,0.05,0.15,0.1,0.7,0.001766,0.037679,-0.016317,0.885866,ether,0.6,,,,,,,,,,,,,,0.975,0.844189,1.0,
deepseek-ai-DeepSeek-R1-Distill-Llama-8B,reason,functional_group,0,sulfone,40,0.5,0.5,0.575,0.869565,0.075,0.0,0.425,0.0,0.9,0.002909,0.034979,0.00395,0.894661,sulfoxide,0.6,0.0,0.0,0.333333,3.0,3.0,4.0,inter_group,0.0,0.16654,6.666667,6.0,12.0,1.0,1.0,0.990063,1.0,0.902836
deepseek-ai-DeepSeek-R1-Distill-Llama-8B,reason,functional_group,0,sulfoxide,40,0.95,0.95,0.975,0.974359,0.025,0.0,0.0,0.025,1.0,0.000508,0.03562,-0.016378,0.894931,ester,0.6,0.5,0.5,0.666667,2.0,2.0,8.0,inter_group,0.0,0.129597,8.5,7.5,12.0,1.0,1.0,0.951453,1.0,0.871263
deepseek-ai-DeepSeek-R1-Distill-Llama-8B,reason,functional_group,0,thioether,40,0.325,0.325,0.6,0.541667,0.275,0.0,0.35,0.05,0.625,0.004245,0.036613,0.025571,0.891677,ether,0.6,0.25,0.375,0.520833,2.375,3.0,8.0,inter_group,0.0,0.129759,17.833333,16.0,12.0,1.0,1.0,0.951367,1.0,0.754172
deepseek-ai-DeepSeek-R1-Distill-Llama-8B,reason,functional_group,0,thiol,80,0.9375,0.9375,0.9375,1.0,0.0,0.0,0.0375,0.025,0.875,0.000986,0.036541,-0.021231,0.890849,alcohol,0.6,0.25,1.0,0.625,1.75,2.0,4.0,inter_group,0.0,0.178604,10.333333,5.5,12.0,1.0,1.0,0.931726,1.0,0.833354
deepseek-ai-DeepSeek-R1-Distill-Llama-8B,reason,functional_group,8,alcohol,80,0.9625,0.9625,0.9625,1.0,0.0,0.0,0.0375,0.0,0.9625,0.003707,0.076285,-0.017324,0.581744,amine,0.5,0.916667,1.0,0.958333,1.083333,1.0,12.0,inter_group,0.0,0.109183,16.166667,17.0,12.0,1.0,1.0,0.895197,1.0,0.753765
deepseek-ai-DeepSeek-R1-Distill-Llama-8B,reason,functional_group,8,aldehyde,40,0.725,0.9,0.775,0.935484,0.05,0.175,0.05,0.0,0.725,0.006898,0.073729,-0.014985,0.58324,amide,0.5,0.0,0.125,0.25,4.5,5.0,8.0,inter_group,0.0,0.352273,7.75,2.5,12.0,1.0,1.0,0.905859,1.0,0.736737
deepseek-ai-DeepSeek-R1-Distill-Llama-8B,reason,functional_group,8,alkyl bromide,40,0.9,0.9,0.9,1.0,0.0,0.0,0.1,0.0,0.95,0.004029,0.073717,-0.006715,0.577151,alkyl chloride,0.5,0.3125,0.4375,0.519792,2.8125,3.0,16.0,halide,0.0,0.152343,8.166667,6.5,12.0,1.0,1.0,0.871387,1.0,0.834365
deepseek-ai-DeepSeek-R1-Distill-Llama-8B,reason,functional_group,8,alkyl chloride,40,0.6,0.825,0.625,0.96,0.025,0.225,0.15,0.0,0.95,0.003756,0.075169,-0.027771,0.568813,alkyl bromide,0.5,0.25,0.25,0.440179,4.25,3.0,16.0,halide,0.0,0.088048,17.333333,13.5,12.0,1.0,1.0,0.874438,1.0,0.747984
deepseek-ai-DeepSeek-R1-Distill-Llama-8B,reason,functional_group,8,alkyl fluoride,40,0.125,0.725,0.25,0.5,0.125,0.6,0.15,0.0,0.3,0.005986,0.072051,-0.020286,0.571647,alkyl iodide,0.5,0.5,0.75,0.666667,3.0,1.5,8.0,halide,0.0,0.153472,7.916667,6.0,12.0,1.0,1.0,0.908533,1.0,0.824462
deepseek-ai-DeepSeek-R1-Distill-Llama-8B,reason,functional_group,8,alkyl iodide,40,0.45,0.7,0.475,0.947368,0.025,0.25,0.225,0.05,0.675,0.005429,0.074431,-0.01579,0.572415,alkyl fluoride,0.5,0.75,0.875,0.8375,1.625,1.0,8.0,halide,0.0,0.13998,9.25,8.0,12.0,1.0,1.0,0.911755,1.0,0.793005
deepseek-ai-DeepSeek-R1-Distill-Llama-8B,reason,functional_group,8,amide,40,0.675,0.7,0.85,0.794118,0.175,0.025,0.125,0.0,0.75,0.007494,0.071349,-0.006178,0.593853,aldehyde,0.525,1.0,1.0,1.0,1.0,1.0,4.0,inter_group,0.0,0.18154,10.416667,9.5,12.0,1.0,1.0,0.928076,1.0,0.786367
deepseek-ai-DeepSeek-R1-Distill-Llama-8B,reason,functional_group,8,amine,80,0.9625,0.9625,0.9625,1.0,0.0,0.0,0.025,0.0125,0.875,0.003623,0.072031,-0.013212,0.584131,alcohol,0.5,1.0,1.0,1.0,1.0,1.0,8.0,inter_group,0.0,0.108217,13.25,12.0,12.0,1.0,1.0,0.933081,1.0,0.782412
deepseek-ai-DeepSeek-R1-Distill-Llama-8B,reason,functional_group,8,carboxylic acid,40,1.0,1.0,1.0,1.0,0.0,0.0,0.0,0.0,0.9,0.009769,0.076911,-0.003565,0.593189,amide,0.525,0.375,1.0,0.6875,1.625,2.0,8.0,inter_group,0.0,0.219883,7.583333,6.0,12.0,1.0,1.0,0.963293,1.0,0.79281
deepseek-ai-DeepSeek-R1-Distill-Llama-8B,reason,functional_group,8,ester,40,1.0,1.0,1.0,1.0,0.0,0.0,0.0,0.0,0.7,0.011688,0.069323,-0.007091,0.59594,ketone,0.6,0.25,0.5,0.541667,2.25,2.5,4.0,inter_group,0.083333,0.190499,14.5,13.5,12.0,1.0,1.0,0.948828,1.0,0.780475
deepseek-ai-DeepSeek-R1-Distill-Llama-8B,reason,functional_group,8,ether,40,0.85,0.85,0.875,0.971429,0.025,0.0,0.1,0.025,0.625,0.003004,0.070491,-0.02387,0.575085,nitrile,0.5,0.75,0.75,0.8125,1.75,1.0,4.0,inter_group,0.0,0.070586,33.416667,30.5,12.0,1.0,0.875,0.703355,1.0,0.636365
deepseek-ai-DeepSeek-R1-Distill-Llama-8B,reason,functional_group,8,imine,40,0.8,0.8,0.875,0.914286,0.075,0.0,0.1,0.025,0.5,0.01363,0.077603,-0.013938,0.576432,amine,0.525,0.0,1.0,0.5,2.0,2.0,4.0,inter_group,0.25,0.396296,4.833333,4.5,12.0,1.0,1.0,0.956714,1.0,0.837984
deepseek-ai-DeepSeek-R1-Distill-Llama-8B,reason,functional_group,8,ketone,40,0.95,0.95,0.95,1.0,0.0,0.0,0.05,0.0,0.875,0.009613,0.071811,-0.016687,0.586221,alcohol,0.5,0.25,0.5,0.541667,2.25,2.5,4.0,inter_group,0.0,0.112701,14.833333,15.5,12.0,1.0,1.0,0.933167,1.0,0.786957
deepseek-ai-DeepSeek-R1-Distill-Llama-8B,reason,functional_group,8,nitrile,40,1.0,1.0,1.0,1.0,0.0,0.0,0.0,0.0,1.0,0.013925,0.072865,-0.01542,0.578225,amide,0.525,,,,,,,,0.333333,0.478728,9.416667,2.5,12.0,1.0,1.0,0.952393,1.0,0.76835
deepseek-ai-DeepSeek-R1-Distill-Llama-8B,reason,functional_group,8,nitro,40,0.875,0.875,0.9,0.972222,0.025,0.0,0.1,0.0,0.9,0.031708,0.067004,0.031887,0.582949,alkyl bromide,0.65,,,,,,,,0.666667,0.833333,1.333333,1.0,12.0,1.0,1.0,0.988355,1.0,0.885427
deepseek-ai-DeepSeek-R1-Distill-Llama-8B,reason,functional_group,8,none (alkane),40,0.7,0.75,0.7,1.0,0.0,0.05,0.15,0.1,0.7,0.018474,0.074907,-0.014649,0.558451,alcohol,0.55,,,,,,,,,,,,,,1.0,0.951611,1.0,
deepseek-ai-DeepSeek-R1-Distill-Llama-8B,reason,functional_group,8,sulfone,40,0.5,0.5,0.575,0.869565,0.075,0.0,0.425,0.0,0.9,0.004841,0.066578,-0.009132,0.600931,sulfoxide,0.6,1.0,1.0,1.0,1.0,1.0,4.0,inter_group,0.0,0.182957,8.666667,7.5,12.0,1.0,1.0,0.952478,1.0,0.831506
deepseek-ai-DeepSeek-R1-Distill-Llama-8B,reason,functional_group,8,sulfoxide,40,0.95,0.95,0.975,0.974359,0.025,0.0,0.0,0.025,1.0,0.004496,0.066559,-0.016866,0.598262,sulfone,0.6,0.0,0.25,0.194231,8.75,10.0,8.0,inter_group,0.0,0.181106,9.583333,9.5,12.0,1.0,1.0,0.943005,1.0,0.817562
deepseek-ai-DeepSeek-R1-Distill-Llama-8B,reason,functional_group,8,thioether,40,0.325,0.325,0.6,0.541667,0.275,0.0,0.35,0.05,0.625,0.006124,0.07122,-0.02061,0.56947,ether,0.475,0.5,0.5,0.587798,3.5,2.5,8.0,inter_group,0.083333,0.224378,23.25,18.0,12.0,1.0,0.825,0.771487,1.0,0.711511
deepseek-ai-DeepSeek-R1-Distill-Llama-8B,reason,functional_group,8,thiol,80,0.9375,0.9375,0.9375,1.0,0.0,0.0,0.0375,0.025,0.875,0.006643,0.072857,0.00638,0.593542,amine,0.5,0.25,1.0,0.625,1.75,2.0,4.0,inter_group,0.0,0.232738,5.666667,5.0,12.0,1.0,1.0,0.947485,1.0,0.836449
deepseek-ai-DeepSeek-R1-Distill-Llama-8B,reason,functional_group,16,alcohol,80,0.9625,0.9625,0.9625,1.0,0.0,0.0,0.0375,0.0,0.9625,0.032028,0.059921,0.055109,0.686535,ether,0.65,1.0,1.0,1.0,1.0,1.0,12.0,inter_group,0.833333,0.916667,1.166667,1.0,12.0,1.0,1.0,0.86637,1.0,0.823151
deepseek-ai-DeepSeek-R1-Distill-Llama-8B,reason,functional_group,16,aldehyde,40,0.725,0.9,0.775,0.935484,0.05,0.175,0.05,0.0,0.725,0.022793,0.051787,0.059552,0.701751,amide,0.575,0.875,0.875,0.90625,1.375,1.0,8.0,inter_group,0.583333,0.709596,3.0,1.0,12.0,1.0,1.0,0.853284,1.0,0.819308
deepseek-ai-DeepSeek-R1-Distill-Llama-8B,reason,functional_group,16,alkyl bromide,40,0.9,0.9,0.9,1.0,0.0,0.0,0.1,0.0,0.95,0.004536,0.055571,-0.012295,0.682853,alkyl chloride,0.475,0.3125,0.625,0.583333,2.1875,2.0,16.0,halide,0.0,0.301389,3.75,3.5,12.0,1.0,1.0,0.73443,1.0,0.845079
deepseek-ai-DeepSeek-R1-Distill-Llama-8B,reason,functional_group,16,alkyl chloride,40,0.6,0.825,0.625,0.96,0.025,0.225,0.15,0.0,0.95,0.004338,0.055761,-0.001894,0.686588,alkyl bromide,0.5,0.375,0.8125,0.651042,1.875,2.0,16.0,halide,0.0,0.180876,7.166667,5.0,12.0,1.0,0.95,0.679062,1.0,0.792421
deepseek-ai-DeepSeek-R1-Distill-Llama-8B,reason,functional_group,16,alkyl fluoride,40,0.125,0.725,0.25,0.5,0.125,0.6,0.15,0.0,0.3,0.009521,0.055707,-0.018808,0.670927,alkyl chloride,0.55,0.875,1.0,0.9375,1.125,1.0,8.0,halide,0.0,0.221451,6.333333,6.0,12.0,1.0,1.0,0.77243,1.0,0.776011
deepseek-ai-DeepSeek-R1-Distill-Llama-8B,reason,functional_group,16,alkyl iodide,40,0.45,0.7,0.475,0.947368,0.025,0.25,0.225,0.05,0.675,0.009045,0.059947,-0.033266,0.662121,alkyl chloride,0.55,1.0,1.0,1.0,1.0,1.0,8.0,halide,0.083333,0.220013,8.166667,7.5,12.0,1.0,0.975,0.749039,1.0,0.766436
deepseek-ai-DeepSeek-R1-Distill-Llama-8B,reason,functional_group,16,amide,40,0.675,0.7,0.85,0.794118,0.175,0.025,0.125,0.0,0.75,0.021021,0.054591,0.021184,0.694808,ester,0.575,1.0,1.0,1.0,1.0,1.0,4.0,inter_group,0.583333,0.697222,2.416667,1.0,12.0,1.0,1.0,0.783142,1.0,0.840012
deepseek-ai-DeepSeek-R1-Distill-Llama-8B,reason,functional_group,16,amine,80,0.9625,0.9625,0.9625,1.0,0.0,0.0,0.025,0.0125,0.875,0.034635,0.058287,0.072353,0.684973,alcohol,0.6625,1.0,1.0,1.0,1.0,1.0,8.0,inter_group,0.833333,0.916667,1.166667,1.0,12.0,1.0,1.0,0.8828,1.0,0.846413
deepseek-ai-DeepSeek-R1-Distill-Llama-8B,reason,functional_group,16,carboxylic acid,40,1.0,1.0,1.0,1.0,0.0,0.0,0.0,0.0,0.9,0.023962,0.063454,0.031978,0.691214,amide,0.575,0.25,0.875,0.604167,1.875,2.0,8.0,inter_group,0.75,0.819444,1.75,1.0,12.0,1.0,1.0,0.879889,1.0,0.864288
deepseek-ai-DeepSeek-R1-Distill-Llama-8B,reason,functional_group,16,ester,40,1.0,1.0,1.0,1.0,0.0,0.0,0.0,0.0,0.7,0.021335,0.054033,0.056976,0.705951,amide,0.55,1.0,1.0,1.0,1.0,1.0,4.0,inter_group,0.5,0.611111,2.916667,2.0,12.0,1.0,1.0,0.854755,1.0,0.832818
deepseek-ai-DeepSeek-R1-Distill-Llama-8B,reason,functional_group,16,ether,40,0.85,0.85,0.875,0.971429,0.025,0.0,0.1,0.025,0.625,0.01721,0.050394,0.038926,0.688938,alkyl fluoride,0.625,1.0,1.0,1.0,1.0,1.0,4.0,inter_group,0.333333,0.411361,8.333333,5.5,12.0,1.0,1.0,0.791809,1.0,0.720402
deepseek-ai-DeepSeek-R1-Distill-Llama-8B,reason,functional_group,16,imine,40,0.8,0.8,0.875,0.914286,0.075,0.0,0.1,0.025,0.5,0.034013,0.053923,0.046142,0.677809,nitrile,0.7,1.0,1.0,1.0,1.0,1.0,4.0,inter_group,0.833333,0.916667,1.166667,1.0,12.0,1.0,1.0,0.878754,1.0,0.870089
deepseek-ai-DeepSeek-R1-Distill-Llama-8B,reason,functional_group,16,ketone,40,0.95,0.95,0.95,1.0,0.0,0.0,0.05,0.0,0.875,0.026642,0.053396,0.036465,0.697548,amide,0.625,1.0,1.0,1.0,1.0,1.0,4.0,inter_group,0.583333,0.715278,2.5,1.0,12.0,1.0,1.0,0.844592,1.0,0.840922
deepseek-ai-DeepSeek-R1-Distill-Llama-8B,reason,functional_group,16,nitrile,40,1.0,1.0,1.0,1.0,0.0,0.0,0.0,0.0,1.0,0.028787,0.060391,0.030485,0.679687,amide,0.65,,,,,,,,0.833333,0.875,1.5,1.0,12.0,1.0,1.0,0.844867,1.0,0.847569
deepseek-ai-DeepSeek-R1-Distill-Llama-8B,reason,functional_group,16,nitro,40,0.875,0.875,0.9,0.972222,0.025,0.0,0.1,0.0,0.9,0.045696,0.049335,0.027579,0.668197,alkyl chloride,0.775,,,,,,,,0.666667,0.833333,1.333333,1.0,12.0,1.0,1.0,0.9047,1.0,0.879864
deepseek-ai-DeepSeek-R1-Distill-Llama-8B,reason,functional_group,16,none (alkane),40,0.7,0.75,0.7,1.0,0.0,0.05,0.15,0.1,0.7,0.032646,0.060683,0.043234,0.663646,alkyl fluoride,0.7,,,,,,,,,,,,,,1.0,0.863959,1.0,
deepseek-ai-DeepSeek-R1-Distill-Llama-8B,reason,functional_group,16,sulfone,40,0.5,0.5,0.575,0.869565,0.075,0.0,0.425,0.0,0.9,0.01801,0.051979,0.027669,0.713835,sulfoxide,0.6,1.0,1.0,1.0,1.0,1.0,4.0,inter_group,0.0,0.375,2.833333,3.0,12.0,1.0,1.0,0.888147,1.0,0.870114
deepseek-ai-DeepSeek-R1-Distill-Llama-8B,reason,functional_group,16,sulfoxide,40,0.95,0.95,0.975,0.974359,0.025,0.0,0.0,0.025,1.0,0.01768,0.048446,0.04216,0.718359,sulfone,0.6,0.0,0.0,0.185714,6.5,6.5,8.0,inter_group,0.0,0.380556,2.916667,3.0,12.0,1.0,1.0,0.873016,1.0,0.871749
deepseek-ai-DeepSeek-R1-Distill-Llama-8B,reason,functional_group,16,thioether,40,0.325,0.325,0.6,0.541667,0.275,0.0,0.35,0.05,0.625,0.025444,0.052072,0.011598,0.678406,thiol,0.675,1.0,1.0,1.0,1.0,1.0,8.0,inter_group,0.5,0.630093,3.583333,1.5,12.0,1.0,1.0,0.815428,1.0,0.811969
deepseek-ai-DeepSeek-R1-Distill-Llama-8B,reason,functional_group,16,thiol,80,0.9375,0.9375,0.9375,1.0,0.0,0.0,0.0375,0.025,0.875,0.028957,0.059717,0.066517,0.692918,thioether,0.6625,1.0,1.0,1.0,1.0,1.0,4.0,inter_group,0.833333,0.916667,1.166667,1.0,12.0,1.0,1.0,0.880948,1.0,0.884405
deepseek-ai-DeepSeek-R1-Distill-Llama-8B,reason,functional_group,24,alcohol,80,0.9625,0.9625,0.9625,1.0,0.0,0.0,0.0375,0.0,0.9625,0.155016,0.101037,0.268217,0.656799,ether,0.9,0.666667,0.833333,0.798611,1.583333,1.0,12.0,inter_group,0.75,0.875,1.25,1.0,12.0,1.0,1.0,0.56333,1.0,0.900029
deepseek-ai-DeepSeek-R1-Distill-Llama-8B,reason,functional_group,24,aldehyde,40,0.725,0.9,0.775,0.935484,0.05,0.175,0.05,0.0,0.725,0.111934,0.089135,0.224242,0.673144,ketone,0.85,0.875,1.0,0.9375,1.125,1.0,8.0,inter_group,0.75,0.875,1.25,1.0,12.0,1.0,1.0,0.507356,1.0,0.889306
deepseek-ai-DeepSeek-R1-Distill-Llama-8B,reason,functional_group,24,alkyl bromide,40,0.9,0.9,0.9,1.0,0.0,0.0,0.1,0.0,0.95,0.046047,0.063497,0.115232,0.688648,alkyl chloride,0.825,0.5,0.875,0.729167,1.625,1.5,16.0,halide,0.416667,0.588889,2.583333,2.5,12.0,1.0,0.975,0.414474,1.0,0.863844
deepseek-ai-DeepSeek-R1-Distill-Llama-8B,reason,functional_group,24,alkyl chloride,40,0.6,0.825,0.625,0.96,0.025,0.225,0.15,0.0,0.95,0.0445,0.067134,0.088933,0.67986,alkyl bromide,0.775,0.5,1.0,0.75,1.5,1.5,16.0,halide,0.25,0.459921,3.5,3.5,12.0,1.0,1.0,0.385287,1.0,0.836498
deepseek-ai-DeepSeek-R1-Distill-Llama-8B,reason,functional_group,24,alkyl fluoride,40,0.125,0.725,0.25,0.5,0.125,0.6,0.15,0.0,0.3,0.070639,0.065365,0.099281,0.642968,alkyl iodide,0.875,0.875,1.0,0.9375,1.125,1.0,8.0,halide,0.666667,0.777778,1.75,1.0,12.0,1.0,1.0,0.454083,1.0,0.843819
deepseek-ai-DeepSeek-R1-Distill-Llama-8B,reason,functional_group,24,alkyl iodide,40,0.45,0.7,0.475,0.947368,0.025,0.25,0.225,0.05,0.675,0.044331,0.08624,0.011284,0.627911,alkyl bromide,0.725,1.0,1.0,1.0,1.0,1.0,8.0,halide,0.25,0.433333,4.0,3.5,12.0,1.0,1.0,0.333795,1.0,0.798422
deepseek-ai-DeepSeek-R1-Distill-Llama-8B,reason,functional_group,24,amide,40,0.675,0.7,0.85,0.794118,0.175,0.025,0.125,0.0,0.75,0.128589,0.090114,0.242231,0.671548,aldehyde,0.875,1.0,1.0,1.0,1.0,1.0,4.0,inter_group,0.666667,0.833333,1.333333,1.0,12.0,1.0,1.0,0.486664,1.0,0.906328
deepseek-ai-DeepSeek-R1-Distill-Llama-8B,reason,functional_group,24,amine,80,0.9625,0.9625,0.9625,1.0,0.0,0.0,0.025,0.0125,0.875,0.170115,0.087968,0.301995,0.672119,imine,0.9625,0.5,0.875,0.729167,1.625,1.5,8.0,inter_group,0.75,0.875,1.25,1.0,12.0,1.0,1.0,0.581706,1.0,0.901899
deepseek-ai-DeepSeek-R1-Distill-Llama-8B,reason,functional_group,24,carboxylic acid,40,1.0,1.0,1.0,1.0,0.0,0.0,0.0,0.0,0.9,0.16676,0.107635,0.277172,0.655438,amide,0.925,0.25,0.5,0.520833,2.5,2.5,8.0,inter_group,0.666667,0.833333,1.333333,1.0,12.0,1.0,1.0,0.569666,1.0,0.914058
deepseek-ai-DeepSeek-R1-Distill-Llama-8B,reason,functional_group,24,ester,40,1.0,1.0,1.0,1.0,0.0,0.0,0.0,0.0,0.7,0.127558,0.073331,0.252076,0.681522,ketone,0.925,1.0,1.0,1.0,1.0,1.0,4.0,inter_group,0.416667,0.618056,2.25,2.0,12.0,1.0,1.0,0.510709,1.0,0.857513
deepseek-ai-DeepSeek-R1-Distill-Llama-8B,reason,functional_group,24,ether,40,0.85,0.85,0.875,0.971429,0.025,0.0,0.1,0.025,0.625,0.135876,0.067326,0.240639,0.653133,alcohol,0.925,1.0,1.0,1.0,1.0,1.0,4.0,inter_group,0.666667,0.758333,2.083333,1.0,12.0,1.0,1.0,0.469708,1.0,0.800807
deepseek-ai-DeepSeek-R1-Distill-Llama-8B,reason,functional_group,24,imine,40,0.8,0.8,0.875,0.914286,0.075,0.0,0.1,0.025,0.5,0.167299,0.076997,0.273972,0.658205,amine,1.0,1.0,1.0,1.0,1.0,1.0,4.0,inter_group,0.833333,0.916667,1.166667,1.0,12.0,1.0,1.0,0.549814,1.0,0.906187
deepseek-ai-DeepSeek-R1-Distill-Llama-8B,reason,functional_group,24,ketone,40,0.95,0.95,0.95,1.0,0.0,0.0,0.05,0.0,0.875,0.124338,0.073245,0.251712,0.685483,aldehyde,0.925,1.0,1.0,1.0,1.0,1.0,4.0,inter_group,0.75,0.847222,1.416667,1.0,12.0,1.0,1.0,0.506894,1.0,0.889107
deepseek-ai-DeepSeek-R1-Distill-Llama-8B,reason,functional_group,24,nitrile,40,1.0,1.0,1.0,1.0,0.0,0.0,0.0,0.0,1.0,0.201038,0.090243,0.353791,0.680848,imine,0.975,,,,,,,,0.666667,0.833333,1.333333,1.0,12.0,1.0,1.0,0.621826,1.0,0.920736
deepseek-ai-DeepSeek-R1-Distill-Llama-8B,reason,functional_group,24,nitro,40,0.875,0.875,0.9,0.972222,0.025,0.0,0.1,0.0,0.9,0.194873,0.062262,0.265435,0.635463,imine,1.0,,,,,,,,0.666667,0.833333,1.333333,1.0,12.0,1.0,1.0,0.525497,1.0,0.89569
deepseek-ai-DeepSeek-R1-Distill-Llama-8B,reason,functional_group,24,none (alkane),40,0.7,0.75,0.7,1.0,0.0,0.05,0.15,0.1,0.7,0.095899,0.093908,0.15874,0.609942,alkyl iodide,0.85,,,,,,,,,,,,,,1.0,0.447586,1.0,
deepseek-ai-DeepSeek-R1-Distill-Llama-8B,reason,functional_group,24,sulfone,40,0.5,0.5,0.575,0.869565,0.075,0.0,0.425,0.0,0.9,0.064408,0.052203,0.121886,0.698971,sulfoxide,0.875,1.0,1.0,1.0,1.0,1.0,4.0,inter_group,0.083333,0.430556,2.75,2.5,12.0,1.0,1.0,0.515439,1.0,0.887504
deepseek-ai-DeepSeek-R1-Distill-Llama-8B,reason,functional_group,24,sulfoxide,40,0.95,0.95,0.975,0.974359,0.025,0.0,0.0,0.025,1.0,0.064493,0.049506,0.182468,0.719225,sulfone,0.875,0.0,1.0,0.5,2.0,2.0,8.0,inter_group,0.166667,0.429167,3.083333,3.0,12.0,1.0,1.0,0.488776,1.0,0.891647
deepseek-ai-DeepSeek-R1-Distill-Llama-8B,reason,functional_group,24,thioether,40,0.325,0.325,0.6,0.541667,0.275,0.0,0.35,0.05,0.625,0.092638,0.064297,0.130397,0.682372,thiol,0.9,1.0,1.0,1.0,1.0,1.0,8.0,inter_group,0.333333,0.548611,2.833333,2.0,12.0,1.0,1.0,0.442651,1.0,0.872278
deepseek-ai-DeepSeek-R1-Distill-Llama-8B,reason,functional_group,24,thiol,80,0.9375,0.9375,0.9375,1.0,0.0,0.0,0.0375,0.025,0.875,0.100834,0.073216,0.297213,0.735409,thioether,0.8625,1.0,1.0,1.0,1.0,1.0,4.0,inter_group,0.666667,0.833333,1.333333,1.0,12.0,1.0,1.0,0.615332,1.0,0.927671
deepseek-ai-DeepSeek-R1-Distill-Llama-8B,reason,functional_group,31,alcohol,80,0.9625,0.9625,0.9625,1.0,0.0,0.0,0.0375,0.0,0.9625,0.085901,0.077729,0.175346,0.719021,ether,0.825,0.666667,0.666667,0.763889,1.833333,1.0,12.0,inter_group,1.0,1.0,1.0,1.0,12.0,1.0,1.0,0.616803,1.0,0.841088
deepseek-ai-DeepSeek-R1-Distill-Llama-8B,reason,functional_group,31,aldehyde,40,0.725,0.9,0.775,0.935484,0.05,0.175,0.05,0.0,0.725,0.061995,0.068216,0.15598,0.731628,ketone,0.825,0.625,1.0,0.8125,1.375,1.0,8.0,inter_group,0.916667,0.958333,1.083333,1.0,12.0,1.0,1.0,0.561662,1.0,0.834144
deepseek-ai-DeepSeek-R1-Distill-Llama-8B,reason,functional_group,31,alkyl bromide,40,0.9,0.9,0.9,1.0,0.0,0.0,0.1,0.0,0.95,0.033864,0.049753,0.095714,0.73981,alkyl chloride,0.825,0.3125,0.5625,0.518304,3.375,2.0,16.0,halide,0.583333,0.791667,1.416667,1.0,12.0,1.0,1.0,0.486002,1.0,0.815513
deepseek-ai-DeepSeek-R1-Distill-Llama-8B,reason,functional_group,31,alkyl chloride,40,0.6,0.825,0.625,0.96,0.025,0.225,0.15,0.0,0.95,0.034261,0.04474,0.093133,0.739293,alkyl bromide,0.775,0.375,0.625,0.545206,5.25,2.0,16.0,halide,0.25,0.461111,3.833333,3.5,12.0,1.0,1.0,0.492871,1.0,0.742034
deepseek-ai-DeepSeek-R1-Distill-Llama-8B,reason,functional_group,31,alkyl fluoride,40,0.125,0.725,0.25,0.5,0.125,0.6,0.15,0.0,0.3,0.042699,0.044998,0.111763,0.729657,alkyl iodide,0.85,0.75,0.75,0.801282,2.75,1.0,8.0,halide,0.416667,0.6875,1.75,2.0,12.0,1.0,1.0,0.541965,1.0,0.824254
deepseek-ai-DeepSeek-R1-Distill-Llama-8B,reason,functional_group,31,alkyl iodide,40,0.45,0.7,0.475,0.947368,0.025,0.25,0.225,0.05,0.675,0.03481,0.058279,0.052716,0.718488,alkyl bromide,0.8,1.0,1.0,1.0,1.0,1.0,8.0,halide,0.416667,0.565476,3.25,2.5,12.0,1.0,0.975,0.484421,1.0,0.756585
deepseek-ai-DeepSeek-R1-Distill-Llama-8B,reason,functional_group,31,amide,40,0.675,0.7,0.85,0.794118,0.175,0.025,0.125,0.0,0.75,0.07707,0.049296,0.192792,0.728719,aldehyde,0.925,1.0,1.0,1.0,1.0,1.0,4.0,inter_group,0.833333,0.916667,1.166667,1.0,12.0,1.0,1.0,0.569241,1.0,0.862521
deepseek-ai-DeepSeek-R1-Distill-Llama-8B,reason,functional_group,31,amine,80,0.9625,0.9625,0.9625,1.0,0.0,0.0,0.025,0.0125,0.875,0.089763,0.071624,0.177304,0.713083,imine,0.85,0.625,1.0,0.8125,1.375,1.0,8.0,inter_group,0.833333,0.916667,1.166667,1.0,12.0,1.0,1.0,0.636224,1.0,0.839605
deepseek-ai-DeepSeek-R1-Distill-Llama-8B,reason,functional_group,31,carboxylic acid,40,1.0,1.0,1.0,1.0,0.0,0.0,0.0,0.0,0.9,0.086134,0.070141,0.198537,0.721903,aldehyde,0.825,0.375,0.625,0.597917,2.375,2.0,8.0,inter_group,0.75,0.875,1.25,1.0,12.0,1.0,1.0,0.597638,1.0,0.862643
deepseek-ai-DeepSeek-R1-Distill-Llama-8B,reason,functional_group,31,ester,40,1.0,1.0,1.0,1.0,0.0,0.0,0.0,0.0,0.7,0.080739,0.055521,0.235688,0.758089,ketone,0.875,1.0,1.0,1.0,1.0,1.0,4.0,inter_group,0.75,0.833333,1.583333,1.0,12.0,1.0,1.0,0.613525,1.0,0.811889
deepseek-ai-DeepSeek-R1-Distill-Llama-8B,reason,functional_group,31,ether,40,0.85,0.85,0.875,0.971429,0.025,0.0,0.1,0.025,0.625,0.076315,0.047387,0.216543,0.74728,alcohol,0.85,1.0,1.0,1.0,1.0,1.0,4.0,inter_group,0.666667,0.75,2.5,1.0,12.0,1.0,1.0,0.566852,1.0,0.745061
deepseek-ai-DeepSeek-R1-Distill-Llama-8B,reason,functional_group,31,imine,40,0.8,0.8,0.875,0.914286,0.075,0.0,0.1,0.025,0.5,0.090304,0.049031,0.257628,0.743852,amine,0.95,0.25,1.0,0.625,1.75,2.0,4.0,inter_group,0.833333,0.916667,1.166667,1.0,12.0,1.0,1.0,0.633124,1.0,0.877824
deepseek-ai-DeepSeek-R1-Distill-Llama-8B,reason,functional_group,31,ketone,40,0.95,0.95,0.95,1.0,0.0,0.0,0.05,0.0,0.875,0.070333,0.055955,0.217678,0.753401,aldehyde,0.85,1.0,1.0,1.0,1.0,1.0,4.0,inter_group,0.833333,0.916667,1.166667,1.0,12.0,1.0,1.0,0.608588,1.0,0.843827
deepseek-ai-DeepSeek-R1-Distill-Llama-8B,reason,functional_group,31,nitrile,40,1.0,1.0,1.0,1.0,0.0,0.0,0.0,0.0,1.0,0.107071,0.059285,0.189157,0.699366,imine,0.925,,,,,,,,0.833333,0.916667,1.166667,1.0,12.0,1.0,1.0,0.646838,1.0,0.861283
deepseek-ai-DeepSeek-R1-Distill-Llama-8B,reason,functional_group,31,nitro,40,0.875,0.875,0.9,0.972222,0.025,0.0,0.1,0.0,0.9,0.114867,0.033753,0.266918,0.744957,ether,1.0,,,,,,,,0.833333,0.916667,1.166667,1.0,12.0,1.0,1.0,0.643085,1.0,0.881398
deepseek-ai-DeepSeek-R1-Distill-Llama-8B,reason,functional_group,31,none (alkane),40,0.7,0.75,0.7,1.0,0.0,0.05,0.15,0.1,0.7,0.054831,0.081286,0.062062,0.667454,alkyl iodide,0.8,,,,,,,,,,,,,,0.975,0.504143,1.0,
deepseek-ai-DeepSeek-R1-Distill-Llama-8B,reason,functional_group,31,sulfone,40,0.5,0.5,0.575,0.869565,0.075,0.0,0.425,0.0,0.9,0.034688,0.036991,0.082225,0.770592,sulfoxide,0.9,1.0,1.0,1.0,1.0,1.0,4.0,inter_group,0.0,0.375,2.833333,3.0,12.0,1.0,1.0,0.611346,1.0,0.857982
deepseek-ai-DeepSeek-R1-Distill-Llama-8B,reason,functional_group,31,sulfoxide,40,0.95,0.95,0.975,0.974359,0.025,0.0,0.0,0.025,1.0,0.034643,0.036406,0.147188,0.786229,sulfone,0.85,0.0,1.0,0.5,2.0,2.0,8.0,inter_group,0.0,0.388889,2.75,3.0,12.0,1.0,1.0,0.592706,1.0,0.869062
deepseek-ai-DeepSeek-R1-Distill-Llama-8B,reason,functional_group,31,thioether,40,0.325,0.325,0.6,0.541667,0.275,0.0,0.35,0.05,0.625,0.058832,0.045032,0.090256,0.731843,thiol,0.85,1.0,1.0,1.0,1.0,1.0,8.0,inter_group,0.333333,0.544444,3.166667,2.0,12.0,1.0,1.0,0.53446,1.0,0.802893
deepseek-ai-DeepSeek-R1-Distill-Llama-8B,reason,functional_group,31,thiol,80,0.9375,0.9375,0.9375,1.0,0.0,0.0,0.0375,0.025,0.875,0.065452,0.064906,0.191694,0.742078,thioether,0.8625,1.0,1.0,1.0,1.0,1.0,4.0,inter_group,1.0,1.0,1.0,1.0,12.0,1.0,1.0,0.657678,1.0,0.884804
