scope,model,short,layer,predictor,predictor_family,predictor_higher_is_better,outcome,n_groups,rho,p,ci_lo,ci_hi,ci_excludes_zero,n_boot_effective,rho_attenuation_corrected,reliability_used,is_primary,interpretable,p_holm,p_bh
per_model,meta-llama-Llama-3.1-8B,base,0,rival_margin,separability,1,strict,20,0.094127,0.693049,-0.431052,0.533238,0,5000,0.100867,0.870812,0,1,,0.942668
per_model,weidawang-Chem-R-8B,chem-r,0,rival_margin,separability,1,strict,20,0.141996,0.55039,-0.401915,0.642295,0,5000,0.272786,0.270964,0,0,,0.90388
per_model,phenixace-Chem-R-Faithful,chem,0,rival_margin,separability,1,strict,20,-0.01283,0.957185,-0.496939,0.482059,0,5000,-0.014405,0.79334,0,1,,0.992025
per_model,OpenDFM-ChemDFM-v1.5-8B,chemdfm,0,rival_margin,separability,1,strict,20,-0.065711,0.78313,-0.581436,0.457206,0,5000,-0.092771,0.501705,0,1,,0.970684
per_model,deepseek-ai-DeepSeek-R1-Distill-Llama-8B,reason,0,rival_margin,separability,1,strict,20,-0.227582,0.334552,-0.649309,0.237616,0,5000,-0.235603,0.933064,0,1,,0.781532
pooled,,pooled,0,rival_margin,separability,1,strict,20,-0.012603,0.900955,-0.399261,0.334403,0,5000,-0.015352,0.673977,0,1,,0.98944
per_model,meta-llama-Llama-3.1-8B,base,8,rival_margin,separability,1,strict,20,0.068524,0.774071,-0.389158,0.4828,0,5000,0.073431,0.870812,0,1,,0.969666
per_model,weidawang-Chem-R-8B,chem-r,8,rival_margin,separability,1,strict,20,0.04556,0.848737,-0.513099,0.553155,0,5000,0.087525,0.270964,0,0,,0.980293
per_model,phenixace-Chem-R-Faithful,chem,8,rival_margin,separability,1,strict,20,0.016604,0.944609,-0.412692,0.477865,0,5000,0.018641,0.79334,0,1,,0.98944
per_model,OpenDFM-ChemDFM-v1.5-8B,chemdfm,8,rival_margin,separability,1,strict,20,0.0642,0.788005,-0.467183,0.497363,0,5000,0.090638,0.501705,0,1,,0.970684
per_model,deepseek-ai-DeepSeek-R1-Distill-Llama-8B,reason,8,rival_margin,separability,1,strict,20,0.139413,0.55774,-0.330405,0.550664,0,5000,0.144327,0.933064,0,1,,0.904215
pooled,,pooled,8,rival_margin,separability,1,strict,20,0.074357,0.462192,-0.249766,0.361617,0,5000,0.090573,0.673977,0,1,,0.866468
per_model,meta-llama-Llama-3.1-8B,base,16,rival_margin,separability,1,strict,20,0.17997,0.447698,-0.361357,0.60059,0,5000,0.192858,0.870812,0,1,,0.860745
per_model,weidawang-Chem-R-8B,chem-r,16,rival_margin,separability,1,strict,20,0.127569,0.59198,-0.360743,0.605051,0,5000,0.245069,0.270964,0,0,,0.914685
per_model,phenixace-Chem-R-Faithful,chem,16,rival_margin,separability,1,strict,20,-0.025661,0.914483,-0.411143,0.418662,0,5000,-0.02881,0.79334,0,1,,0.98944
per_model,OpenDFM-ChemDFM-v1.5-8B,chemdfm,16,rival_margin,separability,1,strict,20,0.110273,0.643495,-0.391761,0.544317,0,5000,0.155684,0.501705,0,1,,0.927787
per_model,deepseek-ai-DeepSeek-R1-Distill-Llama-8B,reason,16,rival_margin,separability,1,strict,20,0.394877,0.084877,-0.006121,0.680242,0,5000,0.408795,0.933064,0,1,,0.453648
pooled,,pooled,16,rival_margin,separability,1,strict,20,0.161168,0.109177,-0.142569,0.404692,0,5000,0.196316,0.673977,0,1,,0.514286
per_model,meta-llama-Llama-3.1-8B,base,24,rival_margin,separability,1,strict,20,0.142319,0.549473,-0.397464,0.579494,0,5000,0.152511,0.870812,0,1,,0.90388
per_model,weidawang-Chem-R-8B,chem-r,24,rival_margin,separability,1,strict,20,0.132125,0.578704,-0.397337,0.620051,0,5000,0.253822,0.270964,0,0,,0.914618
per_model,phenixace-Chem-R-Faithful,chem,24,rival_margin,separability,1,strict,20,0.218869,0.353875,-0.248383,0.619172,0,5000,0.245729,0.79334,0,1,,0.800793
per_model,OpenDFM-ChemDFM-v1.5-8B,chemdfm,24,rival_margin,separability,1,strict,20,0.068732,0.773403,-0.373467,0.539357,0,5000,0.097036,0.501705,0,1,,0.969666
per_model,deepseek-ai-DeepSeek-R1-Distill-Llama-8B,reason,24,rival_margin,separability,1,strict,20,0.605126,0.004699,0.225923,0.839987,1,5000,0.626455,0.933064,0,1,,0.12385
pooled,,pooled,24,rival_margin,separability,1,strict,20,0.232006,0.020197,-0.077472,0.478359,0,5000,0.282602,0.673977,0,1,,0.247726
per_model,meta-llama-Llama-3.1-8B,base,31,rival_margin,separability,1,strict,20,-0.163404,0.491226,-0.570359,0.334348,0,5000,-0.175106,0.870812,0,1,,0.876281
per_model,weidawang-Chem-R-8B,chem-r,31,rival_margin,separability,1,strict,20,-0.077453,0.745512,-0.562392,0.415922,0,5000,-0.148792,0.270964,0,0,,0.957438
per_model,phenixace-Chem-R-Faithful,chem,31,rival_margin,separability,1,strict,20,0.221134,0.348793,-0.265759,0.631674,0,5000,0.248271,0.79334,0,1,,0.794246
per_model,OpenDFM-ChemDFM-v1.5-8B,chemdfm,31,rival_margin,separability,1,strict,20,0.021904,0.926969,-0.391256,0.451656,0,5000,0.030924,0.501705,0,1,,0.98944
per_model,deepseek-ai-DeepSeek-R1-Distill-Llama-8B,reason,31,rival_margin,separability,1,strict,20,0.5471,0.012542,0.14641,0.814212,1,5000,0.566384,0.933064,0,1,,0.19824
pooled,,pooled,31,rival_margin,separability,1,strict,20,0.107806,0.285691,-0.176369,0.360915,0,5000,0.131317,0.673977,0,1,,0.740174
per_model,meta-llama-Llama-3.1-8B,base,0,rival_margin,separability,1,superclass_credit,20,-0.005271,0.982404,-0.486193,0.48839,0,5000,-0.006034,0.763022,0,1,,0.995233
per_model,weidawang-Chem-R-8B,chem-r,0,rival_margin,separability,1,superclass_credit,20,0.078062,0.743572,-0.472579,0.586768,0,5000,0.143672,0.295216,0,0,,0.95543
per_model,phenixace-Chem-R-Faithful,chem,0,rival_margin,separability,1,superclass_credit,20,0.135214,0.569777,-0.397838,0.634415,0,5000,0.238762,0.32071,0,0,,0.910699
per_model,OpenDFM-ChemDFM-v1.5-8B,chemdfm,0,rival_margin,separability,1,superclass_credit,20,-0.062571,0.793272,-0.57942,0.462785,0,5000,-0.074773,0.700252,0,1,,0.970684
per_model,deepseek-ai-DeepSeek-R1-Distill-Llama-8B,reason,0,rival_margin,separability,1,superclass_credit,20,-0.280544,0.230881,-0.698945,0.173822,0,5000,-0.293991,0.910612,0,1,,0.685651
pooled,,pooled,0,rival_margin,separability,1,superclass_credit,20,-0.030937,0.759941,-0.425614,0.357288,0,5000,-0.040008,0.597963,0,1,,0.965228
per_model,meta-llama-Llama-3.1-8B,base,8,rival_margin,separability,1,superclass_credit,20,-0.114458,0.630874,-0.552173,0.363164,0,5000,-0.131032,0.763022,0,1,,0.925877
per_model,weidawang-Chem-R-8B,chem-r,8,rival_margin,separability,1,superclass_credit,20,0.144756,0.542586,-0.386822,0.64962,0,5000,0.266421,0.295216,0,0,,0.900255
per_model,phenixace-Chem-R-Faithful,chem,8,rival_margin,separability,1,superclass_credit,20,0.331199,0.153746,-0.174675,0.755897,0,5000,0.584833,0.32071,0,0,,0.591223
per_model,OpenDFM-ChemDFM-v1.5-8B,chemdfm,8,rival_margin,separability,1,superclass_credit,20,0.189974,0.422419,-0.340833,0.576525,0,5000,0.227022,0.700252,0,1,,0.844091
per_model,deepseek-ai-DeepSeek-R1-Distill-Llama-8B,reason,8,rival_margin,separability,1,superclass_credit,20,0.080694,0.735219,-0.380701,0.518422,0,5000,0.084562,0.910612,0,1,,0.952563
pooled,,pooled,8,rival_margin,separability,1,superclass_credit,20,0.122727,0.223814,-0.232942,0.450993,0,5000,0.15871,0.597963,0,1,,0.6757
per_model,meta-llama-Llama-3.1-8B,base,16,rival_margin,separability,1,superclass_credit,20,-0.115211,0.628614,-0.502915,0.305761,0,5000,-0.131894,0.763022,0,1,,0.925877
per_model,weidawang-Chem-R-8B,chem-r,16,rival_margin,separability,1,superclass_credit,20,0.203114,0.390413,-0.265261,0.665042,0,5000,0.373826,0.295216,0,0,,0.827985
per_model,phenixace-Chem-R-Faithful,chem,16,rival_margin,separability,1,superclass_credit,20,0.325122,0.1619,-0.156537,0.741058,0,5000,0.574102,0.32071,0,0,,0.593328
per_model,OpenDFM-ChemDFM-v1.5-8B,chemdfm,16,rival_margin,separability,1,superclass_credit,20,0.266869,0.255369,-0.235703,0.628243,0,5000,0.318912,0.700252,0,1,,0.712507
per_model,deepseek-ai-DeepSeek-R1-Distill-Llama-8B,reason,16,rival_margin,separability,1,superclass_credit,20,0.290348,0.214297,-0.097155,0.598175,0,5000,0.304265,0.910612,0,1,,0.661235
pooled,,pooled,16,rival_margin,separability,1,superclass_credit,20,0.185324,0.064898,-0.10483,0.42484,0,5000,0.239659,0.597963,0,1,,0.420742
per_model,meta-llama-Llama-3.1-8B,base,24,rival_margin,separability,1,superclass_credit,20,-0.09488,0.690709,-0.473261,0.303498,0,5000,-0.108619,0.763022,0,1,,0.940872
per_model,weidawang-Chem-R-8B,chem-r,24,rival_margin,separability,1,superclass_credit,20,0.090946,0.70296,-0.420303,0.61442,0,5000,0.167385,0.295216,0,0,,0.946852
per_model,phenixace-Chem-R-Faithful,chem,24,rival_margin,separability,1,superclass_credit,20,0.354747,0.124848,-0.146322,0.751754,0,5000,0.626415,0.32071,0,0,,0.547448
per_model,OpenDFM-ChemDFM-v1.5-8B,chemdfm,24,rival_margin,separability,1,superclass_credit,20,0.193744,0.413097,-0.296708,0.609038,0,5000,0.231526,0.700252,0,1,,0.839754
per_model,deepseek-ai-DeepSeek-R1-Distill-Llama-8B,reason,24,rival_margin,separability,1,superclass_credit,20,0.517348,0.019485,0.113449,0.801225,1,5000,0.542145,0.910612,0,1,,0.24429
pooled,,pooled,24,rival_margin,separability,1,superclass_credit,20,0.205979,0.039783,-0.096539,0.474126,0,5000,0.26637,0.597963,0,1,,0.357677
per_model,meta-llama-Llama-3.1-8B,base,31,rival_margin,separability,1,superclass_credit,20,-0.313253,0.178674,-0.662635,0.160471,0,5000,-0.358614,0.763022,1,1,0.857121,
per_model,weidawang-Chem-R-8B,chem-r,31,rival_margin,separability,1,superclass_credit,20,-0.143241,0.546865,-0.623412,0.370379,0,5000,-0.263631,0.295216,1,0,1.0,
per_model,phenixace-Chem-R-Faithful,chem,31,rival_margin,separability,1,superclass_credit,20,0.318285,0.171424,-0.184253,0.729185,0,5000,0.56203,0.32071,1,0,0.857121,
per_model,OpenDFM-ChemDFM-v1.5-8B,chemdfm,31,rival_margin,separability,1,superclass_credit,20,0.035432,0.882107,-0.42656,0.46495,0,5000,0.042341,0.700252,1,1,1.0,
per_model,deepseek-ai-DeepSeek-R1-Distill-Llama-8B,reason,31,rival_margin,separability,1,superclass_credit,20,0.457016,0.042784,0.035074,0.774796,1,5000,0.478922,0.910612,1,1,0.256702,
pooled,,pooled,31,rival_margin,separability,1,superclass_credit,20,0.065242,0.518988,-0.210362,0.334859,0,5000,0.084371,0.597963,1,1,1.0,
per_model,meta-llama-Llama-3.1-8B,base,0,rival_margin,separability,1,commit,20,0.081418,0.732928,-0.391609,0.502296,0,5000,0.094057,0.749291,0,1,,0.952058
per_model,weidawang-Chem-R-8B,chem-r,0,rival_margin,separability,1,commit,20,-0.027389,0.908746,-0.539247,0.490072,0,5000,-0.055628,0.242416,0,0,,0.98944
per_model,phenixace-Chem-R-Faithful,chem,0,rival_margin,separability,1,commit,20,-0.105701,0.657391,-0.5647,0.384615,0,5000,-0.121643,0.755072,0,1,,0.930387
per_model,OpenDFM-ChemDFM-v1.5-8B,chemdfm,0,rival_margin,separability,1,commit,20,-0.020494,0.931657,-0.53986,0.486401,0,5000,-0.026291,0.607636,0,1,,0.98944
per_model,deepseek-ai-DeepSeek-R1-Distill-Llama-8B,reason,0,rival_margin,separability,1,commit,20,-0.198267,0.402059,-0.608091,0.25048,0,5000,-0.209789,0.893167,0,1,,0.836386
pooled,,pooled,0,rival_margin,separability,1,commit,20,-0.055633,0.582486,-0.39783,0.268596,0,5000,-0.069029,0.649516,0,1,,0.914685
per_model,meta-llama-Llama-3.1-8B,base,8,rival_margin,separability,1,commit,20,0.015077,0.949695,-0.448184,0.44953,0,5000,0.017418,0.749291,0,1,,0.98944
per_model,weidawang-Chem-R-8B,chem-r,8,rival_margin,separability,1,commit,20,-0.026628,0.911271,-0.550814,0.520355,0,5000,-0.054083,0.242416,0,0,,0.98944
per_model,phenixace-Chem-R-Faithful,chem,8,rival_margin,separability,1,commit,20,-0.047566,0.842157,-0.45984,0.405537,0,5000,-0.054739,0.755072,0,1,,0.977847
per_model,OpenDFM-ChemDFM-v1.5-8B,chemdfm,8,rival_margin,separability,1,commit,20,0.078182,0.743192,-0.468348,0.505946,0,5000,0.100296,0.607636,0,1,,0.95543
per_model,deepseek-ai-DeepSeek-R1-Distill-Llama-8B,reason,8,rival_margin,separability,1,commit,20,0.167358,0.480651,-0.277422,0.566189,0,5000,0.177085,0.893167,0,1,,0.873452
pooled,,pooled,8,rival_margin,separability,1,commit,20,0.035424,0.726414,-0.27339,0.320921,0,5000,0.043955,0.649516,0,1,,0.952058
per_model,meta-llama-Llama-3.1-8B,base,16,rival_margin,separability,1,commit,20,0.186205,0.431852,-0.365727,0.612517,0,5000,0.215113,0.749291,0,1,,0.85217
per_model,weidawang-Chem-R-8B,chem-r,16,rival_margin,separability,1,commit,20,0.053256,0.823543,-0.436593,0.57955,0,5000,0.108165,0.242416,0,0,,0.976636
per_model,phenixace-Chem-R-Faithful,chem,16,rival_margin,separability,1,commit,20,-0.093621,0.694621,-0.464184,0.35879,0,5000,-0.107741,0.755072,0,1,,0.943125
per_model,OpenDFM-ChemDFM-v1.5-8B,chemdfm,16,rival_margin,separability,1,commit,20,0.129038,0.587685,-0.384821,0.541316,0,5000,0.165537,0.607636,0,1,,0.914685
per_model,deepseek-ai-DeepSeek-R1-Distill-Llama-8B,reason,16,rival_margin,separability,1,commit,20,0.382964,0.095588,-0.029818,0.676611,0,5000,0.405221,0.893167,0,1,,0.485319
pooled,,pooled,16,rival_margin,separability,1,commit,20,0.12606,0.211392,-0.194747,0.396072,0,5000,0.156417,0.649516,0,1,,0.661235
per_model,meta-llama-Llama-3.1-8B,base,24,rival_margin,separability,1,commit,20,0.098003,0.681034,-0.461154,0.555767,0,5000,0.113217,0.749291,0,1,,0.939859
per_model,weidawang-Chem-R-8B,chem-r,24,rival_margin,separability,1,commit,20,0.136183,0.566989,-0.399247,0.647013,0,5000,0.276593,0.242416,0,0,,0.908256
per_model,phenixace-Chem-R-Faithful,chem,24,rival_margin,separability,1,commit,20,0.138167,0.5613,-0.322393,0.550562,0,5000,0.159004,0.755072,0,1,,0.904944
per_model,OpenDFM-ChemDFM-v1.5-8B,chemdfm,24,rival_margin,separability,1,commit,20,0.059206,0.804178,-0.424714,0.53869,0,5000,0.075952,0.607636,0,1,,0.975122
per_model,deepseek-ai-DeepSeek-R1-Distill-Llama-8B,reason,24,rival_margin,separability,1,commit,20,0.606108,0.004615,0.210525,0.866287,1,5000,0.641333,0.893167,0,1,,0.123332
pooled,,pooled,24,rival_margin,separability,1,commit,20,0.200849,0.045102,-0.102261,0.458434,0,5000,0.249215,0.649516,0,1,,0.383398
per_model,meta-llama-Llama-3.1-8B,base,31,rival_margin,separability,1,commit,20,-0.206559,0.382249,-0.61453,0.28878,0,5000,-0.238627,0.749291,0,1,,0.817692
per_model,weidawang-Chem-R-8B,chem-r,31,rival_margin,separability,1,commit,20,-0.006086,0.979683,-0.46656,0.493113,0,5000,-0.012362,0.242416,0,0,,0.995027
per_model,phenixace-Chem-R-Faithful,chem,31,rival_margin,separability,1,commit,20,0.177427,0.454246,-0.289632,0.591023,0,5000,0.204186,0.755072,0,1,,0.860745
per_model,OpenDFM-ChemDFM-v1.5-8B,chemdfm,31,rival_margin,separability,1,commit,20,-0.015181,0.94935,-0.459216,0.435308,0,5000,-0.019475,0.607636,0,1,,0.98944
per_model,deepseek-ai-DeepSeek-R1-Distill-Llama-8B,reason,31,rival_margin,separability,1,commit,20,0.546553,0.012649,0.128587,0.856185,1,5000,0.578317,0.893167,0,1,,0.19824
pooled,,pooled,31,rival_margin,separability,1,commit,20,0.092711,0.358917,-0.172085,0.331973,0,5000,0.115037,0.649516,0,1,,0.80341
per_model,meta-llama-Llama-3.1-8B,base,0,rival_margin,separability,1,conditional_acc,20,0.1912,0.419375,-0.348998,0.633177,0,5000,0.208773,0.838739,0,1,,0.844091
per_model,weidawang-Chem-R-8B,chem-r,0,rival_margin,separability,1,conditional_acc,20,0.261045,0.266279,-0.162932,0.631929,0,4708,,-0.256883,0,0,,0.720003
per_model,phenixace-Chem-R-Faithful,chem,0,rival_margin,separability,1,conditional_acc,20,0.237689,0.312931,-0.199609,0.631662,0,4430,,,0,0,,0.769149
per_model,OpenDFM-ChemDFM-v1.5-8B,chemdfm,0,rival_margin,separability,1,conditional_acc,20,-0.106993,0.653453,-0.625459,0.399742,0,4999,-0.135246,0.625842,0,1,,0.929371
per_model,deepseek-ai-DeepSeek-R1-Distill-Llama-8B,reason,0,rival_margin,separability,1,conditional_acc,20,-0.291664,0.212133,-0.675103,0.145064,0,5000,-0.380008,0.589088,0,1,,0.661235
pooled,,pooled,0,rival_margin,separability,1,conditional_acc,20,0.007159,0.943645,-0.305361,0.298417,0,5000,0.010681,0.449197,0,0,,0.98944
per_model,meta-llama-Llama-3.1-8B,base,8,rival_margin,separability,1,conditional_acc,20,0.190397,0.421368,-0.275784,0.590986,0,5000,0.207896,0.838739,0,1,,0.844091
per_model,weidawang-Chem-R-8B,chem-r,8,rival_margin,separability,1,conditional_acc,20,0.129534,0.58624,-0.326608,0.554627,0,4708,,-0.256883,0,0,,0.914685
per_model,phenixace-Chem-R-Faithful,chem,8,rival_margin,separability,1,conditional_acc,20,0.184989,0.434919,-0.274922,0.606821,0,4430,,,0,0,,0.854594
per_model,OpenDFM-ChemDFM-v1.5-8B,chemdfm,8,rival_margin,separability,1,conditional_acc,20,0.064196,0.788019,-0.406529,0.514118,0,4999,0.081147,0.625842,0,1,,0.970684
per_model,deepseek-ai-DeepSeek-R1-Distill-Llama-8B,reason,8,rival_margin,separability,1,conditional_acc,20,0.093017,0.696501,-0.345132,0.486842,0,5000,0.121192,0.589088,0,1,,0.943311
pooled,,pooled,8,rival_margin,separability,1,conditional_acc,20,0.120673,0.231722,-0.152421,0.357481,0,5000,0.18005,0.449197,0,0,,0.685651
per_model,meta-llama-Llama-3.1-8B,base,16,rival_margin,separability,1,conditional_acc,20,0.298851,0.200568,-0.225587,0.684769,0,5000,0.326318,0.838739,0,1,,0.657085
per_model,weidawang-Chem-R-8B,chem-r,16,rival_margin,separability,1,conditional_acc,20,0.309496,0.184221,-0.11467,0.658068,0,4708,,-0.256883,0,0,,0.628532
per_model,phenixace-Chem-R-Faithful,chem,16,rival_margin,separability,1,conditional_acc,20,0.339864,0.142619,-0.070014,0.682779,0,4430,,,0,0,,0.584537
per_model,OpenDFM-ChemDFM-v1.5-8B,chemdfm,16,rival_margin,separability,1,conditional_acc,20,0.225509,0.339092,-0.239813,0.643741,0,4999,0.285057,0.625842,0,1,,0.783698
per_model,deepseek-ai-DeepSeek-R1-Distill-Llama-8B,reason,16,rival_margin,separability,1,conditional_acc,20,0.348421,0.132198,-0.064611,0.688505,0,5000,0.453956,0.589088,0,1,,0.565068
pooled,,pooled,16,rival_margin,separability,1,conditional_acc,20,0.28886,0.00356,0.079989,0.44791,1,5000,0.430992,0.449197,0,0,,0.103992
per_model,meta-llama-Llama-3.1-8B,base,24,rival_margin,separability,1,conditional_acc,20,0.408108,0.074049,-0.042029,0.726058,0,5000,0.445617,0.838739,0,1,,0.442379
per_model,weidawang-Chem-R-8B,chem-r,24,rival_margin,separability,1,conditional_acc,20,0.296642,0.204077,-0.208371,0.69,0,4708,,-0.256883,0,0,,0.658342
per_model,phenixace-Chem-R-Faithful,chem,24,rival_margin,separability,1,conditional_acc,20,0.335561,0.148071,-0.13459,0.724035,0,4430,,,0,0,,0.587189
per_model,OpenDFM-ChemDFM-v1.5-8B,chemdfm,24,rival_margin,separability,1,conditional_acc,20,0.373653,0.104623,-0.095753,0.754058,0,4999,0.47232,0.625842,0,1,,0.503104
per_model,deepseek-ai-DeepSeek-R1-Distill-Llama-8B,reason,24,rival_margin,separability,1,conditional_acc,20,0.316889,0.173415,-0.088763,0.648183,0,5000,0.412874,0.589088,0,1,,0.610611
pooled,,pooled,24,rival_margin,separability,1,conditional_acc,20,0.319036,0.001215,0.118837,0.502035,1,5000,0.476016,0.449197,0,0,,0.058227
per_model,meta-llama-Llama-3.1-8B,base,31,rival_margin,separability,1,conditional_acc,20,0.130145,0.584459,-0.352483,0.585368,0,5000,0.142106,0.838739,0,1,,0.914685
per_model,weidawang-Chem-R-8B,chem-r,31,rival_margin,separability,1,conditional_acc,20,0.114701,0.630143,-0.276872,0.441981,0,4708,,-0.256883,0,0,,0.925877
per_model,phenixace-Chem-R-Faithful,chem,31,rival_margin,separability,1,conditional_acc,20,0.319429,0.169805,-0.031789,0.642627,0,4430,,,0,0,,0.606309
per_model,OpenDFM-ChemDFM-v1.5-8B,chemdfm,31,rival_margin,separability,1,conditional_acc,20,0.446079,0.048676,0.02582,0.766135,1,4999,0.563871,0.625842,0,1,,0.393595
per_model,deepseek-ai-DeepSeek-R1-Distill-Llama-8B,reason,31,rival_margin,separability,1,conditional_acc,20,0.264863,0.259094,-0.158323,0.627853,0,5000,0.345089,0.589088,0,1,,0.714633
pooled,,pooled,31,rival_margin,separability,1,conditional_acc,20,0.24482,0.014092,0.048175,0.417196,1,5000,0.365282,0.449197,0,0,,0.210475
per_model,meta-llama-Llama-3.1-8B,base,0,rival_margin,separability,1,underspecified,20,-0.402362,0.078617,-0.71235,-0.002326,1,4996,-0.44186,0.829207,0,1,,0.449595
per_model,weidawang-Chem-R-8B,chem-r,0,rival_margin,separability,1,underspecified,20,-0.081135,0.733823,-0.45701,0.313612,0,4551,,-0.324026,0,0,,0.952058
per_model,phenixace-Chem-R-Faithful,chem,0,rival_margin,separability,1,underspecified,20,0.088224,0.711482,-0.318477,0.512968,0,4979,0.092079,0.918021,0,1,,0.948496
per_model,OpenDFM-ChemDFM-v1.5-8B,chemdfm,0,rival_margin,separability,1,underspecified,20,-0.096359,0.68612,-0.518781,0.358652,0,4941,-0.107923,0.797181,0,1,,0.940183
per_model,deepseek-ai-DeepSeek-R1-Distill-Llama-8B,reason,0,rival_margin,separability,1,underspecified,20,-0.01854,0.938163,-0.428275,0.375727,0,4905,-0.019399,0.913335,0,1,,0.98944
pooled,,pooled,0,rival_margin,separability,1,underspecified,20,-0.128907,0.201179,-0.377762,0.180009,0,5000,-0.162828,0.626744,0,1,,0.65748
per_model,meta-llama-Llama-3.1-8B,base,8,rival_margin,separability,1,underspecified,20,-0.280334,0.231245,-0.667255,0.201474,0,4996,-0.307853,0.829207,0,1,,0.685651
per_model,weidawang-Chem-R-8B,chem-r,8,rival_margin,separability,1,underspecified,20,0.19789,0.402973,-0.236508,0.614274,0,4551,,-0.324026,0,0,,0.836386
per_model,phenixace-Chem-R-Faithful,chem,8,rival_margin,separability,1,underspecified,20,0.239969,0.308174,-0.185454,0.610992,0,4979,0.250454,0.918021,0,1,,0.76483
per_model,OpenDFM-ChemDFM-v1.5-8B,chemdfm,8,rival_margin,separability,1,underspecified,20,0.144112,0.544403,-0.339572,0.578463,0,4941,0.161407,0.797181,0,1,,0.901566
per_model,deepseek-ai-DeepSeek-R1-Distill-Llama-8B,reason,8,rival_margin,separability,1,underspecified,20,-0.019467,0.935077,-0.421463,0.390731,0,4905,-0.020369,0.913335,0,1,,0.98944
pooled,,pooled,8,rival_margin,separability,1,underspecified,20,0.014051,0.889647,-0.247058,0.296622,0,5000,0.017749,0.626744,0,1,,0.98944
per_model,meta-llama-Llama-3.1-8B,base,16,rival_margin,separability,1,underspecified,20,-0.507899,0.022239,-0.81293,-0.030798,1,4996,-0.557758,0.829207,0,1,,0.265088
per_model,weidawang-Chem-R-8B,chem-r,16,rival_margin,separability,1,underspecified,20,-0.021768,0.92742,-0.551737,0.516288,0,4551,,-0.324026,0,0,,0.98944
per_model,phenixace-Chem-R-Faithful,chem,16,rival_margin,separability,1,underspecified,20,0.119984,0.614358,-0.342354,0.520751,0,4979,0.125227,0.918021,0,1,,0.921074
per_model,OpenDFM-ChemDFM-v1.5-8B,chemdfm,16,rival_margin,separability,1,underspecified,20,0.130468,0.583516,-0.400321,0.585385,0,4941,0.146126,0.797181,0,1,,0.914685
per_model,deepseek-ai-DeepSeek-R1-Distill-Llama-8B,reason,16,rival_margin,separability,1,underspecified,20,-0.436607,0.054265,-0.736577,0.038751,0,4905,-0.456853,0.913335,0,1,,0.402212
pooled,,pooled,16,rival_margin,separability,1,underspecified,20,-0.142142,0.158327,-0.394719,0.151099,0,5000,-0.179546,0.626744,0,1,,0.591587
per_model,meta-llama-Llama-3.1-8B,base,24,rival_margin,separability,1,underspecified,20,-0.336401,0.146996,-0.69988,0.205848,0,4996,-0.369424,0.829207,0,1,,0.587189
per_model,weidawang-Chem-R-8B,chem-r,24,rival_margin,separability,1,underspecified,20,-0.25132,0.285141,-0.616478,0.218914,0,4551,,-0.324026,0,0,,0.740174
per_model,phenixace-Chem-R-Faithful,chem,24,rival_margin,separability,1,underspecified,20,-0.104104,0.662271,-0.516882,0.327807,0,4979,-0.108653,0.918021,0,1,,0.932817
per_model,OpenDFM-ChemDFM-v1.5-8B,chemdfm,24,rival_margin,separability,1,underspecified,20,0.089537,0.707367,-0.346197,0.526884,0,4941,0.100282,0.797181,0,1,,0.94776
per_model,deepseek-ai-DeepSeek-R1-Distill-Llama-8B,reason,24,rival_margin,separability,1,underspecified,20,-0.485737,0.029912,-0.761913,-0.096522,1,4905,-0.508261,0.913335,0,1,,0.311255
pooled,,pooled,24,rival_margin,separability,1,underspecified,20,-0.1655,0.099855,-0.424453,0.156387,0,5000,-0.209051,0.626744,0,1,,0.494214
per_model,meta-llama-Llama-3.1-8B,base,31,rival_margin,separability,1,underspecified,20,-0.130273,0.584086,-0.554816,0.34635,0,4996,-0.143061,0.829207,0,1,,0.914685
per_model,weidawang-Chem-R-8B,chem-r,31,rival_margin,separability,1,underspecified,20,-0.184038,0.437326,-0.561442,0.216609,0,4551,,-0.324026,0,0,,0.856376
per_model,phenixace-Chem-R-Faithful,chem,31,rival_margin,separability,1,underspecified,20,-0.100575,0.6731,-0.498267,0.315192,0,4979,-0.10497,0.918021,0,1,,0.934391
per_model,OpenDFM-ChemDFM-v1.5-8B,chemdfm,31,rival_margin,separability,1,underspecified,20,0.031551,0.894946,-0.425422,0.482209,0,4941,0.035338,0.797181,0,1,,0.98944
per_model,deepseek-ai-DeepSeek-R1-Distill-Llama-8B,reason,31,rival_margin,separability,1,underspecified,20,-0.433826,0.055996,-0.73998,-0.068299,1,4905,-0.453943,0.913335,0,1,,0.402757
pooled,,pooled,31,rival_margin,separability,1,underspecified,20,-0.114221,0.25782,-0.388975,0.166035,0,5000,-0.144278,0.626744,0,1,,0.714633
per_model,meta-llama-Llama-3.1-8B,base,0,rival_margin,separability,1,non_answer,20,0.192527,0.416093,-0.346284,0.591619,0,5000,0.225825,0.726841,0,1,,0.841801
per_model,weidawang-Chem-R-8B,chem-r,0,rival_margin,separability,1,non_answer,20,0.227185,0.335419,-0.331214,0.724215,0,5000,0.410757,0.305906,0,0,,0.781717
per_model,phenixace-Chem-R-Faithful,chem,0,rival_margin,separability,1,non_answer,20,0.064992,0.785449,-0.435429,0.551907,0,5000,,-0.039064,0,0,,0.970684
per_model,OpenDFM-ChemDFM-v1.5-8B,chemdfm,0,rival_margin,separability,1,non_answer,20,-0.052891,0.824735,-0.539384,0.451983,0,5000,-0.059522,0.789595,0,1,,0.976839
per_model,deepseek-ai-DeepSeek-R1-Distill-Llama-8B,reason,0,rival_margin,separability,1,non_answer,20,0.251341,0.285099,-0.193111,0.638695,0,5000,0.296675,0.717735,0,1,,0.740174
pooled,,pooled,0,rival_margin,separability,1,non_answer,20,0.133349,0.185954,-0.192119,0.4519,0,5000,0.188546,0.500202,0,1,,0.630356
per_model,meta-llama-Llama-3.1-8B,base,8,rival_margin,separability,1,non_answer,20,0.225748,0.338567,-0.249185,0.613203,0,5000,0.264791,0.726841,0,1,,0.783612
per_model,weidawang-Chem-R-8B,chem-r,8,rival_margin,separability,1,non_answer,20,0.018358,0.938766,-0.555924,0.536051,0,5000,0.033192,0.305906,0,0,,0.98944
per_model,phenixace-Chem-R-Faithful,chem,8,rival_margin,separability,1,non_answer,20,-0.213545,0.365996,-0.718711,0.313412,0,5000,,-0.039064,0,0,,0.806078
per_model,OpenDFM-ChemDFM-v1.5-8B,chemdfm,8,rival_margin,separability,1,non_answer,20,-0.18814,0.426996,-0.553435,0.321873,0,5000,-0.211728,0.789595,0,1,,0.846326
per_model,deepseek-ai-DeepSeek-R1-Distill-Llama-8B,reason,8,rival_margin,separability,1,non_answer,20,-0.12605,0.596433,-0.538462,0.309514,0,5000,-0.148786,0.717735,0,1,,0.914685
pooled,,pooled,8,rival_margin,separability,1,non_answer,20,-0.053304,0.598395,-0.382408,0.253709,0,5000,-0.075367,0.500202,0,1,,0.914685
per_model,meta-llama-Llama-3.1-8B,base,16,rival_margin,separability,1,non_answer,20,0.44772,0.047755,0.099845,0.66592,1,5000,0.525154,0.726841,0,1,,0.389336
per_model,weidawang-Chem-R-8B,chem-r,16,rival_margin,separability,1,non_answer,20,0.071139,0.765677,-0.447583,0.502134,0,5000,0.128621,0.305906,0,0,,0.967672
per_model,phenixace-Chem-R-Faithful,chem,16,rival_margin,separability,1,non_answer,20,-0.063444,0.790447,-0.527425,0.395479,0,5000,,-0.039064,0,0,,0.970684
per_model,OpenDFM-ChemDFM-v1.5-8B,chemdfm,16,rival_margin,separability,1,non_answer,20,-0.24103,0.305973,-0.604494,0.263391,0,5000,-0.27125,0.789595,0,1,,0.761633
per_model,deepseek-ai-DeepSeek-R1-Distill-Llama-8B,reason,16,rival_margin,separability,1,non_answer,20,-0.318163,0.171598,-0.63743,0.099224,0,5000,-0.37555,0.717735,0,1,,0.606806
pooled,,pooled,16,rival_margin,separability,1,non_answer,20,-0.015402,0.879118,-0.263289,0.238257,0,5000,-0.021777,0.500202,0,1,,0.98944
per_model,meta-llama-Llama-3.1-8B,base,24,rival_margin,separability,1,non_answer,20,0.327674,0.15844,-0.105644,0.656776,0,5000,0.384346,0.726841,0,1,,0.591587
per_model,weidawang-Chem-R-8B,chem-r,24,rival_margin,separability,1,non_answer,20,0.088732,0.709888,-0.45457,0.568508,0,5000,0.16043,0.305906,0,0,,0.948496
per_model,phenixace-Chem-R-Faithful,chem,24,rival_margin,separability,1,non_answer,20,-0.102904,0.665947,-0.565931,0.363194,0,5000,,-0.039064,0,0,,0.932817
per_model,OpenDFM-ChemDFM-v1.5-8B,chemdfm,24,rival_margin,separability,1,non_answer,20,-0.102759,0.666391,-0.583599,0.419312,0,5000,-0.115643,0.789595,0,1,,0.932817
per_model,deepseek-ai-DeepSeek-R1-Distill-Llama-8B,reason,24,rival_margin,separability,1,non_answer,20,-0.561151,0.010046,-0.824248,-0.137731,1,5000,-0.662366,0.717735,0,1,,0.182191
pooled,,pooled,24,rival_margin,separability,1,non_answer,20,-0.068134,0.500595,-0.328779,0.202877,0,5000,-0.096336,0.500202,0,1,,0.881315
per_model,meta-llama-Llama-3.1-8B,base,31,rival_margin,separability,1,non_answer,20,0.517181,0.019532,0.052886,0.835777,1,5000,0.606628,0.726841,0,1,,0.24429
per_model,weidawang-Chem-R-8B,chem-r,31,rival_margin,separability,1,non_answer,20,-0.005355,0.982125,-0.524498,0.476509,0,5000,-0.009681,0.305906,0,0,,0.995233
per_model,phenixace-Chem-R-Faithful,chem,31,rival_margin,separability,1,non_answer,20,-0.119925,0.614533,-0.592129,0.358947,0,5000,,-0.039064,0,0,,0.921074
per_model,OpenDFM-ChemDFM-v1.5-8B,chemdfm,31,rival_margin,separability,1,non_answer,20,0.064224,0.787927,-0.432282,0.536836,0,5000,0.072277,0.789595,0,1,,0.970684
per_model,deepseek-ai-DeepSeek-R1-Distill-Llama-8B,reason,31,rival_margin,separability,1,non_answer,20,-0.496607,0.025924,-0.814821,-0.057458,1,5000,-0.58618,0.717735,0,1,,0.284941
pooled,,pooled,31,rival_margin,separability,1,non_answer,20,-0.009746,0.92333,-0.272355,0.230373,0,5000,-0.013781,0.500202,0,1,,0.98944
per_model,meta-llama-Llama-3.1-8B,base,0,rival_margin,separability,1,malformed,20,-0.159278,0.50238,-0.60059,0.360421,0,5000,-0.255838,0.387597,0,0,,0.881315
per_model,weidawang-Chem-R-8B,chem-r,0,rival_margin,separability,1,malformed,20,-0.604352,0.004767,-0.807664,-0.324956,1,4323,,,0,0,,0.12385
per_model,phenixace-Chem-R-Faithful,chem,0,rival_margin,separability,1,malformed,20,-0.572648,0.008318,-0.794133,-0.288157,1,4352,,,0,0,,0.162462
per_model,deepseek-ai-DeepSeek-R1-Distill-Llama-8B,reason,0,rival_margin,separability,1,malformed,20,-0.052042,0.827507,-0.480889,0.381931,0,4935,-0.082367,0.399209,0,0,,0.977168
pooled,,pooled,0,rival_margin,separability,1,malformed,20,-0.266045,0.017066,-0.45772,-0.038133,1,5000,-0.424166,0.393403,0,0,,0.226858
per_model,meta-llama-Llama-3.1-8B,base,8,rival_margin,separability,1,malformed,20,-0.066745,0.779796,-0.564806,0.446215,0,5000,-0.107208,0.387597,0,0,,0.969666
per_model,weidawang-Chem-R-8B,chem-r,8,rival_margin,separability,1,malformed,20,-0.437907,0.053471,-0.751044,-0.032812,1,4323,,,0,0,,0.402006
per_model,phenixace-Chem-R-Faithful,chem,8,rival_margin,separability,1,malformed,20,-0.433944,0.055922,-0.732319,-0.032796,1,4352,,,0,0,,0.402757
per_model,deepseek-ai-DeepSeek-R1-Distill-Llama-8B,reason,8,rival_margin,separability,1,malformed,20,-0.067399,0.777691,-0.537363,0.407143,0,4935,-0.106672,0.399209,0,0,,0.969666
pooled,,pooled,8,rival_margin,separability,1,malformed,20,-0.219629,0.050292,-0.445626,0.04974,0,5000,-0.350163,0.393403,0,0,,0.394376
per_model,meta-llama-Llama-3.1-8B,base,16,rival_margin,separability,1,malformed,20,-0.40578,0.075876,-0.785379,0.121016,0,5000,-0.651778,0.387597,0,0,,0.444977
per_model,weidawang-Chem-R-8B,chem-r,16,rival_margin,separability,1,malformed,20,-0.715314,0.000392,-0.845002,-0.484331,1,4323,,,0,0,,0.029971
per_model,phenixace-Chem-R-Faithful,chem,16,rival_margin,separability,1,malformed,20,-0.727203,0.00028,-0.889854,-0.484464,1,4352,,,0,0,,0.029649
per_model,deepseek-ai-DeepSeek-R1-Distill-Llama-8B,reason,16,rival_margin,separability,1,malformed,20,0.15186,0.522736,-0.333314,0.595594,0,4935,0.24035,0.399209,0,0,,0.89496
pooled,,pooled,16,rival_margin,separability,1,malformed,20,-0.336105,0.002303,-0.551777,-0.048003,1,5000,-0.535866,0.393403,0,0,,0.082353
per_model,meta-llama-Llama-3.1-8B,base,24,rival_margin,separability,1,malformed,20,-0.086465,0.717004,-0.552842,0.418427,0,5000,-0.138884,0.387597,0,0,,0.952058
per_model,weidawang-Chem-R-8B,chem-r,24,rival_margin,separability,1,malformed,20,-0.750981,0.000136,-0.880357,-0.52316,1,4323,,,0,0,,0.028587
per_model,phenixace-Chem-R-Faithful,chem,24,rival_margin,separability,1,malformed,20,-0.754944,0.000119,-0.889203,-0.523156,1,4352,,,0,0,,0.028587
per_model,deepseek-ai-DeepSeek-R1-Distill-Llama-8B,reason,24,rival_margin,separability,1,malformed,20,-0.194518,0.411197,-0.589901,0.28366,0,4935,-0.307864,0.399209,0,0,,0.838577
pooled,,pooled,24,rival_margin,separability,1,malformed,20,-0.340127,0.002023,-0.547918,-0.085003,1,5000,-0.542278,0.393403,0,0,,0.077808
per_model,meta-llama-Llama-3.1-8B,base,31,rival_margin,separability,1,malformed,20,-0.055368,0.816657,-0.459916,0.395735,0,5000,-0.088934,0.387597,0,0,,0.975151
per_model,weidawang-Chem-R-8B,chem-r,31,rival_margin,separability,1,malformed,20,0.073315,0.75871,-0.302764,0.45285,0,4323,,,0,0,,0.965228
per_model,phenixace-Chem-R-Faithful,chem,31,rival_margin,separability,1,malformed,20,-0.521129,0.018463,-0.788277,-0.226801,1,4352,,,0,0,,0.238049
per_model,deepseek-ai-DeepSeek-R1-Distill-Llama-8B,reason,31,rival_margin,separability,1,malformed,20,-0.156979,0.508647,-0.56555,0.304695,0,4935,-0.248451,0.399209,0,0,,0.885772
pooled,,pooled,31,rival_margin,separability,1,malformed,20,-0.132756,0.240426,-0.312219,0.034208,0,5000,-0.211658,0.393403,0,0,,0.696851
per_model,meta-llama-Llama-3.1-8B,base,0,silhouette,separability,1,strict,20,0.416416,0.067799,-0.094155,0.766555,0,5000,0.446237,0.870812,0,1,,0.427151
per_model,weidawang-Chem-R-8B,chem-r,0,silhouette,separability,1,strict,20,0.060747,0.799178,-0.432266,0.550964,0,5000,0.1167,0.270964,0,0,,0.973875
per_model,phenixace-Chem-R-Faithful,chem,0,silhouette,separability,1,strict,20,0.092076,0.699434,-0.420256,0.541842,0,5000,0.103375,0.79334,0,1,,0.944608
per_model,OpenDFM-ChemDFM-v1.5-8B,chemdfm,0,silhouette,separability,1,strict,20,-0.283236,0.226248,-0.666978,0.176767,0,5000,-0.399875,0.501705,0,1,,0.676612
per_model,deepseek-ai-DeepSeek-R1-Distill-Llama-8B,reason,0,silhouette,separability,1,strict,20,0.216278,0.359745,-0.264844,0.637691,0,5000,0.223901,0.933064,0,1,,0.80341
pooled,,pooled,0,silhouette,separability,1,strict,20,0.101519,0.314883,-0.22201,0.360111,0,5000,0.123659,0.673977,0,1,,0.769757
per_model,meta-llama-Llama-3.1-8B,base,8,silhouette,separability,1,strict,20,0.564007,0.009592,0.163276,0.79574,1,5000,0.604397,0.870812,0,1,,0.175206
per_model,weidawang-Chem-R-8B,chem-r,8,silhouette,separability,1,strict,20,0.11466,0.630267,-0.388783,0.59925,0,5000,0.220271,0.270964,0,0,,0.925877
per_model,phenixace-Chem-R-Faithful,chem,8,silhouette,separability,1,strict,20,0.100378,0.673707,-0.309407,0.515492,0,5000,0.112696,0.79334,0,1,,0.934722
per_model,OpenDFM-ChemDFM-v1.5-8B,chemdfm,8,silhouette,separability,1,strict,20,-0.027946,0.906897,-0.467612,0.414414,0,5000,-0.039454,0.501705,0,1,,0.98944
per_model,deepseek-ai-DeepSeek-R1-Distill-Llama-8B,reason,8,silhouette,separability,1,strict,20,0.330822,0.154242,-0.134821,0.647197,0,5000,0.342483,0.933064,0,1,,0.591223
pooled,,pooled,8,silhouette,separability,1,strict,20,0.221688,0.026646,-0.032559,0.438686,0,5000,0.270035,0.673977,0,1,,0.287569
per_model,meta-llama-Llama-3.1-8B,base,16,silhouette,separability,1,strict,20,0.189759,0.422954,-0.324681,0.612776,0,5000,0.203348,0.870812,0,1,,0.844091
per_model,weidawang-Chem-R-8B,chem-r,16,silhouette,separability,1,strict,20,0.249822,0.288117,-0.195045,0.622174,0,5000,0.479927,0.270964,0,0,,0.742669
per_model,phenixace-Chem-R-Faithful,chem,16,silhouette,separability,1,strict,20,0.021887,0.927024,-0.383098,0.436639,0,5000,0.024573,0.79334,0,1,,0.98944
per_model,OpenDFM-ChemDFM-v1.5-8B,chemdfm,16,silhouette,separability,1,strict,20,0.104986,0.659574,-0.425531,0.523599,0,5000,0.14822,0.501705,0,1,,0.931401
per_model,deepseek-ai-DeepSeek-R1-Distill-Llama-8B,reason,16,silhouette,separability,1,strict,20,0.574229,0.008101,0.137815,0.814421,1,5000,0.594469,0.933064,0,1,,0.159443
pooled,,pooled,16,silhouette,separability,1,strict,20,0.226711,0.023315,-0.032877,0.415629,0,5000,0.276154,0.673977,0,1,,0.26884
per_model,meta-llama-Llama-3.1-8B,base,24,silhouette,separability,1,strict,20,-0.002259,0.992458,-0.556908,0.496953,0,5000,-0.002421,0.870812,0,1,,0.996812
per_model,weidawang-Chem-R-8B,chem-r,24,silhouette,separability,1,strict,20,0.116938,0.623441,-0.40687,0.583727,0,5000,0.224647,0.270964,0,0,,0.925877
per_model,phenixace-Chem-R-Faithful,chem,24,silhouette,separability,1,strict,20,0.104152,0.662125,-0.355498,0.558852,0,5000,0.116933,0.79334,0,1,,0.932817
per_model,OpenDFM-ChemDFM-v1.5-8B,chemdfm,24,silhouette,separability,1,strict,20,-0.171452,0.469825,-0.557979,0.284265,0,5000,-0.242057,0.501705,0,1,,0.870549
per_model,deepseek-ai-DeepSeek-R1-Distill-Llama-8B,reason,24,silhouette,separability,1,strict,20,0.77016,7.1e-05,0.502265,0.903716,1,5000,0.797306,0.933064,0,1,,0.028587
pooled,,pooled,24,silhouette,separability,1,strict,20,0.159573,0.112773,-0.130854,0.402369,0,5000,0.194374,0.673977,0,1,,0.52155
per_model,meta-llama-Llama-3.1-8B,base,31,silhouette,separability,1,strict,20,-0.089609,0.707143,-0.555897,0.4061,0,5000,-0.096026,0.870812,0,1,,0.94776
per_model,weidawang-Chem-R-8B,chem-r,31,silhouette,separability,1,strict,20,0.091121,0.702416,-0.399285,0.543577,0,5000,0.17505,0.270964,0,0,,0.946621
per_model,phenixace-Chem-R-Faithful,chem,31,silhouette,separability,1,strict,20,-0.052076,0.827396,-0.551337,0.467966,0,5000,-0.058466,0.79334,0,1,,0.977168
per_model,OpenDFM-ChemDFM-v1.5-8B,chemdfm,31,silhouette,separability,1,strict,20,-0.411636,0.071345,-0.686251,-0.04189,1,5000,-0.581151,0.501705,0,1,,0.437433
per_model,deepseek-ai-DeepSeek-R1-Distill-Llama-8B,reason,31,silhouette,separability,1,strict,20,0.566693,0.00918,0.15825,0.789349,1,5000,0.586668,0.933064,0,1,,0.173002
pooled,,pooled,31,silhouette,separability,1,strict,20,0.020364,0.84062,-0.214703,0.260286,0,5000,0.024805,0.673977,0,1,,0.977847
per_model,meta-llama-Llama-3.1-8B,base,0,silhouette,separability,1,superclass_credit,20,0.225151,0.33988,-0.271137,0.697431,0,5000,0.257754,0.763022,0,1,,0.783808
per_model,weidawang-Chem-R-8B,chem-r,0,silhouette,separability,1,superclass_credit,20,-0.06442,0.787294,-0.580789,0.44752,0,5000,-0.118564,0.295216,0,0,,0.970684
per_model,phenixace-Chem-R-Faithful,chem,0,silhouette,separability,1,superclass_credit,20,0.141291,0.552391,-0.359549,0.573887,0,5000,0.249493,0.32071,0,0,,0.904215
per_model,OpenDFM-ChemDFM-v1.5-8B,chemdfm,0,silhouette,separability,1,superclass_credit,20,-0.180928,0.445244,-0.587895,0.273535,0,5000,-0.216211,0.700252,0,1,,0.860331
per_model,deepseek-ai-DeepSeek-R1-Distill-Llama-8B,reason,0,silhouette,separability,1,superclass_credit,20,0.075415,0.752002,-0.412704,0.573714,0,5000,0.07903,0.910612,0,1,,0.961997
pooled,,pooled,0,silhouette,separability,1,superclass_credit,20,0.037642,0.710027,-0.29245,0.320712,0,5000,0.048678,0.597963,0,1,,0.948496
per_model,meta-llama-Llama-3.1-8B,base,8,silhouette,separability,1,superclass_credit,20,0.640061,0.002369,0.289612,0.855846,1,5000,0.732745,0.763022,0,1,,0.083532
per_model,weidawang-Chem-R-8B,chem-r,8,silhouette,separability,1,superclass_credit,20,0.256166,0.275642,-0.241557,0.716101,0,5000,0.471467,0.295216,0,0,,0.732832
per_model,phenixace-Chem-R-Faithful,chem,8,silhouette,separability,1,superclass_credit,20,0.401085,0.07966,-0.082549,0.798221,0,5000,0.708238,0.32071,0,0,,0.450094
per_model,OpenDFM-ChemDFM-v1.5-8B,chemdfm,8,silhouette,separability,1,superclass_credit,20,0.12288,0.605774,-0.317971,0.532531,0,5000,0.146843,0.700252,0,1,,0.915939
per_model,deepseek-ai-DeepSeek-R1-Distill-Llama-8B,reason,8,silhouette,separability,1,superclass_credit,20,0.209654,0.374999,-0.250779,0.570789,0,5000,0.219703,0.910612,0,1,,0.812246
pooled,,pooled,8,silhouette,separability,1,superclass_credit,20,0.318484,0.001241,0.058373,0.543632,1,5000,0.411861,0.597963,0,1,,0.058342
per_model,meta-llama-Llama-3.1-8B,base,16,silhouette,separability,1,superclass_credit,20,-0.082831,0.728457,-0.529521,0.378424,0,5000,-0.094826,0.763022,0,1,,0.952058
per_model,weidawang-Chem-R-8B,chem-r,16,silhouette,separability,1,superclass_credit,20,0.334228,0.149789,-0.092625,0.701687,0,5000,0.615139,0.295216,0,0,,0.588724
per_model,phenixace-Chem-R-Faithful,chem,16,silhouette,separability,1,superclass_credit,20,0.43071,0.057984,0.017878,0.756571,1,5000,0.760551,0.32071,0,0,,0.405644
per_model,OpenDFM-ChemDFM-v1.5-8B,chemdfm,16,silhouette,separability,1,superclass_credit,20,0.352056,0.127938,-0.132433,0.673568,0,5000,0.420711,0.700252,0,1,,0.556225
per_model,deepseek-ai-DeepSeek-R1-Distill-Llama-8B,reason,16,silhouette,separability,1,superclass_credit,20,0.549022,0.012174,0.168431,0.752777,1,5000,0.575338,0.910612,0,1,,0.195628
pooled,,pooled,16,silhouette,separability,1,superclass_credit,20,0.310757,0.001651,0.090118,0.481038,1,5000,0.401869,0.597963,0,1,,0.070144
per_model,meta-llama-Llama-3.1-8B,base,24,silhouette,separability,1,superclass_credit,20,-0.303464,0.193369,-0.699591,0.192251,0,5000,-0.347407,0.763022,0,1,,0.647709
per_model,weidawang-Chem-R-8B,chem-r,24,silhouette,separability,1,superclass_credit,20,0.125051,0.59937,-0.40033,0.627996,0,5000,0.230154,0.295216,0,0,,0.914973
per_model,phenixace-Chem-R-Faithful,chem,24,silhouette,separability,1,superclass_credit,20,0.279544,0.232619,-0.221146,0.717195,0,5000,0.493621,0.32071,0,0,,0.685651
per_model,OpenDFM-ChemDFM-v1.5-8B,chemdfm,24,silhouette,separability,1,superclass_credit,20,-0.153035,0.519487,-0.570696,0.308071,0,5000,-0.182879,0.700252,0,1,,0.893011
per_model,deepseek-ai-DeepSeek-R1-Distill-Llama-8B,reason,24,silhouette,separability,1,superclass_credit,20,0.682507,0.000914,0.374528,0.853881,1,5000,0.715221,0.910612,0,1,,0.051508
pooled,,pooled,24,silhouette,separability,1,superclass_credit,20,0.119029,0.238188,-0.173103,0.374771,0,5000,0.153928,0.597963,0,1,,0.695926
per_model,meta-llama-Llama-3.1-8B,base,31,silhouette,separability,1,superclass_credit,20,-0.131024,0.5819,-0.542829,0.32183,0,5000,-0.149997,0.763022,0,1,,0.914685
per_model,weidawang-Chem-R-8B,chem-r,31,silhouette,separability,1,superclass_credit,20,0.025768,0.914126,-0.472055,0.516836,0,5000,0.047426,0.295216,0,0,,0.98944
per_model,phenixace-Chem-R-Faithful,chem,31,silhouette,separability,1,superclass_credit,20,-0.030385,0.898809,-0.509338,0.465132,0,5000,-0.053654,0.32071,0,0,,0.98944
per_model,OpenDFM-ChemDFM-v1.5-8B,chemdfm,31,silhouette,separability,1,superclass_credit,20,-0.398795,0.081555,-0.703692,0.027559,0,5000,-0.476566,0.700252,0,1,,0.450094
per_model,deepseek-ai-DeepSeek-R1-Distill-Llama-8B,reason,31,silhouette,separability,1,superclass_credit,20,0.493215,0.027121,0.042713,0.787713,1,5000,0.516856,0.910612,0,1,,0.289326
pooled,,pooled,31,silhouette,separability,1,superclass_credit,20,-0.007967,0.937293,-0.229541,0.224663,0,5000,-0.010303,0.597963,0,1,,0.98944
per_model,meta-llama-Llama-3.1-8B,base,0,silhouette,separability,1,commit,20,0.376933,0.101372,-0.1269,0.713495,0,5000,0.435451,0.749291,0,1,,0.499776
per_model,weidawang-Chem-R-8B,chem-r,0,silhouette,separability,1,commit,20,0.020542,0.9315,-0.486957,0.511763,0,5000,0.041721,0.242416,0,0,,0.98944
per_model,phenixace-Chem-R-Faithful,chem,0,silhouette,separability,1,commit,20,0.055116,0.817479,-0.443364,0.511801,0,5000,0.063428,0.755072,0,1,,0.975366
per_model,OpenDFM-ChemDFM-v1.5-8B,chemdfm,0,silhouette,separability,1,commit,20,-0.2391,0.309982,-0.650387,0.24883,0,5000,-0.306731,0.607636,0,1,,0.76483
per_model,deepseek-ai-DeepSeek-R1-Distill-Llama-8B,reason,0,silhouette,separability,1,commit,20,0.264607,0.259571,-0.224347,0.649433,0,5000,0.279985,0.893167,0,1,,0.714633
pooled,,pooled,0,silhouette,separability,1,commit,20,0.099718,0.323593,-0.206633,0.352776,0,5000,0.123731,0.649516,0,1,,0.774365
per_model,meta-llama-Llama-3.1-8B,base,8,silhouette,separability,1,commit,20,0.477197,0.03337,0.067046,0.733034,1,5000,0.551281,0.749291,0,1,,0.327664
per_model,weidawang-Chem-R-8B,chem-r,8,silhouette,separability,1,commit,20,-0.050213,0.833488,-0.515795,0.458507,0,5000,-0.101984,0.242416,0,0,,0.977237
per_model,phenixace-Chem-R-Faithful,chem,8,silhouette,separability,1,commit,20,0.02567,0.914451,-0.377484,0.4461,0,5000,0.029542,0.755072,0,1,,0.98944
per_model,OpenDFM-ChemDFM-v1.5-8B,chemdfm,8,silhouette,separability,1,commit,20,0.084254,0.723966,-0.359648,0.506736,0,5000,0.108086,0.607636,0,1,,0.952058
per_model,deepseek-ai-DeepSeek-R1-Distill-Llama-8B,reason,8,silhouette,separability,1,commit,20,0.327178,0.159108,-0.120913,0.648243,0,5000,0.346192,0.893167,0,1,,0.591902
pooled,,pooled,8,silhouette,separability,1,commit,20,0.175558,0.080619,-0.044318,0.369861,0,5000,0.217834,0.649516,0,1,,0.450094
per_model,meta-llama-Llama-3.1-8B,base,16,silhouette,separability,1,commit,20,0.268376,0.252591,-0.259149,0.672758,0,5000,0.310041,0.749291,0,1,,0.710761
per_model,weidawang-Chem-R-8B,chem-r,16,silhouette,separability,1,commit,20,0.168897,0.476567,-0.296413,0.57527,0,5000,0.343038,0.242416,0,0,,0.872505
per_model,phenixace-Chem-R-Faithful,chem,16,silhouette,separability,1,commit,20,-0.083051,0.727764,-0.454656,0.338123,0,5000,-0.095576,0.755072,0,1,,0.952058
per_model,OpenDFM-ChemDFM-v1.5-8B,chemdfm,16,silhouette,separability,1,commit,20,0.138906,0.559187,-0.406028,0.552716,0,5000,0.178196,0.607636,0,1,,0.904215
per_model,deepseek-ai-DeepSeek-R1-Distill-Llama-8B,reason,16,silhouette,separability,1,commit,20,0.537507,0.014518,0.092538,0.800968,1,5000,0.568745,0.893167,0,1,,0.211842
pooled,,pooled,16,silhouette,separability,1,commit,20,0.19721,0.049222,-0.057709,0.395972,0,5000,0.2447,0.649516,0,1,,0.394376
per_model,meta-llama-Llama-3.1-8B,base,24,silhouette,separability,1,commit,20,0.058048,0.807939,-0.555082,0.560744,0,5000,0.067059,0.749291,0,1,,0.975122
per_model,weidawang-Chem-R-8B,chem-r,24,silhouette,separability,1,commit,20,0.060103,0.801266,-0.419848,0.553225,0,5000,0.122072,0.242416,0,0,,0.975122
per_model,phenixace-Chem-R-Faithful,chem,24,silhouette,separability,1,commit,20,0.00604,0.979837,-0.446077,0.479701,0,5000,0.006951,0.755072,0,1,,0.995027
per_model,OpenDFM-ChemDFM-v1.5-8B,chemdfm,24,silhouette,separability,1,commit,20,-0.173063,0.465598,-0.597548,0.308352,0,5000,-0.222015,0.607636,0,1,,0.867955
per_model,deepseek-ai-DeepSeek-R1-Distill-Llama-8B,reason,24,silhouette,separability,1,commit,20,0.770451,7.1e-05,0.479119,0.927839,1,5000,0.815227,0.893167,0,1,,0.028587
pooled,,pooled,24,silhouette,separability,1,commit,20,0.138811,0.168409,-0.162461,0.397546,0,5000,0.172238,0.649516,0,1,,0.604796
per_model,meta-llama-Llama-3.1-8B,base,31,silhouette,separability,1,commit,20,-0.02337,0.922094,-0.516593,0.484474,0,5000,-0.026998,0.749291,0,1,,0.98944
per_model,weidawang-Chem-R-8B,chem-r,31,silhouette,separability,1,commit,20,-0.058581,0.806204,-0.522955,0.424688,0,5000,-0.118982,0.242416,0,0,,0.975122
per_model,phenixace-Chem-R-Faithful,chem,31,silhouette,separability,1,commit,20,-0.108721,0.648199,-0.603217,0.409891,0,5000,-0.125118,0.755072,0,1,,0.928273
per_model,OpenDFM-ChemDFM-v1.5-8B,chemdfm,31,silhouette,separability,1,commit,20,-0.424308,0.062238,-0.705961,-0.049737,1,5000,-0.544326,0.607636,0,1,,0.418045
per_model,deepseek-ai-DeepSeek-R1-Distill-Llama-8B,reason,31,silhouette,separability,1,commit,20,0.597062,0.005445,0.162363,0.820538,1,5000,0.631761,0.893167,0,1,,0.128012
pooled,,pooled,31,silhouette,separability,1,commit,20,-0.006435,0.949333,-0.254091,0.246021,0,5000,-0.007985,0.649516,0,1,,0.98944
per_model,meta-llama-Llama-3.1-8B,base,0,silhouette,separability,1,conditional_acc,20,0.466753,0.038015,-0.05339,0.850495,0,5000,0.509652,0.838739,0,1,,0.348447
per_model,weidawang-Chem-R-8B,chem-r,0,silhouette,separability,1,conditional_acc,20,0.068228,0.775024,-0.332111,0.441,0,4708,,-0.256883,0,0,,0.969666
per_model,phenixace-Chem-R-Faithful,chem,0,silhouette,separability,1,conditional_acc,20,0.123685,0.603398,-0.232889,0.465853,0,4430,,,0,0,,0.915939
per_model,OpenDFM-ChemDFM-v1.5-8B,chemdfm,0,silhouette,separability,1,conditional_acc,20,-0.404928,0.076552,-0.750374,0.044665,0,4999,-0.511853,0.625842,0,1,,0.444977
per_model,deepseek-ai-DeepSeek-R1-Distill-Llama-8B,reason,0,silhouette,separability,1,conditional_acc,20,0.011036,0.963169,-0.450755,0.473622,0,5000,0.014379,0.589088,0,1,,0.99433
pooled,,pooled,0,silhouette,separability,1,conditional_acc,20,0.059053,0.559481,-0.184686,0.267001,0,5000,0.088109,0.449197,0,0,,0.904215
per_model,meta-llama-Llama-3.1-8B,base,8,silhouette,separability,1,conditional_acc,20,0.57601,0.007862,0.153002,0.865122,1,5000,0.628951,0.838739,0,1,,0.157169
per_model,weidawang-Chem-R-8B,chem-r,8,silhouette,separability,1,conditional_acc,20,0.210616,0.372762,-0.192923,0.592438,0,4708,,-0.256883,0,0,,0.809618
per_model,phenixace-Chem-R-Faithful,chem,8,silhouette,separability,1,conditional_acc,20,0.122609,0.606575,-0.340754,0.551063,0,4430,,,0,0,,0.915939
per_model,OpenDFM-ChemDFM-v1.5-8B,chemdfm,8,silhouette,separability,1,conditional_acc,20,-0.362131,0.116643,-0.735474,0.11041,0,4999,-0.457755,0.625842,0,1,,0.530076
per_model,deepseek-ai-DeepSeek-R1-Distill-Llama-8B,reason,8,silhouette,separability,1,conditional_acc,20,0.296394,0.204473,-0.170218,0.646756,0,5000,0.386171,0.589088,0,1,,0.658342
pooled,,pooled,8,silhouette,separability,1,conditional_acc,20,0.189815,0.058555,-0.025165,0.388055,0,5000,0.283212,0.449197,0,0,,0.405672
per_model,meta-llama-Llama-3.1-8B,base,16,silhouette,separability,1,conditional_acc,20,0.104437,0.661252,-0.401555,0.559099,0,5000,0.114036,0.838739,0,1,,0.932817
per_model,weidawang-Chem-R-8B,chem-r,16,silhouette,separability,1,conditional_acc,20,0.297631,0.202501,-0.185294,0.700654,0,4708,,-0.256883,0,0,,0.657936
per_model,phenixace-Chem-R-Faithful,chem,16,silhouette,separability,1,conditional_acc,20,0.409772,0.072764,0.047705,0.72884,1,4430,,,0,0,,0.438831
per_model,OpenDFM-ChemDFM-v1.5-8B,chemdfm,16,silhouette,separability,1,conditional_acc,20,0.144852,0.542315,-0.362067,0.571712,0,4999,0.183102,0.625842,0,1,,0.900255
per_model,deepseek-ai-DeepSeek-R1-Distill-Llama-8B,reason,16,silhouette,separability,1,conditional_acc,20,0.479275,0.032501,0.03877,0.7989,1,5000,0.624446,0.589088,0,1,,0.326485
pooled,,pooled,16,silhouette,separability,1,conditional_acc,20,0.258141,0.009513,0.011461,0.461961,1,5000,0.385157,0.449197,0,0,,0.175206
per_model,meta-llama-Llama-3.1-8B,base,24,silhouette,separability,1,conditional_acc,20,0.010444,0.965144,-0.523264,0.502785,0,5000,0.011404,0.838739,0,1,,0.995027
per_model,weidawang-Chem-R-8B,chem-r,24,silhouette,separability,1,conditional_acc,20,0.299608,0.199374,-0.230421,0.700729,0,4708,,-0.256883,0,0,,0.655865
per_model,phenixace-Chem-R-Faithful,chem,24,silhouette,separability,1,conditional_acc,20,0.367827,0.110583,-0.098705,0.7403,0,4430,,,0,0,,0.518984
per_model,OpenDFM-ChemDFM-v1.5-8B,chemdfm,24,silhouette,separability,1,conditional_acc,20,0.215632,0.361216,-0.267764,0.614773,0,4999,0.272572,0.625842,0,1,,0.80356
per_model,deepseek-ai-DeepSeek-R1-Distill-Llama-8B,reason,24,silhouette,separability,1,conditional_acc,20,0.532878,0.015556,0.138681,0.798805,1,5000,0.694285,0.589088,0,1,,0.216386
pooled,,pooled,24,silhouette,separability,1,conditional_acc,20,0.263457,0.008087,0.025831,0.479418,1,5000,0.393089,0.449197,0,0,,0.159443
per_model,meta-llama-Llama-3.1-8B,base,31,silhouette,separability,1,conditional_acc,20,-0.177543,0.453947,-0.628744,0.317641,0,5000,-0.193861,0.838739,0,1,,0.860745
per_model,weidawang-Chem-R-8B,chem-r,31,silhouette,separability,1,conditional_acc,20,0.189851,0.422726,-0.199837,0.539793,0,4708,,-0.256883,0,0,,0.844091
per_model,phenixace-Chem-R-Faithful,chem,31,silhouette,separability,1,conditional_acc,20,0.206499,0.382391,-0.137538,0.532407,0,4430,,,0,0,,0.817692
per_model,OpenDFM-ChemDFM-v1.5-8B,chemdfm,31,silhouette,separability,1,conditional_acc,20,0.07078,0.766827,-0.397915,0.526482,0,4999,0.08947,0.625842,0,1,,0.968643
per_model,deepseek-ai-DeepSeek-R1-Distill-Llama-8B,reason,31,silhouette,separability,1,conditional_acc,20,0.245944,0.295913,-0.205245,0.628963,0,5000,0.320439,0.589088,0,1,,0.750573
pooled,,pooled,31,silhouette,separability,1,conditional_acc,20,0.078113,0.439825,-0.147214,0.277154,0,5000,0.116548,0.449197,0,0,,0.856376
per_model,meta-llama-Llama-3.1-8B,base,0,silhouette,separability,1,underspecified,20,-0.600244,0.00514,-0.841471,-0.223051,1,4996,-0.659168,0.829207,0,1,,0.126239
per_model,weidawang-Chem-R-8B,chem-r,0,silhouette,separability,1,underspecified,20,-0.333444,0.150806,-0.609789,0.032275,0,4551,,-0.324026,0,0,,0.588724
per_model,phenixace-Chem-R-Faithful,chem,0,silhouette,separability,1,underspecified,20,-0.116455,0.624885,-0.517901,0.35274,0,4979,-0.121544,0.918021,0,1,,0.925877
per_model,OpenDFM-ChemDFM-v1.5-8B,chemdfm,0,silhouette,separability,1,underspecified,20,-0.045195,0.849936,-0.500279,0.432197,0,4941,-0.050619,0.797181,0,1,,0.980293
per_model,deepseek-ai-DeepSeek-R1-Distill-Llama-8B,reason,0,silhouette,separability,1,underspecified,20,-0.517255,0.019511,-0.783004,-0.159805,1,4905,-0.541239,0.913335,0,1,,0.24429
pooled,,pooled,0,silhouette,separability,1,underspecified,20,-0.293107,0.003081,-0.5008,-0.039223,1,5000,-0.370238,0.626744,0,1,,0.096811
per_model,meta-llama-Llama-3.1-8B,base,8,silhouette,separability,1,underspecified,20,-0.095643,0.688339,-0.537232,0.374901,0,4996,-0.105032,0.829207,0,1,,0.940631
per_model,weidawang-Chem-R-8B,chem-r,8,silhouette,separability,1,underspecified,20,0.195911,0.407788,-0.259484,0.587137,0,4551,,-0.324026,0,0,,0.836386
per_model,phenixace-Chem-R-Faithful,chem,8,silhouette,separability,1,underspecified,20,0.148216,0.532876,-0.307201,0.528982,0,4979,0.154692,0.918021,0,1,,0.898088
per_model,OpenDFM-ChemDFM-v1.5-8B,chemdfm,8,silhouette,separability,1,underspecified,20,-0.029846,0.900597,-0.468182,0.431156,0,4941,-0.033427,0.797181,0,1,,0.98944
per_model,deepseek-ai-DeepSeek-R1-Distill-Llama-8B,reason,8,silhouette,separability,1,underspecified,20,-0.299414,0.199678,-0.655381,0.135134,0,4905,-0.313298,0.913335,0,1,,0.655865
pooled,,pooled,8,silhouette,separability,1,underspecified,20,-0.034508,0.733221,-0.286593,0.251053,0,5000,-0.043589,0.626744,0,1,,0.952058
per_model,meta-llama-Llama-3.1-8B,base,16,silhouette,separability,1,underspecified,20,-0.545826,0.012791,-0.818522,-0.138274,1,4996,-0.599409,0.829207,0,1,,0.198628
per_model,weidawang-Chem-R-8B,chem-r,16,silhouette,separability,1,underspecified,20,0.057388,0.810083,-0.445553,0.537962,0,4551,,-0.324026,0,0,,0.975122
per_model,phenixace-Chem-R-Faithful,chem,16,silhouette,separability,1,underspecified,20,0.179976,0.447681,-0.283231,0.573763,0,4979,0.187841,0.918021,0,1,,0.860745
per_model,OpenDFM-ChemDFM-v1.5-8B,chemdfm,16,silhouette,separability,1,underspecified,20,0.185896,0.43263,-0.343722,0.632452,0,4941,0.208205,0.797181,0,1,,0.85217
per_model,deepseek-ai-DeepSeek-R1-Distill-Llama-8B,reason,16,silhouette,separability,1,underspecified,20,-0.401382,0.079416,-0.766757,0.137689,0,4905,-0.419994,0.913335,0,1,,0.450094
pooled,,pooled,16,silhouette,separability,1,underspecified,20,-0.122108,0.226179,-0.373268,0.154934,0,5000,-0.15424,0.626744,0,1,,0.676612
per_model,meta-llama-Llama-3.1-8B,base,24,silhouette,separability,1,underspecified,20,-0.42215,0.063723,-0.749116,0.05465,0,4996,-0.463591,0.829207,0,1,,0.420742
per_model,weidawang-Chem-R-8B,chem-r,24,silhouette,separability,1,underspecified,20,-0.173154,0.465361,-0.560797,0.253239,0,4551,,-0.324026,0,0,,0.867955
per_model,phenixace-Chem-R-Faithful,chem,24,silhouette,separability,1,underspecified,20,-0.08293,0.728144,-0.505288,0.337739,0,4979,-0.086554,0.918021,0,1,,0.952058
per_model,OpenDFM-ChemDFM-v1.5-8B,chemdfm,24,silhouette,separability,1,underspecified,20,0.060544,0.799836,-0.396685,0.495325,0,4941,0.06781,0.797181,0,1,,0.973997
per_model,deepseek-ai-DeepSeek-R1-Distill-Llama-8B,reason,24,silhouette,separability,1,underspecified,20,-0.616441,0.003797,-0.821428,-0.275466,1,4905,-0.645025,0.913335,0,1,,0.107113
pooled,,pooled,24,silhouette,separability,1,underspecified,20,-0.19901,0.047146,-0.427534,0.065971,0,5000,-0.25138,0.626744,0,1,,0.388648
per_model,meta-llama-Llama-3.1-8B,base,31,silhouette,separability,1,underspecified,20,-0.125326,0.598563,-0.62144,0.362351,0,4996,-0.137629,0.829207,0,1,,0.914685
per_model,weidawang-Chem-R-8B,chem-r,31,silhouette,separability,1,underspecified,20,-0.016821,0.943887,-0.456691,0.443675,0,4551,,-0.324026,0,0,,0.98944
per_model,phenixace-Chem-R-Faithful,chem,31,silhouette,separability,1,underspecified,20,0.084695,0.722577,-0.407359,0.548147,0,4979,0.088396,0.918021,0,1,,0.952058
per_model,OpenDFM-ChemDFM-v1.5-8B,chemdfm,31,silhouette,separability,1,underspecified,20,-0.005116,0.98292,-0.489188,0.506859,0,4941,-0.00573,0.797181,0,1,,0.995233
per_model,deepseek-ai-DeepSeek-R1-Distill-Llama-8B,reason,31,silhouette,separability,1,underspecified,20,-0.502423,0.02397,-0.758075,-0.122063,1,4905,-0.52572,0.913335,0,1,,0.269293
pooled,,pooled,31,silhouette,separability,1,underspecified,20,-0.090289,0.371662,-0.319888,0.16718,0,5000,-0.114049,0.626744,0,1,,0.809618
per_model,meta-llama-Llama-3.1-8B,base,0,silhouette,separability,1,non_answer,20,0.073236,0.758962,-0.470921,0.503824,0,5000,0.085902,0.726841,0,1,,0.965228
per_model,weidawang-Chem-R-8B,chem-r,0,silhouette,separability,1,non_answer,20,0.229479,0.330427,-0.325191,0.760141,0,5000,0.414906,0.305906,0,0,,0.778973
per_model,phenixace-Chem-R-Faithful,chem,0,silhouette,separability,1,non_answer,20,0.025532,0.914908,-0.463351,0.517124,0,5000,,-0.039064,0,0,,0.98944
per_model,OpenDFM-ChemDFM-v1.5-8B,chemdfm,0,silhouette,separability,1,non_answer,20,0.017378,0.94203,-0.452173,0.541542,0,5000,0.019557,0.789595,0,1,,0.98944
per_model,deepseek-ai-DeepSeek-R1-Distill-Llama-8B,reason,0,silhouette,separability,1,non_answer,20,-0.096436,0.685882,-0.577714,0.382946,0,5000,-0.11383,0.717735,0,1,,0.940183
pooled,,pooled,0,silhouette,separability,1,non_answer,20,0.041993,0.678263,-0.235114,0.337248,0,5000,0.059375,0.500202,0,1,,0.936958
per_model,meta-llama-Llama-3.1-8B,base,8,silhouette,separability,1,non_answer,20,-0.492265,0.027463,-0.824747,-0.00457,1,5000,-0.577404,0.726841,0,1,,0.291754
per_model,weidawang-Chem-R-8B,chem-r,8,silhouette,separability,1,non_answer,20,0.038247,0.872811,-0.515409,0.541712,0,5000,0.069151,0.305906,0,0,,0.988434
per_model,phenixace-Chem-R-Faithful,chem,8,silhouette,separability,1,non_answer,20,-0.260741,0.266856,-0.771486,0.25625,0,5000,,-0.039064,0,0,,0.720796
per_model,OpenDFM-ChemDFM-v1.5-8B,chemdfm,8,silhouette,separability,1,non_answer,20,-0.25312,0.281589,-0.6519,0.19274,0,5000,-0.284855,0.789595,0,1,,0.740174
per_model,deepseek-ai-DeepSeek-R1-Distill-Llama-8B,reason,8,silhouette,separability,1,non_answer,20,-0.257416,0.273224,-0.605997,0.202559,0,5000,-0.303846,0.717735,0,1,,0.731249
pooled,,pooled,8,silhouette,separability,1,non_answer,20,-0.241822,0.015355,-0.486674,0.010437,0,5000,-0.341918,0.500202,0,1,,0.216386
per_model,meta-llama-Llama-3.1-8B,base,16,silhouette,separability,1,non_answer,20,0.289168,0.216251,-0.209863,0.702954,0,5000,0.339181,0.726841,0,1,,0.663918
per_model,weidawang-Chem-R-8B,chem-r,16,silhouette,separability,1,non_answer,20,-0.043601,0.855174,-0.496022,0.402574,0,5000,-0.078832,0.305906,0,0,,0.980708
per_model,phenixace-Chem-R-Faithful,chem,16,silhouette,separability,1,non_answer,20,-0.078919,0.740852,-0.51382,0.367945,0,5000,,-0.039064,0,0,,0.95543
per_model,OpenDFM-ChemDFM-v1.5-8B,chemdfm,16,silhouette,separability,1,non_answer,20,-0.3317,0.153086,-0.698758,0.20069,0,5000,-0.373288,0.789595,0,1,,0.591223
per_model,deepseek-ai-DeepSeek-R1-Distill-Llama-8B,reason,16,silhouette,separability,1,non_answer,20,-0.616583,0.003787,-0.809919,-0.27468,1,5000,-0.727796,0.717735,0,1,,0.107113
pooled,,pooled,16,silhouette,separability,1,non_answer,20,-0.149804,0.136853,-0.345962,0.045091,0,5000,-0.211812,0.500202,0,1,,0.575348
per_model,meta-llama-Llama-3.1-8B,base,24,silhouette,separability,1,non_answer,20,0.539831,0.014018,0.136171,0.747552,1,5000,0.633196,0.726841,0,1,,0.210475
per_model,weidawang-Chem-R-8B,chem-r,24,silhouette,separability,1,non_answer,20,0.094852,0.690796,-0.452498,0.563017,0,5000,0.171495,0.305906,0,0,,0.940872
per_model,phenixace-Chem-R-Faithful,chem,24,silhouette,separability,1,non_answer,20,-0.017795,0.940641,-0.520251,0.451957,0,5000,,-0.039064,0,0,,0.98944
per_model,OpenDFM-ChemDFM-v1.5-8B,chemdfm,24,silhouette,separability,1,non_answer,20,0.202496,0.391887,-0.306713,0.661609,0,5000,0.227884,0.789595,0,1,,0.828624
per_model,deepseek-ai-DeepSeek-R1-Distill-Llama-8B,reason,24,silhouette,separability,1,non_answer,20,-0.741114,0.000185,-0.895161,-0.452334,1,5000,-0.874789,0.717735,0,1,,0.028587
pooled,,pooled,24,silhouette,separability,1,non_answer,20,0.016515,0.870456,-0.241612,0.267285,0,5000,0.02335,0.500202,0,1,,0.988075
per_model,meta-llama-Llama-3.1-8B,base,31,silhouette,separability,1,non_answer,20,0.328429,0.157426,-0.127819,0.676566,0,5000,0.385231,0.726841,0,1,,0.591587
per_model,weidawang-Chem-R-8B,chem-r,31,silhouette,separability,1,non_answer,20,0.084907,0.721907,-0.396598,0.533966,0,5000,0.153515,0.305906,0,0,,0.952058
per_model,phenixace-Chem-R-Faithful,chem,31,silhouette,separability,1,non_answer,20,0.150874,0.525471,-0.335068,0.558147,0,5000,,-0.039064,0,0,,0.897224
per_model,OpenDFM-ChemDFM-v1.5-8B,chemdfm,31,silhouette,separability,1,non_answer,20,0.432948,0.056551,-0.050243,0.79189,0,5000,0.48723,0.789595,0,1,,0.403322
per_model,deepseek-ai-DeepSeek-R1-Distill-Llama-8B,reason,31,silhouette,separability,1,non_answer,20,-0.564188,0.009564,-0.821667,-0.056855,1,5000,-0.665951,0.717735,0,1,,0.175206
pooled,,pooled,31,silhouette,separability,1,non_answer,20,0.081219,0.421798,-0.126035,0.281806,0,5000,0.114838,0.500202,0,1,,0.844091
per_model,meta-llama-Llama-3.1-8B,base,0,silhouette,separability,1,malformed,20,-0.329174,0.15643,-0.72842,0.191169,0,5000,-0.528732,0.387597,0,0,,0.591587
per_model,weidawang-Chem-R-8B,chem-r,0,silhouette,separability,1,malformed,20,-0.449796,0.046608,-0.712857,-0.091163,1,4323,,,0,0,,0.385462
per_model,phenixace-Chem-R-Faithful,chem,0,silhouette,separability,1,malformed,20,-0.44187,0.051103,-0.703404,-0.079431,1,4352,,,0,0,,0.394376
per_model,deepseek-ai-DeepSeek-R1-Distill-Llama-8B,reason,0,silhouette,separability,1,malformed,20,-0.169776,0.474241,-0.611222,0.326798,0,4935,-0.268706,0.399209,0,0,,0.872505
pooled,,pooled,0,silhouette,separability,1,malformed,20,-0.280871,0.011614,-0.505339,-0.016267,1,5000,-0.447804,0.393403,0,0,,0.194562
per_model,meta-llama-Llama-3.1-8B,base,8,silhouette,separability,1,malformed,20,-0.317797,0.172118,-0.774762,0.223944,0,5000,-0.510458,0.387597,0,0,,0.606954
per_model,weidawang-Chem-R-8B,chem-r,8,silhouette,separability,1,malformed,20,-0.402241,0.078716,-0.741605,0.036833,0,4323,,,0,0,,0.449595
per_model,phenixace-Chem-R-Faithful,chem,8,silhouette,separability,1,malformed,20,-0.366574,0.111896,-0.684583,0.051656,0,4352,,,0,0,,0.521416
per_model,deepseek-ai-DeepSeek-R1-Distill-Llama-8B,reason,8,silhouette,separability,1,malformed,20,-0.211581,0.370526,-0.604184,0.235998,0,4935,-0.334869,0.399209,0,0,,0.809618
pooled,,pooled,8,silhouette,separability,1,malformed,20,-0.272974,0.014292,-0.469184,-0.050464,1,5000,-0.435213,0.393403,0,0,,0.211842
per_model,meta-llama-Llama-3.1-8B,base,16,silhouette,separability,1,malformed,20,-0.349653,0.130742,-0.754085,0.178076,0,5000,-0.561626,0.387597,0,0,,0.561235
per_model,weidawang-Chem-R-8B,chem-r,16,silhouette,separability,1,malformed,20,-0.754944,0.000119,-0.890423,-0.523553,1,4323,,,0,0,,0.028587
per_model,phenixace-Chem-R-Faithful,chem,16,silhouette,separability,1,malformed,20,-0.747018,0.000154,-0.872523,-0.522913,1,4352,,,0,0,,0.028587
per_model,deepseek-ai-DeepSeek-R1-Distill-Llama-8B,reason,16,silhouette,separability,1,malformed,20,0.139916,0.556304,-0.339066,0.614014,0,4935,0.221446,0.399209,0,0,,0.904215
pooled,,pooled,16,silhouette,separability,1,malformed,20,-0.326367,0.003131,-0.54364,-0.042374,1,5000,-0.52034,0.393403,0,0,,0.096811
per_model,meta-llama-Llama-3.1-8B,base,24,silhouette,separability,1,malformed,20,-0.268497,0.252369,-0.674934,0.305203,0,5000,-0.43127,0.387597,0,0,,0.710761
per_model,weidawang-Chem-R-8B,chem-r,24,silhouette,separability,1,malformed,20,-0.719277,0.000351,-0.841222,-0.520267,1,4323,,,0,0,,0.029971
per_model,phenixace-Chem-R-Faithful,chem,24,silhouette,separability,1,malformed,20,-0.711351,0.000437,-0.799595,-0.520061,1,4352,,,0,0,,0.029976
per_model,deepseek-ai-DeepSeek-R1-Distill-Llama-8B,reason,24,silhouette,separability,1,malformed,20,-0.119441,0.615975,-0.557749,0.384248,0,4935,-0.189039,0.399209,0,0,,0.922229
pooled,,pooled,24,silhouette,separability,1,malformed,20,-0.359023,0.001074,-0.542091,-0.086843,1,5000,-0.572405,0.393403,0,0,,0.055672
per_model,meta-llama-Llama-3.1-8B,base,31,silhouette,separability,1,malformed,20,-0.443703,0.050035,-0.816247,0.060638,0,5000,-0.712692,0.387597,0,0,,0.394376
per_model,weidawang-Chem-R-8B,chem-r,31,silhouette,separability,1,malformed,20,-0.037648,0.874786,-0.439526,0.320144,0,4323,,,0,0,,0.98944
per_model,phenixace-Chem-R-Faithful,chem,31,silhouette,separability,1,malformed,20,-0.164463,0.488383,-0.517229,0.208497,0,4352,,,0,0,,0.875607
per_model,deepseek-ai-DeepSeek-R1-Distill-Llama-8B,reason,31,silhouette,separability,1,malformed,20,-0.302867,0.19429,-0.694502,0.259282,0,4935,-0.479349,0.399209,0,0,,0.64896
pooled,,pooled,31,silhouette,separability,1,malformed,20,-0.259698,0.020002,-0.465941,-0.034008,1,5000,-0.414047,0.393403,0,0,,0.246524
per_model,meta-llama-Llama-3.1-8B,base,0,within_cos,separability,1,strict,20,0.643826,0.002189,0.24592,0.864356,1,5000,0.689932,0.870812,0,1,,0.081548
per_model,weidawang-Chem-R-8B,chem-r,0,within_cos,separability,1,strict,20,-0.033411,0.88879,-0.434082,0.381839,0,5000,-0.064185,0.270964,0,0,,0.98944
per_model,phenixace-Chem-R-Faithful,chem,0,within_cos,separability,1,strict,20,-0.124529,0.600907,-0.59767,0.352531,0,5000,-0.139811,0.79334,0,1,,0.915789
per_model,OpenDFM-ChemDFM-v1.5-8B,chemdfm,0,within_cos,separability,1,strict,20,-0.26964,0.250278,-0.653426,0.210489,0,5000,-0.380681,0.501705,0,1,,0.710761
per_model,deepseek-ai-DeepSeek-R1-Distill-Llama-8B,reason,0,within_cos,separability,1,strict,20,0.380559,0.097865,-0.127142,0.757132,0,5000,0.393972,0.933064,0,1,,0.490271
pooled,,pooled,0,within_cos,separability,1,strict,20,0.120229,0.233457,-0.129779,0.351903,0,5000,0.146449,0.673977,0,1,,0.685651
per_model,meta-llama-Llama-3.1-8B,base,8,within_cos,separability,1,strict,20,0.814007,1.3e-05,0.596278,0.923841,1,5000,0.8723,0.870812,0,1,,0.010445
per_model,weidawang-Chem-R-8B,chem-r,8,within_cos,separability,1,strict,20,0.329553,0.155925,-0.171604,0.736257,0,5000,0.633096,0.270964,0,0,,0.591587
per_model,phenixace-Chem-R-Faithful,chem,8,within_cos,separability,1,strict,20,0.116227,0.625568,-0.384396,0.606914,0,5000,0.13049,0.79334,0,1,,0.925877
per_model,OpenDFM-ChemDFM-v1.5-8B,chemdfm,8,within_cos,separability,1,strict,20,-0.224323,0.341706,-0.56458,0.211761,0,5000,-0.316701,0.501705,0,1,,0.785863
per_model,deepseek-ai-DeepSeek-R1-Distill-Llama-8B,reason,8,within_cos,separability,1,strict,20,0.480785,0.031881,-0.045741,0.820906,0,5000,0.497731,0.933064,0,1,,0.323784
pooled,,pooled,8,within_cos,separability,1,strict,20,0.304107,0.002098,0.073028,0.477679,1,5000,0.370428,0.673977,0,1,,0.079495
per_model,meta-llama-Llama-3.1-8B,base,16,within_cos,separability,1,strict,20,0.064759,0.7862,-0.368803,0.551865,0,5000,0.069397,0.870812,0,1,,0.970684
per_model,weidawang-Chem-R-8B,chem-r,16,within_cos,separability,1,strict,20,-0.111623,0.639414,-0.584227,0.37903,0,5000,-0.214436,0.270964,0,0,,0.926285
per_model,phenixace-Chem-R-Faithful,chem,16,within_cos,separability,1,strict,20,-0.167548,0.480146,-0.635785,0.366828,0,5000,-0.188109,0.79334,0,1,,0.873452
per_model,OpenDFM-ChemDFM-v1.5-8B,chemdfm,16,within_cos,separability,1,strict,20,-0.161633,0.495998,-0.580719,0.329894,0,5000,-0.228195,0.501705,0,1,,0.878036
per_model,deepseek-ai-DeepSeek-R1-Distill-Llama-8B,reason,16,within_cos,separability,1,strict,20,0.329315,0.156242,-0.177809,0.672028,0,5000,0.340923,0.933064,0,1,,0.591587
pooled,,pooled,16,within_cos,separability,1,strict,20,-0.013777,0.89179,-0.271683,0.221215,0,5000,-0.016781,0.673977,0,1,,0.98944
per_model,meta-llama-Llama-3.1-8B,base,24,within_cos,separability,1,strict,20,-0.347892,0.132825,-0.719001,0.138483,0,5000,-0.372805,0.870812,0,1,,0.565845
per_model,weidawang-Chem-R-8B,chem-r,24,within_cos,separability,1,strict,20,-0.054672,0.818924,-0.515627,0.425781,0,5000,-0.10503,0.270964,0,0,,0.976147
per_model,phenixace-Chem-R-Faithful,chem,24,within_cos,separability,1,strict,20,-0.129812,0.585427,-0.519548,0.317249,0,5000,-0.145742,0.79334,0,1,,0.914685
per_model,OpenDFM-ChemDFM-v1.5-8B,chemdfm,24,within_cos,separability,1,strict,20,-0.55212,0.011598,-0.85347,-0.088827,1,5000,-0.779489,0.501705,0,1,,0.194562
per_model,deepseek-ai-DeepSeek-R1-Distill-Llama-8B,reason,24,within_cos,separability,1,strict,20,0.226074,0.33785,-0.258402,0.587971,0,5000,0.234043,0.933064,0,1,,0.783612
pooled,,pooled,24,within_cos,separability,1,strict,20,-0.173109,0.085005,-0.449813,0.123889,0,5000,-0.210862,0.673977,0,1,,0.453648
per_model,meta-llama-Llama-3.1-8B,base,31,within_cos,separability,1,strict,20,-0.073042,0.759581,-0.519659,0.414545,0,5000,-0.078273,0.870812,0,1,,0.965228
per_model,weidawang-Chem-R-8B,chem-r,31,within_cos,separability,1,strict,20,0.212615,0.368136,-0.258475,0.640653,0,5000,0.408449,0.270964,0,0,,0.806078
per_model,phenixace-Chem-R-Faithful,chem,31,within_cos,separability,1,strict,20,-0.243021,0.301874,-0.612054,0.218782,0,5000,-0.272843,0.79334,0,1,,0.756622
per_model,OpenDFM-ChemDFM-v1.5-8B,chemdfm,31,within_cos,separability,1,strict,20,-0.394264,0.085405,-0.756374,0.104974,0,5000,-0.556625,0.501705,0,1,,0.453648
per_model,deepseek-ai-DeepSeek-R1-Distill-Llama-8B,reason,31,within_cos,separability,1,strict,20,0.020347,0.932148,-0.487602,0.531404,0,5000,0.021064,0.933064,0,1,,0.98944
pooled,,pooled,31,within_cos,separability,1,strict,20,-0.095413,0.34502,-0.398963,0.222862,0,5000,-0.116221,0.673977,0,1,,0.789195
per_model,meta-llama-Llama-3.1-8B,base,0,within_cos,separability,1,superclass_credit,20,0.481928,0.031418,0.029541,0.79545,1,5000,0.551714,0.763022,0,1,,0.32036
per_model,weidawang-Chem-R-8B,chem-r,0,within_cos,separability,1,superclass_credit,20,-0.0432,0.856494,-0.461769,0.397586,0,5000,-0.079508,0.295216,0,0,,0.980893
per_model,phenixace-Chem-R-Faithful,chem,0,within_cos,separability,1,superclass_credit,20,0.180032,0.447538,-0.262722,0.544279,0,5000,0.317902,0.32071,0,0,,0.860745
per_model,OpenDFM-ChemDFM-v1.5-8B,chemdfm,0,within_cos,separability,1,superclass_credit,20,-0.064079,0.788398,-0.530657,0.397604,0,5000,-0.076575,0.700252,0,1,,0.970684
per_model,deepseek-ai-DeepSeek-R1-Distill-Llama-8B,reason,0,within_cos,separability,1,superclass_credit,20,0.319006,0.170402,-0.211668,0.728833,0,5000,0.334297,0.910612,0,1,,0.606547
pooled,,pooled,0,within_cos,separability,1,superclass_credit,20,0.17432,0.082814,-0.115525,0.411528,0,5000,0.225429,0.597963,0,1,,0.450094
per_model,meta-llama-Llama-3.1-8B,base,8,within_cos,separability,1,superclass_credit,20,0.812501,1.3e-05,0.570775,0.915225,1,5000,0.930155,0.763022,0,1,,0.010445
per_model,weidawang-Chem-R-8B,chem-r,8,within_cos,separability,1,superclass_credit,20,0.423659,0.062681,-0.064066,0.802567,0,5000,0.779734,0.295216,0,0,,0.41881
per_model,phenixace-Chem-R-Faithful,chem,8,within_cos,separability,1,superclass_credit,20,0.230168,0.328938,-0.235174,0.625137,0,5000,0.406432,0.32071,0,0,,0.778294
per_model,OpenDFM-ChemDFM-v1.5-8B,chemdfm,8,within_cos,separability,1,superclass_credit,20,-0.107803,0.650989,-0.497538,0.305914,0,5000,-0.128826,0.700252,0,1,,0.929371
per_model,deepseek-ai-DeepSeek-R1-Distill-Llama-8B,reason,8,within_cos,separability,1,superclass_credit,20,0.398192,0.08206,-0.151934,0.836056,0,5000,0.417278,0.910612,0,1,,0.450094
pooled,,pooled,8,within_cos,separability,1,superclass_credit,20,0.351767,0.000332,0.096061,0.528102,1,5000,0.454902,0.597963,0,1,,0.029971
per_model,meta-llama-Llama-3.1-8B,base,16,within_cos,separability,1,superclass_credit,20,0.016566,0.944734,-0.471306,0.532807,0,5000,0.018965,0.763022,0,1,,0.98944
per_model,weidawang-Chem-R-8B,chem-r,16,within_cos,separability,1,superclass_credit,20,0.063662,0.789742,-0.437078,0.496589,0,5000,0.117169,0.295216,0,0,,0.970684
per_model,phenixace-Chem-R-Faithful,chem,16,within_cos,separability,1,superclass_credit,20,0.241562,0.304874,-0.296726,0.69963,0,5000,0.426553,0.32071,0,0,,0.760389
per_model,OpenDFM-ChemDFM-v1.5-8B,chemdfm,16,within_cos,separability,1,superclass_credit,20,-0.244253,0.299353,-0.614688,0.233147,0,5000,-0.291885,0.700252,0,1,,0.753823
per_model,deepseek-ai-DeepSeek-R1-Distill-Llama-8B,reason,16,within_cos,separability,1,superclass_credit,20,0.324285,0.163045,-0.199432,0.717941,0,5000,0.339829,0.910612,0,1,,0.596502
pooled,,pooled,16,within_cos,separability,1,superclass_credit,20,0.083672,0.407865,-0.210387,0.346305,0,5000,0.108204,0.597963,0,1,,0.836386
per_model,meta-llama-Llama-3.1-8B,base,24,within_cos,separability,1,superclass_credit,20,-0.291416,0.21254,-0.681833,0.164979,0,5000,-0.333614,0.763022,0,1,,0.661235
per_model,weidawang-Chem-R-8B,chem-r,24,within_cos,separability,1,superclass_credit,20,-0.05381,0.821736,-0.466992,0.406104,0,5000,-0.099036,0.295216,0,0,,0.976147
per_model,phenixace-Chem-R-Faithful,chem,24,within_cos,separability,1,superclass_credit,20,-0.172436,0.467241,-0.54762,0.281132,0,5000,-0.304489,0.32071,0,0,,0.86888
per_model,OpenDFM-ChemDFM-v1.5-8B,chemdfm,24,within_cos,separability,1,superclass_credit,20,-0.654356,0.001747,-0.904145,-0.258154,1,5000,-0.781964,0.700252,0,1,,0.070144
per_model,deepseek-ai-DeepSeek-R1-Distill-Llama-8B,reason,24,within_cos,separability,1,superclass_credit,20,0.202867,0.391002,-0.274118,0.624635,0,5000,0.212591,0.910612,0,1,,0.827985
pooled,,pooled,24,within_cos,separability,1,superclass_credit,20,-0.194614,0.052347,-0.44679,0.072761,0,5000,-0.251673,0.597963,0,1,,0.397933
per_model,meta-llama-Llama-3.1-8B,base,31,within_cos,separability,1,superclass_credit,20,0.121235,0.610644,-0.297714,0.506309,0,5000,0.13879,0.763022,0,1,,0.917412
per_model,weidawang-Chem-R-8B,chem-r,31,within_cos,separability,1,superclass_credit,20,0.113683,0.633204,-0.355465,0.55992,0,5000,0.209231,0.295216,0,0,,0.926097
per_model,phenixace-Chem-R-Faithful,chem,31,within_cos,separability,1,superclass_credit,20,-0.322083,0.166087,-0.657056,0.113479,0,5000,-0.568737,0.32071,0,0,,0.603283
per_model,OpenDFM-ChemDFM-v1.5-8B,chemdfm,31,within_cos,separability,1,superclass_credit,20,-0.612893,0.004063,-0.858449,-0.200538,1,5000,-0.732416,0.700252,0,1,,0.110953
per_model,deepseek-ai-DeepSeek-R1-Distill-Llama-8B,reason,31,within_cos,separability,1,superclass_credit,20,-0.029412,0.902035,-0.537761,0.502375,0,5000,-0.030822,0.910612,0,1,,0.98944
pooled,,pooled,31,within_cos,separability,1,superclass_credit,20,-0.144886,0.150365,-0.39889,0.137156,0,5000,-0.187365,0.597963,0,1,,0.588724
per_model,meta-llama-Llama-3.1-8B,base,0,within_cos,separability,1,commit,20,0.627217,0.003076,0.245282,0.8268,1,5000,0.72459,0.749291,0,1,,0.096811
per_model,weidawang-Chem-R-8B,chem-r,0,within_cos,separability,1,commit,20,-0.01902,0.936564,-0.44172,0.392336,0,5000,-0.03863,0.242416,0,0,,0.98944
per_model,phenixace-Chem-R-Faithful,chem,0,within_cos,separability,1,commit,20,-0.154777,0.514686,-0.619483,0.332493,0,5000,-0.17812,0.755072,0,1,,0.891398
per_model,OpenDFM-ChemDFM-v1.5-8B,chemdfm,0,within_cos,separability,1,commit,20,-0.199629,0.398766,-0.609713,0.302317,0,5000,-0.256096,0.607636,0,1,,0.83454
per_model,deepseek-ai-DeepSeek-R1-Distill-Llama-8B,reason,0,within_cos,separability,1,commit,20,0.416888,0.067456,-0.105397,0.801397,0,5000,0.441116,0.893167,0,1,,0.427112
pooled,,pooled,0,within_cos,separability,1,commit,20,0.139202,0.167202,-0.122267,0.362874,0,5000,0.172723,0.649516,0,1,,0.603877
per_model,meta-llama-Llama-3.1-8B,base,8,within_cos,separability,1,commit,20,0.811914,1.4e-05,0.581478,0.936971,1,5000,0.937961,0.749291,0,1,,0.010445
per_model,weidawang-Chem-R-8B,chem-r,8,within_cos,separability,1,commit,20,0.288343,0.217624,-0.195637,0.684423,0,5000,0.585636,0.242416,0,0,,0.66572
per_model,phenixace-Chem-R-Faithful,chem,8,within_cos,separability,1,commit,20,0.086071,0.718244,-0.410758,0.572099,0,5000,0.099052,0.755072,0,1,,0.952058
per_model,OpenDFM-ChemDFM-v1.5-8B,chemdfm,8,within_cos,separability,1,commit,20,-0.138147,0.561357,-0.515302,0.314782,0,5000,-0.177222,0.607636,0,1,,0.904944
per_model,deepseek-ai-DeepSeek-R1-Distill-Llama-8B,reason,8,within_cos,separability,1,commit,20,0.513383,0.020606,-0.011413,0.845111,0,5000,0.543219,0.893167,0,1,,0.250323
pooled,,pooled,8,within_cos,separability,1,commit,20,0.316594,0.001331,0.094627,0.48123,1,5000,0.392833,0.649516,0,1,,0.060368
per_model,meta-llama-Llama-3.1-8B,base,16,within_cos,separability,1,commit,20,0.193744,0.413097,-0.268778,0.589315,0,5000,0.223822,0.749291,0,1,,0.839754
per_model,weidawang-Chem-R-8B,chem-r,16,within_cos,separability,1,commit,20,-0.102708,0.666548,-0.59631,0.377466,0,5000,-0.208604,0.242416,0,0,,0.932817
per_model,phenixace-Chem-R-Faithful,chem,16,within_cos,separability,1,commit,20,-0.261988,0.264493,-0.722208,0.267372,0,5000,-0.3015,0.755072,0,1,,0.718547
per_model,OpenDFM-ChemDFM-v1.5-8B,chemdfm,16,within_cos,separability,1,commit,20,-0.131315,0.581054,-0.560807,0.352687,0,5000,-0.168459,0.607636,0,1,,0.914685
per_model,deepseek-ai-DeepSeek-R1-Distill-Llama-8B,reason,16,within_cos,separability,1,commit,20,0.359594,0.119417,-0.181816,0.723491,0,5000,0.380493,0.893167,0,1,,0.534742
pooled,,pooled,16,within_cos,separability,1,commit,20,0.007337,0.942241,-0.259656,0.247005,0,5000,0.009104,0.649516,0,1,,0.98944
per_model,meta-llama-Llama-3.1-8B,base,24,within_cos,separability,1,commit,20,-0.309839,0.18371,-0.69095,0.1673,0,5000,-0.357941,0.749291,0,1,,0.628532
per_model,weidawang-Chem-R-8B,chem-r,24,within_cos,separability,1,commit,20,-0.106512,0.654919,-0.543601,0.387756,0,5000,-0.21633,0.242416,0,0,,0.929999
per_model,phenixace-Chem-R-Faithful,chem,24,within_cos,separability,1,commit,20,-0.156287,0.510542,-0.558488,0.301291,0,5000,-0.179857,0.755072,0,1,,0.887246
per_model,OpenDFM-ChemDFM-v1.5-8B,chemdfm,24,within_cos,separability,1,commit,20,-0.604202,0.00478,-0.870376,-0.161747,1,5000,-0.775104,0.607636,0,1,,0.12385
per_model,deepseek-ai-DeepSeek-R1-Distill-Llama-8B,reason,24,within_cos,separability,1,commit,20,0.275915,0.238993,-0.235568,0.628601,0,5000,0.29195,0.893167,0,1,,0.69679
pooled,,pooled,24,within_cos,separability,1,commit,20,-0.178385,0.075783,-0.464297,0.120831,0,5000,-0.221342,0.649516,0,1,,0.444977
per_model,meta-llama-Llama-3.1-8B,base,31,within_cos,separability,1,commit,20,-0.028647,0.904572,-0.508607,0.462897,0,5000,-0.033094,0.749291,0,1,,0.98944
per_model,weidawang-Chem-R-8B,chem-r,31,within_cos,separability,1,commit,20,0.068472,0.774239,-0.422767,0.525263,0,5000,0.139069,0.242416,0,0,,0.969666
per_model,phenixace-Chem-R-Faithful,chem,31,within_cos,separability,1,commit,20,-0.242358,0.303236,-0.618816,0.219591,0,5000,-0.278909,0.755072,0,1,,0.75779
per_model,OpenDFM-ChemDFM-v1.5-8B,chemdfm,31,within_cos,separability,1,commit,20,-0.453151,0.044799,-0.791139,0.038744,0,5000,-0.581328,0.607636,0,1,,0.383398
per_model,deepseek-ai-DeepSeek-R1-Distill-Llama-8B,reason,31,within_cos,separability,1,commit,20,0.073125,0.759317,-0.45914,0.570564,0,5000,0.077375,0.893167,0,1,,0.965228
pooled,,pooled,31,within_cos,separability,1,commit,20,-0.111656,0.268733,-0.427581,0.225047,0,5000,-0.138544,0.649516,0,1,,0.723555
per_model,meta-llama-Llama-3.1-8B,base,0,within_cos,separability,1,conditional_acc,20,0.551106,0.011784,0.103025,0.833416,1,5000,0.601758,0.838739,0,1,,0.194562
per_model,weidawang-Chem-R-8B,chem-r,0,within_cos,separability,1,conditional_acc,20,0.030653,0.897922,-0.343501,0.396446,0,4708,,-0.256883,0,0,,0.98944
per_model,phenixace-Chem-R-Faithful,chem,0,within_cos,separability,1,conditional_acc,20,0.232312,0.324327,-0.112899,0.557886,0,4430,,,0,0,,0.774662
per_model,OpenDFM-ChemDFM-v1.5-8B,chemdfm,0,within_cos,separability,1,conditional_acc,20,-0.544842,0.012986,-0.814705,-0.164178,1,4999,-0.688713,0.625842,0,1,,0.198628
per_model,deepseek-ai-DeepSeek-R1-Distill-Llama-8B,reason,0,within_cos,separability,1,conditional_acc,20,0.165539,0.485502,-0.289868,0.579201,0,5000,0.21568,0.589088,0,1,,0.875607
pooled,,pooled,0,within_cos,separability,1,conditional_acc,20,0.088655,0.380416,-0.116789,0.298272,0,5000,0.132277,0.449197,0,0,,0.817155
per_model,meta-llama-Llama-3.1-8B,base,8,within_cos,separability,1,conditional_acc,20,0.598505,0.005305,0.204142,0.876436,1,5000,0.653513,0.838739,0,1,,0.127071
per_model,weidawang-Chem-R-8B,chem-r,8,within_cos,separability,1,conditional_acc,20,0.04944,0.836015,-0.339751,0.438023,0,4708,,-0.256883,0,0,,0.977237
per_model,phenixace-Chem-R-Faithful,chem,8,within_cos,separability,1,conditional_acc,20,0.004302,0.985638,-0.442552,0.401818,0,4430,,,0,0,,0.99544
per_model,OpenDFM-ChemDFM-v1.5-8B,chemdfm,8,within_cos,separability,1,conditional_acc,20,-0.508629,0.022015,-0.773159,-0.126443,1,4999,-0.642938,0.625842,0,1,,0.263666
per_model,deepseek-ai-DeepSeek-R1-Distill-Llama-8B,reason,8,within_cos,separability,1,conditional_acc,20,0.20653,0.382319,-0.303441,0.667011,0,5000,0.269087,0.589088,0,1,,0.817692
pooled,,pooled,8,within_cos,separability,1,conditional_acc,20,0.091464,0.365445,-0.149041,0.304331,0,5000,0.136468,0.449197,0,0,,0.806078
per_model,meta-llama-Llama-3.1-8B,base,16,within_cos,separability,1,conditional_acc,20,-0.223335,0.343893,-0.626352,0.272587,0,5000,-0.243861,0.838739,0,1,,0.787495
per_model,weidawang-Chem-R-8B,chem-r,16,within_cos,separability,1,conditional_acc,20,-0.096903,0.684435,-0.619345,0.416963,0,4708,,-0.256883,0,0,,0.940183
per_model,phenixace-Chem-R-Faithful,chem,16,within_cos,separability,1,conditional_acc,20,0.233387,0.322028,-0.202506,0.613246,0,4430,,,0,0,,0.772077
per_model,OpenDFM-ChemDFM-v1.5-8B,chemdfm,16,within_cos,separability,1,conditional_acc,20,-0.209048,0.376412,-0.610236,0.255979,0,4999,-0.264249,0.625842,0,1,,0.81268
per_model,deepseek-ai-DeepSeek-R1-Distill-Llama-8B,reason,16,within_cos,separability,1,conditional_acc,20,0.1009,0.672101,-0.376674,0.540485,0,5000,0.131462,0.589088,0,1,,0.934008
pooled,,pooled,16,within_cos,separability,1,conditional_acc,20,-0.053253,0.598742,-0.306954,0.203357,0,5000,-0.079456,0.449197,0,0,,0.914685
per_model,meta-llama-Llama-3.1-8B,base,24,within_cos,separability,1,conditional_acc,20,-0.437832,0.053516,-0.791408,0.01736,0,5000,-0.478073,0.838739,0,1,,0.402006
per_model,weidawang-Chem-R-8B,chem-r,24,within_cos,separability,1,conditional_acc,20,-0.009888,0.966998,-0.43866,0.395573,0,4708,,-0.256883,0,0,,0.995027
per_model,phenixace-Chem-R-Faithful,chem,24,within_cos,separability,1,conditional_acc,20,-0.125836,0.597064,-0.513492,0.303428,0,4430,,,0,0,,0.914685
per_model,OpenDFM-ChemDFM-v1.5-8B,chemdfm,24,within_cos,separability,1,conditional_acc,20,-0.115223,0.628576,-0.573598,0.399054,0,4999,-0.145649,0.625842,0,1,,0.925877
per_model,deepseek-ai-DeepSeek-R1-Distill-Llama-8B,reason,24,within_cos,separability,1,conditional_acc,20,0.145044,0.541776,-0.304753,0.565444,0,5000,0.188977,0.589088,0,1,,0.900255
pooled,,pooled,24,within_cos,separability,1,conditional_acc,20,-0.083157,0.410768,-0.320795,0.180208,0,5000,-0.124074,0.449197,0,0,,0.838577
per_model,meta-llama-Llama-3.1-8B,base,31,within_cos,separability,1,conditional_acc,20,-0.268323,0.252689,-0.660735,0.192362,0,5000,-0.292984,0.838739,0,1,,0.710761
per_model,weidawang-Chem-R-8B,chem-r,31,within_cos,separability,1,conditional_acc,20,-0.071194,0.765499,-0.475073,0.313762,0,4708,,-0.256883,0,0,,0.967672
per_model,phenixace-Chem-R-Faithful,chem,31,within_cos,separability,1,conditional_acc,20,-0.201122,0.395176,-0.530491,0.141625,0,4430,,,0,0,,0.831278
per_model,OpenDFM-ChemDFM-v1.5-8B,chemdfm,31,within_cos,separability,1,conditional_acc,20,-0.080656,0.735339,-0.556722,0.433306,0,4999,-0.101955,0.625842,0,1,,0.952563
per_model,deepseek-ai-DeepSeek-R1-Distill-Llama-8B,reason,31,within_cos,separability,1,conditional_acc,20,-0.148197,0.532929,-0.555152,0.32071,0,5000,-0.193085,0.589088,0,1,,0.898088
pooled,,pooled,31,within_cos,separability,1,conditional_acc,20,-0.162297,0.106684,-0.358882,0.053949,0,5000,-0.242154,0.449197,0,0,,0.509154
per_model,meta-llama-Llama-3.1-8B,base,0,within_cos,separability,1,underspecified,20,-0.321559,0.166816,-0.665349,0.165902,0,4996,-0.353126,0.829207,0,1,,0.603341
per_model,weidawang-Chem-R-8B,chem-r,0,within_cos,separability,1,underspecified,20,-0.229552,0.330269,-0.646981,0.246736,0,4551,,-0.324026,0,0,,0.778973
per_model,phenixace-Chem-R-Faithful,chem,0,within_cos,separability,1,underspecified,20,0.075872,0.750544,-0.491765,0.588202,0,4979,0.079188,0.918021,0,1,,0.96154
per_model,OpenDFM-ChemDFM-v1.5-8B,chemdfm,0,within_cos,separability,1,underspecified,20,0.110856,0.641733,-0.404995,0.565046,0,4941,0.124159,0.797181,0,1,,0.926298
per_model,deepseek-ai-DeepSeek-R1-Distill-Llama-8B,reason,0,within_cos,separability,1,underspecified,20,-0.482029,0.031377,-0.763321,-0.135667,1,4905,-0.504381,0.913335,0,1,,0.32036
pooled,,pooled,0,within_cos,separability,1,underspecified,20,-0.124042,0.218856,-0.398682,0.180644,0,5000,-0.156683,0.626744,0,1,,0.665749
per_model,meta-llama-Llama-3.1-8B,base,8,within_cos,separability,1,underspecified,20,-0.107186,0.652864,-0.548098,0.407629,0,4996,-0.117709,0.829207,0,1,,0.929371
per_model,weidawang-Chem-R-8B,chem-r,8,within_cos,separability,1,underspecified,20,0.050462,0.832672,-0.358303,0.438141,0,4551,,-0.324026,0,0,,0.977237
per_model,phenixace-Chem-R-Faithful,chem,8,within_cos,separability,1,underspecified,20,0.001764,0.994109,-0.444138,0.431748,0,4979,0.001842,0.918021,0,1,,0.996812
per_model,OpenDFM-ChemDFM-v1.5-8B,chemdfm,8,within_cos,separability,1,underspecified,20,0.115972,0.626332,-0.373121,0.583181,0,4941,0.12989,0.797181,0,1,,0.925877
per_model,deepseek-ai-DeepSeek-R1-Distill-Llama-8B,reason,8,within_cos,separability,1,underspecified,20,-0.466271,0.038241,-0.732616,-0.003214,1,4905,-0.487891,0.913335,0,1,,0.349259
pooled,,pooled,8,within_cos,separability,1,underspecified,20,-0.050372,0.618693,-0.322189,0.197333,0,5000,-0.063628,0.626744,0,1,,0.92295
per_model,meta-llama-Llama-3.1-8B,base,16,within_cos,separability,1,underspecified,20,-0.06761,0.777011,-0.472284,0.379508,0,4996,-0.074247,0.829207,0,1,,0.969666
per_model,weidawang-Chem-R-8B,chem-r,16,within_cos,separability,1,underspecified,20,0.446242,0.048584,0.032902,0.765459,1,4551,,-0.324026,0,0,,0.393595
per_model,phenixace-Chem-R-Faithful,chem,16,within_cos,separability,1,underspecified,20,0.485231,0.030109,0.090817,0.795078,1,4979,0.506433,0.918021,0,1,,0.312025
per_model,OpenDFM-ChemDFM-v1.5-8B,chemdfm,16,within_cos,separability,1,underspecified,20,0.006822,0.977228,-0.430976,0.487704,0,4941,0.007641,0.797181,0,1,,0.995027
per_model,deepseek-ai-DeepSeek-R1-Distill-Llama-8B,reason,16,within_cos,separability,1,underspecified,20,-0.300341,0.198222,-0.673155,0.231075,0,4905,-0.314268,0.913335,0,1,,0.655865
pooled,,pooled,16,within_cos,separability,1,underspecified,20,0.07645,0.449655,-0.127521,0.265986,0,5000,0.096567,0.626744,0,1,,0.860745
per_model,meta-llama-Llama-3.1-8B,base,24,within_cos,separability,1,underspecified,20,0.075855,0.750599,-0.445405,0.541194,0,4996,0.083302,0.829207,0,1,,0.96154
per_model,weidawang-Chem-R-8B,chem-r,24,within_cos,separability,1,underspecified,20,0.100924,0.672027,-0.413833,0.584921,0,4551,,-0.324026,0,0,,0.934008
per_model,phenixace-Chem-R-Faithful,chem,24,within_cos,separability,1,underspecified,20,0.10234,0.667678,-0.378845,0.569753,0,4979,0.106811,0.918021,0,1,,0.932817
per_model,OpenDFM-ChemDFM-v1.5-8B,chemdfm,24,within_cos,separability,1,underspecified,20,0.108297,0.649486,-0.366782,0.620689,0,4941,0.121294,0.797181,0,1,,0.928659
per_model,deepseek-ai-DeepSeek-R1-Distill-Llama-8B,reason,24,within_cos,separability,1,underspecified,20,-0.464417,0.03912,-0.725804,-0.033323,1,4905,-0.485951,0.913335,0,1,,0.356002
pooled,,pooled,24,within_cos,separability,1,underspecified,20,0.001722,0.986431,-0.200502,0.200316,0,5000,0.002176,0.626744,0,1,,0.995626
per_model,meta-llama-Llama-3.1-8B,base,31,within_cos,separability,1,underspecified,20,0.23581,0.316885,-0.294115,0.660655,0,4996,0.258959,0.829207,0,1,,0.769757
per_model,weidawang-Chem-R-8B,chem-r,31,within_cos,separability,1,underspecified,20,0.116755,0.623988,-0.368836,0.590791,0,4551,,-0.324026,0,0,,0.925877
per_model,phenixace-Chem-R-Faithful,chem,31,within_cos,separability,1,underspecified,20,0.225853,0.338336,-0.2563,0.638469,0,4979,0.235722,0.918021,0,1,,0.783612
per_model,OpenDFM-ChemDFM-v1.5-8B,chemdfm,31,within_cos,separability,1,underspecified,20,-0.173105,0.465488,-0.601976,0.37864,0,4941,-0.193879,0.797181,0,1,,0.867955
per_model,deepseek-ai-DeepSeek-R1-Distill-Llama-8B,reason,31,within_cos,separability,1,underspecified,20,-0.411579,0.071388,-0.69281,-0.037207,1,4905,-0.430664,0.913335,0,1,,0.437433
pooled,,pooled,31,within_cos,separability,1,underspecified,20,0.012661,0.900505,-0.201898,0.223651,0,5000,0.015993,0.626744,0,1,,0.98944
per_model,meta-llama-Llama-3.1-8B,base,0,within_cos,separability,1,non_answer,20,-0.351079,0.129073,-0.69938,0.121007,0,5000,-0.411799,0.726841,0,1,,0.559282
per_model,weidawang-Chem-R-8B,chem-r,0,within_cos,separability,1,non_answer,20,0.153751,0.51751,-0.276978,0.581969,0,5000,0.277987,0.305906,0,0,,0.893011
per_model,phenixace-Chem-R-Faithful,chem,0,within_cos,separability,1,non_answer,20,0.08124,0.733491,-0.395184,0.543381,0,5000,,-0.039064,0,0,,0.952058
per_model,OpenDFM-ChemDFM-v1.5-8B,chemdfm,0,within_cos,separability,1,non_answer,20,-0.117871,0.620654,-0.544092,0.449817,0,5000,-0.132649,0.789595,0,1,,0.924789
per_model,deepseek-ai-DeepSeek-R1-Distill-Llama-8B,reason,0,within_cos,separability,1,non_answer,20,-0.338665,0.144124,-0.758371,0.182084,0,5000,-0.39975,0.717735,0,1,,0.584841
pooled,,pooled,0,within_cos,separability,1,non_answer,20,-0.11864,0.239739,-0.352106,0.168697,0,5000,-0.167748,0.500202,0,1,,0.69679
per_model,meta-llama-Llama-3.1-8B,base,8,within_cos,separability,1,non_answer,20,-0.725563,0.000294,-0.872327,-0.452452,1,5000,-0.851051,0.726841,0,1,,0.029841
per_model,weidawang-Chem-R-8B,chem-r,8,within_cos,separability,1,non_answer,20,-0.288379,0.217563,-0.70051,0.227516,0,5000,-0.521399,0.305906,0,0,,0.66572
per_model,phenixace-Chem-R-Faithful,chem,8,within_cos,separability,1,non_answer,20,-0.115283,0.628397,-0.542725,0.316255,0,5000,,-0.039064,0,0,,0.925877
per_model,OpenDFM-ChemDFM-v1.5-8B,chemdfm,8,within_cos,separability,1,non_answer,20,-0.091425,0.701464,-0.512978,0.357083,0,5000,-0.102888,0.789595,0,1,,0.946621
per_model,deepseek-ai-DeepSeek-R1-Distill-Llama-8B,reason,8,within_cos,separability,1,non_answer,20,-0.50496,0.023155,-0.896222,0.053286,0,5000,-0.59604,0.717735,0,1,,0.26884
pooled,,pooled,8,within_cos,separability,1,non_answer,20,-0.346504,0.000413,-0.511978,-0.117733,1,5000,-0.489931,0.500202,0,1,,0.029971
per_model,meta-llama-Llama-3.1-8B,base,16,within_cos,separability,1,non_answer,20,-0.035485,0.88193,-0.552033,0.463193,0,5000,-0.041623,0.726841,0,1,,0.98944
per_model,weidawang-Chem-R-8B,chem-r,16,within_cos,separability,1,non_answer,20,-0.109385,0.646185,-0.52967,0.33096,0,5000,-0.197772,0.305906,0,0,,0.928273
per_model,phenixace-Chem-R-Faithful,chem,16,within_cos,separability,1,non_answer,20,-0.022438,0.925193,-0.526708,0.478977,0,5000,,-0.039064,0,0,,0.98944
per_model,OpenDFM-ChemDFM-v1.5-8B,chemdfm,16,within_cos,separability,1,non_answer,20,0.102759,0.666391,-0.324255,0.524154,0,5000,0.115643,0.789595,0,1,,0.932817
per_model,deepseek-ai-DeepSeek-R1-Distill-Llama-8B,reason,16,within_cos,separability,1,non_answer,20,-0.398653,0.081675,-0.784691,0.140911,0,5000,-0.470558,0.717735,0,1,,0.450094
pooled,,pooled,16,within_cos,separability,1,non_answer,20,-0.090243,0.371905,-0.331096,0.168713,0,5000,-0.127597,0.500202,0,1,,0.809618
per_model,meta-llama-Llama-3.1-8B,base,24,within_cos,separability,1,non_answer,20,0.210647,0.372689,-0.270085,0.619463,0,5000,0.247079,0.726841,0,1,,0.809618
per_model,weidawang-Chem-R-8B,chem-r,24,within_cos,separability,1,non_answer,20,-0.031362,0.895572,-0.445513,0.373491,0,5000,-0.056704,0.305906,0,0,,0.98944
per_model,phenixace-Chem-R-Faithful,chem,24,within_cos,separability,1,non_answer,20,0.048744,0.838296,-0.381656,0.476475,0,5000,,-0.039064,0,0,,0.977569
per_model,OpenDFM-ChemDFM-v1.5-8B,chemdfm,24,within_cos,separability,1,non_answer,20,0.655089,0.001719,0.296247,0.881722,1,5000,0.737222,0.789595,0,1,,0.070144
per_model,deepseek-ai-DeepSeek-R1-Distill-Llama-8B,reason,24,within_cos,separability,1,non_answer,20,-0.245266,0.297288,-0.689096,0.27986,0,5000,-0.289505,0.717735,0,1,,0.751808
pooled,,pooled,24,within_cos,separability,1,non_answer,20,0.123573,0.220615,-0.130166,0.360433,0,5000,0.174723,0.500202,0,1,,0.669224
per_model,meta-llama-Llama-3.1-8B,base,31,within_cos,separability,1,non_answer,20,-0.195547,0.408676,-0.572413,0.231798,0,5000,-0.229367,0.726841,0,1,,0.836386
per_model,weidawang-Chem-R-8B,chem-r,31,within_cos,separability,1,non_answer,20,-0.062724,0.792775,-0.480185,0.384995,0,5000,-0.113408,0.305906,0,0,,0.970684
per_model,phenixace-Chem-R-Faithful,chem,31,within_cos,separability,1,non_answer,20,0.17099,0.471039,-0.2798,0.590568,0,5000,,-0.039064,0,0,,0.871697
per_model,OpenDFM-ChemDFM-v1.5-8B,chemdfm,31,within_cos,separability,1,non_answer,20,0.667934,0.001289,0.312967,0.849647,1,5000,0.751677,0.789595,0,1,,0.059502
per_model,deepseek-ai-DeepSeek-R1-Distill-Llama-8B,reason,31,within_cos,separability,1,non_answer,20,-0.032652,0.891303,-0.563015,0.508831,0,5000,-0.038541,0.717735,0,1,,0.98944
pooled,,pooled,31,within_cos,separability,1,non_answer,20,0.107871,0.285401,-0.151801,0.349894,0,5000,0.152521,0.500202,0,1,,0.740174
per_model,meta-llama-Llama-3.1-8B,base,0,within_cos,separability,1,malformed,20,-0.317797,0.172118,-0.709549,0.169463,0,5000,-0.510458,0.387597,0,0,,0.606954
per_model,weidawang-Chem-R-8B,chem-r,0,within_cos,separability,1,malformed,20,-0.315055,0.176054,-0.62503,0.055599,0,4323,,,0,0,,0.616332
per_model,phenixace-Chem-R-Faithful,chem,0,within_cos,separability,1,malformed,20,-0.322981,0.164841,-0.635563,0.057902,0,4352,,,0,0,,0.600477
per_model,deepseek-ai-DeepSeek-R1-Distill-Llama-8B,reason,0,within_cos,separability,1,malformed,20,-0.295189,0.206407,-0.658942,0.164151,0,4935,-0.467197,0.399209,0,0,,0.659759
pooled,,pooled,0,within_cos,separability,1,malformed,20,-0.272489,0.014472,-0.483197,-0.02156,1,5000,-0.43444,0.393403,0,0,,0.211842
per_model,meta-llama-Llama-3.1-8B,base,8,within_cos,separability,1,malformed,20,-0.304904,0.191159,-0.770647,0.25314,0,5000,-0.489747,0.387597,0,0,,0.642851
per_model,weidawang-Chem-R-8B,chem-r,8,within_cos,separability,1,malformed,20,-0.0535,0.822747,-0.453805,0.335098,0,4323,,,0,0,,0.976147
per_model,phenixace-Chem-R-Faithful,chem,8,within_cos,separability,1,malformed,20,0.156537,0.509857,-0.190933,0.51074,0,4352,,,0,0,,0.886916
per_model,deepseek-ai-DeepSeek-R1-Distill-Llama-8B,reason,8,within_cos,separability,1,malformed,20,-0.365147,0.113405,-0.756706,0.146238,0,4935,-0.57792,0.399209,0,0,,0.521896
pooled,,pooled,8,within_cos,separability,1,malformed,20,-0.160809,0.154164,-0.409125,0.071602,0,5000,-0.256385,0.393403,0,0,,0.591223
per_model,meta-llama-Llama-3.1-8B,base,16,within_cos,separability,1,malformed,20,-0.251052,0.285671,-0.677974,0.279832,0,5000,-0.40325,0.387597,0,0,,0.740174
per_model,weidawang-Chem-R-8B,chem-r,16,within_cos,separability,1,malformed,20,-0.001981,0.993385,-0.492036,0.404844,0,4323,,,0,0,,0.996812
per_model,phenixace-Chem-R-Faithful,chem,16,within_cos,separability,1,malformed,20,-0.124833,0.600012,-0.569666,0.35848,0,4352,,,0,0,,0.914973
per_model,deepseek-ai-DeepSeek-R1-Distill-Llama-8B,reason,16,within_cos,separability,1,malformed,20,-0.360881,0.118003,-0.733726,0.157028,0,4935,-0.571168,0.399209,0,0,,0.533114
pooled,,pooled,16,within_cos,separability,1,malformed,20,-0.198698,0.077245,-0.431895,0.078355,0,5000,-0.316792,0.393403,0,0,,0.444977
per_model,meta-llama-Llama-3.1-8B,base,24,within_cos,separability,1,malformed,20,0.033373,0.888917,-0.428045,0.522091,0,5000,0.053604,0.387597,0,0,,0.98944
per_model,weidawang-Chem-R-8B,chem-r,24,within_cos,separability,1,malformed,20,0.422055,0.063788,-0.097144,0.705191,0,4323,,,0,0,,0.420742
per_model,phenixace-Chem-R-Faithful,chem,24,within_cos,separability,1,malformed,20,0.394315,0.085361,-0.136252,0.754234,0,4352,,,0,0,,0.453648
per_model,deepseek-ai-DeepSeek-R1-Distill-Llama-8B,reason,24,within_cos,separability,1,malformed,20,-0.152713,0.520375,-0.642036,0.387129,0,4935,-0.2417,0.399209,0,0,,0.893265
pooled,,pooled,24,within_cos,separability,1,malformed,20,0.10509,0.353544,-0.14414,0.330019,0,5000,0.16755,0.393403,0,0,,0.800757
per_model,meta-llama-Llama-3.1-8B,base,31,within_cos,separability,1,malformed,20,-0.229057,0.331343,-0.657521,0.249997,0,5000,-0.36792,0.387597,0,0,,0.779862
per_model,weidawang-Chem-R-8B,chem-r,31,within_cos,separability,1,malformed,20,0.3745,0.103777,0.006521,0.674193,1,4323,,,0,0,,0.501194
per_model,phenixace-Chem-R-Faithful,chem,31,within_cos,separability,1,malformed,20,0.426018,0.061079,0.044759,0.727586,1,4352,,,0,0,,0.41135
per_model,deepseek-ai-DeepSeek-R1-Distill-Llama-8B,reason,31,within_cos,separability,1,malformed,20,-0.122853,0.605853,-0.579791,0.382855,0,4935,-0.19444,0.399209,0,0,,0.915939
pooled,,pooled,31,within_cos,separability,1,malformed,20,0.032801,0.7727,-0.234563,0.257043,0,5000,0.052297,0.393403,0,0,,0.969666
per_model,meta-llama-Llama-3.1-8B,base,0,retr_hit1,retrieval_group_identity,1,strict,17,0.161196,0.536532,-0.398137,0.690217,0,5000,0.172739,0.870812,0,1,,0.898088
per_model,weidawang-Chem-R-8B,chem-r,0,retr_hit1,retrieval_group_identity,1,strict,17,0.008245,0.974946,-0.583349,0.525654,0,5000,0.015839,0.270964,0,0,,0.995027
per_model,phenixace-Chem-R-Faithful,chem,0,retr_hit1,retrieval_group_identity,1,strict,17,0.144664,0.579606,-0.49577,0.635643,0,5000,0.162417,0.79334,0,1,,0.914618
per_model,OpenDFM-ChemDFM-v1.5-8B,chemdfm,0,retr_hit1,retrieval_group_identity,1,strict,17,0.277755,0.280408,-0.232432,0.686762,0,5000,0.392138,0.501705,0,1,,0.740174
per_model,deepseek-ai-DeepSeek-R1-Distill-Llama-8B,reason,0,retr_hit1,retrieval_group_identity,1,strict,17,0.430682,0.084383,-0.089378,0.84888,0,5000,0.445862,0.933064,0,1,,0.453479
pooled,,pooled,0,retr_hit1,retrieval_group_identity,1,strict,17,0.200081,0.066365,-0.136411,0.499386,0,5000,0.243715,0.673977,0,1,,0.423368
per_model,meta-llama-Llama-3.1-8B,base,8,retr_hit1,retrieval_group_identity,1,strict,17,0.004392,0.986652,-0.459493,0.506873,0,5000,0.004707,0.870812,0,1,,0.995626
per_model,weidawang-Chem-R-8B,chem-r,8,retr_hit1,retrieval_group_identity,1,strict,17,-0.113332,0.664952,-0.637525,0.424119,0,4997,-0.217719,0.270964,0,0,,0.932817
per_model,phenixace-Chem-R-Faithful,chem,8,retr_hit1,retrieval_group_identity,1,strict,17,0.433346,0.082268,-0.081945,0.810026,0,4997,0.486525,0.79334,0,1,,0.450094
per_model,OpenDFM-ChemDFM-v1.5-8B,chemdfm,8,retr_hit1,retrieval_group_identity,1,strict,17,0.185085,0.476974,-0.377799,0.679298,0,5000,0.261304,0.501705,0,1,,0.872505
per_model,deepseek-ai-DeepSeek-R1-Distill-Llama-8B,reason,8,retr_hit1,retrieval_group_identity,1,strict,17,-0.172788,0.507219,-0.589064,0.327903,0,5000,-0.178878,0.933064,0,1,,0.884516
pooled,,pooled,8,retr_hit1,retrieval_group_identity,1,strict,17,0.06128,0.577436,-0.302406,0.359769,0,5000,0.074644,0.673977,0,1,,0.914301
per_model,meta-llama-Llama-3.1-8B,base,16,retr_hit1,retrieval_group_identity,1,strict,17,0.351432,0.166597,-0.170468,0.770661,0,5000,0.376599,0.870812,0,1,,0.603341
per_model,weidawang-Chem-R-8B,chem-r,16,retr_hit1,retrieval_group_identity,1,strict,17,-0.2079,0.423301,-0.654683,0.308822,0,4706,-0.399391,0.270964,0,0,,0.844091
per_model,phenixace-Chem-R-Faithful,chem,16,retr_hit1,retrieval_group_identity,1,strict,17,0.152722,0.558429,-0.320634,0.604975,0,4879,0.171464,0.79334,0,1,,0.904215
per_model,OpenDFM-ChemDFM-v1.5-8B,chemdfm,16,retr_hit1,retrieval_group_identity,1,strict,17,0.082526,0.752852,-0.486402,0.643776,0,4336,0.11651,0.501705,0,1,,0.961998
per_model,deepseek-ai-DeepSeek-R1-Distill-Llama-8B,reason,16,retr_hit1,retrieval_group_identity,1,strict,17,-0.073327,0.77972,-0.546325,0.453308,0,4902,-0.075912,0.933064,0,1,,0.969666
pooled,,pooled,16,retr_hit1,retrieval_group_identity,1,strict,17,0.059791,0.586735,-0.265176,0.343843,0,5000,0.072831,0.673977,0,1,,0.914685
per_model,meta-llama-Llama-3.1-8B,base,24,retr_hit1,retrieval_group_identity,1,strict,17,0.221127,0.393706,-0.299384,0.682859,0,4963,0.236963,0.870812,0,1,,0.829559
per_model,weidawang-Chem-R-8B,chem-r,24,retr_hit1,retrieval_group_identity,1,strict,17,-0.015914,0.951662,-0.544114,0.548391,0,4909,-0.030572,0.270964,0,0,,0.98944
per_model,phenixace-Chem-R-Faithful,chem,24,retr_hit1,retrieval_group_identity,1,strict,17,0.086269,0.741992,-0.366021,0.425908,0,3101,0.096855,0.79334,0,1,,0.95543
per_model,OpenDFM-ChemDFM-v1.5-8B,chemdfm,24,retr_hit1,retrieval_group_identity,1,strict,17,0.099357,0.704392,-0.391663,0.485319,0,3134,0.140274,0.501705,0,1,,0.947298
per_model,deepseek-ai-DeepSeek-R1-Distill-Llama-8B,reason,24,retr_hit1,retrieval_group_identity,1,strict,17,-0.348222,0.170773,-0.718167,0.158139,0,4989,-0.360496,0.933064,0,1,,0.606547
pooled,,pooled,24,retr_hit1,retrieval_group_identity,1,strict,17,-0.010385,0.924844,-0.285942,0.249591,0,5000,-0.01265,0.673977,0,1,,0.98944
per_model,meta-llama-Llama-3.1-8B,base,31,retr_hit1,retrieval_group_identity,1,strict,17,0.229649,0.375252,-0.291602,0.683581,0,4995,0.246095,0.870812,0,1,,0.812246
per_model,weidawang-Chem-R-8B,chem-r,31,retr_hit1,retrieval_group_identity,1,strict,17,0.057768,0.825697,-0.505702,0.600664,0,4977,0.110976,0.270964,0,0,,0.976839
per_model,phenixace-Chem-R-Faithful,chem,31,retr_hit1,retrieval_group_identity,1,strict,17,0.409059,0.103019,-0.063904,0.740394,0,4983,0.459258,0.79334,0,1,,0.49994
per_model,OpenDFM-ChemDFM-v1.5-8B,chemdfm,31,retr_hit1,retrieval_group_identity,1,strict,17,-0.04754,0.856225,-0.547748,0.442681,0,4938,-0.067117,0.501705,0,1,,0.980893
per_model,deepseek-ai-DeepSeek-R1-Distill-Llama-8B,reason,31,retr_hit1,retrieval_group_identity,1,strict,17,-0.241438,0.350528,-0.61711,0.217365,0,4996,-0.249948,0.933064,0,1,,0.796729
pooled,,pooled,31,retr_hit1,retrieval_group_identity,1,strict,17,0.07443,0.498412,-0.219923,0.332822,0,5000,0.090662,0.673977,0,1,,0.879407
per_model,meta-llama-Llama-3.1-8B,base,0,retr_hit1,retrieval_group_identity,1,superclass_credit,17,0.183515,0.480785,-0.362279,0.638006,0,5000,0.210089,0.763022,0,1,,0.873452
per_model,weidawang-Chem-R-8B,chem-r,0,retr_hit1,retrieval_group_identity,1,superclass_credit,17,0.005712,0.982643,-0.587912,0.535402,0,5000,0.010512,0.295216,0,0,,0.995233
per_model,phenixace-Chem-R-Faithful,chem,0,retr_hit1,retrieval_group_identity,1,superclass_credit,17,0.447334,0.071794,-0.095932,0.793037,0,5000,0.789905,0.32071,0,0,,0.437433
per_model,OpenDFM-ChemDFM-v1.5-8B,chemdfm,0,retr_hit1,retrieval_group_identity,1,superclass_credit,17,-0.00744,0.977392,-0.579019,0.497535,0,5000,-0.008891,0.700252,0,1,,0.995027
per_model,deepseek-ai-DeepSeek-R1-Distill-Llama-8B,reason,0,retr_hit1,retrieval_group_identity,1,superclass_credit,17,0.448736,0.0708,-0.104105,0.849099,0,5000,0.470245,0.910612,0,1,,0.436316
pooled,,pooled,0,retr_hit1,retrieval_group_identity,1,superclass_credit,17,0.19766,0.069787,-0.131018,0.504126,0,5000,0.255613,0.597963,0,1,,0.434765
per_model,meta-llama-Llama-3.1-8B,base,8,retr_hit1,retrieval_group_identity,1,superclass_credit,17,-0.048943,0.852023,-0.47937,0.420605,0,5000,-0.056031,0.763022,0,1,,0.980293
per_model,weidawang-Chem-R-8B,chem-r,8,retr_hit1,retrieval_group_identity,1,superclass_credit,17,-0.270127,0.294371,-0.752871,0.281431,0,4997,-0.497162,0.295216,0,0,,0.750573
per_model,phenixace-Chem-R-Faithful,chem,8,retr_hit1,retrieval_group_identity,1,superclass_credit,17,-0.077233,0.768282,-0.645159,0.479824,0,4997,-0.136378,0.32071,0,0,,0.969035
per_model,OpenDFM-ChemDFM-v1.5-8B,chemdfm,8,retr_hit1,retrieval_group_identity,1,superclass_credit,17,0.327408,0.199553,-0.230122,0.748298,0,5000,0.391257,0.700252,0,1,,0.655865
per_model,deepseek-ai-DeepSeek-R1-Distill-Llama-8B,reason,8,retr_hit1,retrieval_group_identity,1,superclass_credit,17,-0.269458,0.295615,-0.711459,0.279703,0,5000,-0.282374,0.910612,0,1,,0.750573
pooled,,pooled,8,retr_hit1,retrieval_group_identity,1,superclass_credit,17,-0.09176,0.403592,-0.408752,0.254712,0,5000,-0.118663,0.597963,0,1,,0.836386
per_model,meta-llama-Llama-3.1-8B,base,16,retr_hit1,retrieval_group_identity,1,superclass_credit,17,0.21871,0.399028,-0.27979,0.619211,0,5000,0.250381,0.763022,0,1,,0.83454
per_model,weidawang-Chem-R-8B,chem-r,16,retr_hit1,retrieval_group_identity,1,superclass_credit,17,-0.122054,0.640742,-0.553444,0.333726,0,4706,-0.224637,0.295216,0,0,,0.926285
per_model,phenixace-Chem-R-Faithful,chem,16,retr_hit1,retrieval_group_identity,1,superclass_credit,17,0.309907,0.226073,-0.171403,0.704834,0,4879,0.547236,0.32071,0,0,,0.676612
per_model,OpenDFM-ChemDFM-v1.5-8B,chemdfm,16,retr_hit1,retrieval_group_identity,1,superclass_credit,17,0.225417,0.384355,-0.356044,0.738335,0,4336,0.269377,0.700252,0,1,,0.818689
per_model,deepseek-ai-DeepSeek-R1-Distill-Llama-8B,reason,16,retr_hit1,retrieval_group_identity,1,superclass_credit,17,-0.228171,0.378417,-0.653801,0.263405,0,4902,-0.239108,0.910612,0,1,,0.814238
pooled,,pooled,16,retr_hit1,retrieval_group_identity,1,superclass_credit,17,0.056593,0.60694,-0.231347,0.300362,0,5000,0.073185,0.597963,0,1,,0.915939
per_model,meta-llama-Llama-3.1-8B,base,24,retr_hit1,retrieval_group_identity,1,superclass_credit,17,0.07302,0.780622,-0.400781,0.533339,0,4963,0.083594,0.763022,0,1,,0.969666
per_model,weidawang-Chem-R-8B,chem-r,24,retr_hit1,retrieval_group_identity,1,superclass_credit,17,0.044152,0.866379,-0.44055,0.526411,0,4909,0.081261,0.295216,0,0,,0.986429
per_model,phenixace-Chem-R-Faithful,chem,24,retr_hit1,retrieval_group_identity,1,superclass_credit,17,0.4914,0.04515,0.092569,0.698396,1,3101,0.867718,0.32071,0,0,,0.383398
per_model,OpenDFM-ChemDFM-v1.5-8B,chemdfm,24,retr_hit1,retrieval_group_identity,1,superclass_credit,17,0.245081,0.34308,-0.217808,0.610807,0,3134,0.292876,0.700252,0,1,,0.786884
per_model,deepseek-ai-DeepSeek-R1-Distill-Llama-8B,reason,24,retr_hit1,retrieval_group_identity,1,superclass_credit,17,-0.48023,0.051051,-0.804493,-0.016181,1,4989,-0.503249,0.910612,0,1,,0.394376
pooled,,pooled,24,retr_hit1,retrieval_group_identity,1,superclass_credit,17,-0.013736,0.900708,-0.274355,0.220519,0,5000,-0.017763,0.597963,0,1,,0.98944
per_model,meta-llama-Llama-3.1-8B,base,31,retr_hit1,retrieval_group_identity,1,superclass_credit,17,0.155096,0.552255,-0.300978,0.57782,0,4995,0.177555,0.763022,0,1,,0.904215
per_model,weidawang-Chem-R-8B,chem-r,31,retr_hit1,retrieval_group_identity,1,superclass_credit,17,0.104853,0.688789,-0.44436,0.606981,0,4977,0.19298,0.295216,0,0,,0.94074
per_model,phenixace-Chem-R-Faithful,chem,31,retr_hit1,retrieval_group_identity,1,superclass_credit,17,0.470705,0.056524,-0.012397,0.841272,0,4983,0.831175,0.32071,0,0,,0.403322
per_model,OpenDFM-ChemDFM-v1.5-8B,chemdfm,31,retr_hit1,retrieval_group_identity,1,superclass_credit,17,-0.14193,0.586868,-0.617223,0.354169,0,4938,-0.169608,0.700252,0,1,,0.914685
per_model,deepseek-ai-DeepSeek-R1-Distill-Llama-8B,reason,31,retr_hit1,retrieval_group_identity,1,superclass_credit,17,-0.307368,0.230098,-0.710572,0.205511,0,4996,-0.322101,0.910612,0,1,,0.685651
pooled,,pooled,31,retr_hit1,retrieval_group_identity,1,superclass_credit,17,0.046816,0.670497,-0.254187,0.328611,0,5000,0.060542,0.597963,0,1,,0.932817
per_model,meta-llama-Llama-3.1-8B,base,0,retr_hit1,retrieval_group_identity,1,commit,17,0.138512,0.595997,-0.405387,0.660053,0,5000,0.160016,0.749291,0,1,,0.914685
per_model,weidawang-Chem-R-8B,chem-r,0,retr_hit1,retrieval_group_identity,1,commit,17,0.358075,0.158175,-0.240563,0.74128,0,5000,0.727266,0.242416,0,0,,0.591587
per_model,phenixace-Chem-R-Faithful,chem,0,retr_hit1,retrieval_group_identity,1,commit,17,0.194258,0.455004,-0.415577,0.681132,0,5000,0.223555,0.755072,0,1,,0.860745
per_model,OpenDFM-ChemDFM-v1.5-8B,chemdfm,0,retr_hit1,retrieval_group_identity,1,commit,17,0.225611,0.383935,-0.28364,0.662007,0,5000,0.289427,0.607636,0,1,,0.81848
per_model,deepseek-ai-DeepSeek-R1-Distill-Llama-8B,reason,0,retr_hit1,retrieval_group_identity,1,commit,17,0.453185,0.067716,-0.050989,0.826982,0,5000,0.479522,0.893167,0,1,,0.427151
pooled,,pooled,0,retr_hit1,retrieval_group_identity,1,commit,17,0.264398,0.014476,-0.013103,0.514049,0,5000,0.328068,0.649516,0,1,,0.211842
per_model,meta-llama-Llama-3.1-8B,base,8,retr_hit1,retrieval_group_identity,1,commit,17,-0.003143,0.990448,-0.477707,0.504281,0,5000,-0.003631,0.749291,0,1,,0.996334
per_model,weidawang-Chem-R-8B,chem-r,8,retr_hit1,retrieval_group_identity,1,commit,17,0.198993,0.443867,-0.364955,0.673432,0,4997,0.404163,0.242416,0,0,,0.859705
per_model,phenixace-Chem-R-Faithful,chem,8,retr_hit1,retrieval_group_identity,1,commit,17,0.517294,0.033456,0.025079,0.854386,1,4997,0.59531,0.755072,0,1,,0.327664
per_model,OpenDFM-ChemDFM-v1.5-8B,chemdfm,8,retr_hit1,retrieval_group_identity,1,commit,17,0.237364,0.358964,-0.318535,0.675192,0,5000,0.304505,0.607636,0,1,,0.80341
per_model,deepseek-ai-DeepSeek-R1-Distill-Llama-8B,reason,8,retr_hit1,retrieval_group_identity,1,commit,17,-0.238671,0.356247,-0.629055,0.254105,0,5000,-0.252542,0.893167,0,1,,0.80341
pooled,,pooled,8,retr_hit1,retrieval_group_identity,1,commit,17,0.135919,0.214856,-0.208228,0.411977,0,5000,0.16865,0.649516,0,1,,0.661235
per_model,meta-llama-Llama-3.1-8B,base,16,retr_hit1,retrieval_group_identity,1,commit,17,0.370186,0.143573,-0.149305,0.801273,0,5000,0.427656,0.749291,0,1,,0.584841
per_model,weidawang-Chem-R-8B,chem-r,16,retr_hit1,retrieval_group_identity,1,commit,17,-0.02011,0.938938,-0.490752,0.480389,0,4706,-0.040843,0.242416,0,0,,0.98944
per_model,phenixace-Chem-R-Faithful,chem,16,retr_hit1,retrieval_group_identity,1,commit,17,0.246525,0.340155,-0.219141,0.677593,0,4879,0.283705,0.755072,0,1,,0.783808
per_model,OpenDFM-ChemDFM-v1.5-8B,chemdfm,16,retr_hit1,retrieval_group_identity,1,commit,17,0.140946,0.589489,-0.409443,0.639577,0,4336,0.180813,0.607636,0,1,,0.914685
per_model,deepseek-ai-DeepSeek-R1-Distill-Llama-8B,reason,16,retr_hit1,retrieval_group_identity,1,commit,17,-0.133715,0.608907,-0.605225,0.443503,0,4902,-0.141486,0.893167,0,1,,0.916429
pooled,,pooled,16,retr_hit1,retrieval_group_identity,1,commit,17,0.105122,0.338322,-0.225467,0.394045,0,5000,0.130437,0.649516,0,1,,0.783612
per_model,meta-llama-Llama-3.1-8B,base,24,retr_hit1,retrieval_group_identity,1,commit,17,0.214635,0.408089,-0.325948,0.680072,0,4963,0.247956,0.749291,0,1,,0.836386
per_model,weidawang-Chem-R-8B,chem-r,24,retr_hit1,retrieval_group_identity,1,commit,17,0.161172,0.536592,-0.371297,0.685419,0,4909,0.327348,0.242416,0,0,,0.898088
per_model,phenixace-Chem-R-Faithful,chem,24,retr_hit1,retrieval_group_identity,1,commit,17,0.172644,0.507578,-0.281199,0.514204,0,3101,0.198682,0.755072,0,1,,0.884516
per_model,OpenDFM-ChemDFM-v1.5-8B,chemdfm,24,retr_hit1,retrieval_group_identity,1,commit,17,0.092962,0.722689,-0.395278,0.456883,0,3134,0.119257,0.607636,0,1,,0.952058
per_model,deepseek-ai-DeepSeek-R1-Distill-Llama-8B,reason,24,retr_hit1,retrieval_group_identity,1,commit,17,-0.370903,0.142738,-0.772624,0.164131,0,4989,-0.392459,0.893167,0,1,,0.584537
pooled,,pooled,24,retr_hit1,retrieval_group_identity,1,commit,17,0.024492,0.823932,-0.266864,0.297909,0,5000,0.030389,0.649516,0,1,,0.97664
per_model,meta-llama-Llama-3.1-8B,base,31,retr_hit1,retrieval_group_identity,1,commit,17,0.258749,0.315956,-0.270799,0.704681,0,4995,0.29892,0.749291,0,1,,0.769757
per_model,weidawang-Chem-R-8B,chem-r,31,retr_hit1,retrieval_group_identity,1,commit,17,0.276984,0.281801,-0.296718,0.776141,0,4977,0.562567,0.242416,0,0,,0.740174
per_model,phenixace-Chem-R-Faithful,chem,31,retr_hit1,retrieval_group_identity,1,commit,17,0.501608,0.040221,0.04756,0.791121,1,4983,0.577258,0.755072,0,1,,0.359582
per_model,OpenDFM-ChemDFM-v1.5-8B,chemdfm,31,retr_hit1,retrieval_group_identity,1,commit,17,-0.073903,0.778033,-0.557417,0.406277,0,4938,-0.094806,0.607636,0,1,,0.969666
per_model,deepseek-ai-DeepSeek-R1-Distill-Llama-8B,reason,31,retr_hit1,retrieval_group_identity,1,commit,17,-0.28687,0.264263,-0.673433,0.196224,0,4996,-0.303542,0.893167,0,1,,0.718547
pooled,,pooled,31,retr_hit1,retrieval_group_identity,1,commit,17,0.127017,0.2467,-0.166228,0.381227,0,5000,0.157604,0.649516,0,1,,0.70754
per_model,meta-llama-Llama-3.1-8B,base,0,retr_hit1,retrieval_group_identity,1,conditional_acc,17,0.246326,0.340556,-0.291638,0.705931,0,4997,0.268966,0.838739,0,1,,0.783928
per_model,weidawang-Chem-R-8B,chem-r,0,retr_hit1,retrieval_group_identity,1,conditional_acc,17,-0.177377,0.495827,-0.646411,0.347369,0,4709,,-0.256883,0,0,,0.878036
per_model,phenixace-Chem-R-Faithful,chem,0,retr_hit1,retrieval_group_identity,1,conditional_acc,17,0.335544,0.18795,-0.058602,0.683614,0,4426,,,0,0,,0.634581
per_model,OpenDFM-ChemDFM-v1.5-8B,chemdfm,0,retr_hit1,retrieval_group_identity,1,conditional_acc,17,0.314475,0.218945,-0.174615,0.681896,0,5000,0.397515,0.625842,0,1,,0.665749
per_model,deepseek-ai-DeepSeek-R1-Distill-Llama-8B,reason,0,retr_hit1,retrieval_group_identity,1,conditional_acc,17,0.280586,0.275332,-0.25383,0.813937,0,5000,0.365574,0.589088,0,1,,0.732832
pooled,,pooled,0,retr_hit1,retrieval_group_identity,1,conditional_acc,17,0.208681,0.055287,-0.066619,0.434714,0,5000,0.311361,0.449197,0,0,,0.402212
per_model,meta-llama-Llama-3.1-8B,base,8,retr_hit1,retrieval_group_identity,1,conditional_acc,17,-0.00529,0.983923,-0.469049,0.48689,0,4997,-0.005777,0.838739,0,1,,0.995291
per_model,weidawang-Chem-R-8B,chem-r,8,retr_hit1,retrieval_group_identity,1,conditional_acc,17,-0.16944,0.515607,-0.591175,0.31203,0,4706,,-0.256883,0,0,,0.892384
per_model,phenixace-Chem-R-Faithful,chem,8,retr_hit1,retrieval_group_identity,1,conditional_acc,17,0.020367,0.938157,-0.408248,0.471228,0,4425,,,0,0,,0.98944
per_model,OpenDFM-ChemDFM-v1.5-8B,chemdfm,8,retr_hit1,retrieval_group_identity,1,conditional_acc,17,0.10701,0.682697,-0.434096,0.649706,0,5000,0.135268,0.625842,0,1,,0.940183
per_model,deepseek-ai-DeepSeek-R1-Distill-Llama-8B,reason,8,retr_hit1,retrieval_group_identity,1,conditional_acc,17,-0.150426,0.564429,-0.579017,0.397967,0,5000,-0.195989,0.589088,0,1,,0.905702
pooled,,pooled,8,retr_hit1,retrieval_group_identity,1,conditional_acc,17,-0.041481,0.706221,-0.282679,0.187557,0,5000,-0.061892,0.449197,0,0,,0.94776
per_model,meta-llama-Llama-3.1-8B,base,16,retr_hit1,retrieval_group_identity,1,conditional_acc,17,0.152349,0.559402,-0.377971,0.635747,0,4997,0.166351,0.838739,0,1,,0.904215
per_model,weidawang-Chem-R-8B,chem-r,16,retr_hit1,retrieval_group_identity,1,conditional_acc,17,-0.176749,0.49738,-0.513351,0.258528,0,4431,,-0.256883,0,0,,0.878197
per_model,phenixace-Chem-R-Faithful,chem,16,retr_hit1,retrieval_group_identity,1,conditional_acc,17,-0.192991,0.458007,-0.51177,0.22134,0,4322,,,0,0,,0.86267
per_model,OpenDFM-ChemDFM-v1.5-8B,chemdfm,16,retr_hit1,retrieval_group_identity,1,conditional_acc,17,-0.033037,0.899831,-0.532158,0.574737,0,4336,-0.041761,0.625842,0,1,,0.98944
per_model,deepseek-ai-DeepSeek-R1-Distill-Llama-8B,reason,16,retr_hit1,retrieval_group_identity,1,conditional_acc,17,-0.078815,0.763659,-0.527331,0.415113,0,4902,-0.102688,0.589088,0,1,,0.966084
pooled,,pooled,16,retr_hit1,retrieval_group_identity,1,conditional_acc,17,-0.056823,0.605473,-0.276304,0.135887,0,5000,-0.084783,0.449197,0,0,,0.915939
per_model,meta-llama-Llama-3.1-8B,base,24,retr_hit1,retrieval_group_identity,1,conditional_acc,17,0.209809,0.418958,-0.300329,0.689715,0,4961,0.229093,0.838739,0,1,,0.844091
per_model,weidawang-Chem-R-8B,chem-r,24,retr_hit1,retrieval_group_identity,1,conditional_acc,17,-0.196959,0.448633,-0.565385,0.278546,0,4624,,-0.256883,0,0,,0.860745
per_model,phenixace-Chem-R-Faithful,chem,24,retr_hit1,retrieval_group_identity,1,conditional_acc,17,-0.017778,0.946007,-0.402245,0.373811,0,2708,,,0,0,,0.98944
per_model,OpenDFM-ChemDFM-v1.5-8B,chemdfm,24,retr_hit1,retrieval_group_identity,1,conditional_acc,17,0.006985,0.978774,-0.412851,0.470292,0,3134,0.008829,0.625842,0,1,,0.995027
per_model,deepseek-ai-DeepSeek-R1-Distill-Llama-8B,reason,24,retr_hit1,retrieval_group_identity,1,conditional_acc,17,-0.338081,0.184425,-0.695298,0.124587,0,4989,-0.440484,0.589088,0,1,,0.628532
pooled,,pooled,24,retr_hit1,retrieval_group_identity,1,conditional_acc,17,-0.018763,0.864661,-0.232941,0.197349,0,5000,-0.027996,0.449197,0,0,,0.985548
per_model,meta-llama-Llama-3.1-8B,base,31,retr_hit1,retrieval_group_identity,1,conditional_acc,17,0.222379,0.390964,-0.274509,0.679512,0,4992,0.242818,0.838739,0,1,,0.827985
per_model,weidawang-Chem-R-8B,chem-r,31,retr_hit1,retrieval_group_identity,1,conditional_acc,17,-0.19614,0.45056,-0.575541,0.28791,0,4687,,-0.256883,0,0,,0.860745
per_model,phenixace-Chem-R-Faithful,chem,31,retr_hit1,retrieval_group_identity,1,conditional_acc,17,-0.050138,0.84845,-0.450685,0.419857,0,4411,,,0,0,,0.980293
per_model,OpenDFM-ChemDFM-v1.5-8B,chemdfm,31,retr_hit1,retrieval_group_identity,1,conditional_acc,17,-0.066842,0.798809,-0.562076,0.416221,0,4938,-0.084492,0.625842,0,1,,0.973875
per_model,deepseek-ai-DeepSeek-R1-Distill-Llama-8B,reason,31,retr_hit1,retrieval_group_identity,1,conditional_acc,17,-0.162449,0.533326,-0.56971,0.321504,0,4996,-0.211654,0.589088,0,1,,0.898088
pooled,,pooled,31,retr_hit1,retrieval_group_identity,1,conditional_acc,17,-0.027272,0.804323,-0.251915,0.175838,0,5000,-0.040691,0.449197,0,0,,0.975122
per_model,meta-llama-Llama-3.1-8B,base,0,retr_hit1,retrieval_group_identity,1,underspecified,17,0.064863,0.804657,-0.473074,0.539417,0,4997,0.07123,0.829207,0,1,,0.975122
per_model,weidawang-Chem-R-8B,chem-r,0,retr_hit1,retrieval_group_identity,1,underspecified,17,-0.154022,0.555045,-0.519275,0.256753,0,4163,,-0.324026,0,0,,0.904215
per_model,phenixace-Chem-R-Faithful,chem,0,retr_hit1,retrieval_group_identity,1,underspecified,17,0.035065,0.893715,-0.438061,0.506067,0,4928,0.036597,0.918021,0,1,,0.98944
per_model,OpenDFM-ChemDFM-v1.5-8B,chemdfm,0,retr_hit1,retrieval_group_identity,1,underspecified,17,-0.44435,0.073942,-0.813484,0.070733,0,4811,-0.497675,0.797181,0,1,,0.442379
per_model,deepseek-ai-DeepSeek-R1-Distill-Llama-8B,reason,0,retr_hit1,retrieval_group_identity,1,underspecified,17,-0.026322,0.920122,-0.517199,0.471554,0,4807,-0.027543,0.913335,0,1,,0.98944
pooled,,pooled,0,retr_hit1,retrieval_group_identity,1,underspecified,17,-0.068977,0.530486,-0.363981,0.213608,0,5000,-0.087128,0.626744,0,1,,0.898088
per_model,meta-llama-Llama-3.1-8B,base,8,retr_hit1,retrieval_group_identity,1,underspecified,17,-0.015914,0.95166,-0.488841,0.461067,0,4997,-0.017477,0.829207,0,1,,0.98944
per_model,weidawang-Chem-R-8B,chem-r,8,retr_hit1,retrieval_group_identity,1,underspecified,17,-0.274412,0.286476,-0.671003,0.175288,0,4163,,-0.324026,0,0,,0.740696
per_model,phenixace-Chem-R-Faithful,chem,8,retr_hit1,retrieval_group_identity,1,underspecified,17,-0.472984,0.055177,-0.820151,-0.054356,1,4925,-0.493651,0.918021,0,1,,0.402212
per_model,OpenDFM-ChemDFM-v1.5-8B,chemdfm,8,retr_hit1,retrieval_group_identity,1,underspecified,17,0.055379,0.832807,-0.433002,0.507362,0,4811,0.062025,0.797181,0,1,,0.977237
per_model,deepseek-ai-DeepSeek-R1-Distill-Llama-8B,reason,8,retr_hit1,retrieval_group_identity,1,underspecified,17,0.03772,0.885716,-0.402449,0.483417,0,4807,0.039469,0.913335,0,1,,0.98944
pooled,,pooled,8,retr_hit1,retrieval_group_identity,1,underspecified,17,-0.079807,0.467806,-0.365215,0.223167,0,5000,-0.100809,0.626744,0,1,,0.86888
per_model,meta-llama-Llama-3.1-8B,base,16,retr_hit1,retrieval_group_identity,1,underspecified,17,-0.267342,0.29957,-0.714929,0.274992,0,4997,-0.293587,0.829207,0,1,,0.753823
per_model,weidawang-Chem-R-8B,chem-r,16,retr_hit1,retrieval_group_identity,1,underspecified,17,0.075751,0.772618,-0.362052,0.442407,0,3908,,-0.324026,0,0,,0.969666
per_model,phenixace-Chem-R-Faithful,chem,16,retr_hit1,retrieval_group_identity,1,underspecified,17,0.092437,0.724198,-0.396603,0.495972,0,4810,0.096476,0.918021,0,1,,0.952058
per_model,OpenDFM-ChemDFM-v1.5-8B,chemdfm,16,retr_hit1,retrieval_group_identity,1,underspecified,17,0.029277,0.911188,-0.420579,0.456488,0,4165,0.032791,0.797181,0,1,,0.98944
per_model,deepseek-ai-DeepSeek-R1-Distill-Llama-8B,reason,16,retr_hit1,retrieval_group_identity,1,underspecified,17,-0.204787,0.430432,-0.728591,0.23975,0,4727,-0.214282,0.913335,0,1,,0.851806
pooled,,pooled,16,retr_hit1,retrieval_group_identity,1,underspecified,17,-0.067008,0.542314,-0.349411,0.228682,0,5000,-0.084641,0.626744,0,1,,0.900255
per_model,meta-llama-Llama-3.1-8B,base,24,retr_hit1,retrieval_group_identity,1,underspecified,17,-0.242416,0.348521,-0.742194,0.323581,0,4960,-0.266213,0.829207,0,1,,0.794246
per_model,weidawang-Chem-R-8B,chem-r,24,retr_hit1,retrieval_group_identity,1,underspecified,17,0.082043,0.754255,-0.385998,0.473621,0,4080,,-0.324026,0,0,,0.963306
per_model,phenixace-Chem-R-Faithful,chem,24,retr_hit1,retrieval_group_identity,1,underspecified,17,0.178043,0.494184,-0.174683,0.521802,0,3049,0.185823,0.918021,0,1,,0.878036
per_model,OpenDFM-ChemDFM-v1.5-8B,chemdfm,24,retr_hit1,retrieval_group_identity,1,underspecified,17,0.160484,0.538357,-0.210625,0.56793,0,3006,0.179743,0.797181,0,1,,0.898088
per_model,deepseek-ai-DeepSeek-R1-Distill-Llama-8B,reason,24,retr_hit1,retrieval_group_identity,1,underspecified,17,-0.018177,0.944798,-0.494228,0.40147,0,4798,-0.01902,0.913335,0,1,,0.98944
pooled,,pooled,24,retr_hit1,retrieval_group_identity,1,underspecified,17,0.010216,0.926067,-0.224778,0.258302,0,5000,0.012904,0.626744,0,1,,0.98944
per_model,meta-llama-Llama-3.1-8B,base,31,retr_hit1,retrieval_group_identity,1,underspecified,17,-0.061199,0.815507,-0.594122,0.512299,0,4992,-0.067207,0.829207,0,1,,0.975151
per_model,weidawang-Chem-R-8B,chem-r,31,retr_hit1,retrieval_group_identity,1,underspecified,17,0.040334,0.87785,-0.440783,0.459085,0,4149,,-0.324026,0,0,,0.98944
per_model,phenixace-Chem-R-Faithful,chem,31,retr_hit1,retrieval_group_identity,1,underspecified,17,-0.173091,0.506462,-0.618689,0.277774,0,4912,-0.180655,0.918021,0,1,,0.884516
per_model,OpenDFM-ChemDFM-v1.5-8B,chemdfm,31,retr_hit1,retrieval_group_identity,1,underspecified,17,-0.048914,0.852112,-0.562447,0.436717,0,4750,-0.054784,0.797181,0,1,,0.980293
per_model,deepseek-ai-DeepSeek-R1-Distill-Llama-8B,reason,31,retr_hit1,retrieval_group_identity,1,underspecified,17,0.048231,0.854156,-0.40411,0.450765,0,4803,0.050467,0.913335,0,1,,0.980426
pooled,,pooled,31,retr_hit1,retrieval_group_identity,1,underspecified,17,0.000711,0.994849,-0.275155,0.287861,0,5000,0.000898,0.626744,0,1,,0.996812
per_model,meta-llama-Llama-3.1-8B,base,0,retr_hit1,retrieval_group_identity,1,non_answer,17,-0.042342,0.871816,-0.533081,0.45591,0,5000,-0.049665,0.726841,0,1,,0.988075
per_model,weidawang-Chem-R-8B,chem-r,0,retr_hit1,retrieval_group_identity,1,non_answer,17,-0.391361,0.120319,-0.717203,0.152388,0,5000,-0.707593,0.305906,0,0,,0.536887
per_model,phenixace-Chem-R-Faithful,chem,0,retr_hit1,retrieval_group_identity,1,non_answer,17,-0.265486,0.303066,-0.713662,0.265462,0,5000,,-0.039064,0,0,,0.75779
per_model,OpenDFM-ChemDFM-v1.5-8B,chemdfm,0,retr_hit1,retrieval_group_identity,1,non_answer,17,0.163778,0.529937,-0.382387,0.643685,0,5000,0.184312,0.789595,0,1,,0.898088
per_model,deepseek-ai-DeepSeek-R1-Distill-Llama-8B,reason,0,retr_hit1,retrieval_group_identity,1,non_answer,17,-0.447265,0.071843,-0.794667,0.062847,0,5000,-0.527938,0.717735,0,1,,0.437433
pooled,,pooled,0,retr_hit1,retrieval_group_identity,1,non_answer,17,-0.172138,0.115183,-0.414772,0.086903,0,5000,-0.24339,0.500202,0,1,,0.527166
per_model,meta-llama-Llama-3.1-8B,base,8,retr_hit1,retrieval_group_identity,1,non_answer,17,-0.008823,0.973191,-0.467882,0.447622,0,5000,-0.010349,0.726841,0,1,,0.995027
per_model,weidawang-Chem-R-8B,chem-r,8,retr_hit1,retrieval_group_identity,1,non_answer,17,-0.137866,0.597728,-0.607205,0.389546,0,4997,-0.249267,0.305906,0,0,,0.914685
per_model,phenixace-Chem-R-Faithful,chem,8,retr_hit1,retrieval_group_identity,1,non_answer,17,-0.028031,0.914953,-0.514932,0.468148,0,4997,,-0.039064,0,0,,0.98944
per_model,OpenDFM-ChemDFM-v1.5-8B,chemdfm,8,retr_hit1,retrieval_group_identity,1,non_answer,17,-0.388916,0.122859,-0.743634,0.140251,0,5000,-0.437677,0.789595,0,1,,0.541559
per_model,deepseek-ai-DeepSeek-R1-Distill-Llama-8B,reason,8,retr_hit1,retrieval_group_identity,1,non_answer,17,0.359781,0.15606,-0.143304,0.73888,0,5000,0.424674,0.717735,0,1,,0.591587
pooled,,pooled,8,retr_hit1,retrieval_group_identity,1,non_answer,17,-0.026111,0.812494,-0.304552,0.234632,0,5000,-0.036919,0.500202,0,1,,0.975122
per_model,meta-llama-Llama-3.1-8B,base,16,retr_hit1,retrieval_group_identity,1,non_answer,17,-0.150193,0.565038,-0.57118,0.323217,0,5000,-0.17617,0.726841,0,1,,0.905702
per_model,weidawang-Chem-R-8B,chem-r,16,retr_hit1,retrieval_group_identity,1,non_answer,17,-0.145839,0.576498,-0.574756,0.280263,0,4706,-0.263681,0.305906,0,0,,0.914301
per_model,phenixace-Chem-R-Faithful,chem,16,retr_hit1,retrieval_group_identity,1,non_answer,17,-0.515907,0.034017,-0.831238,-0.116127,1,4879,,-0.039064,0,0,,0.330912
per_model,OpenDFM-ChemDFM-v1.5-8B,chemdfm,16,retr_hit1,retrieval_group_identity,1,non_answer,17,-0.276784,0.282164,-0.663382,0.219247,0,4336,-0.311486,0.789595,0,1,,0.740174
per_model,deepseek-ai-DeepSeek-R1-Distill-Llama-8B,reason,16,retr_hit1,retrieval_group_identity,1,non_answer,17,0.238412,0.356785,-0.330314,0.671323,0,4902,0.281414,0.717735,0,1,,0.80341
pooled,,pooled,16,retr_hit1,retrieval_group_identity,1,non_answer,17,-0.141362,0.196882,-0.382451,0.134843,0,5000,-0.199875,0.500202,0,1,,0.654299
per_model,meta-llama-Llama-3.1-8B,base,24,retr_hit1,retrieval_group_identity,1,non_answer,17,0.015221,0.953765,-0.416692,0.447242,0,4963,0.017853,0.726841,0,1,,0.990475
per_model,weidawang-Chem-R-8B,chem-r,24,retr_hit1,retrieval_group_identity,1,non_answer,17,-0.289733,0.259314,-0.679537,0.153799,0,4909,-0.523845,0.305906,0,0,,0.714633
per_model,phenixace-Chem-R-Faithful,chem,24,retr_hit1,retrieval_group_identity,1,non_answer,17,-0.536014,0.026563,-0.777402,-0.214748,1,3101,,-0.039064,0,0,,0.287569
per_model,OpenDFM-ChemDFM-v1.5-8B,chemdfm,24,retr_hit1,retrieval_group_identity,1,non_answer,17,-0.228662,0.377363,-0.584966,0.202348,0,3134,-0.257331,0.789595,0,1,,0.813019
per_model,deepseek-ai-DeepSeek-R1-Distill-Llama-8B,reason,24,retr_hit1,retrieval_group_identity,1,non_answer,17,0.441122,0.076317,-0.081479,0.822571,0,4989,0.520687,0.717735,0,1,,0.444977
pooled,,pooled,24,retr_hit1,retrieval_group_identity,1,non_answer,17,-0.029336,0.789842,-0.249253,0.207536,0,5000,-0.041479,0.500202,0,1,,0.970684
per_model,meta-llama-Llama-3.1-8B,base,31,retr_hit1,retrieval_group_identity,1,non_answer,17,-0.102286,0.696065,-0.558871,0.361672,0,4995,-0.119976,0.726841,0,1,,0.943311
per_model,weidawang-Chem-R-8B,chem-r,31,retr_hit1,retrieval_group_identity,1,non_answer,17,-0.394696,0.116913,-0.772998,0.093102,0,4977,-0.713623,0.305906,0,0,,0.530076
per_model,phenixace-Chem-R-Faithful,chem,31,retr_hit1,retrieval_group_identity,1,non_answer,17,-0.566707,0.017693,-0.843658,-0.153983,1,4983,,-0.039064,0,0,,0.231042
per_model,OpenDFM-ChemDFM-v1.5-8B,chemdfm,31,retr_hit1,retrieval_group_identity,1,non_answer,17,0.129608,0.620048,-0.347431,0.573301,0,4938,0.145857,0.789595,0,1,,0.924429
per_model,deepseek-ai-DeepSeek-R1-Distill-Llama-8B,reason,31,retr_hit1,retrieval_group_identity,1,non_answer,17,0.34569,0.174117,-0.155611,0.74964,0,4996,0.408042,0.717735,0,1,,0.610611
pooled,,pooled,31,retr_hit1,retrieval_group_identity,1,non_answer,17,-0.098811,0.368275,-0.342619,0.17179,0,5000,-0.139712,0.500202,0,1,,0.806078
per_model,meta-llama-Llama-3.1-8B,base,0,retr_hit1,retrieval_group_identity,1,malformed,17,-0.286522,0.264869,-0.668356,0.210043,0,5000,-0.460222,0.387597,0,0,,0.718547
per_model,weidawang-Chem-R-8B,chem-r,0,retr_hit1,retrieval_group_identity,1,malformed,17,0.042316,0.871894,-0.381087,0.512674,0,4330,,,0,0,,0.988075
per_model,phenixace-Chem-R-Faithful,chem,0,retr_hit1,retrieval_group_identity,1,malformed,17,-0.219288,0.397752,-0.594988,0.195586,0,4310,,,0,0,,0.83454
per_model,deepseek-ai-DeepSeek-R1-Distill-Llama-8B,reason,0,retr_hit1,retrieval_group_identity,1,malformed,17,-0.235309,0.363263,-0.641778,0.216822,0,4800,-0.372425,0.399209,0,0,,0.80356
pooled,,pooled,0,retr_hit1,retrieval_group_identity,1,malformed,17,-0.155788,0.204581,-0.383525,0.09166,0,5000,-0.248379,0.393403,0,0,,0.658342
per_model,meta-llama-Llama-3.1-8B,base,8,retr_hit1,retrieval_group_identity,1,malformed,17,0.190997,0.462753,-0.355816,0.629041,0,5000,0.306787,0.387597,0,0,,0.866468
per_model,weidawang-Chem-R-8B,chem-r,8,retr_hit1,retrieval_group_identity,1,malformed,17,0.042481,0.871398,-0.425759,0.489094,0,4329,,,0,0,,0.988075
per_model,phenixace-Chem-R-Faithful,chem,8,retr_hit1,retrieval_group_identity,1,malformed,17,0.007867,0.976095,-0.455474,0.420869,0,4310,,,0,0,,0.995027
per_model,deepseek-ai-DeepSeek-R1-Distill-Llama-8B,reason,8,retr_hit1,retrieval_group_identity,1,malformed,17,-0.051839,0.843367,-0.489697,0.420957,0,4800,-0.082046,0.399209,0,0,,0.97866
pooled,,pooled,8,retr_hit1,retrieval_group_identity,1,malformed,17,0.088293,0.473999,-0.160041,0.355654,0,5000,0.14077,0.393403,0,0,,0.872505
per_model,meta-llama-Llama-3.1-8B,base,16,retr_hit1,retrieval_group_identity,1,malformed,17,-0.05419,0.83635,-0.599799,0.474364,0,5000,-0.087043,0.387597,0,0,,0.977237
per_model,weidawang-Chem-R-8B,chem-r,16,retr_hit1,retrieval_group_identity,1,malformed,17,-0.096683,0.712026,-0.573923,0.33361,0,4077,,,0,0,,0.948496
per_model,phenixace-Chem-R-Faithful,chem,16,retr_hit1,retrieval_group_identity,1,malformed,17,-0.046514,0.859296,-0.550259,0.395531,0,4216,,,0,0,,0.981445
per_model,deepseek-ai-DeepSeek-R1-Distill-Llama-8B,reason,16,retr_hit1,retrieval_group_identity,1,malformed,17,0.293312,0.253206,-0.187938,0.652522,0,4703,0.464226,0.399209,0,0,,0.710761
pooled,,pooled,16,retr_hit1,retrieval_group_identity,1,malformed,17,0.067843,0.582519,-0.22179,0.367595,0,5000,0.108165,0.393403,0,0,,0.914685
per_model,meta-llama-Llama-3.1-8B,base,24,retr_hit1,retrieval_group_identity,1,malformed,17,0.064786,0.804883,-0.469156,0.592803,0,4963,0.104062,0.387597,0,0,,0.975122
per_model,weidawang-Chem-R-8B,chem-r,24,retr_hit1,retrieval_group_identity,1,malformed,17,-0.060775,0.816763,-0.523537,0.395109,0,4246,,,0,0,,0.975151
per_model,phenixace-Chem-R-Faithful,chem,24,retr_hit1,retrieval_group_identity,1,malformed,17,-0.276041,0.283511,-0.60162,0.293278,0,2657,,,0,0,,0.740174
per_model,deepseek-ai-DeepSeek-R1-Distill-Llama-8B,reason,24,retr_hit1,retrieval_group_identity,1,malformed,17,0.278191,0.279623,-0.258855,0.67861,0,4789,0.440294,0.399209,0,0,,0.740174
pooled,,pooled,24,retr_hit1,retrieval_group_identity,1,malformed,17,0.062946,0.61009,-0.274863,0.399837,0,5000,0.100357,0.393403,0,0,,0.917122
per_model,meta-llama-Llama-3.1-8B,base,31,retr_hit1,retrieval_group_identity,1,malformed,17,-0.031638,0.904056,-0.563501,0.506209,0,4995,-0.050818,0.387597,0,0,,0.98944
per_model,weidawang-Chem-R-8B,chem-r,31,retr_hit1,retrieval_group_identity,1,malformed,17,0.084655,0.746668,-0.376806,0.509846,0,4309,,,0,0,,0.958438
per_model,phenixace-Chem-R-Faithful,chem,31,retr_hit1,retrieval_group_identity,1,malformed,17,0.028218,0.914388,-0.488725,0.474378,0,4296,,,0,0,,0.98944
per_model,deepseek-ai-DeepSeek-R1-Distill-Llama-8B,reason,31,retr_hit1,retrieval_group_identity,1,malformed,17,0.108995,0.67711,-0.449201,0.579181,0,4796,0.172506,0.399209,0,0,,0.936374
pooled,,pooled,31,retr_hit1,retrieval_group_identity,1,malformed,17,0.007433,0.952029,-0.310994,0.332199,0,5000,0.011851,0.393403,0,0,,0.98944
per_model,meta-llama-Llama-3.1-8B,base,0,retr_mrr,retrieval_group_identity,1,strict,17,0.280443,0.275587,-0.251705,0.755778,0,5000,0.300526,0.870812,0,1,,0.732832
per_model,weidawang-Chem-R-8B,chem-r,0,retr_mrr,retrieval_group_identity,1,strict,17,0.126703,0.627975,-0.488469,0.624882,0,5000,0.243406,0.270964,0,0,,0.925877
per_model,phenixace-Chem-R-Faithful,chem,0,retr_mrr,retrieval_group_identity,1,strict,17,0.262608,0.308533,-0.341653,0.730692,0,5000,0.294835,0.79334,0,1,,0.76483
per_model,OpenDFM-ChemDFM-v1.5-8B,chemdfm,0,retr_mrr,retrieval_group_identity,1,strict,17,0.328406,0.198106,-0.154057,0.705045,0,5000,0.463646,0.501705,0,1,,0.655865
per_model,deepseek-ai-DeepSeek-R1-Distill-Llama-8B,reason,0,retr_mrr,retrieval_group_identity,1,strict,17,0.455277,0.066301,-0.07099,0.885608,0,5000,0.471324,0.933064,0,1,,0.423368
pooled,,pooled,0,retr_mrr,retrieval_group_identity,1,strict,17,0.290709,0.006953,-0.022053,0.565087,0,5000,0.354108,0.673977,0,1,,0.147118
per_model,meta-llama-Llama-3.1-8B,base,8,retr_mrr,retrieval_group_identity,1,strict,17,0.166771,0.522339,-0.296778,0.608744,0,5000,0.178714,0.870812,0,1,,0.894884
per_model,weidawang-Chem-R-8B,chem-r,8,retr_mrr,retrieval_group_identity,1,strict,17,-0.173851,0.50457,-0.705218,0.378113,0,5000,-0.33398,0.270964,0,0,,0.88352
per_model,phenixace-Chem-R-Faithful,chem,8,retr_mrr,retrieval_group_identity,1,strict,17,0.408888,0.103178,-0.111591,0.79755,0,5000,0.459065,0.79334,0,1,,0.49994
per_model,OpenDFM-ChemDFM-v1.5-8B,chemdfm,8,retr_mrr,retrieval_group_identity,1,strict,17,0.14797,0.570878,-0.417851,0.665083,0,5000,0.208905,0.501705,0,1,,0.911037
per_model,deepseek-ai-DeepSeek-R1-Distill-Llama-8B,reason,8,retr_mrr,retrieval_group_identity,1,strict,17,-0.04064,0.876928,-0.484291,0.437446,0,5000,-0.042073,0.933064,0,1,,0.98944
pooled,,pooled,8,retr_mrr,retrieval_group_identity,1,strict,17,0.101242,0.356552,-0.261319,0.396341,0,5000,0.123321,0.673977,0,1,,0.80341
per_model,meta-llama-Llama-3.1-8B,base,16,retr_mrr,retrieval_group_identity,1,strict,17,0.377749,0.13494,-0.139077,0.793613,0,5000,0.404801,0.870812,0,1,,0.571972
per_model,weidawang-Chem-R-8B,chem-r,16,retr_mrr,retrieval_group_identity,1,strict,17,-0.193908,0.455833,-0.649404,0.339862,0,4788,-0.372511,0.270964,0,0,,0.860745
per_model,phenixace-Chem-R-Faithful,chem,16,retr_mrr,retrieval_group_identity,1,strict,17,0.163973,0.529441,-0.308729,0.618719,0,4935,0.184095,0.79334,0,1,,0.898088
per_model,OpenDFM-ChemDFM-v1.5-8B,chemdfm,16,retr_mrr,retrieval_group_identity,1,strict,17,0.106573,0.683931,-0.460509,0.63996,0,4780,0.150461,0.501705,0,1,,0.940183
per_model,deepseek-ai-DeepSeek-R1-Distill-Llama-8B,reason,16,retr_mrr,retrieval_group_identity,1,strict,17,-0.06321,0.809548,-0.510952,0.451484,0,4926,-0.065438,0.933064,0,1,,0.975122
pooled,,pooled,16,retr_mrr,retrieval_group_identity,1,strict,17,0.077044,0.483408,-0.247252,0.357339,0,5000,0.093846,0.673977,0,1,,0.875607
per_model,meta-llama-Llama-3.1-8B,base,24,retr_mrr,retrieval_group_identity,1,strict,17,0.197401,0.447595,-0.328512,0.668671,0,4977,0.211538,0.870812,0,1,,0.860745
per_model,weidawang-Chem-R-8B,chem-r,24,retr_mrr,retrieval_group_identity,1,strict,17,-0.011564,0.964865,-0.543217,0.565298,0,4935,-0.022215,0.270964,0,0,,0.995027
per_model,phenixace-Chem-R-Faithful,chem,24,retr_mrr,retrieval_group_identity,1,strict,17,0.07928,0.762304,-0.344426,0.493833,0,4423,0.089009,0.79334,0,1,,0.965332
per_model,OpenDFM-ChemDFM-v1.5-8B,chemdfm,24,retr_mrr,retrieval_group_identity,1,strict,17,0.174753,0.502326,-0.341503,0.614135,0,4423,0.246718,0.501705,0,1,,0.881315
per_model,deepseek-ai-DeepSeek-R1-Distill-Llama-8B,reason,24,retr_mrr,retrieval_group_identity,1,strict,17,-0.366772,0.147591,-0.727545,0.14463,0,4992,-0.3797,0.933064,0,1,,0.587189
pooled,,pooled,24,retr_mrr,retrieval_group_identity,1,strict,17,-0.004555,0.966995,-0.281628,0.250575,0,5000,-0.005549,0.673977,0,1,,0.995027
per_model,meta-llama-Llama-3.1-8B,base,31,retr_mrr,retrieval_group_identity,1,strict,17,0.248108,0.336962,-0.278839,0.688449,0,4996,0.265876,0.870812,0,1,,0.782751
per_model,weidawang-Chem-R-8B,chem-r,31,retr_mrr,retrieval_group_identity,1,strict,17,0.026772,0.918762,-0.513226,0.594745,0,4996,0.051431,0.270964,0,0,,0.98944
per_model,phenixace-Chem-R-Faithful,chem,31,retr_mrr,retrieval_group_identity,1,strict,17,0.39245,0.1192,-0.091942,0.733171,0,4988,0.44061,0.79334,0,1,,0.534742
per_model,OpenDFM-ChemDFM-v1.5-8B,chemdfm,31,retr_mrr,retrieval_group_identity,1,strict,17,-0.003434,0.989563,-0.534365,0.531767,0,4988,-0.004849,0.501705,0,1,,0.996222
per_model,deepseek-ai-DeepSeek-R1-Distill-Llama-8B,reason,31,retr_mrr,retrieval_group_identity,1,strict,17,-0.214681,0.407985,-0.624692,0.258415,0,4997,-0.222248,0.933064,0,1,,0.836386
pooled,,pooled,31,retr_mrr,retrieval_group_identity,1,strict,17,0.077449,0.4811,-0.226504,0.340525,0,5000,0.09434,0.673977,0,1,,0.873452
per_model,meta-llama-Llama-3.1-8B,base,0,retr_mrr,retrieval_group_identity,1,superclass_credit,17,0.178967,0.49191,-0.335651,0.608984,0,5000,0.204882,0.763022,0,1,,0.876281
per_model,weidawang-Chem-R-8B,chem-r,0,retr_mrr,retrieval_group_identity,1,superclass_credit,17,0.121834,0.641348,-0.492016,0.648217,0,5000,0.224233,0.295216,0,0,,0.926285
per_model,phenixace-Chem-R-Faithful,chem,0,retr_mrr,retrieval_group_identity,1,superclass_credit,17,0.601021,0.01072,0.093015,0.879489,1,5000,1.061287,0.32071,0,0,,0.187712
per_model,OpenDFM-ChemDFM-v1.5-8B,chemdfm,0,retr_mrr,retrieval_group_identity,1,superclass_credit,17,0.067776,0.796053,-0.517382,0.550011,0,5000,0.080993,0.700252,0,1,,0.973124
per_model,deepseek-ai-DeepSeek-R1-Distill-Llama-8B,reason,0,retr_mrr,retrieval_group_identity,1,superclass_credit,17,0.473132,0.05509,-0.077215,0.886945,0,5000,0.495811,0.910612,0,1,,0.402212
pooled,,pooled,0,retr_mrr,retrieval_group_identity,1,superclass_credit,17,0.283698,0.00851,-0.037598,0.568166,0,5000,0.366876,0.597963,0,1,,0.16494
per_model,meta-llama-Llama-3.1-8B,base,8,retr_mrr,retrieval_group_identity,1,superclass_credit,17,0.054355,0.835859,-0.386283,0.474418,0,5000,0.062226,0.763022,0,1,,0.977237
per_model,weidawang-Chem-R-8B,chem-r,8,retr_mrr,retrieval_group_identity,1,superclass_credit,17,-0.303005,0.237123,-0.781158,0.250064,0,5000,-0.557673,0.295216,0,0,,0.693611
per_model,phenixace-Chem-R-Faithful,chem,8,retr_mrr,retrieval_group_identity,1,superclass_credit,17,-0.084291,0.747725,-0.636156,0.457013,0,5000,-0.148841,0.32071,0,0,,0.958825
per_model,OpenDFM-ChemDFM-v1.5-8B,chemdfm,8,retr_mrr,retrieval_group_identity,1,superclass_credit,17,0.290837,0.25742,-0.281993,0.738857,0,5000,0.347554,0.700252,0,1,,0.714633
per_model,deepseek-ai-DeepSeek-R1-Distill-Llama-8B,reason,8,retr_mrr,retrieval_group_identity,1,superclass_credit,17,-0.151665,0.561189,-0.633978,0.370761,0,5000,-0.158934,0.910612,0,1,,0.904944
pooled,,pooled,8,retr_mrr,retrieval_group_identity,1,superclass_credit,17,-0.05551,0.613845,-0.367199,0.280362,0,5000,-0.071786,0.597963,0,1,,0.921074
per_model,meta-llama-Llama-3.1-8B,base,16,retr_mrr,retrieval_group_identity,1,superclass_credit,17,0.23337,0.367345,-0.254826,0.62533,0,5000,0.267164,0.763022,0,1,,0.806078
per_model,weidawang-Chem-R-8B,chem-r,16,retr_mrr,retrieval_group_identity,1,superclass_credit,17,-0.118104,0.651665,-0.54523,0.343212,0,4788,-0.217368,0.295216,0,0,,0.929371
per_model,phenixace-Chem-R-Faithful,chem,16,retr_mrr,retrieval_group_identity,1,superclass_credit,17,0.321704,0.207962,-0.158537,0.730448,0,4935,0.568067,0.32071,0,0,,0.659759
per_model,OpenDFM-ChemDFM-v1.5-8B,chemdfm,16,retr_mrr,retrieval_group_identity,1,superclass_credit,17,0.250447,0.332278,-0.323281,0.729222,0,4780,0.299287,0.700252,0,1,,0.779862
per_model,deepseek-ai-DeepSeek-R1-Distill-Llama-8B,reason,16,retr_mrr,retrieval_group_identity,1,superclass_credit,17,-0.214315,0.408804,-0.634605,0.265064,0,4926,-0.224588,0.910612,0,1,,0.836386
pooled,,pooled,16,retr_mrr,retrieval_group_identity,1,superclass_credit,17,0.070993,0.518509,-0.220353,0.30308,0,5000,0.091807,0.597963,0,1,,0.893011
per_model,meta-llama-Llama-3.1-8B,base,24,retr_mrr,retrieval_group_identity,1,superclass_credit,17,0.047459,0.856467,-0.417925,0.529596,0,4977,0.054331,0.763022,0,1,,0.980893
per_model,weidawang-Chem-R-8B,chem-r,24,retr_mrr,retrieval_group_identity,1,superclass_credit,17,0.040499,0.877353,-0.443202,0.521432,0,4935,0.074538,0.295216,0,0,,0.98944
per_model,phenixace-Chem-R-Faithful,chem,24,retr_mrr,retrieval_group_identity,1,superclass_credit,17,0.480901,0.050681,0.118582,0.773087,1,4423,0.849178,0.32071,0,0,,0.394376
per_model,OpenDFM-ChemDFM-v1.5-8B,chemdfm,24,retr_mrr,retrieval_group_identity,1,superclass_credit,17,0.309939,0.226023,-0.182382,0.700746,0,4423,0.370381,0.700252,0,1,,0.676612
per_model,deepseek-ai-DeepSeek-R1-Distill-Llama-8B,reason,24,retr_mrr,retrieval_group_identity,1,superclass_credit,17,-0.49252,0.044588,-0.812173,-0.034991,1,4992,-0.516128,0.910612,0,1,,0.383398
pooled,,pooled,24,retr_mrr,retrieval_group_identity,1,superclass_credit,17,-0.009713,0.929697,-0.271548,0.234325,0,5000,-0.012561,0.597963,0,1,,0.98944
per_model,meta-llama-Llama-3.1-8B,base,31,retr_mrr,retrieval_group_identity,1,superclass_credit,17,0.147002,0.573426,-0.306066,0.566607,0,4996,0.168289,0.763022,0,1,,0.912808
per_model,weidawang-Chem-R-8B,chem-r,31,retr_mrr,retrieval_group_identity,1,superclass_credit,17,0.07166,0.784618,-0.447341,0.581107,0,4996,0.131888,0.295216,0,0,,0.970684
per_model,phenixace-Chem-R-Faithful,chem,31,retr_mrr,retrieval_group_identity,1,superclass_credit,17,0.482801,0.049644,0.008721,0.838917,1,4988,0.852534,0.32071,0,0,,0.394376
per_model,OpenDFM-ChemDFM-v1.5-8B,chemdfm,31,retr_mrr,retrieval_group_identity,1,superclass_credit,17,-0.072807,0.781248,-0.609203,0.473746,0,4988,-0.087005,0.700252,0,1,,0.969969
per_model,deepseek-ai-DeepSeek-R1-Distill-Llama-8B,reason,31,retr_mrr,retrieval_group_identity,1,superclass_credit,17,-0.310405,0.225289,-0.708403,0.191248,0,4997,-0.325284,0.910612,0,1,,0.676612
pooled,,pooled,31,retr_mrr,retrieval_group_identity,1,superclass_credit,17,0.04947,0.652987,-0.250645,0.326217,0,5000,0.063975,0.597963,0,1,,0.929371
per_model,meta-llama-Llama-3.1-8B,base,0,retr_mrr,retrieval_group_identity,1,commit,17,0.291436,0.256396,-0.242587,0.761494,0,5000,0.336681,0.749291,0,1,,0.713804
per_model,weidawang-Chem-R-8B,chem-r,0,retr_mrr,retrieval_group_identity,1,commit,17,0.45613,0.065729,-0.125208,0.803207,0,5000,0.92642,0.242416,0,0,,0.422498
per_model,phenixace-Chem-R-Faithful,chem,0,retr_mrr,retrieval_group_identity,1,commit,17,0.342155,0.178856,-0.23413,0.781657,0,5000,0.393758,0.755072,0,1,,0.619529
per_model,OpenDFM-ChemDFM-v1.5-8B,chemdfm,0,retr_mrr,retrieval_group_identity,1,commit,17,0.312539,0.221949,-0.159748,0.712987,0,5000,0.400942,0.607636,0,1,,0.670866
per_model,deepseek-ai-DeepSeek-R1-Distill-Llama-8B,reason,0,retr_mrr,retrieval_group_identity,1,commit,17,0.47255,0.055432,-0.031839,0.858858,0,5000,0.500013,0.893167,0,1,,0.402212
pooled,,pooled,0,retr_mrr,retrieval_group_identity,1,commit,17,0.37484,0.000409,0.132395,0.577668,1,5000,0.465105,0.649516,0,1,,0.029971
per_model,meta-llama-Llama-3.1-8B,base,8,retr_mrr,retrieval_group_identity,1,commit,17,0.134901,0.605703,-0.339802,0.581636,0,5000,0.155844,0.749291,0,1,,0.915939
per_model,weidawang-Chem-R-8B,chem-r,8,retr_mrr,retrieval_group_identity,1,commit,17,0.135121,0.605111,-0.466346,0.63242,0,5000,0.274437,0.242416,0,0,,0.915939
per_model,phenixace-Chem-R-Faithful,chem,8,retr_mrr,retrieval_group_identity,1,commit,17,0.494115,0.043797,-0.005023,0.847358,0,5000,0.568636,0.755072,0,1,,0.383398
per_model,OpenDFM-ChemDFM-v1.5-8B,chemdfm,8,retr_mrr,retrieval_group_identity,1,commit,17,0.202681,0.435289,-0.36345,0.656961,0,5000,0.260011,0.607636,0,1,,0.854594
per_model,deepseek-ai-DeepSeek-R1-Distill-Llama-8B,reason,8,retr_mrr,retrieval_group_identity,1,commit,17,-0.123769,0.636022,-0.540666,0.389131,0,5000,-0.130962,0.893167,0,1,,0.926285
pooled,,pooled,8,retr_mrr,retrieval_group_identity,1,commit,17,0.170012,0.119809,-0.171163,0.436744,0,5000,0.210953,0.649516,0,1,,0.535556
per_model,meta-llama-Llama-3.1-8B,base,16,retr_mrr,retrieval_group_identity,1,commit,17,0.409621,0.102501,-0.106793,0.828752,0,5000,0.473214,0.749291,0,1,,0.499852
per_model,weidawang-Chem-R-8B,chem-r,16,retr_mrr,retrieval_group_identity,1,commit,17,-0.009273,0.971824,-0.488067,0.507626,0,4788,-0.018833,0.242416,0,0,,0.995027
per_model,phenixace-Chem-R-Faithful,chem,16,retr_mrr,retrieval_group_identity,1,commit,17,0.256185,0.320945,-0.21236,0.689705,0,4935,0.294822,0.755072,0,1,,0.772077
per_model,OpenDFM-ChemDFM-v1.5-8B,chemdfm,16,retr_mrr,retrieval_group_identity,1,commit,17,0.164833,0.527254,-0.38609,0.655926,0,4780,0.211457,0.607636,0,1,,0.897832
per_model,deepseek-ai-DeepSeek-R1-Distill-Llama-8B,reason,16,retr_mrr,retrieval_group_identity,1,commit,17,-0.12211,0.640589,-0.568699,0.444655,0,4926,-0.129206,0.893167,0,1,,0.926285
pooled,,pooled,16,retr_mrr,retrieval_group_identity,1,commit,17,0.124984,0.254406,-0.201842,0.408647,0,5000,0.155082,0.649516,0,1,,0.712169
per_model,meta-llama-Llama-3.1-8B,base,24,retr_mrr,retrieval_group_identity,1,commit,17,0.196388,0.449975,-0.348348,0.661576,0,4977,0.226877,0.749291,0,1,,0.860745
per_model,weidawang-Chem-R-8B,chem-r,24,retr_mrr,retrieval_group_identity,1,commit,17,0.16468,0.527641,-0.370758,0.696794,0,4935,0.334473,0.242416,0,0,,0.897832
per_model,phenixace-Chem-R-Faithful,chem,24,retr_mrr,retrieval_group_identity,1,commit,17,0.168573,0.517789,-0.24674,0.548985,0,4423,0.193997,0.755072,0,1,,0.893011
per_model,OpenDFM-ChemDFM-v1.5-8B,chemdfm,24,retr_mrr,retrieval_group_identity,1,commit,17,0.161962,0.53457,-0.334298,0.597028,0,4423,0.207775,0.607636,0,1,,0.898088
per_model,deepseek-ai-DeepSeek-R1-Distill-Llama-8B,reason,24,retr_mrr,retrieval_group_identity,1,commit,17,-0.388073,0.123744,-0.783198,0.15634,0,4992,-0.410627,0.893167,0,1,,0.544515
pooled,,pooled,24,retr_mrr,retrieval_group_identity,1,commit,17,0.030661,0.780584,-0.264873,0.300495,0,5000,0.038044,0.649516,0,1,,0.969666
per_model,meta-llama-Llama-3.1-8B,base,31,retr_mrr,retrieval_group_identity,1,commit,17,0.277222,0.28137,-0.267173,0.71123,0,4996,0.32026,0.749291,0,1,,0.740174
per_model,weidawang-Chem-R-8B,chem-r,31,retr_mrr,retrieval_group_identity,1,commit,17,0.24832,0.336536,-0.307548,0.779288,0,4996,0.504349,0.242416,0,0,,0.782563
per_model,phenixace-Chem-R-Faithful,chem,31,retr_mrr,retrieval_group_identity,1,commit,17,0.488861,0.046444,0.028221,0.782946,1,4988,0.562589,0.755072,0,1,,0.385462
per_model,OpenDFM-ChemDFM-v1.5-8B,chemdfm,31,retr_mrr,retrieval_group_identity,1,commit,17,-0.021345,0.935193,-0.532957,0.506584,0,4988,-0.027383,0.607636,0,1,,0.98944
per_model,deepseek-ai-DeepSeek-R1-Distill-Llama-8B,reason,31,retr_mrr,retrieval_group_identity,1,commit,17,-0.261379,0.310886,-0.682152,0.240823,0,4997,-0.27657,0.893167,0,1,,0.764864
pooled,,pooled,31,retr_mrr,retrieval_group_identity,1,commit,17,0.132805,0.225647,-0.16946,0.397118,0,5000,0.164786,0.649516,0,1,,0.676612
per_model,meta-llama-Llama-3.1-8B,base,0,retr_mrr,retrieval_group_identity,1,conditional_acc,17,0.321478,0.2083,-0.209162,0.76233,0,4997,0.351024,0.838739,0,1,,0.659759
per_model,weidawang-Chem-R-8B,chem-r,0,retr_mrr,retrieval_group_identity,1,conditional_acc,17,-0.086048,0.742631,-0.559029,0.496787,0,4709,,-0.256883,0,0,,0.95543
per_model,phenixace-Chem-R-Faithful,chem,0,retr_mrr,retrieval_group_identity,1,conditional_acc,17,0.257026,0.319305,-0.180683,0.67326,0,4426,,,0,0,,0.77082
per_model,OpenDFM-ChemDFM-v1.5-8B,chemdfm,0,retr_mrr,retrieval_group_identity,1,conditional_acc,17,0.222861,0.389911,-0.267002,0.648554,0,5000,0.28171,0.625842,0,1,,0.827985
per_model,deepseek-ai-DeepSeek-R1-Distill-Llama-8B,reason,0,retr_mrr,retrieval_group_identity,1,conditional_acc,17,0.301162,0.24013,-0.235947,0.830552,0,5000,0.392382,0.589088,0,1,,0.69679
pooled,,pooled,0,retr_mrr,retrieval_group_identity,1,conditional_acc,17,0.211644,0.05184,-0.068764,0.428899,0,5000,0.315783,0.449197,0,0,,0.396449
per_model,meta-llama-Llama-3.1-8B,base,8,retr_mrr,retrieval_group_identity,1,conditional_acc,17,0.140605,0.590399,-0.347086,0.60016,0,4997,0.153528,0.838739,0,1,,0.914685
per_model,weidawang-Chem-R-8B,chem-r,8,retr_mrr,retrieval_group_identity,1,conditional_acc,17,-0.154998,0.55251,-0.579351,0.318945,0,4709,,-0.256883,0,0,,0.904215
per_model,phenixace-Chem-R-Faithful,chem,8,retr_mrr,retrieval_group_identity,1,conditional_acc,17,0.037075,0.887657,-0.399409,0.512448,0,4426,,,0,0,,0.98944
per_model,OpenDFM-ChemDFM-v1.5-8B,chemdfm,8,retr_mrr,retrieval_group_identity,1,conditional_acc,17,0.090125,0.730852,-0.447759,0.645496,0,5000,0.113924,0.625842,0,1,,0.952058
per_model,deepseek-ai-DeepSeek-R1-Distill-Llama-8B,reason,8,retr_mrr,retrieval_group_identity,1,conditional_acc,17,-0.056045,0.830824,-0.498632,0.436348,0,5000,-0.073021,0.589088,0,1,,0.977237
pooled,,pooled,8,retr_mrr,retrieval_group_identity,1,conditional_acc,17,0.027234,0.804587,-0.20642,0.233624,0,5000,0.040635,0.449197,0,0,,0.975122
per_model,meta-llama-Llama-3.1-8B,base,16,retr_mrr,retrieval_group_identity,1,conditional_acc,17,0.177079,0.496562,-0.360755,0.65798,0,4997,0.193355,0.838739,0,1,,0.878036
per_model,weidawang-Chem-R-8B,chem-r,16,retr_mrr,retrieval_group_identity,1,conditional_acc,17,-0.160529,0.538241,-0.510936,0.307484,0,4513,,-0.256883,0,0,,0.898088
per_model,phenixace-Chem-R-Faithful,chem,16,retr_mrr,retrieval_group_identity,1,conditional_acc,17,-0.177254,0.496132,-0.510098,0.257156,0,4370,,,0,0,,0.878036
per_model,OpenDFM-ChemDFM-v1.5-8B,chemdfm,16,retr_mrr,retrieval_group_identity,1,conditional_acc,17,-0.032912,0.900208,-0.531387,0.569254,0,4780,-0.041603,0.625842,0,1,,0.98944
per_model,deepseek-ai-DeepSeek-R1-Distill-Llama-8B,reason,16,retr_mrr,retrieval_group_identity,1,conditional_acc,17,-0.086178,0.742254,-0.532463,0.41292,0,4926,-0.112281,0.589088,0,1,,0.95543
pooled,,pooled,16,retr_mrr,retrieval_group_identity,1,conditional_acc,17,-0.047813,0.663896,-0.267983,0.14399,0,5000,-0.07134,0.449197,0,0,,0.932817
per_model,meta-llama-Llama-3.1-8B,base,24,retr_mrr,retrieval_group_identity,1,conditional_acc,17,0.187015,0.472307,-0.317245,0.670719,0,4975,0.204204,0.838739,0,1,,0.872114
per_model,weidawang-Chem-R-8B,chem-r,24,retr_mrr,retrieval_group_identity,1,conditional_acc,17,-0.181656,0.485317,-0.563263,0.319775,0,4650,,-0.256883,0,0,,0.875607
per_model,phenixace-Chem-R-Faithful,chem,24,retr_mrr,retrieval_group_identity,1,conditional_acc,17,0.017699,0.946246,-0.371604,0.50628,0,3942,,,0,0,,0.98944
per_model,OpenDFM-ChemDFM-v1.5-8B,chemdfm,24,retr_mrr,retrieval_group_identity,1,conditional_acc,17,0.074756,0.775532,-0.448914,0.573488,0,4423,0.094496,0.625842,0,1,,0.969666
per_model,deepseek-ai-DeepSeek-R1-Distill-Llama-8B,reason,24,retr_mrr,retrieval_group_identity,1,conditional_acc,17,-0.353872,0.163469,-0.709541,0.111291,0,4992,-0.461059,0.589088,0,1,,0.597191
pooled,,pooled,24,retr_mrr,retrieval_group_identity,1,conditional_acc,17,-0.012269,0.911266,-0.232814,0.210435,0,5000,-0.018305,0.449197,0,0,,0.98944
per_model,meta-llama-Llama-3.1-8B,base,31,retr_mrr,retrieval_group_identity,1,conditional_acc,17,0.243249,0.346815,-0.252923,0.684224,0,4993,0.265606,0.838739,0,1,,0.791161
per_model,weidawang-Chem-R-8B,chem-r,31,retr_mrr,retrieval_group_identity,1,conditional_acc,17,-0.181415,0.485907,-0.564421,0.320794,0,4705,,-0.256883,0,0,,0.875607
per_model,phenixace-Chem-R-Faithful,chem,31,retr_mrr,retrieval_group_identity,1,conditional_acc,17,-0.007152,0.978266,-0.438122,0.462385,0,4416,,,0,0,,0.995027
per_model,OpenDFM-ChemDFM-v1.5-8B,chemdfm,31,retr_mrr,retrieval_group_identity,1,conditional_acc,17,-0.053599,0.838114,-0.569087,0.47023,0,4988,-0.067752,0.625842,0,1,,0.977569
per_model,deepseek-ai-DeepSeek-R1-Distill-Llama-8B,reason,31,retr_mrr,retrieval_group_identity,1,conditional_acc,17,-0.183804,0.480082,-0.582357,0.289692,0,4997,-0.239478,0.589088,0,1,,0.873452
pooled,,pooled,31,retr_mrr,retrieval_group_identity,1,conditional_acc,17,-0.024196,0.826024,-0.247657,0.177718,0,5000,-0.036101,0.449197,0,0,,0.976839
per_model,meta-llama-Llama-3.1-8B,base,0,retr_mrr,retrieval_group_identity,1,underspecified,17,-0.124134,0.635017,-0.638711,0.403148,0,4997,-0.13632,0.829207,0,1,,0.926285
per_model,weidawang-Chem-R-8B,chem-r,0,retr_mrr,retrieval_group_identity,1,underspecified,17,-0.212776,0.412258,-0.585386,0.195012,0,4163,,-0.324026,0,0,,0.839393
per_model,phenixace-Chem-R-Faithful,chem,0,retr_mrr,retrieval_group_identity,1,underspecified,17,-0.022957,0.930309,-0.502192,0.450288,0,4928,-0.02396,0.918021,0,1,,0.98944
per_model,OpenDFM-ChemDFM-v1.5-8B,chemdfm,0,retr_mrr,retrieval_group_identity,1,underspecified,17,-0.534635,0.02703,-0.886771,-0.060054,1,4811,-0.598796,0.797181,0,1,,0.289326
per_model,deepseek-ai-DeepSeek-R1-Distill-Llama-8B,reason,0,retr_mrr,retrieval_group_identity,1,underspecified,17,-0.0489,0.852153,-0.564314,0.462304,0,4807,-0.051167,0.913335,0,1,,0.980293
pooled,,pooled,0,retr_mrr,retrieval_group_identity,1,underspecified,17,-0.153664,0.160293,-0.415857,0.109052,0,5000,-0.1941,0.626744,0,1,,0.591902
per_model,meta-llama-Llama-3.1-8B,base,8,retr_mrr,retrieval_group_identity,1,underspecified,17,-0.174933,0.501879,-0.617654,0.341085,0,4997,-0.192106,0.829207,0,1,,0.881315
per_model,weidawang-Chem-R-8B,chem-r,8,retr_mrr,retrieval_group_identity,1,underspecified,17,-0.25391,0.325412,-0.658308,0.147323,0,4163,,-0.324026,0,0,,0.77589
per_model,phenixace-Chem-R-Faithful,chem,8,retr_mrr,retrieval_group_identity,1,underspecified,17,-0.468165,0.058055,-0.822967,-0.040642,1,4928,-0.488622,0.918021,0,1,,0.405644
per_model,OpenDFM-ChemDFM-v1.5-8B,chemdfm,8,retr_mrr,retrieval_group_identity,1,underspecified,17,0.038812,0.88243,-0.436047,0.496011,0,4811,0.043469,0.797181,0,1,,0.98944
per_model,deepseek-ai-DeepSeek-R1-Distill-Llama-8B,reason,8,retr_mrr,retrieval_group_identity,1,underspecified,17,-0.02898,0.912084,-0.513389,0.45699,0,4807,-0.030324,0.913335,0,1,,0.98944
pooled,,pooled,8,retr_mrr,retrieval_group_identity,1,underspecified,17,-0.139372,0.203324,-0.411825,0.152934,0,5000,-0.176048,0.626744,0,1,,0.658342
per_model,meta-llama-Llama-3.1-8B,base,16,retr_mrr,retrieval_group_identity,1,underspecified,17,-0.261744,0.310186,-0.731405,0.28828,0,4997,-0.287439,0.829207,0,1,,0.76483
per_model,weidawang-Chem-R-8B,chem-r,16,retr_mrr,retrieval_group_identity,1,underspecified,17,0.056248,0.83022,-0.415894,0.441021,0,3981,,-0.324026,0,0,,0.977237
per_model,phenixace-Chem-R-Faithful,chem,16,retr_mrr,retrieval_group_identity,1,underspecified,17,0.080537,0.758639,-0.415877,0.486218,0,4864,0.084056,0.918021,0,1,,0.965228
per_model,OpenDFM-ChemDFM-v1.5-8B,chemdfm,16,retr_mrr,retrieval_group_identity,1,underspecified,17,0.053186,0.839347,-0.458027,0.460125,0,4603,0.059568,0.797181,0,1,,0.977569
per_model,deepseek-ai-DeepSeek-R1-Distill-Llama-8B,reason,16,retr_mrr,retrieval_group_identity,1,underspecified,17,-0.199277,0.443203,-0.728699,0.240323,0,4751,-0.208517,0.913335,0,1,,0.859658
pooled,,pooled,16,retr_mrr,retrieval_group_identity,1,underspecified,17,-0.062674,0.568793,-0.347413,0.236939,0,5000,-0.079167,0.626744,0,1,,0.909997
per_model,meta-llama-Llama-3.1-8B,base,24,retr_mrr,retrieval_group_identity,1,underspecified,17,-0.229686,0.375172,-0.720312,0.337716,0,4974,-0.252234,0.829207,0,1,,0.812246
per_model,weidawang-Chem-R-8B,chem-r,24,retr_mrr,retrieval_group_identity,1,underspecified,17,0.063651,0.808243,-0.421304,0.462131,0,4105,,-0.324026,0,0,,0.975122
per_model,phenixace-Chem-R-Faithful,chem,24,retr_mrr,retrieval_group_identity,1,underspecified,17,0.15028,0.56481,-0.285568,0.493402,0,4360,0.156847,0.918021,0,1,,0.905702
per_model,OpenDFM-ChemDFM-v1.5-8B,chemdfm,24,retr_mrr,retrieval_group_identity,1,underspecified,17,0.089175,0.733592,-0.419067,0.521687,0,4265,0.099877,0.797181,0,1,,0.952058
per_model,deepseek-ai-DeepSeek-R1-Distill-Llama-8B,reason,24,retr_mrr,retrieval_group_identity,1,underspecified,17,0.009893,0.96994,-0.469094,0.415419,0,4801,0.010352,0.913335,0,1,,0.995027
pooled,,pooled,24,retr_mrr,retrieval_group_identity,1,underspecified,17,-0.001,0.992752,-0.232662,0.24968,0,5000,-0.001263,0.626744,0,1,,0.996812
per_model,meta-llama-Llama-3.1-8B,base,31,retr_mrr,retrieval_group_identity,1,underspecified,17,-0.104034,0.691109,-0.603869,0.501041,0,4993,-0.114246,0.829207,0,1,,0.940872
per_model,weidawang-Chem-R-8B,chem-r,31,retr_mrr,retrieval_group_identity,1,underspecified,17,0.02322,0.929513,-0.462048,0.450799,0,4159,,-0.324026,0,0,,0.98944
per_model,phenixace-Chem-R-Faithful,chem,31,retr_mrr,retrieval_group_identity,1,underspecified,17,-0.180627,0.487835,-0.625761,0.266411,0,4916,-0.188519,0.918021,0,1,,0.875607
per_model,OpenDFM-ChemDFM-v1.5-8B,chemdfm,31,retr_mrr,retrieval_group_identity,1,underspecified,17,-0.071984,0.783666,-0.569657,0.416251,0,4800,-0.080622,0.797181,0,1,,0.970684
per_model,deepseek-ai-DeepSeek-R1-Distill-Llama-8B,reason,31,retr_mrr,retrieval_group_identity,1,underspecified,17,-0.012049,0.963392,-0.47776,0.417081,0,4804,-0.012608,0.913335,0,1,,0.99433
pooled,,pooled,31,retr_mrr,retrieval_group_identity,1,underspecified,17,-0.024962,0.820605,-0.287945,0.250725,0,5000,-0.031531,0.626744,0,1,,0.976147
per_model,meta-llama-Llama-3.1-8B,base,0,retr_mrr,retrieval_group_identity,1,non_answer,17,0.024707,0.925011,-0.47857,0.520224,0,5000,0.02898,0.726841,0,1,,0.98944
per_model,weidawang-Chem-R-8B,chem-r,0,retr_mrr,retrieval_group_identity,1,non_answer,17,-0.439824,0.077288,-0.772879,0.122229,0,5000,-0.795215,0.305906,0,0,,0.444977
per_model,phenixace-Chem-R-Faithful,chem,0,retr_mrr,retrieval_group_identity,1,non_answer,17,-0.460057,0.063148,-0.811121,0.040548,0,5000,,-0.039064,0,0,,0.420742
per_model,OpenDFM-ChemDFM-v1.5-8B,chemdfm,0,retr_mrr,retrieval_group_identity,1,non_answer,17,0.033292,0.899062,-0.442492,0.548035,0,5000,0.037466,0.789595,0,1,,0.98944
per_model,deepseek-ai-DeepSeek-R1-Distill-Llama-8B,reason,0,retr_mrr,retrieval_group_identity,1,non_answer,17,-0.491011,0.045346,-0.837143,0.010714,0,5000,-0.579575,0.717735,0,1,,0.38378
pooled,,pooled,0,retr_mrr,retrieval_group_identity,1,non_answer,17,-0.261583,0.015596,-0.489148,-0.002215,1,5000,-0.369859,0.500202,0,1,,0.216386
per_model,meta-llama-Llama-3.1-8B,base,8,retr_mrr,retrieval_group_identity,1,non_answer,17,-0.060794,0.816708,-0.49528,0.420332,0,5000,-0.071309,0.726841,0,1,,0.975151
per_model,weidawang-Chem-R-8B,chem-r,8,retr_mrr,retrieval_group_identity,1,non_answer,17,-0.109255,0.676379,-0.585626,0.433195,0,5000,-0.197536,0.305906,0,0,,0.936374
per_model,phenixace-Chem-R-Faithful,chem,8,retr_mrr,retrieval_group_identity,1,non_answer,17,-0.024596,0.925346,-0.503188,0.458637,0,5000,,-0.039064,0,0,,0.98944
per_model,OpenDFM-ChemDFM-v1.5-8B,chemdfm,8,retr_mrr,retrieval_group_identity,1,non_answer,17,-0.360578,0.155077,-0.729289,0.173085,0,5000,-0.405786,0.789595,0,1,,0.591587
per_model,deepseek-ai-DeepSeek-R1-Distill-Llama-8B,reason,8,retr_mrr,retrieval_group_identity,1,non_answer,17,0.214729,0.407878,-0.32191,0.660518,0,5000,0.25346,0.717735,0,1,,0.836386
pooled,,pooled,8,retr_mrr,retrieval_group_identity,1,non_answer,17,-0.056575,0.607052,-0.33818,0.219238,0,5000,-0.079993,0.500202,0,1,,0.915939
per_model,meta-llama-Llama-3.1-8B,base,16,retr_mrr,retrieval_group_identity,1,non_answer,17,-0.183755,0.480201,-0.591273,0.297506,0,5000,-0.215536,0.726841,0,1,,0.873452
per_model,weidawang-Chem-R-8B,chem-r,16,retr_mrr,retrieval_group_identity,1,non_answer,17,-0.141026,0.589275,-0.563194,0.286161,0,4788,-0.25498,0.305906,0,0,,0.914685
per_model,phenixace-Chem-R-Faithful,chem,16,retr_mrr,retrieval_group_identity,1,non_answer,17,-0.518001,0.033173,-0.833225,-0.117546,1,4935,,-0.039064,0,0,,0.327664
per_model,OpenDFM-ChemDFM-v1.5-8B,chemdfm,16,retr_mrr,retrieval_group_identity,1,non_answer,17,-0.297065,0.2469,-0.688302,0.191005,0,4780,-0.33431,0.789595,0,1,,0.70754
per_model,deepseek-ai-DeepSeek-R1-Distill-Llama-8B,reason,16,retr_mrr,retrieval_group_identity,1,non_answer,17,0.223775,0.387921,-0.3272,0.649142,0,4926,0.264137,0.717735,0,1,,0.8249
pooled,,pooled,16,retr_mrr,retrieval_group_identity,1,non_answer,17,-0.154603,0.157722,-0.389942,0.121069,0,5000,-0.218597,0.500202,0,1,,0.591587
per_model,meta-llama-Llama-3.1-8B,base,24,retr_mrr,retrieval_group_identity,1,non_answer,17,0.036612,0.889053,-0.404353,0.466078,0,4977,0.042944,0.726841,0,1,,0.98944
per_model,weidawang-Chem-R-8B,chem-r,24,retr_mrr,retrieval_group_identity,1,non_answer,17,-0.282142,0.272565,-0.674324,0.166321,0,4935,-0.510121,0.305906,0,0,,0.731249
per_model,phenixace-Chem-R-Faithful,chem,24,retr_mrr,retrieval_group_identity,1,non_answer,17,-0.514943,0.03441,-0.754827,-0.224238,1,4423,,-0.039064,0,0,,0.332198
per_model,OpenDFM-ChemDFM-v1.5-8B,chemdfm,24,retr_mrr,retrieval_group_identity,1,non_answer,17,-0.275488,0.284516,-0.67059,0.142771,0,4423,-0.310027,0.789595,0,1,,0.740174
per_model,deepseek-ai-DeepSeek-R1-Distill-Llama-8B,reason,24,retr_mrr,retrieval_group_identity,1,non_answer,17,0.45756,0.06478,-0.055903,0.828315,0,4992,0.54009,0.717735,0,1,,0.420742
pooled,,pooled,24,retr_mrr,retrieval_group_identity,1,non_answer,17,-0.028843,0.793292,-0.252291,0.209672,0,5000,-0.040782,0.500202,0,1,,0.970684
per_model,meta-llama-Llama-3.1-8B,base,31,retr_mrr,retrieval_group_identity,1,non_answer,17,-0.094863,0.717234,-0.551062,0.374238,0,4996,-0.11127,0.726841,0,1,,0.952058
per_model,weidawang-Chem-R-8B,chem-r,31,retr_mrr,retrieval_group_identity,1,non_answer,17,-0.366058,0.148442,-0.747835,0.110034,0,4996,-0.661843,0.305906,0,0,,0.587189
per_model,phenixace-Chem-R-Faithful,chem,31,retr_mrr,retrieval_group_identity,1,non_answer,17,-0.561767,0.018936,-0.834522,-0.155986,1,4988,,-0.039064,0,0,,0.24271
per_model,OpenDFM-ChemDFM-v1.5-8B,chemdfm,31,retr_mrr,retrieval_group_identity,1,non_answer,17,0.06323,0.809488,-0.455694,0.551071,0,4988,0.071157,0.789595,0,1,,0.975122
per_model,deepseek-ai-DeepSeek-R1-Distill-Llama-8B,reason,31,retr_mrr,retrieval_group_identity,1,non_answer,17,0.303086,0.23699,-0.217542,0.728897,0,4997,0.357754,0.717735,0,1,,0.693611
pooled,,pooled,31,retr_mrr,retrieval_group_identity,1,non_answer,17,-0.109149,0.320039,-0.349974,0.160147,0,5000,-0.154328,0.500202,0,1,,0.771681
per_model,meta-llama-Llama-3.1-8B,base,0,retr_mrr,retrieval_group_identity,1,malformed,17,-0.4254,0.08869,-0.698451,0.025509,0,5000,-0.683293,0.387597,0,0,,0.466221
per_model,weidawang-Chem-R-8B,chem-r,0,retr_mrr,retrieval_group_identity,1,malformed,17,-0.074838,0.775289,-0.501593,0.402939,0,4330,,,0,0,,0.969666
per_model,phenixace-Chem-R-Faithful,chem,0,retr_mrr,retrieval_group_identity,1,malformed,17,-0.226042,0.383002,-0.65123,0.186397,0,4310,,,0,0,,0.817866
per_model,deepseek-ai-DeepSeek-R1-Distill-Llama-8B,reason,0,retr_mrr,retrieval_group_identity,1,malformed,17,-0.179388,0.490874,-0.622581,0.306065,0,4800,-0.283919,0.399209,0,0,,0.876281
pooled,,pooled,0,retr_mrr,retrieval_group_identity,1,malformed,17,-0.210368,0.085086,-0.400158,0.006397,0,5000,-0.335399,0.393403,0,0,,0.453648
per_model,meta-llama-Llama-3.1-8B,base,8,retr_mrr,retrieval_group_identity,1,malformed,17,0.177393,0.495787,-0.365236,0.619506,0,5000,0.284936,0.387597,0,0,,0.878036
per_model,weidawang-Chem-R-8B,chem-r,8,retr_mrr,retrieval_group_identity,1,malformed,17,0.09217,0.724965,-0.38105,0.525843,0,4330,,,0,0,,0.952058
per_model,phenixace-Chem-R-Faithful,chem,8,retr_mrr,retrieval_group_identity,1,malformed,17,0.054677,0.834899,-0.413715,0.448445,0,4310,,,0,0,,0.977237
per_model,deepseek-ai-DeepSeek-R1-Distill-Llama-8B,reason,8,retr_mrr,retrieval_group_identity,1,malformed,17,-0.023597,0.928373,-0.452372,0.450413,0,4800,-0.037346,0.399209,0,0,,0.98944
pooled,,pooled,8,retr_mrr,retrieval_group_identity,1,malformed,17,0.092719,0.452033,-0.158375,0.356775,0,5000,0.147826,0.393403,0,0,,0.860745
per_model,meta-llama-Llama-3.1-8B,base,16,retr_mrr,retrieval_group_identity,1,malformed,17,-0.054751,0.834677,-0.621407,0.483137,0,5000,-0.087944,0.387597,0,0,,0.977237
per_model,weidawang-Chem-R-8B,chem-r,16,retr_mrr,retrieval_group_identity,1,malformed,17,-0.11269,0.666746,-0.588475,0.333113,0,4148,,,0,0,,0.932817
per_model,phenixace-Chem-R-Faithful,chem,16,retr_mrr,retrieval_group_identity,1,malformed,17,-0.050008,0.848837,-0.569728,0.394599,0,4258,,,0,0,,0.980293
per_model,deepseek-ai-DeepSeek-R1-Distill-Llama-8B,reason,16,retr_mrr,retrieval_group_identity,1,malformed,17,0.293066,0.253623,-0.187912,0.649779,0,4726,0.463837,0.399209,0,0,,0.710761
pooled,,pooled,16,retr_mrr,retrieval_group_identity,1,malformed,17,0.060052,0.626643,-0.230685,0.36853,0,5000,0.095743,0.393403,0,0,,0.925877
per_model,meta-llama-Llama-3.1-8B,base,24,retr_mrr,retrieval_group_identity,1,malformed,17,0.073033,0.780584,-0.453479,0.605564,0,4977,0.117308,0.387597,0,0,,0.969666
per_model,weidawang-Chem-R-8B,chem-r,24,retr_mrr,retrieval_group_identity,1,malformed,17,-0.060724,0.816915,-0.539685,0.394966,0,4271,,,0,0,,0.975151
per_model,phenixace-Chem-R-Faithful,chem,24,retr_mrr,retrieval_group_identity,1,malformed,17,-0.317885,0.213719,-0.818587,0.232969,0,3881,,,0,0,,0.661235
per_model,deepseek-ai-DeepSeek-R1-Distill-Llama-8B,reason,24,retr_mrr,retrieval_group_identity,1,malformed,17,0.269336,0.295842,-0.275903,0.672598,0,4792,0.42628,0.399209,0,0,,0.750573
pooled,,pooled,24,retr_mrr,retrieval_group_identity,1,malformed,17,0.058578,0.635145,-0.28022,0.399505,0,5000,0.093393,0.393403,0,0,,0.926285
per_model,meta-llama-Llama-3.1-8B,base,31,retr_mrr,retrieval_group_identity,1,malformed,17,-0.006727,0.979559,-0.51931,0.515024,0,4996,-0.010804,0.387597,0,0,,0.995027
per_model,weidawang-Chem-R-8B,chem-r,31,retr_mrr,retrieval_group_identity,1,malformed,17,0.08435,0.747553,-0.37483,0.501164,0,4326,,,0,0,,0.958825
per_model,phenixace-Chem-R-Faithful,chem,31,retr_mrr,retrieval_group_identity,1,malformed,17,-0.009945,0.969782,-0.542678,0.462339,0,4301,,,0,0,,0.995027
per_model,deepseek-ai-DeepSeek-R1-Distill-Llama-8B,reason,31,retr_mrr,retrieval_group_identity,1,malformed,17,0.211261,0.415673,-0.303862,0.640081,0,4797,0.334364,0.399209,0,0,,0.841801
pooled,,pooled,31,retr_mrr,retrieval_group_identity,1,malformed,17,0.042632,0.729951,-0.265674,0.365753,0,5000,0.06797,0.393403,0,0,,0.952058
per_model,meta-llama-Llama-3.1-8B,base,0,retr_mean_rank,retrieval_group_identity,0,strict,17,0.374769,0.138297,-0.12944,0.773904,0,5000,0.401608,0.870812,0,1,,0.576577
per_model,weidawang-Chem-R-8B,chem-r,0,retr_mean_rank,retrieval_group_identity,0,strict,17,0.251397,0.330386,-0.363233,0.734678,0,5000,0.482953,0.270964,0,0,,0.778973
per_model,phenixace-Chem-R-Faithful,chem,0,retr_mean_rank,retrieval_group_identity,0,strict,17,0.358421,0.157745,-0.215864,0.746251,0,5000,0.402405,0.79334,0,1,,0.591587
per_model,OpenDFM-ChemDFM-v1.5-8B,chemdfm,0,retr_mean_rank,retrieval_group_identity,0,strict,17,0.333346,0.19104,-0.211836,0.742602,0,5000,0.470621,0.501705,0,1,,0.642851
per_model,deepseek-ai-DeepSeek-R1-Distill-Llama-8B,reason,0,retr_mean_rank,retrieval_group_identity,0,strict,17,0.432533,0.082909,-0.086945,0.850766,0,5000,0.447779,0.933064,0,1,,0.450094
pooled,,pooled,0,retr_mean_rank,retrieval_group_identity,0,strict,17,0.348673,0.001074,0.022032,0.611991,1,5000,0.424713,0.673977,0,1,,0.055672
per_model,meta-llama-Llama-3.1-8B,base,8,retr_mean_rank,retrieval_group_identity,0,strict,17,0.203101,0.434319,-0.260135,0.608256,0,5000,0.217645,0.870812,0,1,,0.854172
per_model,weidawang-Chem-R-8B,chem-r,8,retr_mean_rank,retrieval_group_identity,0,strict,17,-0.204195,0.431793,-0.740368,0.348715,0,5000,-0.392275,0.270964,0,0,,0.85217
per_model,phenixace-Chem-R-Faithful,chem,8,retr_mean_rank,retrieval_group_identity,0,strict,17,0.324386,0.20398,-0.20127,0.755865,0,5000,0.364194,0.79334,0,1,,0.658342
per_model,OpenDFM-ChemDFM-v1.5-8B,chemdfm,8,retr_mean_rank,retrieval_group_identity,0,strict,17,0.145515,0.577354,-0.42245,0.657762,0,5000,0.205439,0.501705,0,1,,0.914301
per_model,deepseek-ai-DeepSeek-R1-Distill-Llama-8B,reason,8,retr_mean_rank,retrieval_group_identity,0,strict,17,0.186807,0.47281,-0.356277,0.616886,0,5000,0.193391,0.933064,0,1,,0.872114
pooled,,pooled,8,retr_mean_rank,retrieval_group_identity,0,strict,17,0.125585,0.252114,-0.231582,0.409537,0,5000,0.152973,0.673977,0,1,,0.710761
per_model,meta-llama-Llama-3.1-8B,base,16,retr_mean_rank,retrieval_group_identity,0,strict,17,0.388951,0.122823,-0.129707,0.810354,0,5000,0.416805,0.870812,0,1,,0.541559
per_model,weidawang-Chem-R-8B,chem-r,16,retr_mean_rank,retrieval_group_identity,0,strict,17,-0.194091,0.455399,-0.656627,0.364458,0,4691,-0.372863,0.270964,0,0,,0.860745
per_model,phenixace-Chem-R-Faithful,chem,16,retr_mean_rank,retrieval_group_identity,0,strict,17,0.166849,0.522141,-0.306472,0.622789,0,4935,0.187325,0.79334,0,1,,0.894884
per_model,OpenDFM-ChemDFM-v1.5-8B,chemdfm,16,retr_mean_rank,retrieval_group_identity,0,strict,17,0.106573,0.683931,-0.460509,0.63996,0,4780,0.150461,0.501705,0,1,,0.940183
per_model,deepseek-ai-DeepSeek-R1-Distill-Llama-8B,reason,16,retr_mean_rank,retrieval_group_identity,0,strict,17,-0.046728,0.858655,-0.487572,0.454361,0,4895,-0.048375,0.933064,0,1,,0.981154
pooled,,pooled,16,retr_mean_rank,retrieval_group_identity,0,strict,17,0.080479,0.464057,-0.232298,0.350702,0,5000,0.09803,0.673977,0,1,,0.867919
per_model,meta-llama-Llama-3.1-8B,base,24,retr_mean_rank,retrieval_group_identity,0,strict,17,0.155685,0.55073,-0.403454,0.679521,0,4959,0.166834,0.870812,0,1,,0.90388
per_model,weidawang-Chem-R-8B,chem-r,24,retr_mean_rank,retrieval_group_identity,0,strict,17,0.024574,0.925415,-0.522481,0.56962,0,4935,0.047208,0.270964,0,0,,0.98944
per_model,phenixace-Chem-R-Faithful,chem,24,retr_mean_rank,retrieval_group_identity,0,strict,17,0.07928,0.762304,-0.344426,0.493833,0,4423,0.089009,0.79334,0,1,,0.965332
per_model,OpenDFM-ChemDFM-v1.5-8B,chemdfm,24,retr_mean_rank,retrieval_group_identity,0,strict,17,0.187942,0.470076,-0.331269,0.631473,0,4423,0.265338,0.501705,0,1,,0.870549
per_model,deepseek-ai-DeepSeek-R1-Distill-Llama-8B,reason,24,retr_mean_rank,retrieval_group_identity,0,strict,17,-0.402717,0.109001,-0.772867,0.127683,0,4992,-0.416912,0.933064,0,1,,0.514286
pooled,,pooled,24,retr_mean_rank,retrieval_group_identity,0,strict,17,-0.011554,0.916415,-0.30117,0.250849,0,5000,-0.014074,0.673977,0,1,,0.98944
per_model,meta-llama-Llama-3.1-8B,base,31,retr_mean_rank,retrieval_group_identity,0,strict,17,0.297308,0.246495,-0.247364,0.718552,0,4991,0.318599,0.870812,0,1,,0.70754
per_model,weidawang-Chem-R-8B,chem-r,31,retr_mean_rank,retrieval_group_identity,0,strict,17,0.06693,0.79855,-0.469071,0.572257,0,4996,0.128577,0.270964,0,0,,0.973875
per_model,phenixace-Chem-R-Faithful,chem,31,retr_mean_rank,retrieval_group_identity,0,strict,17,0.370024,0.143761,-0.124543,0.709835,0,4986,0.415433,0.79334,0,1,,0.584841
per_model,OpenDFM-ChemDFM-v1.5-8B,chemdfm,31,retr_mean_rank,retrieval_group_identity,0,strict,17,0.046055,0.860673,-0.51479,0.549574,0,4982,0.065021,0.501705,0,1,,0.982576
per_model,deepseek-ai-DeepSeek-R1-Distill-Llama-8B,reason,31,retr_mean_rank,retrieval_group_identity,0,strict,17,-0.079776,0.760857,-0.617595,0.418742,0,4997,-0.082588,0.933064,0,1,,0.965332
pooled,,pooled,31,retr_mean_rank,retrieval_group_identity,0,strict,17,0.125354,0.252991,-0.175376,0.373299,0,5000,0.152692,0.673977,0,1,,0.710761
per_model,meta-llama-Llama-3.1-8B,base,0,retr_mean_rank,retrieval_group_identity,0,superclass_credit,17,0.236308,0.361171,-0.236382,0.634966,0,5000,0.270526,0.763022,0,1,,0.80356
per_model,weidawang-Chem-R-8B,chem-r,0,retr_mean_rank,retrieval_group_identity,0,superclass_credit,17,0.25775,0.317896,-0.3243,0.744538,0,5000,0.474382,0.295216,0,0,,0.769757
per_model,phenixace-Chem-R-Faithful,chem,0,retr_mean_rank,retrieval_group_identity,0,superclass_credit,17,0.667511,0.003414,0.183131,0.913902,1,5000,1.178696,0.32071,0,0,,0.101981
per_model,OpenDFM-ChemDFM-v1.5-8B,chemdfm,0,retr_mean_rank,retrieval_group_identity,0,superclass_credit,17,0.269527,0.295487,-0.302502,0.677637,0,5000,0.322088,0.700252,0,1,,0.750573
per_model,deepseek-ai-DeepSeek-R1-Distill-Llama-8B,reason,0,retr_mean_rank,retrieval_group_identity,0,superclass_credit,17,0.413325,0.09913,-0.160228,0.83365,0,5000,0.433137,0.910612,0,1,,0.492198
pooled,,pooled,0,retr_mean_rank,retrieval_group_identity,0,superclass_credit,17,0.363233,0.000634,0.042834,0.641641,1,5000,0.469729,0.597963,0,1,,0.040227
per_model,meta-llama-Llama-3.1-8B,base,8,retr_mean_rank,retrieval_group_identity,0,superclass_credit,17,0.090405,0.730047,-0.363524,0.515729,0,5000,0.103496,0.763022,0,1,,0.952058
per_model,weidawang-Chem-R-8B,chem-r,8,retr_mean_rank,retrieval_group_identity,0,superclass_credit,17,-0.274539,0.286245,-0.746235,0.267575,0,5000,-0.505282,0.295216,0,0,,0.740696
per_model,phenixace-Chem-R-Faithful,chem,8,retr_mean_rank,retrieval_group_identity,0,superclass_credit,17,-0.038635,0.882962,-0.556989,0.479683,0,5000,-0.068222,0.32071,0,0,,0.98944
per_model,OpenDFM-ChemDFM-v1.5-8B,chemdfm,8,retr_mean_rank,retrieval_group_identity,0,superclass_credit,17,0.289753,0.259279,-0.281993,0.73212,0,5000,0.346259,0.700252,0,1,,0.714633
per_model,deepseek-ai-DeepSeek-R1-Distill-Llama-8B,reason,8,retr_mean_rank,retrieval_group_identity,0,superclass_credit,17,0.01358,0.958744,-0.545,0.526195,0,5000,0.014231,0.910612,0,1,,0.992822
pooled,,pooled,8,retr_mean_rank,retrieval_group_identity,0,superclass_credit,17,-0.001683,0.987804,-0.317798,0.316196,0,5000,-0.002176,0.597963,0,1,,0.996042
per_model,meta-llama-Llama-3.1-8B,base,16,retr_mean_rank,retrieval_group_identity,0,superclass_credit,17,0.275688,0.284151,-0.213236,0.657963,0,5000,0.315609,0.763022,0,1,,0.740174
per_model,weidawang-Chem-R-8B,chem-r,16,retr_mean_rank,retrieval_group_identity,0,superclass_credit,17,-0.133569,0.609303,-0.561474,0.304214,0,4691,-0.24583,0.295216,0,0,,0.916481
per_model,phenixace-Chem-R-Faithful,chem,16,retr_mean_rank,retrieval_group_identity,0,superclass_credit,17,0.321704,0.207962,-0.158537,0.730448,0,4935,0.568067,0.32071,0,0,,0.659759
per_model,OpenDFM-ChemDFM-v1.5-8B,chemdfm,16,retr_mean_rank,retrieval_group_identity,0,superclass_credit,17,0.250447,0.332278,-0.323281,0.729222,0,4780,0.299287,0.700252,0,1,,0.779862
per_model,deepseek-ai-DeepSeek-R1-Distill-Llama-8B,reason,16,retr_mean_rank,retrieval_group_identity,0,superclass_credit,17,-0.200819,0.439609,-0.620645,0.273228,0,4895,-0.210445,0.910612,0,1,,0.856376
pooled,,pooled,16,retr_mean_rank,retrieval_group_identity,0,superclass_credit,17,0.075515,0.492153,-0.19632,0.303558,0,5000,0.097656,0.597963,0,1,,0.876281
per_model,meta-llama-Llama-3.1-8B,base,24,retr_mean_rank,retrieval_group_identity,0,superclass_credit,17,-0.019288,0.941427,-0.519866,0.520243,0,4959,-0.022081,0.763022,0,1,,0.98944
per_model,weidawang-Chem-R-8B,chem-r,24,retr_mean_rank,retrieval_group_identity,0,superclass_credit,17,0.063642,0.808269,-0.406305,0.523617,0,4935,0.117131,0.295216,0,0,,0.975122
per_model,phenixace-Chem-R-Faithful,chem,24,retr_mean_rank,retrieval_group_identity,0,superclass_credit,17,0.480901,0.050681,0.118582,0.773087,1,4423,0.849178,0.32071,0,0,,0.394376
per_model,OpenDFM-ChemDFM-v1.5-8B,chemdfm,24,retr_mean_rank,retrieval_group_identity,0,superclass_credit,17,0.323128,0.205842,-0.175878,0.723181,0,4423,0.386142,0.700252,0,1,,0.659759
per_model,deepseek-ai-DeepSeek-R1-Distill-Llama-8B,reason,24,retr_mean_rank,retrieval_group_identity,0,superclass_credit,17,-0.523178,0.031157,-0.846877,-0.056965,1,4992,-0.548255,0.910612,0,1,,0.320275
pooled,,pooled,24,retr_mean_rank,retrieval_group_identity,0,superclass_credit,17,-0.022132,0.840659,-0.292099,0.230966,0,5000,-0.028621,0.597963,0,1,,0.977847
per_model,meta-llama-Llama-3.1-8B,base,31,retr_mean_rank,retrieval_group_identity,0,superclass_credit,17,0.173319,0.505896,-0.278788,0.580883,0,4991,0.198416,0.763022,0,1,,0.884516
per_model,weidawang-Chem-R-8B,chem-r,31,retr_mean_rank,retrieval_group_identity,0,superclass_credit,17,0.095769,0.714639,-0.401048,0.563515,0,4996,0.176261,0.295216,0,0,,0.95067
per_model,phenixace-Chem-R-Faithful,chem,31,retr_mean_rank,retrieval_group_identity,0,superclass_credit,17,0.47844,0.052048,0.020982,0.815091,1,4986,0.844833,0.32071,0,0,,0.396849
per_model,OpenDFM-ChemDFM-v1.5-8B,chemdfm,31,retr_mean_rank,retrieval_group_identity,0,superclass_credit,17,-0.006186,0.9812,-0.59497,0.544375,0,4982,-0.007393,0.700252,0,1,,0.995233
per_model,deepseek-ai-DeepSeek-R1-Distill-Llama-8B,reason,31,retr_mean_rank,retrieval_group_identity,0,superclass_credit,17,-0.237674,0.358319,-0.67171,0.282892,0,4997,-0.249066,0.910612,0,1,,0.80341
pooled,,pooled,31,retr_mean_rank,retrieval_group_identity,0,superclass_credit,17,0.084943,0.439556,-0.210228,0.346005,0,5000,0.109848,0.597963,0,1,,0.856376
per_model,meta-llama-Llama-3.1-8B,base,0,retr_mean_rank,retrieval_group_identity,0,commit,17,0.37053,0.143172,-0.152013,0.764786,0,5000,0.428054,0.749291,0,1,,0.584841
per_model,weidawang-Chem-R-8B,chem-r,0,retr_mean_rank,retrieval_group_identity,0,commit,17,0.595562,0.011651,0.0651,0.890381,1,5000,1.209612,0.242416,0,0,,0.194562
per_model,phenixace-Chem-R-Faithful,chem,0,retr_mean_rank,retrieval_group_identity,0,commit,17,0.465432,0.059736,-0.080116,0.817107,0,5000,0.535627,0.755072,0,1,,0.407969
per_model,OpenDFM-ChemDFM-v1.5-8B,chemdfm,0,retr_mean_rank,retrieval_group_identity,0,commit,17,0.366467,0.147955,-0.178776,0.766347,0,5000,0.470124,0.607636,0,1,,0.587189
per_model,deepseek-ai-DeepSeek-R1-Distill-Llama-8B,reason,0,retr_mean_rank,retrieval_group_identity,0,commit,17,0.443008,0.074923,-0.049845,0.800403,0,5000,0.468754,0.893167,0,1,,0.44446
pooled,,pooled,0,retr_mean_rank,retrieval_group_identity,0,commit,17,0.448828,1.6e-05,0.192513,0.637676,1,5000,0.556909,0.649516,0,1,,0.010445
per_model,meta-llama-Llama-3.1-8B,base,8,retr_mean_rank,retrieval_group_identity,0,commit,17,0.163774,0.529948,-0.306356,0.586678,0,5000,0.189199,0.749291,0,1,,0.898088
per_model,weidawang-Chem-R-8B,chem-r,8,retr_mean_rank,retrieval_group_identity,0,commit,17,0.109627,0.675333,-0.494673,0.60589,0,5000,0.222656,0.242416,0,0,,0.935589
per_model,phenixace-Chem-R-Faithful,chem,8,retr_mean_rank,retrieval_group_identity,0,commit,17,0.419572,0.093625,-0.092972,0.816592,0,5000,0.48285,0.755072,0,1,,0.480231
per_model,OpenDFM-ChemDFM-v1.5-8B,chemdfm,8,retr_mean_rank,retrieval_group_identity,0,commit,17,0.201536,0.437944,-0.364661,0.650646,0,5000,0.258542,0.607636,0,1,,0.856376
per_model,deepseek-ai-DeepSeek-R1-Distill-Llama-8B,reason,8,retr_mean_rank,retrieval_group_identity,0,commit,17,0.091862,0.725851,-0.426202,0.587914,0,5000,0.097201,0.893167,0,1,,0.952058
pooled,,pooled,8,retr_mean_rank,retrieval_group_identity,0,commit,17,0.194413,0.0746,-0.150331,0.453202,0,5000,0.24123,0.649516,0,1,,0.443583
per_model,meta-llama-Llama-3.1-8B,base,16,retr_mean_rank,retrieval_group_identity,0,commit,17,0.403387,0.108358,-0.117194,0.830399,0,5000,0.466011,0.749291,0,1,,0.513287
per_model,weidawang-Chem-R-8B,chem-r,16,retr_mean_rank,retrieval_group_identity,0,commit,17,-0.008508,0.974147,-0.491038,0.527336,0,4691,-0.01728,0.242416,0,0,,0.995027
per_model,phenixace-Chem-R-Faithful,chem,16,retr_mean_rank,retrieval_group_identity,0,commit,17,0.259064,0.315347,-0.207951,0.701799,0,4935,0.298135,0.755072,0,1,,0.769757
per_model,OpenDFM-ChemDFM-v1.5-8B,chemdfm,16,retr_mean_rank,retrieval_group_identity,0,commit,17,0.164833,0.527254,-0.38609,0.655926,0,4780,0.211457,0.607636,0,1,,0.897832
per_model,deepseek-ai-DeepSeek-R1-Distill-Llama-8B,reason,16,retr_mean_rank,retrieval_group_identity,0,commit,17,-0.105678,0.686459,-0.557979,0.446652,0,4895,-0.111819,0.893167,0,1,,0.940183
pooled,,pooled,16,retr_mean_rank,retrieval_group_identity,0,commit,17,0.127641,0.24437,-0.185579,0.406242,0,5000,0.158378,0.649516,0,1,,0.705865
per_model,meta-llama-Llama-3.1-8B,base,24,retr_mean_rank,retrieval_group_identity,0,commit,17,0.150451,0.564362,-0.420916,0.681458,0,4959,0.173809,0.749291,0,1,,0.905702
per_model,weidawang-Chem-R-8B,chem-r,24,retr_mean_rank,retrieval_group_identity,0,commit,17,0.202571,0.435543,-0.344044,0.697371,0,4935,0.411431,0.242416,0,0,,0.854594
per_model,phenixace-Chem-R-Faithful,chem,24,retr_mean_rank,retrieval_group_identity,0,commit,17,0.168573,0.517789,-0.24674,0.548985,0,4423,0.193997,0.755072,0,1,,0.893011
per_model,OpenDFM-ChemDFM-v1.5-8B,chemdfm,24,retr_mean_rank,retrieval_group_identity,0,commit,17,0.181795,0.484978,-0.320924,0.615179,0,4423,0.233216,0.607636,0,1,,0.875607
per_model,deepseek-ai-DeepSeek-R1-Distill-Llama-8B,reason,24,retr_mean_rank,retrieval_group_identity,0,commit,17,-0.414699,0.0979,-0.810624,0.138826,0,4992,-0.4388,0.893167,0,1,,0.490271
pooled,,pooled,24,retr_mean_rank,retrieval_group_identity,0,commit,17,0.025525,0.816632,-0.279699,0.301693,0,5000,0.031671,0.649516,0,1,,0.975151
per_model,meta-llama-Llama-3.1-8B,base,31,retr_mean_rank,retrieval_group_identity,0,commit,17,0.320565,0.209669,-0.217297,0.743507,0,4991,0.370331,0.749291,0,1,,0.659759
per_model,weidawang-Chem-R-8B,chem-r,31,retr_mean_rank,retrieval_group_identity,0,commit,17,0.299604,0.242691,-0.225504,0.756359,0,4996,0.608508,0.242416,0,0,,0.702614
per_model,phenixace-Chem-R-Faithful,chem,31,retr_mean_rank,retrieval_group_identity,0,commit,17,0.474512,0.054287,0.006238,0.763206,1,4986,0.546076,0.755072,0,1,,0.402212
per_model,OpenDFM-ChemDFM-v1.5-8B,chemdfm,31,retr_mean_rank,retrieval_group_identity,0,commit,17,0.026874,0.918453,-0.505349,0.540968,0,4982,0.034476,0.607636,0,1,,0.98944
per_model,deepseek-ai-DeepSeek-R1-Distill-Llama-8B,reason,31,retr_mean_rank,retrieval_group_identity,0,commit,17,-0.097936,0.708446,-0.649772,0.406948,0,4997,-0.103628,0.893167,0,1,,0.948204
pooled,,pooled,31,retr_mean_rank,retrieval_group_identity,0,commit,17,0.186916,0.086732,-0.119732,0.440047,0,5000,0.231927,0.649516,0,1,,0.459734
per_model,meta-llama-Llama-3.1-8B,base,0,retr_mean_rank,retrieval_group_identity,0,conditional_acc,17,0.3995,0.112127,-0.090369,0.793045,0,4997,0.436218,0.838739,0,1,,0.521416
per_model,weidawang-Chem-R-8B,chem-r,0,retr_mean_rank,retrieval_group_identity,0,conditional_acc,17,-0.089259,0.733351,-0.572665,0.512357,0,4709,,-0.256883,0,0,,0.952058
per_model,phenixace-Chem-R-Faithful,chem,0,retr_mean_rank,retrieval_group_identity,0,conditional_acc,17,0.191711,0.461052,-0.279432,0.613322,0,4426,,,0,0,,0.865837
per_model,OpenDFM-ChemDFM-v1.5-8B,chemdfm,0,retr_mean_rank,retrieval_group_identity,0,conditional_acc,17,0.152892,0.557986,-0.385995,0.636428,0,5000,0.193265,0.625842,0,1,,0.904215
per_model,deepseek-ai-DeepSeek-R1-Distill-Llama-8B,reason,0,retr_mean_rank,retrieval_group_identity,0,conditional_acc,17,0.25873,0.315994,-0.274086,0.789311,0,5000,0.337098,0.589088,0,1,,0.769757
pooled,,pooled,0,retr_mean_rank,retrieval_group_identity,0,conditional_acc,17,0.204906,0.059947,-0.091876,0.425929,0,5000,0.305729,0.449197,0,0,,0.407969
per_model,meta-llama-Llama-3.1-8B,base,8,retr_mean_rank,retrieval_group_identity,0,conditional_acc,17,0.18272,0.482721,-0.312739,0.630929,0,4997,0.199513,0.838739,0,1,,0.875449
per_model,weidawang-Chem-R-8B,chem-r,8,retr_mean_rank,retrieval_group_identity,0,conditional_acc,17,-0.130853,0.616663,-0.57023,0.370006,0,4709,,-0.256883,0,0,,0.922246
per_model,phenixace-Chem-R-Faithful,chem,8,retr_mean_rank,retrieval_group_identity,0,conditional_acc,17,0.077471,0.767584,-0.367401,0.567461,0,4426,,,0,0,,0.969035
per_model,OpenDFM-ChemDFM-v1.5-8B,chemdfm,8,retr_mean_rank,retrieval_group_identity,0,conditional_acc,17,0.088839,0.734562,-0.448331,0.642542,0,5000,0.112298,0.625842,0,1,,0.95253
per_model,deepseek-ai-DeepSeek-R1-Distill-Llama-8B,reason,8,retr_mean_rank,retrieval_group_identity,0,conditional_acc,17,0.145386,0.577694,-0.413071,0.609327,0,5000,0.189423,0.589088,0,1,,0.914301
pooled,,pooled,8,retr_mean_rank,retrieval_group_identity,0,conditional_acc,17,0.089385,0.415919,-0.141724,0.29287,0,5000,0.133367,0.449197,0,0,,0.841801
per_model,meta-llama-Llama-3.1-8B,base,16,retr_mean_rank,retrieval_group_identity,0,conditional_acc,17,0.20069,0.439909,-0.352508,0.69876,0,4997,0.219135,0.838739,0,1,,0.856376
per_model,weidawang-Chem-R-8B,chem-r,16,retr_mean_rank,retrieval_group_identity,0,conditional_acc,17,-0.128544,0.622945,-0.510516,0.366568,0,4420,,-0.256883,0,0,,0.925877
per_model,phenixace-Chem-R-Faithful,chem,16,retr_mean_rank,retrieval_group_identity,0,conditional_acc,17,-0.146427,0.574944,-0.490443,0.31595,0,4370,,,0,0,,0.914301
per_model,OpenDFM-ChemDFM-v1.5-8B,chemdfm,16,retr_mean_rank,retrieval_group_identity,0,conditional_acc,17,-0.032912,0.900208,-0.531387,0.569254,0,4780,-0.041603,0.625842,0,1,,0.98944
per_model,deepseek-ai-DeepSeek-R1-Distill-Llama-8B,reason,16,retr_mean_rank,retrieval_group_identity,0,conditional_acc,17,-0.077328,0.768003,-0.518036,0.415274,0,4895,-0.100751,0.589088,0,1,,0.969035
pooled,,pooled,16,retr_mean_rank,retrieval_group_identity,0,conditional_acc,17,-0.04214,0.701775,-0.255202,0.135164,0,5000,-0.062874,0.449197,0,0,,0.946621
per_model,meta-llama-Llama-3.1-8B,base,24,retr_mean_rank,retrieval_group_identity,0,conditional_acc,17,0.181496,0.485708,-0.319811,0.662926,0,4957,0.198177,0.838739,0,1,,0.875607
per_model,weidawang-Chem-R-8B,chem-r,24,retr_mean_rank,retrieval_group_identity,0,conditional_acc,17,-0.15138,0.561933,-0.562391,0.366348,0,4650,,-0.256883,0,0,,0.904985
per_model,phenixace-Chem-R-Faithful,chem,24,retr_mean_rank,retrieval_group_identity,0,conditional_acc,17,0.017699,0.946246,-0.371604,0.50628,0,3942,,,0,0,,0.98944
per_model,OpenDFM-ChemDFM-v1.5-8B,chemdfm,24,retr_mean_rank,retrieval_group_identity,0,conditional_acc,17,0.055632,0.832054,-0.472438,0.557713,0,4423,0.070322,0.625842,0,1,,0.977237
per_model,deepseek-ai-DeepSeek-R1-Distill-Llama-8B,reason,24,retr_mean_rank,retrieval_group_identity,0,conditional_acc,17,-0.381411,0.130891,-0.740016,0.097364,0,4992,-0.496939,0.589088,0,1,,0.561235
pooled,,pooled,24,retr_mean_rank,retrieval_group_identity,0,conditional_acc,17,-0.020339,0.85342,-0.243942,0.203525,0,5000,-0.030346,0.449197,0,0,,0.980293
per_model,meta-llama-Llama-3.1-8B,base,31,retr_mean_rank,retrieval_group_identity,0,conditional_acc,17,0.293655,0.252626,-0.218055,0.713381,0,4988,0.320645,0.838739,0,1,,0.710761
per_model,weidawang-Chem-R-8B,chem-r,31,retr_mean_rank,retrieval_group_identity,0,conditional_acc,17,-0.125341,0.631705,-0.54912,0.407022,0,4705,,-0.256883,0,0,,0.925877
per_model,phenixace-Chem-R-Faithful,chem,31,retr_mean_rank,retrieval_group_identity,0,conditional_acc,17,0.021472,0.934808,-0.435569,0.514174,0,4414,,,0,0,,0.98944
per_model,OpenDFM-ChemDFM-v1.5-8B,chemdfm,31,retr_mean_rank,retrieval_group_identity,0,conditional_acc,17,-0.031169,0.905471,-0.57547,0.496136,0,4982,-0.0394,0.625842,0,1,,0.98944
per_model,deepseek-ai-DeepSeek-R1-Distill-Llama-8B,reason,31,retr_mean_rank,retrieval_group_identity,0,conditional_acc,17,-0.103306,0.693171,-0.592004,0.410063,0,4997,-0.134597,0.589088,0,1,,0.942668
pooled,,pooled,31,retr_mean_rank,retrieval_group_identity,0,conditional_acc,17,0.013461,0.902685,-0.228677,0.226682,0,5000,0.020084,0.449197,0,0,,0.98944
per_model,meta-llama-Llama-3.1-8B,base,0,retr_mean_rank,retrieval_group_identity,0,underspecified,17,-0.212004,0.413996,-0.704748,0.328563,0,4997,-0.232816,0.829207,0,1,,0.840237
per_model,weidawang-Chem-R-8B,chem-r,0,retr_mean_rank,retrieval_group_identity,0,underspecified,17,-0.252828,0.327548,-0.664743,0.203531,0,4163,,-0.324026,0,0,,0.778294
per_model,phenixace-Chem-R-Faithful,chem,0,retr_mean_rank,retrieval_group_identity,0,underspecified,17,-0.161195,0.536533,-0.577596,0.314409,0,4928,-0.168239,0.918021,0,1,,0.898088
per_model,OpenDFM-ChemDFM-v1.5-8B,chemdfm,0,retr_mean_rank,retrieval_group_identity,0,underspecified,17,-0.434297,0.081523,-0.775158,0.007937,0,4811,-0.486416,0.797181,0,1,,0.450094
per_model,deepseek-ai-DeepSeek-R1-Distill-Llama-8B,reason,0,retr_mean_rank,retrieval_group_identity,0,underspecified,17,-0.110652,0.672456,-0.62015,0.445877,0,4807,-0.115782,0.913335,0,1,,0.934008
pooled,,pooled,0,retr_mean_rank,retrieval_group_identity,0,underspecified,17,-0.197967,0.069345,-0.422404,0.067194,0,5000,-0.250063,0.626744,0,1,,0.434733
per_model,meta-llama-Llama-3.1-8B,base,8,retr_mean_rank,retrieval_group_identity,0,underspecified,17,-0.140033,0.591926,-0.619515,0.347449,0,4997,-0.15378,0.829207,0,1,,0.914685
per_model,weidawang-Chem-R-8B,chem-r,8,retr_mean_rank,retrieval_group_identity,0,underspecified,17,-0.203297,0.433867,-0.630654,0.180963,0,4163,,-0.324026,0,0,,0.853944
per_model,phenixace-Chem-R-Faithful,chem,8,retr_mean_rank,retrieval_group_identity,0,underspecified,17,-0.384265,0.127795,-0.804436,0.056847,0,4928,-0.401056,0.918021,0,1,,0.556225
per_model,OpenDFM-ChemDFM-v1.5-8B,chemdfm,8,retr_mean_rank,retrieval_group_identity,0,underspecified,17,0.052502,0.841386,-0.424709,0.50451,0,4811,0.058803,0.797181,0,1,,0.977847
per_model,deepseek-ai-DeepSeek-R1-Distill-Llama-8B,reason,8,retr_mean_rank,retrieval_group_identity,0,underspecified,17,-0.203877,0.432526,-0.643006,0.318965,0,4807,-0.213331,0.913335,0,1,,0.85217
pooled,,pooled,8,retr_mean_rank,retrieval_group_identity,0,underspecified,17,-0.125884,0.250976,-0.423558,0.183558,0,5000,-0.15901,0.626744,0,1,,0.710761
per_model,meta-llama-Llama-3.1-8B,base,16,retr_mean_rank,retrieval_group_identity,0,underspecified,17,-0.244645,0.343967,-0.73987,0.291307,0,4997,-0.268661,0.829207,0,1,,0.787495
per_model,weidawang-Chem-R-8B,chem-r,16,retr_mean_rank,retrieval_group_identity,0,underspecified,17,0.017402,0.947147,-0.470712,0.433271,0,3906,,-0.324026,0,0,,0.98944
per_model,phenixace-Chem-R-Faithful,chem,16,retr_mean_rank,retrieval_group_identity,0,underspecified,17,0.057047,0.827841,-0.446304,0.460905,0,4864,0.05954,0.918021,0,1,,0.977168
per_model,OpenDFM-ChemDFM-v1.5-8B,chemdfm,16,retr_mean_rank,retrieval_group_identity,0,underspecified,17,0.053186,0.839347,-0.458027,0.460125,0,4603,0.059568,0.797181,0,1,,0.977569
per_model,deepseek-ai-DeepSeek-R1-Distill-Llama-8B,reason,16,retr_mean_rank,retrieval_group_identity,0,underspecified,17,-0.214581,0.40821,-0.730263,0.230929,0,4721,-0.224531,0.913335,0,1,,0.836386
pooled,,pooled,16,retr_mean_rank,retrieval_group_identity,0,underspecified,17,-0.089404,0.415822,-0.380194,0.213266,0,5000,-0.112931,0.626744,0,1,,0.841801
per_model,meta-llama-Llama-3.1-8B,base,24,retr_mean_rank,retrieval_group_identity,0,underspecified,17,-0.228584,0.37753,-0.70814,0.33901,0,4956,-0.251024,0.829207,0,1,,0.813019
per_model,weidawang-Chem-R-8B,chem-r,24,retr_mean_rank,retrieval_group_identity,0,underspecified,17,0.027003,0.918062,-0.476392,0.459811,0,4105,,-0.324026,0,0,,0.98944
per_model,phenixace-Chem-R-Faithful,chem,24,retr_mean_rank,retrieval_group_identity,0,underspecified,17,0.15028,0.56481,-0.285568,0.493402,0,4360,0.156847,0.918021,0,1,,0.905702
per_model,OpenDFM-ChemDFM-v1.5-8B,chemdfm,24,retr_mean_rank,retrieval_group_identity,0,underspecified,17,0.089175,0.733592,-0.419067,0.521687,0,4265,0.099877,0.797181,0,1,,0.952058
per_model,deepseek-ai-DeepSeek-R1-Distill-Llama-8B,reason,24,retr_mean_rank,retrieval_group_identity,0,underspecified,17,0.037924,0.885102,-0.443141,0.435111,0,4801,0.039682,0.913335,0,1,,0.98944
pooled,,pooled,24,retr_mean_rank,retrieval_group_identity,0,underspecified,17,-0.00082,0.994057,-0.22214,0.238737,0,5000,-0.001036,0.626744,0,1,,0.996812
per_model,meta-llama-Llama-3.1-8B,base,31,retr_mean_rank,retrieval_group_identity,0,underspecified,17,-0.160615,0.53802,-0.634593,0.468445,0,4988,-0.176382,0.829207,0,1,,0.898088
per_model,weidawang-Chem-R-8B,chem-r,31,retr_mean_rank,retrieval_group_identity,0,underspecified,17,-0.044654,0.864874,-0.551965,0.446858,0,4159,,-0.324026,0,0,,0.985548
per_model,phenixace-Chem-R-Faithful,chem,31,retr_mean_rank,retrieval_group_identity,0,underspecified,17,-0.190107,0.464882,-0.628432,0.262425,0,4914,-0.198414,0.918021,0,1,,0.867955
per_model,OpenDFM-ChemDFM-v1.5-8B,chemdfm,31,retr_mean_rank,retrieval_group_identity,0,underspecified,17,-0.094503,0.718268,-0.577585,0.415349,0,4794,-0.105844,0.797181,0,1,,0.952058
per_model,deepseek-ai-DeepSeek-R1-Distill-Llama-8B,reason,31,retr_mean_rank,retrieval_group_identity,0,underspecified,17,-0.201626,0.437734,-0.66139,0.36962,0,4804,-0.210976,0.913335,0,1,,0.856376
pooled,,pooled,31,retr_mean_rank,retrieval_group_identity,0,underspecified,17,-0.075701,0.491088,-0.334808,0.221285,0,5000,-0.095621,0.626744,0,1,,0.876281
per_model,meta-llama-Llama-3.1-8B,base,0,retr_mean_rank,retrieval_group_identity,0,non_answer,17,-0.038319,0.883912,-0.531487,0.439312,0,5000,-0.044947,0.726841,0,1,,0.98944
per_model,weidawang-Chem-R-8B,chem-r,0,retr_mean_rank,retrieval_group_identity,0,non_answer,17,-0.517432,0.033401,-0.791346,-0.022975,1,5000,-0.935533,0.305906,0,0,,0.327664
per_model,phenixace-Chem-R-Faithful,chem,0,retr_mean_rank,retrieval_group_identity,0,non_answer,17,-0.575732,0.015587,-0.835138,-0.161018,1,5000,,-0.039064,0,0,,0.216386
per_model,OpenDFM-ChemDFM-v1.5-8B,chemdfm,0,retr_mean_rank,retrieval_group_identity,0,non_answer,17,-0.252333,0.328528,-0.644561,0.277858,0,5000,-0.28397,0.789595,0,1,,0.778294
per_model,deepseek-ai-DeepSeek-R1-Distill-Llama-8B,reason,0,retr_mean_rank,retrieval_group_identity,0,non_answer,17,-0.44025,0.076969,-0.774099,0.053602,0,5000,-0.519658,0.717735,0,1,,0.444977
pooled,,pooled,0,retr_mean_rank,retrieval_group_identity,0,non_answer,17,-0.35913,0.000737,-0.563068,-0.111188,1,5000,-0.507784,0.500202,0,1,,0.044568
per_model,meta-llama-Llama-3.1-8B,base,8,retr_mean_rank,retrieval_group_identity,0,non_answer,17,-0.093284,0.721765,-0.550862,0.444183,0,5000,-0.109418,0.726841,0,1,,0.952058
per_model,weidawang-Chem-R-8B,chem-r,8,retr_mean_rank,retrieval_group_identity,0,non_answer,17,-0.138818,0.595178,-0.606852,0.387054,0,5000,-0.250987,0.305906,0,0,,0.914685
per_model,phenixace-Chem-R-Faithful,chem,8,retr_mean_rank,retrieval_group_identity,0,non_answer,17,-0.060158,0.818596,-0.530683,0.416059,0,5000,,-0.039064,0,0,,0.976147
per_model,OpenDFM-ChemDFM-v1.5-8B,chemdfm,8,retr_mean_rank,retrieval_group_identity,0,non_answer,17,-0.362095,0.153221,-0.737518,0.170743,0,5000,-0.407493,0.789595,0,1,,0.591223
per_model,deepseek-ai-DeepSeek-R1-Distill-Llama-8B,reason,8,retr_mean_rank,retrieval_group_identity,0,non_answer,17,0.033457,0.898564,-0.527075,0.56179,0,5000,0.039492,0.717735,0,1,,0.98944
pooled,,pooled,8,retr_mean_rank,retrieval_group_identity,0,non_answer,17,-0.111602,0.309217,-0.39269,0.19039,0,5000,-0.157797,0.500202,0,1,,0.76483
per_model,meta-llama-Llama-3.1-8B,base,16,retr_mean_rank,retrieval_group_identity,0,non_answer,17,-0.233757,0.36653,-0.635055,0.275452,0,5000,-0.274185,0.726841,0,1,,0.806078
per_model,weidawang-Chem-R-8B,chem-r,16,retr_mean_rank,retrieval_group_identity,0,non_answer,17,-0.122442,0.639672,-0.533345,0.310936,0,4691,-0.221379,0.305906,0,0,,0.926285
per_model,phenixace-Chem-R-Faithful,chem,16,retr_mean_rank,retrieval_group_identity,0,non_answer,17,-0.507641,0.037507,-0.820178,-0.106685,1,4935,,-0.039064,0,0,,0.346467
per_model,OpenDFM-ChemDFM-v1.5-8B,chemdfm,16,retr_mean_rank,retrieval_group_identity,0,non_answer,17,-0.297065,0.2469,-0.688302,0.191005,0,4780,-0.33431,0.789595,0,1,,0.70754
per_model,deepseek-ai-DeepSeek-R1-Distill-Llama-8B,reason,16,retr_mean_rank,retrieval_group_identity,0,non_answer,17,0.207346,0.424565,-0.336852,0.636672,0,4895,0.244745,0.717735,0,1,,0.844143
pooled,,pooled,16,retr_mean_rank,retrieval_group_identity,0,non_answer,17,-0.154434,0.158183,-0.383229,0.109964,0,5000,-0.218358,0.500202,0,1,,0.591587
per_model,meta-llama-Llama-3.1-8B,base,24,retr_mean_rank,retrieval_group_identity,0,non_answer,17,0.076796,0.769559,-0.396665,0.553207,0,4959,0.090078,0.726841,0,1,,0.969666
per_model,weidawang-Chem-R-8B,chem-r,24,retr_mean_rank,retrieval_group_identity,0,non_answer,17,-0.293898,0.252216,-0.674915,0.133111,0,4935,-0.531376,0.305906,0,0,,0.710761
per_model,phenixace-Chem-R-Faithful,chem,24,retr_mean_rank,retrieval_group_identity,0,non_answer,17,-0.514943,0.03441,-0.754827,-0.224238,1,4423,,-0.039064,0,0,,0.332198
per_model,OpenDFM-ChemDFM-v1.5-8B,chemdfm,24,retr_mean_rank,retrieval_group_identity,0,non_answer,17,-0.290334,0.258281,-0.691131,0.133241,0,4423,-0.326735,0.789595,0,1,,0.714633
per_model,deepseek-ai-DeepSeek-R1-Distill-Llama-8B,reason,24,retr_mean_rank,retrieval_group_identity,0,non_answer,17,0.478967,0.051753,-0.026198,0.837398,0,4992,0.565358,0.717735,0,1,,0.396449
pooled,,pooled,24,retr_mean_rank,retrieval_group_identity,0,non_answer,17,-0.021904,0.842281,-0.253391,0.218819,0,5000,-0.03097,0.500202,0,1,,0.977847
per_model,meta-llama-Llama-3.1-8B,base,31,retr_mean_rank,retrieval_group_identity,0,non_answer,17,-0.112476,0.667346,-0.545058,0.350873,0,4991,-0.131929,0.726841,0,1,,0.932817
per_model,weidawang-Chem-R-8B,chem-r,31,retr_mean_rank,retrieval_group_identity,0,non_answer,17,-0.374222,0.138919,-0.734702,0.071768,0,4996,-0.676606,0.305906,0,0,,0.577035
per_model,phenixace-Chem-R-Faithful,chem,31,retr_mean_rank,retrieval_group_identity,0,non_answer,17,-0.547741,0.022841,-0.80796,-0.16058,1,4986,,-0.039064,0,0,,0.26849
per_model,OpenDFM-ChemDFM-v1.5-8B,chemdfm,31,retr_mean_rank,retrieval_group_identity,0,non_answer,17,0.008254,0.974919,-0.526204,0.532722,0,4982,0.009289,0.789595,0,1,,0.995027
per_model,deepseek-ai-DeepSeek-R1-Distill-Llama-8B,reason,31,retr_mean_rank,retrieval_group_identity,0,non_answer,17,0.164905,0.52707,-0.372065,0.6602,0,4997,0.194649,0.717735,0,1,,0.897832
pooled,,pooled,31,retr_mean_rank,retrieval_group_identity,0,non_answer,17,-0.14763,0.177552,-0.381383,0.121794,0,5000,-0.208738,0.500202,0,1,,0.61754
per_model,meta-llama-Llama-3.1-8B,base,0,retr_mean_rank,retrieval_group_identity,0,malformed,17,-0.369654,0.144195,-0.715699,0.121728,0,5000,-0.593751,0.387597,0,0,,0.584841
per_model,weidawang-Chem-R-8B,chem-r,0,retr_mean_rank,retrieval_group_identity,0,malformed,17,-0.305261,0.233473,-0.743731,0.234205,0,4330,,,0,0,,0.685651
per_model,phenixace-Chem-R-Faithful,chem,0,retr_mean_rank,retrieval_group_identity,0,malformed,17,-0.433562,0.082099,-0.795195,0.03227,0,4310,,,0,0,,0.450094
per_model,deepseek-ai-DeepSeek-R1-Distill-Llama-8B,reason,0,retr_mean_rank,retrieval_group_identity,0,malformed,17,-0.129167,0.621249,-0.597065,0.338147,0,4800,-0.204433,0.399209,0,0,,0.925133
pooled,,pooled,0,retr_mean_rank,retrieval_group_identity,0,malformed,17,-0.258142,0.033554,-0.439525,-0.024564,1,5000,-0.411566,0.393403,0,0,,0.327664
per_model,meta-llama-Llama-3.1-8B,base,8,retr_mean_rank,retrieval_group_identity,0,malformed,17,0.217911,0.400797,-0.349276,0.681559,0,5000,0.350016,0.387597,0,0,,0.836386
per_model,weidawang-Chem-R-8B,chem-r,8,retr_mean_rank,retrieval_group_identity,0,malformed,17,0.09217,0.724965,-0.378184,0.525654,0,4330,,,0,0,,0.952058
per_model,phenixace-Chem-R-Faithful,chem,8,retr_mean_rank,retrieval_group_identity,0,malformed,17,0.018734,0.943106,-0.441883,0.414017,0,4310,,,0,0,,0.98944
per_model,deepseek-ai-DeepSeek-R1-Distill-Llama-8B,reason,8,retr_mean_rank,retrieval_group_identity,0,malformed,17,-0.050031,0.84877,-0.50243,0.443646,0,4800,-0.079184,0.399209,0,0,,0.980293
pooled,,pooled,8,retr_mean_rank,retrieval_group_identity,0,malformed,17,0.088747,0.471724,-0.172073,0.375398,0,5000,0.141492,0.393403,0,0,,0.872114
per_model,meta-llama-Llama-3.1-8B,base,16,retr_mean_rank,retrieval_group_identity,0,malformed,17,-0.000629,0.998087,-0.608944,0.547755,0,5000,-0.001011,0.387597,0,0,,0.998874
per_model,weidawang-Chem-R-8B,chem-r,16,retr_mean_rank,retrieval_group_identity,0,malformed,17,-0.096683,0.712026,-0.572667,0.341276,0,4054,,,0,0,,0.948496
per_model,phenixace-Chem-R-Faithful,chem,16,retr_mean_rank,retrieval_group_identity,0,malformed,17,-0.057152,0.827528,-0.595959,0.394576,0,4258,,,0,0,,0.977168
per_model,deepseek-ai-DeepSeek-R1-Distill-Llama-8B,reason,16,retr_mean_rank,retrieval_group_identity,0,malformed,17,0.293312,0.253206,-0.187948,0.6521,0,4695,0.464226,0.399209,0,0,,0.710761
pooled,,pooled,16,retr_mean_rank,retrieval_group_identity,0,malformed,17,0.055335,0.65402,-0.24705,0.364136,0,5000,0.088222,0.393403,0,0,,0.929371
per_model,meta-llama-Llama-3.1-8B,base,24,retr_mean_rank,retrieval_group_identity,0,malformed,17,0.170673,0.51251,-0.364363,0.63624,0,4959,0.274141,0.387597,0,0,,0.888841
per_model,weidawang-Chem-R-8B,chem-r,24,retr_mean_rank,retrieval_group_identity,0,malformed,17,-0.091087,0.728083,-0.551268,0.384224,0,4271,,,0,0,,0.952058
per_model,phenixace-Chem-R-Faithful,chem,24,retr_mean_rank,retrieval_group_identity,0,malformed,17,-0.317885,0.213719,-0.818587,0.232969,0,3881,,,0,0,,0.661235
per_model,deepseek-ai-DeepSeek-R1-Distill-Llama-8B,reason,24,retr_mean_rank,retrieval_group_identity,0,malformed,17,0.293344,0.253153,-0.230962,0.678692,0,4792,0.464277,0.399209,0,0,,0.710761
pooled,,pooled,24,retr_mean_rank,retrieval_group_identity,0,malformed,17,0.088587,0.472522,-0.240197,0.429502,0,5000,0.141239,0.393403,0,0,,0.872114
per_model,meta-llama-Llama-3.1-8B,base,31,retr_mean_rank,retrieval_group_identity,0,malformed,17,-0.010786,0.967228,-0.501687,0.493806,0,4991,-0.017325,0.387597,0,0,,0.995027
per_model,weidawang-Chem-R-8B,chem-r,31,retr_mean_rank,retrieval_group_identity,0,malformed,17,-0.028117,0.914695,-0.512784,0.480047,0,4326,,,0,0,,0.98944
per_model,phenixace-Chem-R-Faithful,chem,31,retr_mean_rank,retrieval_group_identity,0,malformed,17,-0.101181,0.699203,-0.648913,0.458957,0,4299,,,0,0,,0.944608
per_model,deepseek-ai-DeepSeek-R1-Distill-Llama-8B,reason,31,retr_mean_rank,retrieval_group_identity,0,malformed,17,0.351614,0.166362,-0.111015,0.701126,0,4797,0.556501,0.399209,0,0,,0.603341
pooled,,pooled,31,retr_mean_rank,retrieval_group_identity,0,malformed,17,0.046594,0.705944,-0.265908,0.374335,0,5000,0.074287,0.393403,0,0,,0.94776
per_model,meta-llama-Llama-3.1-8B,base,0,retr_median_rank,retrieval_group_identity,0,strict,17,0.231013,0.372342,-0.266982,0.664714,0,4991,0.247557,0.870812,0,1,,0.809618
per_model,weidawang-Chem-R-8B,chem-r,0,retr_median_rank,retrieval_group_identity,0,strict,17,0.155724,0.550628,-0.487491,0.697217,0,5000,0.299157,0.270964,0,0,,0.90388
per_model,phenixace-Chem-R-Faithful,chem,0,retr_median_rank,retrieval_group_identity,0,strict,17,0.250024,0.333123,-0.310723,0.715721,0,5000,0.280706,0.79334,0,1,,0.779862
per_model,OpenDFM-ChemDFM-v1.5-8B,chemdfm,0,retr_median_rank,retrieval_group_identity,0,strict,17,0.423296,0.09045,-0.052745,0.762059,0,4810,0.597613,0.501705,0,1,,0.471418
per_model,deepseek-ai-DeepSeek-R1-Distill-Llama-8B,reason,0,retr_median_rank,retrieval_group_identity,0,strict,17,0.447317,0.071806,-0.076865,0.875331,0,5000,0.463083,0.933064,0,1,,0.437433
pooled,,pooled,0,retr_median_rank,retrieval_group_identity,0,strict,17,0.307016,0.004263,-0.030594,0.621123,0,5000,0.373972,0.673977,0,1,,0.115149
per_model,meta-llama-Llama-3.1-8B,base,8,retr_median_rank,retrieval_group_identity,0,strict,17,0.195279,0.452589,-0.288347,0.618169,0,4997,0.209264,0.870812,0,1,,0.860745
per_model,weidawang-Chem-R-8B,chem-r,8,retr_median_rank,retrieval_group_identity,0,strict,17,-0.281596,0.273534,-0.735874,0.245875,0,4938,-0.540967,0.270964,0,0,,0.731249
per_model,phenixace-Chem-R-Faithful,chem,8,retr_median_rank,retrieval_group_identity,0,strict,17,0.294951,0.25044,-0.210541,0.714757,0,4938,0.331147,0.79334,0,1,,0.710761
per_model,OpenDFM-ChemDFM-v1.5-8B,chemdfm,8,retr_median_rank,retrieval_group_identity,0,strict,17,-0.069318,0.791506,-0.572948,0.482826,0,4159,-0.097864,0.501705,0,1,,0.970684
per_model,deepseek-ai-DeepSeek-R1-Distill-Llama-8B,reason,8,retr_median_rank,retrieval_group_identity,0,strict,17,-0.106029,0.685466,-0.540658,0.362538,0,5000,-0.109766,0.933064,0,1,,0.940183
pooled,,pooled,8,retr_median_rank,retrieval_group_identity,0,strict,17,0.003859,0.972041,-0.308486,0.260578,0,5000,0.0047,0.673977,0,1,,0.995027
per_model,meta-llama-Llama-3.1-8B,base,16,retr_median_rank,retrieval_group_identity,0,strict,17,0.337881,0.184701,-0.102113,0.709138,0,4901,0.362078,0.870812,0,1,,0.628626
per_model,weidawang-Chem-R-8B,chem-r,16,retr_median_rank,retrieval_group_identity,0,strict,17,-0.298101,0.245177,-0.668033,0.053154,0,3567,-0.572675,0.270964,0,0,,0.707391
per_model,phenixace-Chem-R-Faithful,chem,16,retr_median_rank,retrieval_group_identity,0,strict,17,0.173616,0.505154,-0.261829,0.583588,0,4155,0.194922,0.79334,0,1,,0.883932
per_model,OpenDFM-ChemDFM-v1.5-8B,chemdfm,16,retr_median_rank,retrieval_group_identity,0,strict,17,-0.039743,0.879627,-0.59392,0.306224,0,3110,-0.056109,0.501705,0,1,,0.98944
per_model,deepseek-ai-DeepSeek-R1-Distill-Llama-8B,reason,16,retr_median_rank,retrieval_group_identity,0,strict,17,-0.23529,0.363303,-0.617018,0.155346,0,3103,-0.243584,0.933064,0,1,,0.80356
pooled,,pooled,16,retr_median_rank,retrieval_group_identity,0,strict,17,0.065039,0.554266,-0.222699,0.328284,0,5000,0.079223,0.673977,0,1,,0.904215
per_model,meta-llama-Llama-3.1-8B,base,24,retr_median_rank,retrieval_group_identity,0,strict,17,0.204341,0.431457,-0.345642,0.668773,0,4224,0.218975,0.870812,0,1,,0.85217
per_model,weidawang-Chem-R-8B,chem-r,24,retr_median_rank,retrieval_group_identity,0,strict,17,-0.13626,0.602044,-0.612568,0.262274,0,4149,-0.261765,0.270964,0,0,,0.915939
per_model,phenixace-Chem-R-Faithful,chem,24,retr_median_rank,retrieval_group_identity,0,strict,17,0.086269,0.741992,-0.366021,0.425908,0,3101,0.096855,0.79334,0,1,,0.95543
per_model,OpenDFM-ChemDFM-v1.5-8B,chemdfm,24,retr_median_rank,retrieval_group_identity,0,strict,17,0.160093,0.53936,-0.350822,0.615116,0,4163,0.22602,0.501705,0,1,,0.89917
per_model,deepseek-ai-DeepSeek-R1-Distill-Llama-8B,reason,24,retr_median_rank,retrieval_group_identity,0,strict,17,-0.399884,0.111751,-0.756924,0.008319,0,4323,-0.413978,0.933064,0,1,,0.521416
pooled,,pooled,24,retr_median_rank,retrieval_group_identity,0,strict,17,-0.034683,0.752668,-0.330813,0.250093,0,5000,-0.042247,0.673977,0,1,,0.961998
per_model,meta-llama-Llama-3.1-8B,base,31,retr_median_rank,retrieval_group_identity,0,strict,17,0.273568,0.288022,-0.079489,0.643317,0,2802,0.293159,0.870812,0,1,,0.742669
per_model,weidawang-Chem-R-8B,chem-r,31,retr_median_rank,retrieval_group_identity,0,strict,17,0.117709,0.652761,-0.445286,0.666284,0,4329,0.226128,0.270964,0,0,,0.929371
per_model,phenixace-Chem-R-Faithful,chem,31,retr_median_rank,retrieval_group_identity,0,strict,17,0.191384,0.46183,-0.271337,0.58814,0,4329,0.214871,0.79334,0,1,,0.866468
per_model,OpenDFM-ChemDFM-v1.5-8B,chemdfm,31,retr_median_rank,retrieval_group_identity,0,strict,17,0.271256,0.292278,-0.231461,0.690174,0,4714,0.382962,0.501705,0,1,,0.749589
pooled,,pooled,31,retr_median_rank,retrieval_group_identity,0,strict,17,0.1819,0.137651,-0.169513,0.471805,0,4989,0.22157,0.673977,0,1,,0.575776
per_model,meta-llama-Llama-3.1-8B,base,0,retr_median_rank,retrieval_group_identity,0,superclass_credit,17,0.147247,0.572783,-0.33148,0.583849,0,4991,0.168569,0.763022,0,1,,0.912808
per_model,weidawang-Chem-R-8B,chem-r,0,retr_median_rank,retrieval_group_identity,0,superclass_credit,17,0.153944,0.555249,-0.46357,0.70062,0,5000,0.283329,0.295216,0,0,,0.904215
per_model,phenixace-Chem-R-Faithful,chem,0,retr_median_rank,retrieval_group_identity,0,superclass_credit,17,0.599508,0.010972,0.093997,0.932805,1,5000,1.058616,0.32071,0,0,,0.189509
per_model,OpenDFM-ChemDFM-v1.5-8B,chemdfm,0,retr_median_rank,retrieval_group_identity,0,superclass_credit,17,0.342411,0.17851,-0.240422,0.720857,0,4810,0.409186,0.700252,0,1,,0.619529
per_model,deepseek-ai-DeepSeek-R1-Distill-Llama-8B,reason,0,retr_median_rank,retrieval_group_identity,0,superclass_credit,17,0.459287,0.063648,-0.073806,0.861475,0,5000,0.481301,0.910612,0,1,,0.420742
pooled,,pooled,0,retr_median_rank,retrieval_group_identity,0,superclass_credit,17,0.346797,0.001148,0.013638,0.665423,1,5000,0.448475,0.597963,0,1,,0.058227
per_model,meta-llama-Llama-3.1-8B,base,8,retr_median_rank,retrieval_group_identity,0,superclass_credit,17,0.135487,0.604125,-0.342573,0.537857,0,4997,0.155106,0.763022,0,1,,0.915939
per_model,weidawang-Chem-R-8B,chem-r,8,retr_median_rank,retrieval_group_identity,0,superclass_credit,17,-0.314128,0.219481,-0.734441,0.177136,0,4938,-0.578145,0.295216,0,0,,0.666582
per_model,phenixace-Chem-R-Faithful,chem,8,retr_median_rank,retrieval_group_identity,0,superclass_credit,17,-0.200582,0.440162,-0.641877,0.303188,0,4938,-0.354189,0.32071,0,0,,0.856376
per_model,OpenDFM-ChemDFM-v1.5-8B,chemdfm,8,retr_median_rank,retrieval_group_identity,0,superclass_credit,17,0.061891,0.813454,-0.461316,0.569879,0,4159,0.073961,0.700252,0,1,,0.975146
per_model,deepseek-ai-DeepSeek-R1-Distill-Llama-8B,reason,8,retr_median_rank,retrieval_group_identity,0,superclass_credit,17,-0.212952,0.411863,-0.674175,0.281314,0,5000,-0.223159,0.910612,0,1,,0.839262
pooled,,pooled,8,retr_median_rank,retrieval_group_identity,0,superclass_credit,17,-0.123958,0.258357,-0.4001,0.171816,0,5000,-0.160302,0.597963,0,1,,0.714633
per_model,meta-llama-Llama-3.1-8B,base,16,retr_median_rank,retrieval_group_identity,0,superclass_credit,17,0.25377,0.325687,-0.192354,0.626857,0,4901,0.290518,0.763022,0,1,,0.77589
per_model,weidawang-Chem-R-8B,chem-r,16,retr_median_rank,retrieval_group_identity,0,superclass_credit,17,-0.170051,0.51407,-0.565895,0.202745,0,3567,-0.312976,0.295216,0,0,,0.890938
per_model,phenixace-Chem-R-Faithful,chem,16,retr_median_rank,retrieval_group_identity,0,superclass_credit,17,0.215729,0.405646,-0.242714,0.555752,0,4155,0.380936,0.32071,0,0,,0.836386
per_model,OpenDFM-ChemDFM-v1.5-8B,chemdfm,16,retr_median_rank,retrieval_group_identity,0,superclass_credit,17,0.08611,0.742453,-0.482444,0.405871,0,3110,0.102902,0.700252,0,1,,0.95543
per_model,deepseek-ai-DeepSeek-R1-Distill-Llama-8B,reason,16,retr_median_rank,retrieval_group_identity,0,superclass_credit,17,-0.275397,0.284681,-0.635744,0.103236,0,3103,-0.288597,0.910612,0,1,,0.740174
pooled,,pooled,16,retr_median_rank,retrieval_group_identity,0,superclass_credit,17,0.066391,0.546043,-0.182573,0.27814,0,5000,0.085857,0.597963,0,1,,0.901566
per_model,meta-llama-Llama-3.1-8B,base,24,retr_median_rank,retrieval_group_identity,0,superclass_credit,17,0.022194,0.93262,-0.423562,0.456082,0,4224,0.025408,0.763022,0,1,,0.98944
per_model,weidawang-Chem-R-8B,chem-r,24,retr_median_rank,retrieval_group_identity,0,superclass_credit,17,-0.117223,0.65411,-0.535226,0.247407,0,4149,-0.215747,0.295216,0,0,,0.929371
per_model,phenixace-Chem-R-Faithful,chem,24,retr_median_rank,retrieval_group_identity,0,superclass_credit,17,0.4914,0.04515,0.092569,0.698396,1,3101,0.867718,0.32071,0,0,,0.383398
per_model,OpenDFM-ChemDFM-v1.5-8B,chemdfm,24,retr_median_rank,retrieval_group_identity,0,superclass_credit,17,0.293778,0.252418,-0.180813,0.699191,0,4163,0.351069,0.700252,0,1,,0.710761
per_model,deepseek-ai-DeepSeek-R1-Distill-Llama-8B,reason,24,retr_median_rank,retrieval_group_identity,0,superclass_credit,17,-0.434826,0.081111,-0.765145,-0.050006,1,4323,-0.455668,0.910612,0,1,,0.450094
pooled,,pooled,24,retr_median_rank,retrieval_group_identity,0,superclass_credit,17,-0.020436,0.852728,-0.285464,0.229453,0,5000,-0.026427,0.597963,0,1,,0.980293
per_model,meta-llama-Llama-3.1-8B,base,31,retr_median_rank,retrieval_group_identity,0,superclass_credit,17,0.036044,0.890763,-0.345241,0.389067,0,2802,0.041264,0.763022,0,1,,0.98944
per_model,weidawang-Chem-R-8B,chem-r,31,retr_median_rank,retrieval_group_identity,0,superclass_credit,17,0.111624,0.66973,-0.353484,0.531388,0,4329,0.205441,0.295216,0,0,,0.932817
per_model,phenixace-Chem-R-Faithful,chem,31,retr_median_rank,retrieval_group_identity,0,superclass_credit,17,0.376377,0.136478,-0.060348,0.731033,0,4329,0.66461,0.32071,0,0,,0.575348
per_model,OpenDFM-ChemDFM-v1.5-8B,chemdfm,31,retr_median_rank,retrieval_group_identity,0,superclass_credit,17,0.184393,0.47865,-0.379898,0.662481,0,4714,0.220353,0.700252,0,1,,0.873452
pooled,,pooled,31,retr_median_rank,retrieval_group_identity,0,superclass_credit,17,0.174895,0.153724,-0.161431,0.474066,0,4989,0.226172,0.597963,0,1,,0.591223
per_model,meta-llama-Llama-3.1-8B,base,0,retr_median_rank,retrieval_group_identity,0,commit,17,0.2557,0.321896,-0.248564,0.682023,0,4991,0.295396,0.749291,0,1,,0.772077
per_model,weidawang-Chem-R-8B,chem-r,0,retr_median_rank,retrieval_group_identity,0,commit,17,0.536574,0.026376,-0.033023,0.881074,0,5000,1.089805,0.242416,0,0,,0.287569
per_model,phenixace-Chem-R-Faithful,chem,0,retr_median_rank,retrieval_group_identity,0,commit,17,0.343995,0.176379,-0.198365,0.788243,0,5000,0.395875,0.755072,0,1,,0.616332
per_model,OpenDFM-ChemDFM-v1.5-8B,chemdfm,0,retr_median_rank,retrieval_group_identity,0,commit,17,0.401366,0.110306,-0.100837,0.749729,0,4810,0.514895,0.607636,0,1,,0.518645
per_model,deepseek-ai-DeepSeek-R1-Distill-Llama-8B,reason,0,retr_median_rank,retrieval_group_identity,0,commit,17,0.43908,0.077849,-0.06909,0.825093,0,5000,0.464598,0.893167,0,1,,0.447189
pooled,,pooled,0,retr_median_rank,retrieval_group_identity,0,commit,17,0.414417,8e-05,0.149595,0.649686,1,5000,0.514212,0.649516,0,1,,0.028587
per_model,meta-llama-Llama-3.1-8B,base,8,retr_median_rank,retrieval_group_identity,0,commit,17,0.145934,0.576246,-0.337596,0.581465,0,4997,0.16859,0.749291,0,1,,0.914301
per_model,weidawang-Chem-R-8B,chem-r,8,retr_median_rank,retrieval_group_identity,0,commit,17,-0.05094,0.846053,-0.557154,0.462879,0,4938,-0.103461,0.242416,0,0,,0.980262
per_model,phenixace-Chem-R-Faithful,chem,8,retr_median_rank,retrieval_group_identity,0,commit,17,0.348794,0.170024,-0.139904,0.746145,0,4938,0.401398,0.755072,0,1,,0.606309
per_model,OpenDFM-ChemDFM-v1.5-8B,chemdfm,8,retr_median_rank,retrieval_group_identity,0,commit,17,-0.003309,0.989944,-0.507704,0.500554,0,4159,-0.004245,0.607636,0,1,,0.996222
per_model,deepseek-ai-DeepSeek-R1-Distill-Llama-8B,reason,8,retr_median_rank,retrieval_group_identity,0,commit,17,-0.198805,0.444307,-0.60504,0.324318,0,5000,-0.210359,0.893167,0,1,,0.859828
pooled,,pooled,8,retr_median_rank,retrieval_group_identity,0,commit,17,0.041253,0.707764,-0.258355,0.286295,0,5000,0.051187,0.649516,0,1,,0.947792
per_model,meta-llama-Llama-3.1-8B,base,16,retr_median_rank,retrieval_group_identity,0,commit,17,0.356512,0.16013,-0.095421,0.713998,0,4901,0.411859,0.749291,0,1,,0.591902
per_model,weidawang-Chem-R-8B,chem-r,16,retr_median_rank,retrieval_group_identity,0,commit,17,-0.189127,0.467228,-0.583123,0.192573,0,3567,-0.384126,0.242416,0,0,,0.86888
per_model,phenixace-Chem-R-Faithful,chem,16,retr_median_rank,retrieval_group_identity,0,commit,17,0.231631,0.371028,-0.179318,0.61723,0,4155,0.266565,0.755072,0,1,,0.809618
per_model,OpenDFM-ChemDFM-v1.5-8B,chemdfm,16,retr_median_rank,retrieval_group_identity,0,commit,17,0.01992,0.939511,-0.52277,0.365029,0,3110,0.025555,0.607636,0,1,,0.98944
per_model,deepseek-ai-DeepSeek-R1-Distill-Llama-8B,reason,16,retr_median_rank,retrieval_group_identity,0,commit,17,-0.318139,0.213333,-0.71542,0.028509,0,3103,-0.336628,0.893167,0,1,,0.661235
pooled,,pooled,16,retr_median_rank,retrieval_group_identity,0,commit,17,0.07984,0.467624,-0.210975,0.347143,0,5000,0.099066,0.649516,0,1,,0.86888
per_model,meta-llama-Llama-3.1-8B,base,24,retr_median_rank,retrieval_group_identity,0,commit,17,0.24919,0.33479,-0.30065,0.702339,0,4224,0.287876,0.749291,0,1,,0.781532
per_model,weidawang-Chem-R-8B,chem-r,24,retr_median_rank,retrieval_group_identity,0,commit,17,-0.009214,0.972002,-0.499435,0.385767,0,4149,-0.018715,0.242416,0,0,,0.995027
per_model,phenixace-Chem-R-Faithful,chem,24,retr_median_rank,retrieval_group_identity,0,commit,17,0.172644,0.507578,-0.281199,0.514204,0,3101,0.198682,0.755072,0,1,,0.884516
per_model,OpenDFM-ChemDFM-v1.5-8B,chemdfm,24,retr_median_rank,retrieval_group_identity,0,commit,17,0.147251,0.57277,-0.357251,0.58994,0,4163,0.188902,0.607636,0,1,,0.912808
per_model,deepseek-ai-DeepSeek-R1-Distill-Llama-8B,reason,24,retr_median_rank,retrieval_group_identity,0,commit,17,-0.449582,0.070206,-0.807871,-0.052275,1,4323,-0.475711,0.893167,0,1,,0.434765
pooled,,pooled,24,retr_median_rank,retrieval_group_identity,0,commit,17,-0.020167,0.854646,-0.322634,0.279645,0,5000,-0.025023,0.649516,0,1,,0.980545
per_model,meta-llama-Llama-3.1-8B,base,31,retr_median_rank,retrieval_group_identity,0,commit,17,0.374074,0.139088,0.075073,0.726925,1,2802,0.432148,0.749291,0,1,,0.577035
per_model,weidawang-Chem-R-8B,chem-r,31,retr_median_rank,retrieval_group_identity,0,commit,17,0.243553,0.346194,-0.31876,0.745273,0,4329,0.494666,0.242416,0,0,,0.790499
per_model,phenixace-Chem-R-Faithful,chem,31,retr_median_rank,retrieval_group_identity,0,commit,17,0.275764,0.284014,-0.176404,0.653787,0,4329,0.317353,0.755072,0,1,,0.740174
per_model,OpenDFM-ChemDFM-v1.5-8B,chemdfm,31,retr_median_rank,retrieval_group_identity,0,commit,17,0.229151,0.376317,-0.253998,0.667168,0,4714,0.293967,0.607636,0,1,,0.81268
pooled,,pooled,31,retr_median_rank,retrieval_group_identity,0,commit,17,0.229891,0.059304,-0.118164,0.514808,0,4989,0.285251,0.649516,0,1,,0.407295
per_model,meta-llama-Llama-3.1-8B,base,0,retr_median_rank,retrieval_group_identity,0,conditional_acc,17,0.224838,0.38561,-0.269746,0.691497,0,4988,0.245503,0.838739,0,1,,0.820673
per_model,weidawang-Chem-R-8B,chem-r,0,retr_median_rank,retrieval_group_identity,0,conditional_acc,17,-0.19186,0.460696,-0.635174,0.39113,0,4709,,-0.256883,0,0,,0.865837
per_model,phenixace-Chem-R-Faithful,chem,0,retr_median_rank,retrieval_group_identity,0,conditional_acc,17,0.142335,0.585789,-0.29359,0.559369,0,4426,,,0,0,,0.914685
per_model,OpenDFM-ChemDFM-v1.5-8B,chemdfm,0,retr_median_rank,retrieval_group_identity,0,conditional_acc,17,0.389513,0.122236,-0.097112,0.811369,0,4810,0.492368,0.625842,0,1,,0.541559
per_model,deepseek-ai-DeepSeek-R1-Distill-Llama-8B,reason,0,retr_median_rank,retrieval_group_identity,0,conditional_acc,17,0.319793,0.21083,-0.20347,0.809573,0,5000,0.416657,0.589088,0,1,,0.661235
pooled,,pooled,0,retr_median_rank,retrieval_group_identity,0,conditional_acc,17,0.191469,0.07919,-0.104335,0.426087,0,5000,0.285681,0.449197,0,0,,0.450094
per_model,meta-llama-Llama-3.1-8B,base,8,retr_median_rank,retrieval_group_identity,0,conditional_acc,17,0.170942,0.511837,-0.347661,0.651215,0,4994,0.186653,0.838739,0,1,,0.88828
per_model,weidawang-Chem-R-8B,chem-r,8,retr_median_rank,retrieval_group_identity,0,conditional_acc,17,-0.180941,0.487066,-0.56445,0.263102,0,4647,,-0.256883,0,0,,0.875607
per_model,phenixace-Chem-R-Faithful,chem,8,retr_median_rank,retrieval_group_identity,0,conditional_acc,17,-0.026938,0.918261,-0.425,0.441522,0,4372,,,0,0,,0.98944
per_model,OpenDFM-ChemDFM-v1.5-8B,chemdfm,8,retr_median_rank,retrieval_group_identity,0,conditional_acc,17,-0.227996,0.378793,-0.61956,0.301381,0,4159,-0.288201,0.625842,0,1,,0.814356
per_model,deepseek-ai-DeepSeek-R1-Distill-Llama-8B,reason,8,retr_median_rank,retrieval_group_identity,0,conditional_acc,17,-0.131858,0.613935,-0.54636,0.32623,0,5000,-0.171797,0.589088,0,1,,0.921074
pooled,,pooled,8,retr_median_rank,retrieval_group_identity,0,conditional_acc,17,-0.062441,0.570232,-0.298253,0.165518,0,5000,-0.093165,0.449197,0,0,,0.910699
per_model,meta-llama-Llama-3.1-8B,base,16,retr_median_rank,retrieval_group_identity,0,conditional_acc,17,0.246987,0.339222,-0.226073,0.721688,0,4899,0.269687,0.838739,0,1,,0.783698
per_model,weidawang-Chem-R-8B,chem-r,16,retr_median_rank,retrieval_group_identity,0,conditional_acc,17,-0.291762,0.25584,-0.519092,-0.167996,1,3327,,-0.256883,0,0,,0.713038
per_model,phenixace-Chem-R-Faithful,chem,16,retr_median_rank,retrieval_group_identity,0,conditional_acc,17,-0.301218,0.240037,-0.519099,-0.167996,1,3640,,,0,0,,0.69679
per_model,OpenDFM-ChemDFM-v1.5-8B,chemdfm,16,retr_median_rank,retrieval_group_identity,0,conditional_acc,17,-0.185102,0.476932,-0.633124,0.241472,0,3110,-0.23398,0.625842,0,1,,0.872505
per_model,deepseek-ai-DeepSeek-R1-Distill-Llama-8B,reason,16,retr_median_rank,retrieval_group_identity,0,conditional_acc,17,-0.281059,0.274488,-0.600584,0.128424,0,3103,-0.366191,0.589088,0,1,,0.732064
pooled,,pooled,16,retr_median_rank,retrieval_group_identity,0,conditional_acc,17,-0.029139,0.791219,-0.253438,0.182284,0,5000,-0.043477,0.449197,0,0,,0.970684
per_model,meta-llama-Llama-3.1-8B,base,24,retr_median_rank,retrieval_group_identity,0,conditional_acc,17,0.163731,0.530057,-0.357346,0.626784,0,4222,0.178779,0.838739,0,1,,0.898088
per_model,weidawang-Chem-R-8B,chem-r,24,retr_median_rank,retrieval_group_identity,0,conditional_acc,17,-0.087011,0.739845,-0.457355,0.330891,0,3905,,-0.256883,0,0,,0.95543
per_model,phenixace-Chem-R-Faithful,chem,24,retr_median_rank,retrieval_group_identity,0,conditional_acc,17,-0.017778,0.946007,-0.402245,0.373811,0,2708,,,0,0,,0.98944
per_model,OpenDFM-ChemDFM-v1.5-8B,chemdfm,24,retr_median_rank,retrieval_group_identity,0,conditional_acc,17,0.074838,0.775289,-0.382053,0.578732,0,4163,0.0946,0.625842,0,1,,0.969666
per_model,deepseek-ai-DeepSeek-R1-Distill-Llama-8B,reason,24,retr_median_rank,retrieval_group_identity,0,conditional_acc,17,-0.409638,0.102486,-0.720701,-0.026004,1,4323,-0.533716,0.589088,0,1,,0.499852
pooled,,pooled,24,retr_median_rank,retrieval_group_identity,0,conditional_acc,17,-0.022989,0.834574,-0.284424,0.234504,0,5000,-0.034301,0.449197,0,0,,0.977237
per_model,meta-llama-Llama-3.1-8B,base,31,retr_median_rank,retrieval_group_identity,0,conditional_acc,17,0.120777,0.644266,-0.272787,0.577845,0,2801,0.131878,0.838739,0,1,,0.927923
per_model,weidawang-Chem-R-8B,chem-r,31,retr_median_rank,retrieval_group_identity,0,conditional_acc,17,-0.096683,0.712026,-0.495411,0.4219,0,4114,,-0.256883,0,0,,0.948496
per_model,phenixace-Chem-R-Faithful,chem,31,retr_median_rank,retrieval_group_identity,0,conditional_acc,17,-0.036916,0.888138,-0.418511,0.466569,0,3890,,,0,0,,0.98944
per_model,OpenDFM-ChemDFM-v1.5-8B,chemdfm,31,retr_median_rank,retrieval_group_identity,0,conditional_acc,17,0.147041,0.573325,-0.408112,0.640032,0,4714,0.185868,0.625842,0,1,,0.912808
pooled,,pooled,31,retr_median_rank,retrieval_group_identity,0,conditional_acc,17,-0.004142,0.97326,-0.267942,0.252124,0,4989,-0.006179,0.449197,0,0,,0.995027
per_model,meta-llama-Llama-3.1-8B,base,0,retr_median_rank,retrieval_group_identity,0,underspecified,17,-0.058784,0.822676,-0.607493,0.478284,0,4988,-0.064555,0.829207,0,1,,0.976147
per_model,weidawang-Chem-R-8B,chem-r,0,retr_median_rank,retrieval_group_identity,0,underspecified,17,-0.245342,0.34255,-0.636553,0.151987,0,4163,,-0.324026,0,0,,0.786379
per_model,phenixace-Chem-R-Faithful,chem,0,retr_median_rank,retrieval_group_identity,0,underspecified,17,-0.045206,0.863217,-0.510948,0.413929,0,4928,-0.047182,0.918021,0,1,,0.985037
per_model,OpenDFM-ChemDFM-v1.5-8B,chemdfm,0,retr_median_rank,retrieval_group_identity,0,underspecified,17,-0.33573,0.18769,-0.707436,0.102317,0,4635,-0.37602,0.797181,0,1,,0.634548
per_model,deepseek-ai-DeepSeek-R1-Distill-Llama-8B,reason,0,retr_median_rank,retrieval_group_identity,0,underspecified,17,-0.053361,0.838823,-0.590683,0.478115,0,4807,-0.055836,0.913335,0,1,,0.977569
pooled,,pooled,0,retr_median_rank,retrieval_group_identity,0,underspecified,17,-0.110233,0.315227,-0.36675,0.153501,0,5000,-0.139241,0.626744,0,1,,0.769757
per_model,meta-llama-Llama-3.1-8B,base,8,retr_median_rank,retrieval_group_identity,0,underspecified,17,-0.048398,0.853654,-0.544109,0.445053,0,4994,-0.053149,0.829207,0,1,,0.980293
per_model,weidawang-Chem-R-8B,chem-r,8,retr_median_rank,retrieval_group_identity,0,underspecified,17,-0.005394,0.983609,-0.488702,0.414802,0,4113,,-0.324026,0,0,,0.995291
per_model,phenixace-Chem-R-Faithful,chem,8,retr_median_rank,retrieval_group_identity,0,underspecified,17,-0.325296,0.202641,-0.73502,0.133312,0,4870,-0.339509,0.918021,0,1,,0.657936
per_model,OpenDFM-ChemDFM-v1.5-8B,chemdfm,8,retr_median_rank,retrieval_group_identity,0,underspecified,17,-0.026038,0.920982,-0.5107,0.397256,0,4026,-0.029163,0.797181,0,1,,0.98944
per_model,deepseek-ai-DeepSeek-R1-Distill-Llama-8B,reason,8,retr_median_rank,retrieval_group_identity,0,underspecified,17,0.030485,0.907537,-0.490049,0.517034,0,4807,0.031899,0.913335,0,1,,0.98944
pooled,,pooled,8,retr_median_rank,retrieval_group_identity,0,underspecified,17,-0.026033,0.813048,-0.289152,0.261703,0,5000,-0.032883,0.626744,0,1,,0.975122
per_model,meta-llama-Llama-3.1-8B,base,16,retr_median_rank,retrieval_group_identity,0,underspecified,17,-0.13067,0.61716,-0.660523,0.442649,0,4898,-0.143497,0.829207,0,1,,0.922246
per_model,weidawang-Chem-R-8B,chem-r,16,retr_median_rank,retrieval_group_identity,0,underspecified,17,0.252789,0.327625,0.167763,0.459801,1,2911,,-0.324026,0,0,,0.778294
per_model,phenixace-Chem-R-Faithful,chem,16,retr_median_rank,retrieval_group_identity,0,underspecified,17,0.115728,0.658267,-0.360702,0.487231,0,4100,0.120785,0.918021,0,1,,0.930416
per_model,OpenDFM-ChemDFM-v1.5-8B,chemdfm,16,retr_median_rank,retrieval_group_identity,0,underspecified,17,-0.048518,0.853295,-0.406835,0.400347,0,2977,-0.054341,0.797181,0,1,,0.980293
per_model,deepseek-ai-DeepSeek-R1-Distill-Llama-8B,reason,16,retr_median_rank,retrieval_group_identity,0,underspecified,17,0.069775,0.790161,-0.325409,0.445364,0,2967,0.073011,0.913335,0,1,,0.970684
pooled,,pooled,16,retr_median_rank,retrieval_group_identity,0,underspecified,17,-0.100061,0.362219,-0.36885,0.173868,0,5000,-0.126392,0.626744,0,1,,0.80356
per_model,meta-llama-Llama-3.1-8B,base,24,retr_median_rank,retrieval_group_identity,0,underspecified,17,-0.288731,0.26104,-0.744829,0.349367,0,4221,-0.317074,0.829207,0,1,,0.715745
per_model,weidawang-Chem-R-8B,chem-r,24,retr_median_rank,retrieval_group_identity,0,underspecified,17,-0.014412,0.956218,-0.422115,0.395137,0,3438,,-0.324026,0,0,,0.991764
per_model,phenixace-Chem-R-Faithful,chem,24,retr_median_rank,retrieval_group_identity,0,underspecified,17,0.178043,0.494184,-0.174683,0.521802,0,3049,0.185823,0.918021,0,1,,0.878036
per_model,OpenDFM-ChemDFM-v1.5-8B,chemdfm,24,retr_median_rank,retrieval_group_identity,0,underspecified,17,0.089274,0.733307,-0.419957,0.523086,0,4035,0.099987,0.797181,0,1,,0.952058
per_model,deepseek-ai-DeepSeek-R1-Distill-Llama-8B,reason,24,retr_median_rank,retrieval_group_identity,0,underspecified,17,0.160986,0.537069,-0.256854,0.510847,0,4145,0.168451,0.913335,0,1,,0.898088
pooled,,pooled,24,retr_median_rank,retrieval_group_identity,0,underspecified,17,-0.022736,0.836367,-0.268081,0.231866,0,5000,-0.02872,0.626744,0,1,,0.977237
per_model,meta-llama-Llama-3.1-8B,base,31,retr_median_rank,retrieval_group_identity,0,underspecified,17,-0.369186,0.144742,-0.783625,0.014939,0,2802,-0.405428,0.829207,0,1,,0.586126
per_model,weidawang-Chem-R-8B,chem-r,31,retr_median_rank,retrieval_group_identity,0,underspecified,17,-0.021558,0.934548,-0.538774,0.418105,0,3629,,-0.324026,0,0,,0.98944
per_model,phenixace-Chem-R-Faithful,chem,31,retr_median_rank,retrieval_group_identity,0,underspecified,17,0.003572,0.989144,-0.498375,0.413803,0,4274,0.003728,0.918021,0,1,,0.996222
per_model,OpenDFM-ChemDFM-v1.5-8B,chemdfm,31,retr_median_rank,retrieval_group_identity,0,underspecified,17,-0.08844,0.735713,-0.602439,0.41374,0,4586,-0.099054,0.797181,0,1,,0.952563
pooled,,pooled,31,retr_median_rank,retrieval_group_identity,0,underspecified,17,-0.008044,0.948093,-0.295241,0.30687,0,4989,-0.010161,0.626744,0,1,,0.98944
per_model,meta-llama-Llama-3.1-8B,base,0,retr_median_rank,retrieval_group_identity,0,non_answer,17,-0.059154,0.821578,-0.55122,0.453041,0,4991,-0.069385,0.726841,0,1,,0.976147
per_model,weidawang-Chem-R-8B,chem-r,0,retr_median_rank,retrieval_group_identity,0,non_answer,17,-0.508619,0.03708,-0.842317,0.035604,0,5000,-0.9196,0.305906,0,0,,0.344856
per_model,phenixace-Chem-R-Faithful,chem,0,retr_median_rank,retrieval_group_identity,0,non_answer,17,-0.519028,0.032766,-0.854054,-0.036019,1,5000,,-0.039064,0,0,,0.326485
per_model,OpenDFM-ChemDFM-v1.5-8B,chemdfm,0,retr_median_rank,retrieval_group_identity,0,non_answer,17,-0.214476,0.408444,-0.58791,0.330474,0,4810,-0.241366,0.789595,0,1,,0.836386
per_model,deepseek-ai-DeepSeek-R1-Distill-Llama-8B,reason,0,retr_median_rank,retrieval_group_identity,0,non_answer,17,-0.44635,0.072497,-0.773043,0.03349,0,5000,-0.526858,0.717735,0,1,,0.438831
pooled,,pooled,0,retr_median_rank,retrieval_group_identity,0,non_answer,17,-0.363956,0.000617,-0.59357,-0.102623,1,5000,-0.514607,0.500202,0,1,,0.040165
per_model,meta-llama-Llama-3.1-8B,base,8,retr_median_rank,retrieval_group_identity,0,non_answer,17,-0.1661,0.524039,-0.596146,0.361067,0,4997,-0.194827,0.726841,0,1,,0.896586
per_model,weidawang-Chem-R-8B,chem-r,8,retr_median_rank,retrieval_group_identity,0,non_answer,17,-0.075334,0.773838,-0.526141,0.400648,0,4938,-0.136206,0.305906,0,0,,0.969666
per_model,phenixace-Chem-R-Faithful,chem,8,retr_median_rank,retrieval_group_identity,0,non_answer,17,0.059319,0.821088,-0.405954,0.496681,0,4938,,-0.039064,0,0,,0.976147
per_model,OpenDFM-ChemDFM-v1.5-8B,chemdfm,8,retr_median_rank,retrieval_group_identity,0,non_answer,17,-0.123859,0.635774,-0.558713,0.340179,0,4159,-0.139388,0.789595,0,1,,0.926285
per_model,deepseek-ai-DeepSeek-R1-Distill-Llama-8B,reason,8,retr_median_rank,retrieval_group_identity,0,non_answer,17,0.258776,0.315905,-0.24343,0.687727,0,5000,0.305451,0.717735,0,1,,0.769757
pooled,,pooled,8,retr_median_rank,retrieval_group_identity,0,non_answer,17,0.00342,0.97522,-0.254224,0.254822,0,5000,0.004835,0.500202,0,1,,0.995027
per_model,meta-llama-Llama-3.1-8B,base,16,retr_median_rank,retrieval_group_identity,0,non_answer,17,-0.167507,0.52048,-0.60676,0.326858,0,4901,-0.196477,0.726841,0,1,,0.893265
per_model,weidawang-Chem-R-8B,chem-r,16,retr_median_rank,retrieval_group_identity,0,non_answer,17,-0.061365,0.815015,-0.42826,0.30511,0,3567,-0.110949,0.305906,0,0,,0.975151
per_model,phenixace-Chem-R-Faithful,chem,16,retr_median_rank,retrieval_group_identity,0,non_answer,17,-0.427042,0.087334,-0.707803,-0.063957,1,4155,,-0.039064,0,0,,0.461961
per_model,OpenDFM-ChemDFM-v1.5-8B,chemdfm,16,retr_median_rank,retrieval_group_identity,0,non_answer,17,-0.139186,0.594192,-0.482901,0.361516,0,3110,-0.156636,0.789595,0,1,,0.914685
per_model,deepseek-ai-DeepSeek-R1-Distill-Llama-8B,reason,16,retr_median_rank,retrieval_group_identity,0,non_answer,17,0.273091,0.288897,-0.07043,0.722447,0,3103,0.322348,0.717735,0,1,,0.743925
pooled,,pooled,16,retr_median_rank,retrieval_group_identity,0,non_answer,17,-0.109606,0.318005,-0.319245,0.129601,0,5000,-0.154975,0.500202,0,1,,0.769757
per_model,meta-llama-Llama-3.1-8B,base,24,retr_median_rank,retrieval_group_identity,0,non_answer,17,0.098386,0.707162,-0.31194,0.499201,0,4224,0.115402,0.726841,0,1,,0.94776
per_model,weidawang-Chem-R-8B,chem-r,24,retr_median_rank,retrieval_group_identity,0,non_answer,17,-0.062503,0.81164,-0.445688,0.336766,0,4149,-0.113008,0.305906,0,0,,0.975122
per_model,phenixace-Chem-R-Faithful,chem,24,retr_median_rank,retrieval_group_identity,0,non_answer,17,-0.536014,0.026563,-0.777402,-0.214748,1,3101,,-0.039064,0,0,,0.287569
per_model,OpenDFM-ChemDFM-v1.5-8B,chemdfm,24,retr_median_rank,retrieval_group_identity,0,non_answer,17,-0.262581,0.308585,-0.666945,0.152292,0,4163,-0.295503,0.789595,0,1,,0.76483
per_model,deepseek-ai-DeepSeek-R1-Distill-Llama-8B,reason,24,retr_median_rank,retrieval_group_identity,0,non_answer,17,0.41877,0.094319,-0.006813,0.787187,0,4323,0.494304,0.717735,0,1,,0.482319
pooled,,pooled,24,retr_median_rank,retrieval_group_identity,0,non_answer,17,0.028938,0.792628,-0.200057,0.271433,0,5000,0.040916,0.500202,0,1,,0.970684
per_model,meta-llama-Llama-3.1-8B,base,31,retr_median_rank,retrieval_group_identity,0,non_answer,17,0.105817,0.686065,-0.229499,0.500748,0,2802,0.124118,0.726841,0,1,,0.940183
per_model,weidawang-Chem-R-8B,chem-r,31,retr_median_rank,retrieval_group_identity,0,non_answer,17,-0.265917,0.302253,-0.619858,0.173136,0,4329,-0.480786,0.305906,0,0,,0.756824
per_model,phenixace-Chem-R-Faithful,chem,31,retr_median_rank,retrieval_group_identity,0,non_answer,17,-0.476561,0.05311,-0.761678,-0.10468,1,4329,,-0.039064,0,0,,0.401332
per_model,OpenDFM-ChemDFM-v1.5-8B,chemdfm,31,retr_median_rank,retrieval_group_identity,0,non_answer,17,-0.117413,0.653582,-0.615715,0.407457,0,4714,-0.132134,0.789595,0,1,,0.929371
pooled,,pooled,31,retr_median_rank,retrieval_group_identity,0,non_answer,17,-0.208655,0.087718,-0.484677,0.092251,0,4989,-0.295023,0.500202,0,1,,0.462065
per_model,meta-llama-Llama-3.1-8B,base,0,retr_median_rank,retrieval_group_identity,0,malformed,17,-0.281925,0.272949,-0.711526,0.257495,0,4991,-0.452839,0.387597,0,0,,0.731249
per_model,weidawang-Chem-R-8B,chem-r,0,retr_median_rank,retrieval_group_identity,0,malformed,17,-0.156862,0.547684,-0.626978,0.37129,0,4330,,,0,0,,0.902967
per_model,phenixace-Chem-R-Faithful,chem,0,retr_median_rank,retrieval_group_identity,0,malformed,17,-0.320545,0.209699,-0.732023,0.129553,0,4310,,,0,0,,0.659759
per_model,deepseek-ai-DeepSeek-R1-Distill-Llama-8B,reason,0,retr_median_rank,retrieval_group_identity,0,malformed,17,-0.194952,0.453362,-0.655332,0.277425,0,4800,-0.308552,0.399209,0,0,,0.860745
pooled,,pooled,0,retr_median_rank,retrieval_group_identity,0,malformed,17,-0.202535,0.097642,-0.376926,0.005838,0,5000,-0.322909,0.393403,0,0,,0.490271
per_model,meta-llama-Llama-3.1-8B,base,8,retr_median_rank,retrieval_group_identity,0,malformed,17,0.218062,0.400462,-0.379783,0.69299,0,4997,0.350259,0.387597,0,0,,0.836386
per_model,weidawang-Chem-R-8B,chem-r,8,retr_median_rank,retrieval_group_identity,0,malformed,17,0.165641,0.525201,-0.325605,0.54735,0,4280,,,0,0,,0.897224
per_model,phenixace-Chem-R-Faithful,chem,8,retr_median_rank,retrieval_group_identity,0,malformed,17,0.165641,0.525201,-0.324651,0.547916,0,4268,,,0,0,,0.897224
per_model,deepseek-ai-DeepSeek-R1-Distill-Llama-8B,reason,8,retr_median_rank,retrieval_group_identity,0,malformed,17,0.107411,0.681568,-0.383448,0.566403,0,4800,0.17,0.399209,0,0,,0.939859
pooled,,pooled,8,retr_median_rank,retrieval_group_identity,0,malformed,17,0.187524,0.125693,-0.10247,0.466603,0,5000,0.298977,0.393403,0,0,,0.549284
per_model,meta-llama-Llama-3.1-8B,base,16,retr_median_rank,retrieval_group_identity,0,malformed,17,-0.140309,0.59119,-0.64949,0.389518,0,4901,-0.225369,0.387597,0,0,,0.914685
per_model,weidawang-Chem-R-8B,chem-r,16,retr_median_rank,retrieval_group_identity,0,malformed,17,0.0,1.0,-0.398235,0.362709,0,3063,,,0,0,,1.0
per_model,phenixace-Chem-R-Faithful,chem,16,retr_median_rank,retrieval_group_identity,0,malformed,17,0.087259,0.739128,-0.296464,0.446993,0,3550,,,0,0,,0.95543
per_model,deepseek-ai-DeepSeek-R1-Distill-Llama-8B,reason,16,retr_median_rank,retrieval_group_identity,0,malformed,17,0.145668,0.576948,-0.346383,0.379678,0,2965,0.23055,0.399209,0,0,,0.914301
pooled,,pooled,16,retr_median_rank,retrieval_group_identity,0,malformed,17,-0.048023,0.697359,-0.278144,0.213991,0,5000,-0.076564,0.393403,0,0,,0.943311
per_model,meta-llama-Llama-3.1-8B,base,24,retr_median_rank,retrieval_group_identity,0,malformed,17,-0.125378,0.631604,-0.536967,0.341434,0,4224,-0.201387,0.387597,0,0,,0.925877
per_model,weidawang-Chem-R-8B,chem-r,24,retr_median_rank,retrieval_group_identity,0,malformed,17,-0.174517,0.502912,-0.542826,0.292607,0,3585,,,0,0,,0.881315
per_model,phenixace-Chem-R-Faithful,chem,24,retr_median_rank,retrieval_group_identity,0,malformed,17,-0.276041,0.283511,-0.60162,0.293278,0,2657,,,0,0,,0.740174
per_model,deepseek-ai-DeepSeek-R1-Distill-Llama-8B,reason,24,retr_median_rank,retrieval_group_identity,0,malformed,17,0.108582,0.678271,-0.389835,0.499228,0,4142,0.171853,0.399209,0,0,,0.936958
pooled,,pooled,24,retr_median_rank,retrieval_group_identity,0,malformed,17,-0.129181,0.293759,-0.398805,0.175207,0,5000,-0.205959,0.393403,0,0,,0.750573
per_model,meta-llama-Llama-3.1-8B,base,31,retr_median_rank,retrieval_group_identity,0,malformed,17,-0.367306,0.146958,-0.653993,-0.051112,1,2802,-0.58998,0.387597,0,0,,0.587189
per_model,weidawang-Chem-R-8B,chem-r,31,retr_median_rank,retrieval_group_identity,0,malformed,17,-0.145437,0.577559,-0.617413,0.335493,0,3740,,,0,0,,0.914301
per_model,phenixace-Chem-R-Faithful,chem,31,retr_median_rank,retrieval_group_identity,0,malformed,17,-0.217681,0.401307,-0.75,0.302896,0,3846,,,0,0,,0.836386
pooled,,pooled,31,retr_median_rank,retrieval_group_identity,0,malformed,17,-0.148908,0.297005,-0.474799,0.23822,0,4989,-0.23741,0.393403,0,0,,0.751808
per_model,meta-llama-Llama-3.1-8B,base,0,ladder_hit1,retrieval_carbon_ladder,1,strict,19,-0.149395,0.541576,-0.616581,0.328,0,4993,-0.160094,0.870812,0,1,,0.900255
per_model,weidawang-Chem-R-8B,chem-r,0,ladder_hit1,retrieval_carbon_ladder,1,strict,19,-0.093918,0.70214,-0.584103,0.410764,0,4897,-0.180423,0.270964,0,0,,0.946621
per_model,phenixace-Chem-R-Faithful,chem,0,ladder_hit1,retrieval_carbon_ladder,1,strict,19,0.068938,0.77915,-0.522427,0.583536,0,4861,0.077398,0.79334,0,1,,0.969666
per_model,OpenDFM-ChemDFM-v1.5-8B,chemdfm,0,ladder_hit1,retrieval_carbon_ladder,1,strict,19,-0.050868,0.83616,-0.487841,0.423721,0,4961,-0.071816,0.501705,0,1,,0.977237
per_model,deepseek-ai-DeepSeek-R1-Distill-Llama-8B,reason,0,ladder_hit1,retrieval_carbon_ladder,1,strict,19,0.108538,0.658273,-0.410274,0.560902,0,4975,0.112364,0.933064,0,1,,0.930416
pooled,,pooled,0,ladder_hit1,retrieval_carbon_ladder,1,strict,19,-0.030058,0.772463,-0.310048,0.273131,0,5000,-0.036613,0.673977,0,1,,0.969666
per_model,meta-llama-Llama-3.1-8B,base,8,ladder_hit1,retrieval_carbon_ladder,1,strict,19,0.034614,0.888123,-0.408426,0.465006,0,4820,0.037093,0.870812,0,1,,0.98944
per_model,weidawang-Chem-R-8B,chem-r,8,ladder_hit1,retrieval_carbon_ladder,1,strict,19,-0.095715,0.696695,-0.652446,0.433233,0,4999,-0.183876,0.270964,0,0,,0.943311
per_model,phenixace-Chem-R-Faithful,chem,8,ladder_hit1,retrieval_carbon_ladder,1,strict,19,0.026276,0.914966,-0.504741,0.509003,0,4999,0.0295,0.79334,0,1,,0.98944
per_model,OpenDFM-ChemDFM-v1.5-8B,chemdfm,8,ladder_hit1,retrieval_carbon_ladder,1,strict,19,-0.059861,0.807671,-0.501432,0.452608,0,4997,-0.084512,0.501705,0,1,,0.975122
per_model,deepseek-ai-DeepSeek-R1-Distill-Llama-8B,reason,8,ladder_hit1,retrieval_carbon_ladder,1,strict,19,0.147608,0.546479,-0.342743,0.59203,0,4660,0.15281,0.933064,0,1,,0.901566
pooled,,pooled,8,ladder_hit1,retrieval_carbon_ladder,1,strict,19,-0.004872,0.962623,-0.28874,0.304716,0,5000,-0.005935,0.673977,0,1,,0.99433
per_model,meta-llama-Llama-3.1-8B,base,16,ladder_hit1,retrieval_carbon_ladder,1,strict,19,0.144902,0.553937,-0.329662,0.562391,0,5000,0.155279,0.870812,0,1,,0.904215
per_model,weidawang-Chem-R-8B,chem-r,16,ladder_hit1,retrieval_carbon_ladder,1,strict,19,0.311384,0.194392,-0.167792,0.705718,0,5000,0.598192,0.270964,0,0,,0.64896
per_model,phenixace-Chem-R-Faithful,chem,16,ladder_hit1,retrieval_carbon_ladder,1,strict,19,0.063013,0.79774,-0.375237,0.566001,0,4997,0.070745,0.79334,0,1,,0.97378
per_model,OpenDFM-ChemDFM-v1.5-8B,chemdfm,16,ladder_hit1,retrieval_carbon_ladder,1,strict,19,0.122326,0.617858,-0.383602,0.530246,0,5000,0.172701,0.501705,0,1,,0.922246
per_model,deepseek-ai-DeepSeek-R1-Distill-Llama-8B,reason,16,ladder_hit1,retrieval_carbon_ladder,1,strict,19,0.540235,0.016948,0.13956,0.811242,1,5000,0.559277,0.933064,0,1,,0.226474
pooled,,pooled,16,ladder_hit1,retrieval_carbon_ladder,1,strict,19,0.247145,0.015754,-0.029672,0.450941,0,5000,0.301043,0.673977,0,1,,0.216869
per_model,meta-llama-Llama-3.1-8B,base,24,ladder_hit1,retrieval_carbon_ladder,1,strict,19,-0.037207,0.8798,-0.489498,0.432223,0,5000,-0.039871,0.870812,0,1,,0.98944
per_model,weidawang-Chem-R-8B,chem-r,24,ladder_hit1,retrieval_carbon_ladder,1,strict,19,0.10531,0.667872,-0.40701,0.600116,0,5000,0.202309,0.270964,0,0,,0.932817
per_model,phenixace-Chem-R-Faithful,chem,24,ladder_hit1,retrieval_carbon_ladder,1,strict,19,0.253264,0.295476,-0.293057,0.716559,0,5000,0.284344,0.79334,0,1,,0.750573
per_model,OpenDFM-ChemDFM-v1.5-8B,chemdfm,24,ladder_hit1,retrieval_carbon_ladder,1,strict,19,0.05154,0.834024,-0.441653,0.520736,0,4985,0.072764,0.501705,0,1,,0.977237
per_model,deepseek-ai-DeepSeek-R1-Distill-Llama-8B,reason,24,ladder_hit1,retrieval_carbon_ladder,1,strict,19,0.314267,0.190075,-0.161137,0.661543,0,5000,0.325345,0.933064,0,1,,0.640902
pooled,,pooled,24,ladder_hit1,retrieval_carbon_ladder,1,strict,19,0.130546,0.20732,-0.189159,0.392327,0,5000,0.159017,0.673977,0,1,,0.659759
per_model,meta-llama-Llama-3.1-8B,base,31,ladder_hit1,retrieval_carbon_ladder,1,strict,19,-0.008377,0.972847,-0.48452,0.487144,0,4999,-0.008977,0.870812,0,1,,0.995027
per_model,weidawang-Chem-R-8B,chem-r,31,ladder_hit1,retrieval_carbon_ladder,1,strict,19,0.099058,0.686606,-0.437688,0.562122,0,5000,0.190298,0.270964,0,0,,0.940183
per_model,phenixace-Chem-R-Faithful,chem,31,ladder_hit1,retrieval_carbon_ladder,1,strict,19,0.19635,0.420443,-0.359773,0.690335,0,5000,0.220445,0.79334,0,1,,0.844091
per_model,OpenDFM-ChemDFM-v1.5-8B,chemdfm,31,ladder_hit1,retrieval_carbon_ladder,1,strict,19,0.01933,0.937396,-0.431442,0.467709,0,4971,0.02729,0.501705,0,1,,0.98944
per_model,deepseek-ai-DeepSeek-R1-Distill-Llama-8B,reason,31,ladder_hit1,retrieval_carbon_ladder,1,strict,19,0.444791,0.056371,-0.01357,0.736747,0,5000,0.460469,0.933064,0,1,,0.403322
pooled,,pooled,31,ladder_hit1,retrieval_carbon_ladder,1,strict,19,0.149308,0.148705,-0.151366,0.406625,0,5000,0.18187,0.673977,0,1,,0.587189
per_model,meta-llama-Llama-3.1-8B,base,0,ladder_hit1,retrieval_carbon_ladder,1,superclass_credit,19,-0.151304,0.536363,-0.587926,0.340362,0,4993,-0.173214,0.763022,0,1,,0.898088
per_model,weidawang-Chem-R-8B,chem-r,0,ladder_hit1,retrieval_carbon_ladder,1,superclass_credit,19,-0.115818,0.636812,-0.647184,0.415874,0,4897,-0.21316,0.295216,0,0,,0.926285
per_model,phenixace-Chem-R-Faithful,chem,0,ladder_hit1,retrieval_carbon_ladder,1,superclass_credit,19,0.098539,0.688169,-0.419458,0.552109,0,4861,0.174001,0.32071,0,0,,0.940631
per_model,OpenDFM-ChemDFM-v1.5-8B,chemdfm,0,ladder_hit1,retrieval_carbon_ladder,1,superclass_credit,19,-0.066637,0.786356,-0.476358,0.364826,0,4961,-0.079632,0.700252,0,1,,0.970684
per_model,deepseek-ai-DeepSeek-R1-Distill-Llama-8B,reason,0,ladder_hit1,retrieval_carbon_ladder,1,superclass_credit,19,0.151891,0.534765,-0.357371,0.591042,0,4975,0.159172,0.910612,0,1,,0.898088
pooled,,pooled,0,ladder_hit1,retrieval_carbon_ladder,1,superclass_credit,19,-0.008378,0.935777,-0.283323,0.290936,0,5000,-0.010834,0.597963,0,1,,0.98944
per_model,meta-llama-Llama-3.1-8B,base,8,ladder_hit1,retrieval_carbon_ladder,1,superclass_credit,19,-0.111755,0.648756,-0.549677,0.320973,0,4820,-0.127938,0.763022,0,1,,0.928519
per_model,weidawang-Chem-R-8B,chem-r,8,ladder_hit1,retrieval_carbon_ladder,1,superclass_credit,19,-0.059133,0.809968,-0.588847,0.466009,0,4999,-0.108834,0.295216,0,0,,0.975122
per_model,phenixace-Chem-R-Faithful,chem,8,ladder_hit1,retrieval_carbon_ladder,1,superclass_credit,19,0.246041,0.309925,-0.286917,0.712667,0,4999,0.434462,0.32071,0,0,,0.76483
per_model,OpenDFM-ChemDFM-v1.5-8B,chemdfm,8,ladder_hit1,retrieval_carbon_ladder,1,superclass_credit,19,-0.174438,0.475076,-0.591771,0.323629,0,4997,-0.208456,0.700252,0,1,,0.872505
per_model,deepseek-ai-DeepSeek-R1-Distill-Llama-8B,reason,8,ladder_hit1,retrieval_carbon_ladder,1,superclass_credit,19,0.060232,0.806502,-0.460273,0.559637,0,4660,0.063119,0.910612,0,1,,0.975122
pooled,,pooled,8,ladder_hit1,retrieval_carbon_ladder,1,superclass_credit,19,-8.4e-05,0.999352,-0.326639,0.320782,0,5000,-0.000109,0.597963,0,1,,0.999746
per_model,meta-llama-Llama-3.1-8B,base,16,ladder_hit1,retrieval_carbon_ladder,1,superclass_credit,19,0.032501,0.894916,-0.391656,0.404695,0,5000,0.037208,0.763022,0,1,,0.98944
per_model,weidawang-Chem-R-8B,chem-r,16,ladder_hit1,retrieval_carbon_ladder,1,superclass_credit,19,0.409967,0.081288,-0.0516,0.730514,0,5000,0.754534,0.295216,0,0,,0.450094
per_model,phenixace-Chem-R-Faithful,chem,16,ladder_hit1,retrieval_carbon_ladder,1,superclass_credit,19,0.616637,0.004924,0.313177,0.831523,1,4997,1.088862,0.32071,0,0,,0.125922
per_model,OpenDFM-ChemDFM-v1.5-8B,chemdfm,16,ladder_hit1,retrieval_carbon_ladder,1,superclass_credit,19,0.300868,0.21069,-0.225818,0.657666,0,5000,0.359542,0.700252,0,1,,0.661235
per_model,deepseek-ai-DeepSeek-R1-Distill-Llama-8B,reason,16,ladder_hit1,retrieval_carbon_ladder,1,superclass_credit,19,0.47245,0.041093,0.057541,0.770331,1,5000,0.495095,0.910612,0,1,,0.366027
pooled,,pooled,16,ladder_hit1,retrieval_carbon_ladder,1,superclass_credit,19,0.364868,0.000278,0.134346,0.512501,1,5000,0.471844,0.597963,0,1,,0.029649
per_model,meta-llama-Llama-3.1-8B,base,24,ladder_hit1,retrieval_carbon_ladder,1,superclass_credit,19,-0.003215,0.989577,-0.443031,0.428532,0,5000,-0.003681,0.763022,0,1,,0.996222
per_model,weidawang-Chem-R-8B,chem-r,24,ladder_hit1,retrieval_carbon_ladder,1,superclass_credit,19,0.118881,0.627864,-0.394477,0.602594,0,5000,0.218797,0.295216,0,0,,0.925877
per_model,phenixace-Chem-R-Faithful,chem,24,ladder_hit1,retrieval_carbon_ladder,1,superclass_credit,19,0.406107,0.08448,-0.095897,0.819182,0,5000,0.717107,0.32071,0,0,,0.453479
per_model,OpenDFM-ChemDFM-v1.5-8B,chemdfm,24,ladder_hit1,retrieval_carbon_ladder,1,superclass_credit,19,0.113878,0.642504,-0.381809,0.572443,0,4985,0.136086,0.700252,0,1,,0.926886
per_model,deepseek-ai-DeepSeek-R1-Distill-Llama-8B,reason,24,ladder_hit1,retrieval_carbon_ladder,1,superclass_credit,19,0.337693,0.157368,-0.15418,0.70741,0,5000,0.35388,0.910612,0,1,,0.591587
pooled,,pooled,24,ladder_hit1,retrieval_carbon_ladder,1,superclass_credit,19,0.181239,0.078799,-0.14297,0.447236,0,5000,0.234377,0.597963,0,1,,0.449595
per_model,meta-llama-Llama-3.1-8B,base,31,ladder_hit1,retrieval_carbon_ladder,1,superclass_credit,19,0.271798,0.260307,-0.262622,0.672287,0,4999,0.311156,0.763022,0,1,,0.714633
per_model,weidawang-Chem-R-8B,chem-r,31,ladder_hit1,retrieval_carbon_ladder,1,superclass_credit,19,0.014845,0.951901,-0.539542,0.520772,0,5000,0.027323,0.295216,0,0,,0.98944
per_model,phenixace-Chem-R-Faithful,chem,31,ladder_hit1,retrieval_carbon_ladder,1,superclass_credit,19,0.206086,0.397294,-0.287985,0.676615,0,5000,0.363908,0.32071,0,0,,0.834351
per_model,OpenDFM-ChemDFM-v1.5-8B,chemdfm,31,ladder_hit1,retrieval_carbon_ladder,1,superclass_credit,19,0.027469,0.911121,-0.401411,0.464002,0,4971,0.032825,0.700252,0,1,,0.98944
per_model,deepseek-ai-DeepSeek-R1-Distill-Llama-8B,reason,31,ladder_hit1,retrieval_carbon_ladder,1,superclass_credit,19,0.440705,0.05895,0.003575,0.772505,1,5000,0.461829,0.910612,0,1,,0.406724
pooled,,pooled,31,ladder_hit1,retrieval_carbon_ladder,1,superclass_credit,19,0.195323,0.057844,-0.105594,0.458097,0,5000,0.252589,0.597963,0,1,,0.405644
per_model,meta-llama-Llama-3.1-8B,base,0,ladder_hit1,retrieval_carbon_ladder,1,commit,19,-0.169188,0.488671,-0.623672,0.295928,0,4993,-0.195454,0.749291,0,1,,0.875607
per_model,weidawang-Chem-R-8B,chem-r,0,ladder_hit1,retrieval_carbon_ladder,1,commit,19,-0.009704,0.968551,-0.53626,0.499499,0,4897,-0.019708,0.242416,0,0,,0.995027
per_model,phenixace-Chem-R-Faithful,chem,0,ladder_hit1,retrieval_carbon_ladder,1,commit,19,0.046514,0.850026,-0.530434,0.567937,0,4861,0.053529,0.755072,0,1,,0.980293
per_model,OpenDFM-ChemDFM-v1.5-8B,chemdfm,0,ladder_hit1,retrieval_carbon_ladder,1,commit,19,-0.006129,0.980135,-0.435288,0.452667,0,4961,-0.007862,0.607636,0,1,,0.995027
per_model,deepseek-ai-DeepSeek-R1-Distill-Llama-8B,reason,0,ladder_hit1,retrieval_carbon_ladder,1,commit,19,0.112025,0.647959,-0.403167,0.560961,0,4975,0.118536,0.893167,0,1,,0.928273
pooled,,pooled,0,ladder_hit1,retrieval_carbon_ladder,1,commit,19,-0.020456,0.844016,-0.301008,0.27211,0,5000,-0.025382,0.649516,0,1,,0.978966
per_model,meta-llama-Llama-3.1-8B,base,8,ladder_hit1,retrieval_carbon_ladder,1,commit,19,0.085165,0.72885,-0.361937,0.499115,0,4820,0.098387,0.749291,0,1,,0.952058
per_model,weidawang-Chem-R-8B,chem-r,8,ladder_hit1,retrieval_carbon_ladder,1,commit,19,-0.111937,0.648219,-0.629774,0.42319,0,4999,-0.22735,0.242416,0,0,,0.928273
per_model,phenixace-Chem-R-Faithful,chem,8,ladder_hit1,retrieval_carbon_ladder,1,commit,19,-0.015863,0.948608,-0.545587,0.465582,0,4999,-0.018256,0.755072,0,1,,0.98944
per_model,OpenDFM-ChemDFM-v1.5-8B,chemdfm,8,ladder_hit1,retrieval_carbon_ladder,1,commit,19,-0.086863,0.723645,-0.514122,0.432163,0,4997,-0.111433,0.607636,0,1,,0.952058
per_model,deepseek-ai-DeepSeek-R1-Distill-Llama-8B,reason,8,ladder_hit1,retrieval_carbon_ladder,1,commit,19,0.207878,0.393111,-0.258696,0.608791,0,4660,0.219959,0.893167,0,1,,0.829211
pooled,,pooled,8,ladder_hit1,retrieval_carbon_ladder,1,commit,19,-0.026676,0.797479,-0.312964,0.296729,0,5000,-0.0331,0.649516,0,1,,0.97378
per_model,meta-llama-Llama-3.1-8B,base,16,ladder_hit1,retrieval_carbon_ladder,1,commit,19,0.208374,0.391956,-0.268174,0.636163,0,5000,0.240724,0.749291,0,1,,0.828624
per_model,weidawang-Chem-R-8B,chem-r,16,ladder_hit1,retrieval_carbon_ladder,1,commit,19,0.261438,0.279626,-0.22481,0.653499,0,5000,0.530992,0.242416,0,0,,0.740174
per_model,phenixace-Chem-R-Faithful,chem,16,ladder_hit1,retrieval_carbon_ladder,1,commit,19,-0.006209,0.979875,-0.427706,0.469146,0,4997,-0.007145,0.755072,0,1,,0.995027
per_model,OpenDFM-ChemDFM-v1.5-8B,chemdfm,16,ladder_hit1,retrieval_carbon_ladder,1,commit,19,0.169773,0.487147,-0.337223,0.543971,0,5000,0.217794,0.607636,0,1,,0.875607
per_model,deepseek-ai-DeepSeek-R1-Distill-Llama-8B,reason,16,ladder_hit1,retrieval_carbon_ladder,1,commit,19,0.515335,0.023937,0.076955,0.831425,1,5000,0.545285,0.893167,0,1,,0.269293
pooled,,pooled,16,ladder_hit1,retrieval_carbon_ladder,1,commit,19,0.231326,0.0241,-0.046824,0.451377,0,5000,0.287032,0.649516,0,1,,0.269562
per_model,meta-llama-Llama-3.1-8B,base,24,ladder_hit1,retrieval_carbon_ladder,1,commit,19,-0.015178,0.950823,-0.466759,0.464091,0,5000,-0.017535,0.749291,0,1,,0.98944
per_model,weidawang-Chem-R-8B,chem-r,24,ladder_hit1,retrieval_carbon_ladder,1,commit,19,0.129596,0.596954,-0.393243,0.624473,0,5000,0.263216,0.242416,0,0,,0.914685
per_model,phenixace-Chem-R-Faithful,chem,24,ladder_hit1,retrieval_carbon_ladder,1,commit,19,0.212963,0.381374,-0.350788,0.676783,0,5000,0.245081,0.755072,0,1,,0.817692
per_model,OpenDFM-ChemDFM-v1.5-8B,chemdfm,24,ladder_hit1,retrieval_carbon_ladder,1,commit,19,0.073922,0.763601,-0.435267,0.569779,0,4985,0.094831,0.607636,0,1,,0.966084
per_model,deepseek-ai-DeepSeek-R1-Distill-Llama-8B,reason,24,ladder_hit1,retrieval_carbon_ladder,1,commit,19,0.259963,0.282445,-0.251403,0.68774,0,5000,0.275072,0.893167,0,1,,0.740174
pooled,,pooled,24,ladder_hit1,retrieval_carbon_ladder,1,commit,19,0.108459,0.295459,-0.199501,0.3635,0,5000,0.134577,0.649516,0,1,,0.750573
per_model,meta-llama-Llama-3.1-8B,base,31,ladder_hit1,retrieval_carbon_ladder,1,commit,19,-0.020039,0.935103,-0.517591,0.479131,0,4999,-0.02315,0.749291,0,1,,0.98944
per_model,weidawang-Chem-R-8B,chem-r,31,ladder_hit1,retrieval_carbon_ladder,1,commit,19,0.238356,0.325758,-0.293843,0.691974,0,5000,0.484111,0.242416,0,0,,0.77589
per_model,phenixace-Chem-R-Faithful,chem,31,ladder_hit1,retrieval_carbon_ladder,1,commit,19,0.20735,0.394341,-0.328345,0.694458,0,5000,0.238622,0.755072,0,1,,0.830209
per_model,OpenDFM-ChemDFM-v1.5-8B,chemdfm,31,ladder_hit1,retrieval_carbon_ladder,1,commit,19,0.00715,0.976825,-0.474449,0.489978,0,4971,0.009172,0.607636,0,1,,0.995027
per_model,deepseek-ai-DeepSeek-R1-Distill-Llama-8B,reason,31,ladder_hit1,retrieval_carbon_ladder,1,commit,19,0.388581,0.100145,-0.116494,0.750458,0,5000,0.411164,0.893167,0,1,,0.494684
pooled,,pooled,31,ladder_hit1,retrieval_carbon_ladder,1,commit,19,0.161261,0.118474,-0.133049,0.415411,0,5000,0.200095,0.649516,0,1,,0.533456
per_model,meta-llama-Llama-3.1-8B,base,0,ladder_hit1,retrieval_carbon_ladder,1,conditional_acc,19,0.051379,0.834536,-0.427278,0.495199,0,4993,0.056101,0.838739,0,1,,0.977237
per_model,weidawang-Chem-R-8B,chem-r,0,ladder_hit1,retrieval_carbon_ladder,1,conditional_acc,19,-0.070047,0.775682,-0.555088,0.342701,0,4585,,-0.256883,0,0,,0.969666
per_model,phenixace-Chem-R-Faithful,chem,0,ladder_hit1,retrieval_carbon_ladder,1,conditional_acc,19,0.026865,0.913067,-0.44464,0.395062,0,4263,,,0,0,,0.98944
per_model,OpenDFM-ChemDFM-v1.5-8B,chemdfm,0,ladder_hit1,retrieval_carbon_ladder,1,conditional_acc,19,-0.046082,0.851404,-0.525053,0.367352,0,4959,-0.05825,0.625842,0,1,,0.980293
per_model,deepseek-ai-DeepSeek-R1-Distill-Llama-8B,reason,0,ladder_hit1,retrieval_carbon_ladder,1,conditional_acc,19,-0.114511,0.640645,-0.559739,0.338768,0,4975,-0.149196,0.589088,0,1,,0.926285
pooled,,pooled,0,ladder_hit1,retrieval_carbon_ladder,1,conditional_acc,19,-0.077878,0.453162,-0.356393,0.178677,0,5000,-0.116198,0.449197,0,0,,0.860745
per_model,meta-llama-Llama-3.1-8B,base,8,ladder_hit1,retrieval_carbon_ladder,1,conditional_acc,19,0.098108,0.689467,-0.372249,0.520306,0,4820,0.107126,0.838739,0,1,,0.940872
per_model,weidawang-Chem-R-8B,chem-r,8,ladder_hit1,retrieval_carbon_ladder,1,conditional_acc,19,0.022484,0.927204,-0.452365,0.43078,0,4680,,-0.256883,0,0,,0.98944
per_model,phenixace-Chem-R-Faithful,chem,8,ladder_hit1,retrieval_carbon_ladder,1,conditional_acc,19,0.021509,0.930352,-0.407064,0.409768,0,4385,,,0,0,,0.98944
per_model,OpenDFM-ChemDFM-v1.5-8B,chemdfm,8,ladder_hit1,retrieval_carbon_ladder,1,conditional_acc,19,0.074645,0.761354,-0.407778,0.536166,0,4995,0.094355,0.625842,0,1,,0.965332
per_model,deepseek-ai-DeepSeek-R1-Distill-Llama-8B,reason,8,ladder_hit1,retrieval_carbon_ladder,1,conditional_acc,19,-0.022944,0.925718,-0.469594,0.410037,0,4660,-0.029894,0.589088,0,1,,0.98944
pooled,,pooled,8,ladder_hit1,retrieval_carbon_ladder,1,conditional_acc,19,0.025668,0.804977,-0.155637,0.224222,0,5000,0.038298,0.449197,0,0,,0.975122
per_model,meta-llama-Llama-3.1-8B,base,16,ladder_hit1,retrieval_carbon_ladder,1,conditional_acc,19,0.111474,0.649586,-0.348716,0.523965,0,5000,0.12172,0.838739,0,1,,0.928659
per_model,weidawang-Chem-R-8B,chem-r,16,ladder_hit1,retrieval_carbon_ladder,1,conditional_acc,19,0.212428,0.382599,-0.311842,0.632343,0,4681,,-0.256883,0,0,,0.817692
per_model,phenixace-Chem-R-Faithful,chem,16,ladder_hit1,retrieval_carbon_ladder,1,conditional_acc,19,0.354635,0.136278,-0.101752,0.714672,0,4383,,,0,0,,0.575348
per_model,OpenDFM-ChemDFM-v1.5-8B,chemdfm,16,ladder_hit1,retrieval_carbon_ladder,1,conditional_acc,19,0.050441,0.837516,-0.475269,0.556255,0,4998,0.063761,0.625842,0,1,,0.977569
per_model,deepseek-ai-DeepSeek-R1-Distill-Llama-8B,reason,16,ladder_hit1,retrieval_carbon_ladder,1,conditional_acc,19,0.423594,0.070724,-0.042105,0.776748,0,5000,0.551898,0.589088,0,1,,0.436316
pooled,,pooled,16,ladder_hit1,retrieval_carbon_ladder,1,conditional_acc,19,0.234093,0.022414,0.002019,0.424929,1,5000,0.349277,0.449197,0,0,,0.265933
per_model,meta-llama-Llama-3.1-8B,base,24,ladder_hit1,retrieval_carbon_ladder,1,conditional_acc,19,0.148337,0.544476,-0.327561,0.591278,0,5000,0.16197,0.838739,0,1,,0.901566
per_model,weidawang-Chem-R-8B,chem-r,24,ladder_hit1,retrieval_carbon_ladder,1,conditional_acc,19,0.105006,0.668781,-0.385854,0.530491,0,4681,,-0.256883,0,0,,0.932817
per_model,phenixace-Chem-R-Faithful,chem,24,ladder_hit1,retrieval_carbon_ladder,1,conditional_acc,19,0.180001,0.460882,-0.333062,0.614777,0,4386,,,0,0,,0.865837
per_model,OpenDFM-ChemDFM-v1.5-8B,chemdfm,24,ladder_hit1,retrieval_carbon_ladder,1,conditional_acc,19,0.1424,0.560874,-0.385798,0.617997,0,4983,0.180002,0.625842,0,1,,0.904944
per_model,deepseek-ai-DeepSeek-R1-Distill-Llama-8B,reason,24,ladder_hit1,retrieval_carbon_ladder,1,conditional_acc,19,0.217581,0.370885,-0.244193,0.616379,0,5000,0.283486,0.589088,0,1,,0.809618
pooled,,pooled,24,ladder_hit1,retrieval_carbon_ladder,1,conditional_acc,19,0.166106,0.107669,-0.088009,0.385259,0,5000,0.247837,0.449197,0,0,,0.512104
per_model,meta-llama-Llama-3.1-8B,base,31,ladder_hit1,retrieval_carbon_ladder,1,conditional_acc,19,0.109038,0.656792,-0.311268,0.492638,0,4999,0.119059,0.838739,0,1,,0.930387
per_model,weidawang-Chem-R-8B,chem-r,31,ladder_hit1,retrieval_carbon_ladder,1,conditional_acc,19,-0.112929,0.645298,-0.490563,0.286949,0,4681,,-0.256883,0,0,,0.927923
per_model,phenixace-Chem-R-Faithful,chem,31,ladder_hit1,retrieval_carbon_ladder,1,conditional_acc,19,0.002539,0.99177,-0.390342,0.417872,0,4386,,,0,0,,0.996812
per_model,OpenDFM-ChemDFM-v1.5-8B,chemdfm,31,ladder_hit1,retrieval_carbon_ladder,1,conditional_acc,19,0.122336,0.61783,-0.381408,0.568634,0,4969,0.15464,0.625842,0,1,,0.922246
per_model,deepseek-ai-DeepSeek-R1-Distill-Llama-8B,reason,31,ladder_hit1,retrieval_carbon_ladder,1,conditional_acc,19,0.407599,0.083235,-0.050335,0.725156,0,5000,0.531059,0.589088,0,1,,0.450094
pooled,,pooled,31,ladder_hit1,retrieval_carbon_ladder,1,conditional_acc,19,0.129065,0.212567,-0.108806,0.335037,0,5000,0.192571,0.449197,0,0,,0.661235
per_model,meta-llama-Llama-3.1-8B,base,0,ladder_hit1,retrieval_carbon_ladder,1,underspecified,19,-0.057822,0.814113,-0.486939,0.447108,0,4988,-0.063498,0.829207,0,1,,0.975151
per_model,weidawang-Chem-R-8B,chem-r,0,ladder_hit1,retrieval_carbon_ladder,1,underspecified,19,-0.05822,0.812852,-0.396619,0.399229,0,4005,,-0.324026,0,0,,0.975122
per_model,phenixace-Chem-R-Faithful,chem,0,ladder_hit1,retrieval_carbon_ladder,1,underspecified,19,0.046452,0.850224,-0.384892,0.543372,0,4788,0.048481,0.918021,0,1,,0.980293
per_model,OpenDFM-ChemDFM-v1.5-8B,chemdfm,0,ladder_hit1,retrieval_carbon_ladder,1,underspecified,19,0.066628,0.786384,-0.353212,0.525585,0,4757,0.074624,0.797181,0,1,,0.970684
per_model,deepseek-ai-DeepSeek-R1-Distill-Llama-8B,reason,0,ladder_hit1,retrieval_carbon_ladder,1,underspecified,19,0.158608,0.516632,-0.269993,0.651087,0,4770,0.165963,0.913335,0,1,,0.893011
pooled,,pooled,0,ladder_hit1,retrieval_carbon_ladder,1,underspecified,19,0.092357,0.373374,-0.227734,0.433057,0,5000,0.116661,0.626744,0,1,,0.810253
per_model,meta-llama-Llama-3.1-8B,base,8,ladder_hit1,retrieval_carbon_ladder,1,underspecified,19,-0.240686,0.320907,-0.618143,0.23744,0,4815,-0.264314,0.829207,0,1,,0.772077
per_model,weidawang-Chem-R-8B,chem-r,8,ladder_hit1,retrieval_carbon_ladder,1,underspecified,19,0.005788,0.981238,-0.367166,0.440901,0,4085,,-0.324026,0,0,,0.995233
per_model,phenixace-Chem-R-Faithful,chem,8,ladder_hit1,retrieval_carbon_ladder,1,underspecified,19,0.188144,0.440499,-0.216868,0.630887,0,4923,0.196365,0.918021,0,1,,0.856376
per_model,OpenDFM-ChemDFM-v1.5-8B,chemdfm,8,ladder_hit1,retrieval_carbon_ladder,1,underspecified,19,-0.054209,0.825552,-0.465618,0.39812,0,4792,-0.060714,0.797181,0,1,,0.976839
per_model,deepseek-ai-DeepSeek-R1-Distill-Llama-8B,reason,8,ladder_hit1,retrieval_carbon_ladder,1,underspecified,19,-0.346969,0.145561,-0.547647,-0.186072,1,4458,-0.363057,0.913335,0,1,,0.586994
pooled,,pooled,8,ladder_hit1,retrieval_carbon_ladder,1,underspecified,19,-0.04035,0.697843,-0.28607,0.236956,0,5000,-0.050968,0.626744,0,1,,0.943463
per_model,meta-llama-Llama-3.1-8B,base,16,ladder_hit1,retrieval_carbon_ladder,1,underspecified,19,-0.32762,0.170918,-0.702955,0.135945,0,4995,-0.359782,0.829207,0,1,,0.606547
per_model,weidawang-Chem-R-8B,chem-r,16,ladder_hit1,retrieval_carbon_ladder,1,underspecified,19,-0.096529,0.694233,-0.670509,0.488821,0,4086,,-0.324026,0,0,,0.943125
per_model,phenixace-Chem-R-Faithful,chem,16,ladder_hit1,retrieval_carbon_ladder,1,underspecified,19,0.153297,0.530944,-0.401332,0.563969,0,4921,0.159996,0.918021,0,1,,0.898088
per_model,OpenDFM-ChemDFM-v1.5-8B,chemdfm,16,ladder_hit1,retrieval_carbon_ladder,1,underspecified,19,0.13241,0.588945,-0.337334,0.570082,0,4795,0.1483,0.797181,0,1,,0.914685
per_model,deepseek-ai-DeepSeek-R1-Distill-Llama-8B,reason,16,ladder_hit1,retrieval_carbon_ladder,1,underspecified,19,-0.399506,0.090152,-0.711901,-0.002601,1,4792,-0.418031,0.913335,0,1,,0.470981
pooled,,pooled,16,ladder_hit1,retrieval_carbon_ladder,1,underspecified,19,-0.101307,0.328635,-0.347742,0.177588,0,5000,-0.127967,0.626744,0,1,,0.778294
per_model,meta-llama-Llama-3.1-8B,base,24,ladder_hit1,retrieval_carbon_ladder,1,underspecified,19,0.111293,0.650122,-0.369121,0.562017,0,4995,0.122218,0.829207,0,1,,0.928902
per_model,weidawang-Chem-R-8B,chem-r,24,ladder_hit1,retrieval_carbon_ladder,1,underspecified,19,-0.160417,0.511799,-0.577909,0.308519,0,4086,,-0.324026,0,0,,0.88828
per_model,phenixace-Chem-R-Faithful,chem,24,ladder_hit1,retrieval_carbon_ladder,1,underspecified,19,-0.003288,0.989342,-0.433105,0.404647,0,4924,-0.003431,0.918021,0,1,,0.996222
per_model,OpenDFM-ChemDFM-v1.5-8B,chemdfm,24,ladder_hit1,retrieval_carbon_ladder,1,underspecified,19,0.141104,0.564481,-0.323552,0.51514,0,4781,0.158038,0.797181,0,1,,0.905702
per_model,deepseek-ai-DeepSeek-R1-Distill-Llama-8B,reason,24,ladder_hit1,retrieval_carbon_ladder,1,underspecified,19,-0.130116,0.59547,-0.552211,0.328566,0,4792,-0.13615,0.913335,0,1,,0.914685
pooled,,pooled,24,ladder_hit1,retrieval_carbon_ladder,1,underspecified,19,0.037012,0.721768,-0.273391,0.352144,0,5000,0.046752,0.626744,0,1,,0.952058
per_model,meta-llama-Llama-3.1-8B,base,31,ladder_hit1,retrieval_carbon_ladder,1,underspecified,19,0.329727,0.16802,-0.141521,0.726714,0,4994,0.362096,0.829207,0,1,,0.604796
per_model,weidawang-Chem-R-8B,chem-r,31,ladder_hit1,retrieval_carbon_ladder,1,underspecified,19,-0.19789,0.416733,-0.604537,0.274855,0,4086,,-0.324026,0,0,,0.842425
per_model,phenixace-Chem-R-Faithful,chem,31,ladder_hit1,retrieval_carbon_ladder,1,underspecified,19,0.027436,0.911227,-0.456057,0.481524,0,4924,0.028635,0.918021,0,1,,0.98944
per_model,OpenDFM-ChemDFM-v1.5-8B,chemdfm,31,ladder_hit1,retrieval_carbon_ladder,1,underspecified,19,0.17512,0.473325,-0.286727,0.558232,0,4767,0.196136,0.797181,0,1,,0.872114
per_model,deepseek-ai-DeepSeek-R1-Distill-Llama-8B,reason,31,ladder_hit1,retrieval_carbon_ladder,1,underspecified,19,-0.183663,0.451656,-0.581863,0.325273,0,4792,-0.192179,0.913335,0,1,,0.860745
pooled,,pooled,31,ladder_hit1,retrieval_carbon_ladder,1,underspecified,19,0.094379,0.362954,-0.21185,0.390985,0,5000,0.119215,0.626744,0,1,,0.80356
per_model,meta-llama-Llama-3.1-8B,base,0,ladder_hit1,retrieval_carbon_ladder,1,non_answer,19,0.234019,0.334898,-0.280656,0.645457,0,4993,0.274493,0.726841,0,1,,0.781532
per_model,weidawang-Chem-R-8B,chem-r,0,ladder_hit1,retrieval_carbon_ladder,1,non_answer,19,0.069921,0.776077,-0.467016,0.621989,0,4897,0.126419,0.305906,0,0,,0.969666
per_model,phenixace-Chem-R-Faithful,chem,0,ladder_hit1,retrieval_carbon_ladder,1,non_answer,19,-0.13321,0.586674,-0.568358,0.40279,0,4861,,-0.039064,0,0,,0.914685
per_model,OpenDFM-ChemDFM-v1.5-8B,chemdfm,0,ladder_hit1,retrieval_carbon_ladder,1,non_answer,19,0.031622,0.897745,-0.382331,0.450054,0,4961,0.035586,0.789595,0,1,,0.98944
per_model,deepseek-ai-DeepSeek-R1-Distill-Llama-8B,reason,0,ladder_hit1,retrieval_carbon_ladder,1,non_answer,19,-0.203877,0.402484,-0.627809,0.295187,0,4975,-0.24065,0.717735,0,1,,0.836386
pooled,,pooled,0,ladder_hit1,retrieval_carbon_ladder,1,non_answer,19,0.005283,0.959479,-0.280914,0.273512,0,5000,0.007469,0.500202,0,1,,0.992982
per_model,meta-llama-Llama-3.1-8B,base,8,ladder_hit1,retrieval_carbon_ladder,1,non_answer,19,0.298474,0.214523,-0.159941,0.685845,0,4820,0.350095,0.726841,0,1,,0.661235
per_model,weidawang-Chem-R-8B,chem-r,8,ladder_hit1,retrieval_carbon_ladder,1,non_answer,19,0.133096,0.586998,-0.418372,0.639265,0,4999,0.240641,0.305906,0,0,,0.914685
per_model,phenixace-Chem-R-Faithful,chem,8,ladder_hit1,retrieval_carbon_ladder,1,non_answer,19,-0.200656,0.410117,-0.708031,0.331278,0,4998,,-0.039064,0,0,,0.838395
per_model,OpenDFM-ChemDFM-v1.5-8B,chemdfm,8,ladder_hit1,retrieval_carbon_ladder,1,non_answer,19,0.222261,0.360425,-0.271778,0.625845,0,4997,0.250127,0.789595,0,1,,0.803441
per_model,deepseek-ai-DeepSeek-R1-Distill-Llama-8B,reason,8,ladder_hit1,retrieval_carbon_ladder,1,non_answer,19,-0.09896,0.6869,-0.545127,0.375232,0,4660,-0.11681,0.717735,0,1,,0.940183
pooled,,pooled,8,ladder_hit1,retrieval_carbon_ladder,1,non_answer,19,0.077048,0.458004,-0.25277,0.383069,0,5000,0.108941,0.500202,0,1,,0.86267
per_model,meta-llama-Llama-3.1-8B,base,16,ladder_hit1,retrieval_carbon_ladder,1,non_answer,19,0.219061,0.36756,-0.208369,0.575526,0,5000,0.256948,0.726841,0,1,,0.806078
per_model,weidawang-Chem-R-8B,chem-r,16,ladder_hit1,retrieval_carbon_ladder,1,non_answer,19,-0.141141,0.564379,-0.578147,0.325154,0,5000,-0.255187,0.305906,0,0,,0.905702
per_model,phenixace-Chem-R-Faithful,chem,16,ladder_hit1,retrieval_carbon_ladder,1,non_answer,19,-0.276339,0.252112,-0.608525,0.126161,0,4996,,-0.039064,0,0,,0.710761
per_model,OpenDFM-ChemDFM-v1.5-8B,chemdfm,16,ladder_hit1,retrieval_carbon_ladder,1,non_answer,19,-0.302569,0.207995,-0.644176,0.223355,0,5000,-0.340504,0.789595,0,1,,0.659759
per_model,deepseek-ai-DeepSeek-R1-Distill-Llama-8B,reason,16,ladder_hit1,retrieval_carbon_ladder,1,non_answer,19,-0.509519,0.025857,-0.844674,-0.058015,1,5000,-0.601421,0.717735,0,1,,0.284941
pooled,,pooled,16,ladder_hit1,retrieval_carbon_ladder,1,non_answer,19,-0.194984,0.058288,-0.384885,0.048211,0,5000,-0.275693,0.500202,0,1,,0.405644
per_model,meta-llama-Llama-3.1-8B,base,24,ladder_hit1,retrieval_carbon_ladder,1,non_answer,19,0.151986,0.534508,-0.330153,0.626616,0,5000,0.178272,0.726841,0,1,,0.898088
per_model,weidawang-Chem-R-8B,chem-r,24,ladder_hit1,retrieval_carbon_ladder,1,non_answer,19,-0.023482,0.923981,-0.556278,0.488266,0,5000,-0.042456,0.305906,0,0,,0.98944
per_model,phenixace-Chem-R-Faithful,chem,24,ladder_hit1,retrieval_carbon_ladder,1,non_answer,19,-0.321647,0.179318,-0.7548,0.191637,0,4999,,-0.039064,0,0,,0.619626
per_model,OpenDFM-ChemDFM-v1.5-8B,chemdfm,24,ladder_hit1,retrieval_carbon_ladder,1,non_answer,19,-0.061028,0.803991,-0.573873,0.465423,0,4985,-0.068679,0.789595,0,1,,0.975122
per_model,deepseek-ai-DeepSeek-R1-Distill-Llama-8B,reason,24,ladder_hit1,retrieval_carbon_ladder,1,non_answer,19,-0.344522,0.148613,-0.77697,0.215866,0,5000,-0.406664,0.717735,0,1,,0.587189
pooled,,pooled,24,ladder_hit1,retrieval_carbon_ladder,1,non_answer,19,-0.105205,0.31027,-0.38525,0.199348,0,5000,-0.148752,0.500202,0,1,,0.76483
per_model,meta-llama-Llama-3.1-8B,base,31,ladder_hit1,retrieval_carbon_ladder,1,non_answer,19,-0.194123,0.425836,-0.697009,0.380888,0,4999,-0.227697,0.726841,0,1,,0.845346
per_model,weidawang-Chem-R-8B,chem-r,31,ladder_hit1,retrieval_carbon_ladder,1,non_answer,19,-0.149614,0.540979,-0.666097,0.39717,0,5000,-0.270506,0.305906,0,0,,0.900255
per_model,phenixace-Chem-R-Faithful,chem,31,ladder_hit1,retrieval_carbon_ladder,1,non_answer,19,-0.2706,0.262498,-0.737041,0.230932,0,4999,,-0.039064,0,0,,0.717622
per_model,OpenDFM-ChemDFM-v1.5-8B,chemdfm,31,ladder_hit1,retrieval_carbon_ladder,1,non_answer,19,0.068854,0.779413,-0.435269,0.520322,0,4971,0.077487,0.789595,0,1,,0.969666
per_model,deepseek-ai-DeepSeek-R1-Distill-Llama-8B,reason,31,ladder_hit1,retrieval_carbon_ladder,1,non_answer,19,-0.450868,0.052695,-0.857127,0.085978,0,5000,-0.532191,0.717735,0,1,,0.39938
pooled,,pooled,31,ladder_hit1,retrieval_carbon_ladder,1,non_answer,19,-0.208273,0.042828,-0.490836,0.091109,0,5000,-0.294483,0.500202,0,1,,0.377567
per_model,meta-llama-Llama-3.1-8B,base,0,ladder_hit1,retrieval_carbon_ladder,1,malformed,19,-0.093381,0.70377,-0.591669,0.421702,0,4993,-0.149991,0.387597,0,0,,0.947298
per_model,weidawang-Chem-R-8B,chem-r,0,ladder_hit1,retrieval_carbon_ladder,1,malformed,19,-0.392302,0.096655,-0.608935,-0.221136,1,4208,,,0,0,,0.48692
per_model,phenixace-Chem-R-Faithful,chem,0,ladder_hit1,retrieval_carbon_ladder,1,malformed,19,-0.392555,0.096421,-0.608986,-0.221327,1,4191,,,0,0,,0.486706
per_model,deepseek-ai-DeepSeek-R1-Distill-Llama-8B,reason,0,ladder_hit1,retrieval_carbon_ladder,1,malformed,19,-0.421517,0.072264,-0.720824,-0.058335,1,4755,-0.667136,0.399209,0,0,,0.438831
pooled,,pooled,0,ladder_hit1,retrieval_carbon_ladder,1,malformed,19,-0.217298,0.059354,-0.469837,0.048588,0,5000,-0.346447,0.393403,0,0,,0.407295
per_model,meta-llama-Llama-3.1-8B,base,8,ladder_hit1,retrieval_carbon_ladder,1,malformed,19,-0.377002,0.111584,-0.757643,0.091875,0,4820,-0.605555,0.387597,0,0,,0.521416
per_model,weidawang-Chem-R-8B,chem-r,8,ladder_hit1,retrieval_carbon_ladder,1,malformed,19,-0.291157,0.226515,-0.625982,0.139933,0,4303,,,0,0,,0.676614
per_model,phenixace-Chem-R-Faithful,chem,8,ladder_hit1,retrieval_carbon_ladder,1,malformed,19,-0.267395,0.268412,-0.588656,0.119788,0,4319,,,0,0,,0.723555
per_model,deepseek-ai-DeepSeek-R1-Distill-Llama-8B,reason,8,ladder_hit1,retrieval_carbon_ladder,1,malformed,19,0.040166,0.870315,-0.379616,0.534343,0,4455,0.063571,0.399209,0,0,,0.988075
pooled,,pooled,8,ladder_hit1,retrieval_carbon_ladder,1,malformed,19,-0.239836,0.03691,-0.449034,-0.002533,1,5000,-0.38238,0.393403,0,0,,0.344543
per_model,meta-llama-Llama-3.1-8B,base,16,ladder_hit1,retrieval_carbon_ladder,1,malformed,19,-0.486642,0.034608,-0.765995,-0.070189,1,5000,-0.781662,0.387597,0,0,,0.332844
per_model,weidawang-Chem-R-8B,chem-r,16,ladder_hit1,retrieval_carbon_ladder,1,malformed,19,-0.66996,0.001699,-0.878856,-0.241515,1,4304,,,0,0,,0.070144
per_model,phenixace-Chem-R-Faithful,chem,16,ladder_hit1,retrieval_carbon_ladder,1,malformed,19,-0.713007,0.000611,-0.892177,-0.344552,1,4319,,,0,0,,0.040165
per_model,deepseek-ai-DeepSeek-R1-Distill-Llama-8B,reason,16,ladder_hit1,retrieval_carbon_ladder,1,malformed,19,0.032266,0.895674,-0.423951,0.490642,0,4780,0.051067,0.399209,0,0,,0.98944
pooled,,pooled,16,ladder_hit1,retrieval_carbon_ladder,1,malformed,19,-0.400954,0.000331,-0.566961,-0.186226,1,5000,-0.639258,0.393403,0,0,,0.029971
per_model,meta-llama-Llama-3.1-8B,base,24,ladder_hit1,retrieval_carbon_ladder,1,malformed,19,-0.222816,0.359196,-0.6337,0.257464,0,5000,-0.357895,0.387597,0,0,,0.80341
per_model,weidawang-Chem-R-8B,chem-r,24,ladder_hit1,retrieval_carbon_ladder,1,malformed,19,-0.519167,0.022734,-0.798123,-0.205887,1,4304,,,0,0,,0.268478
per_model,phenixace-Chem-R-Faithful,chem,24,ladder_hit1,retrieval_carbon_ladder,1,malformed,19,-0.446294,0.055445,-0.756143,-0.113371,1,4320,,,0,0,,0.402212
per_model,deepseek-ai-DeepSeek-R1-Distill-Llama-8B,reason,24,ladder_hit1,retrieval_carbon_ladder,1,malformed,19,-0.144641,0.554658,-0.595196,0.401704,0,4780,-0.228924,0.399209,0,0,,0.904215
pooled,,pooled,24,ladder_hit1,retrieval_carbon_ladder,1,malformed,19,-0.265624,0.020389,-0.493771,0.011779,0,5000,-0.423496,0.393403,0,0,,0.248883
per_model,meta-llama-Llama-3.1-8B,base,31,ladder_hit1,retrieval_carbon_ladder,1,malformed,19,-0.255796,0.290509,-0.662397,0.23516,0,4999,-0.410868,0.387597,0,0,,0.747318
per_model,weidawang-Chem-R-8B,chem-r,31,ladder_hit1,retrieval_carbon_ladder,1,malformed,19,-0.125881,0.607601,-0.510629,0.254151,0,4304,,,0,0,,0.915939
per_model,phenixace-Chem-R-Faithful,chem,31,ladder_hit1,retrieval_carbon_ladder,1,malformed,19,-0.201494,0.408122,-0.621873,0.173156,0,4320,,,0,0,,0.836386
per_model,deepseek-ai-DeepSeek-R1-Distill-Llama-8B,reason,31,ladder_hit1,retrieval_carbon_ladder,1,malformed,19,-0.186319,0.445025,-0.606698,0.289791,0,4780,-0.294888,0.399209,0,0,,0.860331
pooled,,pooled,31,ladder_hit1,retrieval_carbon_ladder,1,malformed,19,-0.180588,0.118499,-0.383016,0.039665,0,5000,-0.287919,0.393403,0,0,,0.533456
per_model,meta-llama-Llama-3.1-8B,base,0,ladder_mrr,retrieval_carbon_ladder,1,strict,19,-0.055824,0.820432,-0.52355,0.39459,0,5000,-0.059822,0.870812,0,1,,0.976147
per_model,weidawang-Chem-R-8B,chem-r,0,ladder_mrr,retrieval_carbon_ladder,1,strict,19,0.117313,0.632439,-0.409153,0.576818,0,5000,0.225366,0.270964,0,0,,0.925877
per_model,phenixace-Chem-R-Faithful,chem,0,ladder_mrr,retrieval_carbon_ladder,1,strict,19,0.120265,0.623836,-0.402743,0.586975,0,5000,0.135024,0.79334,0,1,,0.925877
per_model,OpenDFM-ChemDFM-v1.5-8B,chemdfm,0,ladder_mrr,retrieval_carbon_ladder,1,strict,19,-0.029037,0.906068,-0.415082,0.384139,0,5000,-0.040994,0.501705,0,1,,0.98944
per_model,deepseek-ai-DeepSeek-R1-Distill-Llama-8B,reason,0,ladder_mrr,retrieval_carbon_ladder,1,strict,19,0.341119,0.152932,-0.161727,0.682733,0,5000,0.353143,0.933064,0,1,,0.591223
pooled,,pooled,0,ladder_mrr,retrieval_carbon_ladder,1,strict,19,0.100486,0.332591,-0.186871,0.352198,0,5000,0.122401,0.673977,0,1,,0.779862
per_model,meta-llama-Llama-3.1-8B,base,8,ladder_mrr,retrieval_carbon_ladder,1,strict,19,-0.065905,0.788651,-0.549282,0.42629,0,5000,-0.070625,0.870812,0,1,,0.970684
per_model,weidawang-Chem-R-8B,chem-r,8,ladder_mrr,retrieval_carbon_ladder,1,strict,19,0.015071,0.95117,-0.603649,0.539823,0,5000,0.028953,0.270964,0,0,,0.98944
per_model,phenixace-Chem-R-Faithful,chem,8,ladder_mrr,retrieval_carbon_ladder,1,strict,19,0.130186,0.595273,-0.379375,0.622579,0,5000,0.146162,0.79334,0,1,,0.914685
per_model,OpenDFM-ChemDFM-v1.5-8B,chemdfm,8,ladder_mrr,retrieval_carbon_ladder,1,strict,19,0.145183,0.55316,-0.311214,0.541745,0,5000,0.204971,0.501705,0,1,,0.904215
per_model,deepseek-ai-DeepSeek-R1-Distill-Llama-8B,reason,8,ladder_mrr,retrieval_carbon_ladder,1,strict,19,0.076517,0.755538,-0.38935,0.484047,0,5000,0.079214,0.933064,0,1,,0.963976
pooled,,pooled,8,ladder_mrr,retrieval_carbon_ladder,1,strict,19,0.062162,0.549544,-0.269736,0.360332,0,5000,0.075719,0.673977,0,1,,0.90388
per_model,meta-llama-Llama-3.1-8B,base,16,ladder_mrr,retrieval_carbon_ladder,1,strict,19,0.390501,0.098332,-0.057213,0.710679,0,5000,0.418466,0.870812,0,1,,0.491468
per_model,weidawang-Chem-R-8B,chem-r,16,ladder_mrr,retrieval_carbon_ladder,1,strict,19,0.355028,0.135814,-0.129535,0.726788,0,4998,0.682035,0.270964,0,0,,0.57472
per_model,phenixace-Chem-R-Faithful,chem,16,ladder_mrr,retrieval_carbon_ladder,1,strict,19,0.122958,0.61603,-0.332945,0.602961,0,4999,0.138047,0.79334,0,1,,0.922229
per_model,OpenDFM-ChemDFM-v1.5-8B,chemdfm,16,ladder_mrr,retrieval_carbon_ladder,1,strict,19,0.115419,0.637983,-0.387996,0.48606,0,5000,0.162949,0.501705,0,1,,0.926285
per_model,deepseek-ai-DeepSeek-R1-Distill-Llama-8B,reason,16,ladder_mrr,retrieval_carbon_ladder,1,strict,19,0.564489,0.011807,0.173711,0.808616,1,5000,0.584385,0.933064,0,1,,0.194562
pooled,,pooled,16,ladder_mrr,retrieval_carbon_ladder,1,strict,19,0.306799,0.002495,0.03704,0.51009,1,5000,0.373707,0.673977,0,1,,0.085589
per_model,meta-llama-Llama-3.1-8B,base,24,ladder_mrr,retrieval_carbon_ladder,1,strict,19,-0.076739,0.75485,-0.537714,0.380296,0,5000,-0.082235,0.870812,0,1,,0.963582
per_model,weidawang-Chem-R-8B,chem-r,24,ladder_mrr,retrieval_carbon_ladder,1,strict,19,0.088484,0.718684,-0.429395,0.580974,0,5000,0.169985,0.270964,0,0,,0.952058
per_model,phenixace-Chem-R-Faithful,chem,24,ladder_mrr,retrieval_carbon_ladder,1,strict,19,0.188747,0.439009,-0.343026,0.672395,0,5000,0.211909,0.79334,0,1,,0.856376
per_model,OpenDFM-ChemDFM-v1.5-8B,chemdfm,24,ladder_mrr,retrieval_carbon_ladder,1,strict,19,0.097904,0.690084,-0.417634,0.529635,0,4999,0.138221,0.501705,0,1,,0.940872
per_model,deepseek-ai-DeepSeek-R1-Distill-Llama-8B,reason,24,ladder_mrr,retrieval_carbon_ladder,1,strict,19,0.359123,0.131042,-0.104643,0.702704,0,5000,0.371781,0.933064,0,1,,0.561235
pooled,,pooled,24,ladder_mrr,retrieval_carbon_ladder,1,strict,19,0.117861,0.255318,-0.187254,0.359289,0,5000,0.143564,0.673977,0,1,,0.712507
per_model,meta-llama-Llama-3.1-8B,base,31,ladder_mrr,retrieval_carbon_ladder,1,strict,19,0.063028,0.797692,-0.441095,0.554792,0,5000,0.067542,0.870812,0,1,,0.97378
per_model,weidawang-Chem-R-8B,chem-r,31,ladder_mrr,retrieval_carbon_ladder,1,strict,19,0.130322,0.594882,-0.400384,0.611201,0,5000,0.250359,0.270964,0,0,,0.914685
per_model,phenixace-Chem-R-Faithful,chem,31,ladder_mrr,retrieval_carbon_ladder,1,strict,19,0.318369,0.184044,-0.240006,0.740181,0,5000,0.357438,0.79334,0,1,,0.628532
per_model,OpenDFM-ChemDFM-v1.5-8B,chemdfm,31,ladder_mrr,retrieval_carbon_ladder,1,strict,19,0.034403,0.888803,-0.423163,0.494247,0,5000,0.04857,0.501705,0,1,,0.98944
per_model,deepseek-ai-DeepSeek-R1-Distill-Llama-8B,reason,31,ladder_mrr,retrieval_carbon_ladder,1,strict,19,0.454464,0.050607,0.000899,0.739829,1,5000,0.470483,0.933064,0,1,,0.394376
pooled,,pooled,31,ladder_mrr,retrieval_carbon_ladder,1,strict,19,0.201796,0.049873,-0.112509,0.463334,0,5000,0.245805,0.673977,0,1,,0.394376
per_model,meta-llama-Llama-3.1-8B,base,0,ladder_mrr,retrieval_carbon_ladder,1,superclass_credit,19,-0.041758,0.865218,-0.462363,0.425213,0,5000,-0.047805,0.763022,0,1,,0.985548
per_model,weidawang-Chem-R-8B,chem-r,0,ladder_mrr,retrieval_carbon_ladder,1,superclass_credit,19,0.015923,0.948415,-0.514278,0.50696,0,5000,0.029305,0.295216,0,0,,0.98944
per_model,phenixace-Chem-R-Faithful,chem,0,ladder_mrr,retrieval_carbon_ladder,1,superclass_credit,19,0.213062,0.381146,-0.276424,0.636518,0,5000,0.376227,0.32071,0,0,,0.817692
per_model,OpenDFM-ChemDFM-v1.5-8B,chemdfm,0,ladder_mrr,retrieval_carbon_ladder,1,superclass_credit,19,-0.049274,0.84123,-0.435256,0.364894,0,5000,-0.058883,0.700252,0,1,,0.977847
per_model,deepseek-ai-DeepSeek-R1-Distill-Llama-8B,reason,0,ladder_mrr,retrieval_carbon_ladder,1,superclass_credit,19,0.341421,0.152546,-0.137776,0.679137,0,5000,0.357786,0.910612,0,1,,0.591223
pooled,,pooled,0,ladder_mrr,retrieval_carbon_ladder,1,superclass_credit,19,0.096025,0.354609,-0.218354,0.377032,0,5000,0.124179,0.597963,0,1,,0.801738
per_model,meta-llama-Llama-3.1-8B,base,8,ladder_mrr,retrieval_carbon_ladder,1,superclass_credit,19,-0.119508,0.626038,-0.583341,0.346777,0,5000,-0.136813,0.763022,0,1,,0.925877
per_model,weidawang-Chem-R-8B,chem-r,8,ladder_mrr,retrieval_carbon_ladder,1,superclass_credit,19,-0.016829,0.945482,-0.592582,0.514525,0,5000,-0.030974,0.295216,0,0,,0.98944
per_model,phenixace-Chem-R-Faithful,chem,8,ladder_mrr,retrieval_carbon_ladder,1,superclass_credit,19,0.30815,0.199311,-0.238929,0.768606,0,5000,0.544134,0.32071,0,0,,0.655865
per_model,OpenDFM-ChemDFM-v1.5-8B,chemdfm,8,ladder_mrr,retrieval_carbon_ladder,1,superclass_credit,19,0.024637,0.920253,-0.478797,0.42858,0,5000,0.029442,0.700252,0,1,,0.98944
per_model,deepseek-ai-DeepSeek-R1-Distill-Llama-8B,reason,8,ladder_mrr,retrieval_carbon_ladder,1,superclass_credit,19,0.035211,0.886206,-0.427431,0.447828,0,5000,0.036899,0.910612,0,1,,0.98944
pooled,,pooled,8,ladder_mrr,retrieval_carbon_ladder,1,superclass_credit,19,0.046156,0.656931,-0.316293,0.379569,0,5000,0.059689,0.597963,0,1,,0.930387
per_model,meta-llama-Llama-3.1-8B,base,16,ladder_mrr,retrieval_carbon_ladder,1,superclass_credit,19,0.222955,0.358888,-0.198841,0.541296,0,5000,0.25524,0.763022,0,1,,0.80341
per_model,weidawang-Chem-R-8B,chem-r,16,ladder_mrr,retrieval_carbon_ladder,1,superclass_credit,19,0.360448,0.129523,-0.086969,0.709035,0,4998,0.663396,0.295216,0,0,,0.559282
per_model,phenixace-Chem-R-Faithful,chem,16,ladder_mrr,retrieval_carbon_ladder,1,superclass_credit,19,0.583795,0.008683,0.231667,0.843123,1,4999,1.030871,0.32071,0,0,,0.167025
per_model,OpenDFM-ChemDFM-v1.5-8B,chemdfm,16,ladder_mrr,retrieval_carbon_ladder,1,superclass_credit,19,0.287225,0.233137,-0.24337,0.62161,0,5000,0.343237,0.700252,0,1,,0.685651
per_model,deepseek-ai-DeepSeek-R1-Distill-Llama-8B,reason,16,ladder_mrr,retrieval_carbon_ladder,1,superclass_credit,19,0.479222,0.037891,0.0759,0.75357,1,5000,0.502192,0.910612,0,1,,0.348447
pooled,,pooled,16,ladder_mrr,retrieval_carbon_ladder,1,superclass_credit,19,0.375934,0.000174,0.130137,0.553004,1,5000,0.486155,0.597963,0,1,,0.028587
per_model,meta-llama-Llama-3.1-8B,base,24,ladder_mrr,retrieval_carbon_ladder,1,superclass_credit,19,-0.013542,0.956119,-0.469866,0.457429,0,5000,-0.015503,0.763022,0,1,,0.991764
per_model,weidawang-Chem-R-8B,chem-r,24,ladder_mrr,retrieval_carbon_ladder,1,superclass_credit,19,0.096402,0.694618,-0.421039,0.586541,0,5000,0.177426,0.295216,0,0,,0.943125
per_model,phenixace-Chem-R-Faithful,chem,24,ladder_mrr,retrieval_carbon_ladder,1,superclass_credit,19,0.304469,0.205012,-0.201174,0.748292,0,5000,0.537633,0.32071,0,0,,0.658893
per_model,OpenDFM-ChemDFM-v1.5-8B,chemdfm,24,ladder_mrr,retrieval_carbon_ladder,1,superclass_credit,19,0.141961,0.562096,-0.37331,0.590501,0,4999,0.169645,0.700252,0,1,,0.904985
per_model,deepseek-ai-DeepSeek-R1-Distill-Llama-8B,reason,24,ladder_mrr,retrieval_carbon_ladder,1,superclass_credit,19,0.368337,0.120737,-0.093937,0.735142,0,5000,0.385992,0.910612,0,1,,0.537809
pooled,,pooled,24,ladder_mrr,retrieval_carbon_ladder,1,superclass_credit,19,0.158475,0.125057,-0.173683,0.429763,0,5000,0.204939,0.597963,0,1,,0.547448
per_model,meta-llama-Llama-3.1-8B,base,31,ladder_mrr,retrieval_carbon_ladder,1,superclass_credit,19,0.306919,0.201206,-0.220698,0.705771,0,5000,0.351362,0.763022,0,1,,0.65748
per_model,weidawang-Chem-R-8B,chem-r,31,ladder_mrr,retrieval_carbon_ladder,1,superclass_credit,19,0.038973,0.874136,-0.522669,0.563385,0,5000,0.071729,0.295216,0,0,,0.98944
per_model,phenixace-Chem-R-Faithful,chem,31,ladder_mrr,retrieval_carbon_ladder,1,superclass_credit,19,0.287187,0.233202,-0.252095,0.750023,0,5000,0.507117,0.32071,0,0,,0.685651
per_model,OpenDFM-ChemDFM-v1.5-8B,chemdfm,31,ladder_mrr,retrieval_carbon_ladder,1,superclass_credit,19,0.092981,0.704984,-0.354556,0.524392,0,5000,0.111113,0.700252,0,1,,0.947568
per_model,deepseek-ai-DeepSeek-R1-Distill-Llama-8B,reason,31,ladder_mrr,retrieval_carbon_ladder,1,superclass_credit,19,0.456208,0.049618,0.016047,0.782708,1,5000,0.478075,0.910612,0,1,,0.394376
pooled,,pooled,31,ladder_mrr,retrieval_carbon_ladder,1,superclass_credit,19,0.238964,0.01969,-0.077397,0.503646,0,5000,0.309026,0.597963,0,1,,0.245067
per_model,meta-llama-Llama-3.1-8B,base,0,ladder_mrr,retrieval_carbon_ladder,1,commit,19,-0.0625,0.799353,-0.539376,0.378708,0,5000,-0.072203,0.749291,0,1,,0.973875
per_model,weidawang-Chem-R-8B,chem-r,0,ladder_mrr,retrieval_carbon_ladder,1,commit,19,0.234791,0.333261,-0.303768,0.689782,0,5000,0.47687,0.242416,0,0,,0.779862
per_model,phenixace-Chem-R-Faithful,chem,0,ladder_mrr,retrieval_carbon_ladder,1,commit,19,0.131777,0.590741,-0.392162,0.614557,0,5000,0.151651,0.755072,0,1,,0.914685
per_model,OpenDFM-ChemDFM-v1.5-8B,chemdfm,0,ladder_mrr,retrieval_carbon_ladder,1,commit,19,0.017226,0.944197,-0.359576,0.41011,0,5000,0.022099,0.607636,0,1,,0.98944
per_model,deepseek-ai-DeepSeek-R1-Distill-Llama-8B,reason,0,ladder_mrr,retrieval_carbon_ladder,1,commit,19,0.31746,0.185369,-0.205624,0.675888,0,5000,0.33591,0.893167,0,1,,0.630055
pooled,,pooled,0,ladder_mrr,retrieval_carbon_ladder,1,commit,19,0.125492,0.225607,-0.177912,0.377136,0,5000,0.155712,0.649516,0,1,,0.676612
per_model,meta-llama-Llama-3.1-8B,base,8,ladder_mrr,retrieval_carbon_ladder,1,commit,19,-0.017598,0.942996,-0.504042,0.453781,0,5000,-0.02033,0.749291,0,1,,0.98944
per_model,weidawang-Chem-R-8B,chem-r,8,ladder_mrr,retrieval_carbon_ladder,1,commit,19,-0.024044,0.922166,-0.622934,0.532081,0,5000,-0.048835,0.242416,0,0,,0.98944
per_model,phenixace-Chem-R-Faithful,chem,8,ladder_mrr,retrieval_carbon_ladder,1,commit,19,0.064901,0.791804,-0.448597,0.554702,0,5000,0.074689,0.755072,0,1,,0.970684
per_model,OpenDFM-ChemDFM-v1.5-8B,chemdfm,8,ladder_mrr,retrieval_carbon_ladder,1,commit,19,0.168289,0.491016,-0.288101,0.529329,0,5000,0.215891,0.607636,0,1,,0.876281
per_model,deepseek-ai-DeepSeek-R1-Distill-Llama-8B,reason,8,ladder_mrr,retrieval_carbon_ladder,1,commit,19,0.132865,0.587653,-0.323079,0.51846,0,5000,0.140586,0.893167,0,1,,0.914685
pooled,,pooled,8,ladder_mrr,retrieval_carbon_ladder,1,commit,19,0.060956,0.557331,-0.254313,0.359139,0,5000,0.075635,0.649516,0,1,,0.904215
per_model,meta-llama-Llama-3.1-8B,base,16,ladder_mrr,retrieval_carbon_ladder,1,commit,19,0.430208,0.065982,-0.02522,0.76301,0,5000,0.496997,0.749291,0,1,,0.423053
per_model,weidawang-Chem-R-8B,chem-r,16,ladder_mrr,retrieval_carbon_ladder,1,commit,19,0.347011,0.145508,-0.142922,0.698728,0,4998,0.704795,0.242416,0,0,,0.586994
per_model,phenixace-Chem-R-Faithful,chem,16,ladder_mrr,retrieval_carbon_ladder,1,commit,19,0.086202,0.725671,-0.371435,0.561242,0,4999,0.099202,0.755072,0,1,,0.952058
per_model,OpenDFM-ChemDFM-v1.5-8B,chemdfm,16,ladder_mrr,retrieval_carbon_ladder,1,commit,19,0.175146,0.473259,-0.339298,0.50471,0,5000,0.224687,0.607636,0,1,,0.872114
per_model,deepseek-ai-DeepSeek-R1-Distill-Llama-8B,reason,16,ladder_mrr,retrieval_carbon_ladder,1,commit,19,0.554574,0.01373,0.121361,0.811804,1,5000,0.586804,0.893167,0,1,,0.207506
pooled,,pooled,16,ladder_mrr,retrieval_carbon_ladder,1,commit,19,0.310234,0.002216,0.046364,0.512044,1,5000,0.384941,0.649516,0,1,,0.081548
per_model,meta-llama-Llama-3.1-8B,base,24,ladder_mrr,retrieval_carbon_ladder,1,commit,19,-0.061473,0.802589,-0.502178,0.386891,0,5000,-0.071016,0.749291,0,1,,0.975122
per_model,weidawang-Chem-R-8B,chem-r,24,ladder_mrr,retrieval_carbon_ladder,1,commit,19,0.184464,0.449651,-0.339498,0.668861,0,5000,0.374654,0.242416,0,0,,0.860745
per_model,phenixace-Chem-R-Faithful,chem,24,ladder_mrr,retrieval_carbon_ladder,1,commit,19,0.176419,0.469998,-0.33656,0.651027,0,5000,0.203026,0.755072,0,1,,0.870549
per_model,OpenDFM-ChemDFM-v1.5-8B,chemdfm,24,ladder_mrr,retrieval_carbon_ladder,1,commit,19,0.130732,0.593716,-0.392216,0.563508,0,4999,0.16771,0.607636,0,1,,0.914685
per_model,deepseek-ai-DeepSeek-R1-Distill-Llama-8B,reason,24,ladder_mrr,retrieval_carbon_ladder,1,commit,19,0.305033,0.204131,-0.203721,0.729708,0,5000,0.322761,0.893167,0,1,,0.658342
pooled,,pooled,24,ladder_mrr,retrieval_carbon_ladder,1,commit,19,0.122839,0.235648,-0.180214,0.362844,0,5000,0.15242,0.649516,0,1,,0.690889
per_model,meta-llama-Llama-3.1-8B,base,31,ladder_mrr,retrieval_carbon_ladder,1,commit,19,0.051221,0.835038,-0.463046,0.544992,0,5000,0.059173,0.749291,0,1,,0.977237
per_model,weidawang-Chem-R-8B,chem-r,31,ladder_mrr,retrieval_carbon_ladder,1,commit,19,0.246677,0.308636,-0.304822,0.735925,0,5000,0.501012,0.242416,0,0,,0.76483
per_model,phenixace-Chem-R-Faithful,chem,31,ladder_mrr,retrieval_carbon_ladder,1,commit,19,0.328296,0.169985,-0.219497,0.738923,0,5000,0.377809,0.755072,0,1,,0.606309
per_model,OpenDFM-ChemDFM-v1.5-8B,chemdfm,31,ladder_mrr,retrieval_carbon_ladder,1,commit,19,0.026139,0.915409,-0.465079,0.50749,0,5000,0.033532,0.607636,0,1,,0.98944
per_model,deepseek-ai-DeepSeek-R1-Distill-Llama-8B,reason,31,ladder_mrr,retrieval_carbon_ladder,1,commit,19,0.402358,0.087668,-0.10492,0.755818,0,5000,0.425742,0.893167,0,1,,0.462065
pooled,,pooled,31,ladder_mrr,retrieval_carbon_ladder,1,commit,19,0.214837,0.036552,-0.085918,0.460908,0,5000,0.266572,0.649516,0,1,,0.343727
per_model,meta-llama-Llama-3.1-8B,base,0,ladder_mrr,retrieval_carbon_ladder,1,conditional_acc,19,0.09556,0.697165,-0.391801,0.510606,0,5000,0.104343,0.838739,0,1,,0.943311
per_model,weidawang-Chem-R-8B,chem-r,0,ladder_mrr,retrieval_carbon_ladder,1,conditional_acc,19,-0.080439,0.7434,-0.542919,0.353721,0,4681,,-0.256883,0,0,,0.95543
per_model,phenixace-Chem-R-Faithful,chem,0,ladder_mrr,retrieval_carbon_ladder,1,conditional_acc,19,0.012303,0.96013,-0.437652,0.446497,0,4386,,,0,0,,0.992982
per_model,OpenDFM-ChemDFM-v1.5-8B,chemdfm,0,ladder_mrr,retrieval_carbon_ladder,1,conditional_acc,19,-0.058359,0.812413,-0.508075,0.397079,0,4998,-0.07377,0.625842,0,1,,0.975122
per_model,deepseek-ai-DeepSeek-R1-Distill-Llama-8B,reason,0,ladder_mrr,retrieval_carbon_ladder,1,conditional_acc,19,0.170809,0.484452,-0.252304,0.555623,0,5000,0.222547,0.589088,0,1,,0.875607
pooled,,pooled,0,ladder_mrr,retrieval_carbon_ladder,1,conditional_acc,19,0.04921,0.635799,-0.177618,0.247742,0,5000,0.073424,0.449197,0,0,,0.926285
per_model,meta-llama-Llama-3.1-8B,base,8,ladder_mrr,retrieval_carbon_ladder,1,conditional_acc,19,-0.022257,0.927939,-0.461268,0.431423,0,5000,-0.024302,0.838739,0,1,,0.98944
per_model,weidawang-Chem-R-8B,chem-r,8,ladder_mrr,retrieval_carbon_ladder,1,conditional_acc,19,0.088487,0.718678,-0.416281,0.518558,0,4681,,-0.256883,0,0,,0.952058
per_model,phenixace-Chem-R-Faithful,chem,8,ladder_mrr,retrieval_carbon_ladder,1,conditional_acc,19,0.18734,0.442488,-0.312298,0.620132,0,4386,,,0,0,,0.858928
per_model,OpenDFM-ChemDFM-v1.5-8B,chemdfm,8,ladder_mrr,retrieval_carbon_ladder,1,conditional_acc,19,0.027994,0.909429,-0.420298,0.510381,0,4998,0.035386,0.625842,0,1,,0.98944
per_model,deepseek-ai-DeepSeek-R1-Distill-Llama-8B,reason,8,ladder_mrr,retrieval_carbon_ladder,1,conditional_acc,19,-0.108458,0.65851,-0.518371,0.316803,0,5000,-0.14131,0.589088,0,1,,0.930416
pooled,,pooled,8,ladder_mrr,retrieval_carbon_ladder,1,conditional_acc,19,0.003322,0.974514,-0.246574,0.245784,0,5000,0.004956,0.449197,0,0,,0.995027
per_model,meta-llama-Llama-3.1-8B,base,16,ladder_mrr,retrieval_carbon_ladder,1,conditional_acc,19,0.380551,0.107983,-0.053444,0.686409,0,5000,0.415527,0.838739,0,1,,0.512466
per_model,weidawang-Chem-R-8B,chem-r,16,ladder_mrr,retrieval_carbon_ladder,1,conditional_acc,19,0.179394,0.462421,-0.357592,0.61166,0,4679,,-0.256883,0,0,,0.866468
per_model,phenixace-Chem-R-Faithful,chem,16,ladder_mrr,retrieval_carbon_ladder,1,conditional_acc,19,0.270559,0.262572,-0.227791,0.661704,0,4385,,,0,0,,0.717622
per_model,OpenDFM-ChemDFM-v1.5-8B,chemdfm,16,ladder_mrr,retrieval_carbon_ladder,1,conditional_acc,19,0.026605,0.913905,-0.474753,0.501906,0,4998,0.033631,0.625842,0,1,,0.98944
per_model,deepseek-ai-DeepSeek-R1-Distill-Llama-8B,reason,16,ladder_mrr,retrieval_carbon_ladder,1,conditional_acc,19,0.430713,0.06563,-0.018499,0.765919,0,5000,0.561175,0.589088,0,1,,0.422498
pooled,,pooled,16,ladder_mrr,retrieval_carbon_ladder,1,conditional_acc,19,0.25835,0.011478,0.030766,0.445234,1,5000,0.385469,0.449197,0,0,,0.194562
per_model,meta-llama-Llama-3.1-8B,base,24,ladder_mrr,retrieval_carbon_ladder,1,conditional_acc,19,0.125766,0.607932,-0.350372,0.582662,0,5000,0.137325,0.838739,0,1,,0.915939
per_model,weidawang-Chem-R-8B,chem-r,24,ladder_mrr,retrieval_carbon_ladder,1,conditional_acc,19,-0.009673,0.968651,-0.452884,0.418705,0,4681,,-0.256883,0,0,,0.995027
per_model,phenixace-Chem-R-Faithful,chem,24,ladder_mrr,retrieval_carbon_ladder,1,conditional_acc,19,0.084144,0.731986,-0.391744,0.520366,0,4386,,,0,0,,0.952058
per_model,OpenDFM-ChemDFM-v1.5-8B,chemdfm,24,ladder_mrr,retrieval_carbon_ladder,1,conditional_acc,19,0.131982,0.59016,-0.392229,0.609584,0,4997,0.166833,0.625842,0,1,,0.914685
per_model,deepseek-ai-DeepSeek-R1-Distill-Llama-8B,reason,24,ladder_mrr,retrieval_carbon_ladder,1,conditional_acc,19,0.248714,0.30453,-0.206627,0.647316,0,5000,0.324048,0.589088,0,1,,0.760277
pooled,,pooled,24,ladder_mrr,retrieval_carbon_ladder,1,conditional_acc,19,0.124017,0.231153,-0.121942,0.348203,0,5000,0.185039,0.449197,0,0,,0.685651
per_model,meta-llama-Llama-3.1-8B,base,31,ladder_mrr,retrieval_carbon_ladder,1,conditional_acc,19,0.193763,0.426713,-0.254511,0.571204,0,5000,0.211571,0.838739,0,1,,0.846326
per_model,weidawang-Chem-R-8B,chem-r,31,ladder_mrr,retrieval_carbon_ladder,1,conditional_acc,19,-0.076008,0.75712,-0.470919,0.319806,0,4681,,-0.256883,0,0,,0.96454
per_model,phenixace-Chem-R-Faithful,chem,31,ladder_mrr,retrieval_carbon_ladder,1,conditional_acc,19,0.064576,0.792826,-0.307726,0.436825,0,4386,,,0,0,,0.970684
per_model,OpenDFM-ChemDFM-v1.5-8B,chemdfm,31,ladder_mrr,retrieval_carbon_ladder,1,conditional_acc,19,0.169467,0.487944,-0.330903,0.621428,0,4998,0.214216,0.625842,0,1,,0.875607
per_model,deepseek-ai-DeepSeek-R1-Distill-Llama-8B,reason,31,ladder_mrr,retrieval_carbon_ladder,1,conditional_acc,19,0.420011,0.073396,-0.02994,0.737962,0,5000,0.547231,0.589088,0,1,,0.440552
pooled,,pooled,31,ladder_mrr,retrieval_carbon_ladder,1,conditional_acc,19,0.171833,0.095902,-0.057791,0.365756,0,5000,0.256382,0.449197,0,0,,0.485319
per_model,meta-llama-Llama-3.1-8B,base,0,ladder_mrr,retrieval_carbon_ladder,1,underspecified,19,-0.084629,0.730497,-0.533142,0.427101,0,4995,-0.092937,0.829207,0,1,,0.952058
per_model,weidawang-Chem-R-8B,chem-r,0,ladder_mrr,retrieval_carbon_ladder,1,underspecified,19,-0.301693,0.20938,-0.698754,0.220623,0,4086,,-0.324026,0,0,,0.659759
per_model,phenixace-Chem-R-Faithful,chem,0,ladder_mrr,retrieval_carbon_ladder,1,underspecified,19,-0.036165,0.883145,-0.515364,0.452248,0,4924,-0.037745,0.918021,0,1,,0.98944
per_model,OpenDFM-ChemDFM-v1.5-8B,chemdfm,0,ladder_mrr,retrieval_carbon_ladder,1,underspecified,19,0.095873,0.696219,-0.341479,0.527261,0,4795,0.107378,0.797181,0,1,,0.943311
per_model,deepseek-ai-DeepSeek-R1-Distill-Llama-8B,reason,0,ladder_mrr,retrieval_carbon_ladder,1,underspecified,19,-0.106607,0.664011,-0.548031,0.467705,0,4792,-0.11155,0.913335,0,1,,0.932817
pooled,,pooled,0,ladder_mrr,retrieval_carbon_ladder,1,underspecified,19,-0.048744,0.639005,-0.370488,0.331016,0,5000,-0.061571,0.626744,0,1,,0.926285
per_model,meta-llama-Llama-3.1-8B,base,8,ladder_mrr,retrieval_carbon_ladder,1,underspecified,19,-0.172035,0.481276,-0.580229,0.27415,0,4995,-0.188923,0.829207,0,1,,0.873452
per_model,weidawang-Chem-R-8B,chem-r,8,ladder_mrr,retrieval_carbon_ladder,1,underspecified,19,-0.104807,0.669373,-0.49995,0.342674,0,4086,,-0.324026,0,0,,0.932817
per_model,phenixace-Chem-R-Faithful,chem,8,ladder_mrr,retrieval_carbon_ladder,1,underspecified,19,0.036228,0.88294,-0.37406,0.463633,0,4924,0.037811,0.918021,0,1,,0.98944
per_model,OpenDFM-ChemDFM-v1.5-8B,chemdfm,8,ladder_mrr,retrieval_carbon_ladder,1,underspecified,19,-0.103012,0.674737,-0.528006,0.312017,0,4795,-0.115374,0.797181,0,1,,0.935589
per_model,deepseek-ai-DeepSeek-R1-Distill-Llama-8B,reason,8,ladder_mrr,retrieval_carbon_ladder,1,underspecified,19,-0.203692,0.402919,-0.569775,0.266654,0,4792,-0.213137,0.913335,0,1,,0.836386
pooled,,pooled,8,ladder_mrr,retrieval_carbon_ladder,1,underspecified,19,-0.110201,0.287725,-0.348092,0.175693,0,5000,-0.1392,0.626744,0,1,,0.742669
per_model,meta-llama-Llama-3.1-8B,base,16,ladder_mrr,retrieval_carbon_ladder,1,underspecified,19,-0.511801,0.02509,-0.821038,-0.029531,1,4995,-0.562043,0.829207,0,1,,0.279397
per_model,weidawang-Chem-R-8B,chem-r,16,ladder_mrr,retrieval_carbon_ladder,1,underspecified,19,-0.240235,0.321844,-0.725271,0.299125,0,4085,,-0.324026,0,0,,0.772077
per_model,phenixace-Chem-R-Faithful,chem,16,ladder_mrr,retrieval_carbon_ladder,1,underspecified,19,0.106833,0.663338,-0.421583,0.509751,0,4923,0.111501,0.918021,0,1,,0.932817
per_model,OpenDFM-ChemDFM-v1.5-8B,chemdfm,16,ladder_mrr,retrieval_carbon_ladder,1,underspecified,19,0.058212,0.812878,-0.405732,0.529222,0,4795,0.065198,0.797181,0,1,,0.975122
per_model,deepseek-ai-DeepSeek-R1-Distill-Llama-8B,reason,16,ladder_mrr,retrieval_carbon_ladder,1,underspecified,19,-0.548988,0.01492,-0.768172,-0.108246,1,4792,-0.574444,0.913335,0,1,,0.213818
pooled,,pooled,16,ladder_mrr,retrieval_carbon_ladder,1,underspecified,19,-0.206778,0.044375,-0.4546,0.096358,0,5000,-0.261192,0.626744,0,1,,0.383398
per_model,meta-llama-Llama-3.1-8B,base,24,ladder_mrr,retrieval_carbon_ladder,1,underspecified,19,0.194326,0.425343,-0.296727,0.632433,0,4995,0.213403,0.829207,0,1,,0.845027
per_model,weidawang-Chem-R-8B,chem-r,24,ladder_mrr,retrieval_carbon_ladder,1,underspecified,19,-0.100184,0.683219,-0.508461,0.333588,0,4086,,-0.324026,0,0,,0.940183
per_model,phenixace-Chem-R-Faithful,chem,24,ladder_mrr,retrieval_carbon_ladder,1,underspecified,19,0.029954,0.903113,-0.407302,0.437809,0,4924,0.031263,0.918021,0,1,,0.98944
per_model,OpenDFM-ChemDFM-v1.5-8B,chemdfm,24,ladder_mrr,retrieval_carbon_ladder,1,underspecified,19,0.132776,0.587904,-0.339717,0.522114,0,4794,0.148711,0.797181,0,1,,0.914685
per_model,deepseek-ai-DeepSeek-R1-Distill-Llama-8B,reason,24,ladder_mrr,retrieval_carbon_ladder,1,underspecified,19,-0.154403,0.527949,-0.564735,0.320756,0,4792,-0.161563,0.913335,0,1,,0.897832
pooled,,pooled,24,ladder_mrr,retrieval_carbon_ladder,1,underspecified,19,0.062681,0.546215,-0.256918,0.361,0,5000,0.079175,0.626744,0,1,,0.901566
per_model,meta-llama-Llama-3.1-8B,base,31,ladder_mrr,retrieval_carbon_ladder,1,underspecified,19,0.251944,0.298084,-0.238137,0.687131,0,4995,0.276677,0.829207,0,1,,0.753071
per_model,weidawang-Chem-R-8B,chem-r,31,ladder_mrr,retrieval_carbon_ladder,1,underspecified,19,-0.217012,0.372169,-0.606728,0.233076,0,4086,,-0.324026,0,0,,0.809618
per_model,phenixace-Chem-R-Faithful,chem,31,ladder_mrr,retrieval_carbon_ladder,1,underspecified,19,-0.091257,0.710226,-0.518671,0.361343,0,4924,-0.095245,0.918021,0,1,,0.948496
per_model,OpenDFM-ChemDFM-v1.5-8B,chemdfm,31,ladder_mrr,retrieval_carbon_ladder,1,underspecified,19,0.143344,0.558251,-0.310914,0.551857,0,4795,0.160547,0.797181,0,1,,0.904215
per_model,deepseek-ai-DeepSeek-R1-Distill-Llama-8B,reason,31,ladder_mrr,retrieval_carbon_ladder,1,underspecified,19,-0.182263,0.455171,-0.575201,0.322669,0,4792,-0.190715,0.913335,0,1,,0.860745
pooled,,pooled,31,ladder_mrr,retrieval_carbon_ladder,1,underspecified,19,0.032224,0.756558,-0.271324,0.322959,0,5000,0.040704,0.626744,0,1,,0.964308
per_model,meta-llama-Llama-3.1-8B,base,0,ladder_mrr,retrieval_carbon_ladder,1,non_answer,19,0.16395,0.50242,-0.331134,0.553395,0,5000,0.192306,0.726841,0,1,,0.881315
per_model,weidawang-Chem-R-8B,chem-r,0,ladder_mrr,retrieval_carbon_ladder,1,non_answer,19,-0.035321,0.885854,-0.534274,0.505487,0,5000,-0.063862,0.305906,0,0,,0.98944
per_model,phenixace-Chem-R-Faithful,chem,0,ladder_mrr,retrieval_carbon_ladder,1,non_answer,19,-0.230512,0.342399,-0.657281,0.270202,0,4999,,-0.039064,0,0,,0.786379
per_model,OpenDFM-ChemDFM-v1.5-8B,chemdfm,0,ladder_mrr,retrieval_carbon_ladder,1,non_answer,19,0.029114,0.90582,-0.366805,0.394982,0,5000,0.032764,0.789595,0,1,,0.98944
per_model,deepseek-ai-DeepSeek-R1-Distill-Llama-8B,reason,0,ladder_mrr,retrieval_carbon_ladder,1,non_answer,19,-0.351699,0.139783,-0.706726,0.17079,0,5000,-0.415134,0.717735,0,1,,0.578972
pooled,,pooled,0,ladder_mrr,retrieval_carbon_ladder,1,non_answer,19,-0.085905,0.407816,-0.362645,0.227607,0,5000,-0.121463,0.500202,0,1,,0.836386
per_model,meta-llama-Llama-3.1-8B,base,8,ladder_mrr,retrieval_carbon_ladder,1,non_answer,19,0.283703,0.239172,-0.196983,0.66226,0,5000,0.33277,0.726841,0,1,,0.69679
per_model,weidawang-Chem-R-8B,chem-r,8,ladder_mrr,retrieval_carbon_ladder,1,non_answer,19,0.152215,0.533883,-0.431207,0.69562,0,5000,0.27521,0.305906,0,0,,0.898088
per_model,phenixace-Chem-R-Faithful,chem,8,ladder_mrr,retrieval_carbon_ladder,1,non_answer,19,-0.150006,0.539907,-0.667793,0.388257,0,4999,,-0.039064,0,0,,0.899491
per_model,OpenDFM-ChemDFM-v1.5-8B,chemdfm,8,ladder_mrr,retrieval_carbon_ladder,1,non_answer,19,-0.050287,0.838006,-0.42195,0.433309,0,5000,-0.056592,0.789595,0,1,,0.977569
per_model,deepseek-ai-DeepSeek-R1-Distill-Llama-8B,reason,8,ladder_mrr,retrieval_carbon_ladder,1,non_answer,19,-0.15774,0.518959,-0.531868,0.28473,0,5000,-0.186191,0.717735,0,1,,0.893011
pooled,,pooled,8,ladder_mrr,retrieval_carbon_ladder,1,non_answer,19,0.013432,0.897206,-0.308307,0.341807,0,5000,0.018992,0.500202,0,1,,0.98944
per_model,meta-llama-Llama-3.1-8B,base,16,ladder_mrr,retrieval_carbon_ladder,1,non_answer,19,0.112435,0.646753,-0.300878,0.495097,0,5000,0.13188,0.726841,0,1,,0.928273
per_model,weidawang-Chem-R-8B,chem-r,16,ladder_mrr,retrieval_carbon_ladder,1,non_answer,19,-0.135792,0.579376,-0.580622,0.313813,0,4998,-0.245515,0.305906,0,0,,0.914618
per_model,phenixace-Chem-R-Faithful,chem,16,ladder_mrr,retrieval_carbon_ladder,1,non_answer,19,-0.335817,0.159834,-0.697501,0.071986,0,4998,,-0.039064,0,0,,0.591902
per_model,OpenDFM-ChemDFM-v1.5-8B,chemdfm,16,ladder_mrr,retrieval_carbon_ladder,1,non_answer,19,-0.31714,0.185838,-0.636652,0.211745,0,5000,-0.356902,0.789595,0,1,,0.630356
per_model,deepseek-ai-DeepSeek-R1-Distill-Llama-8B,reason,16,ladder_mrr,retrieval_carbon_ladder,1,non_answer,19,-0.53895,0.017263,-0.805108,-0.100626,1,5000,-0.63616,0.717735,0,1,,0.227104
pooled,,pooled,16,ladder_mrr,retrieval_carbon_ladder,1,non_answer,19,-0.231686,0.023875,-0.410328,-0.008954,1,5000,-0.327588,0.500202,0,1,,0.269293
per_model,meta-llama-Llama-3.1-8B,base,24,ladder_mrr,retrieval_carbon_ladder,1,non_answer,19,0.115867,0.63667,-0.390831,0.616024,0,5000,0.135906,0.726841,0,1,,0.926285
per_model,weidawang-Chem-R-8B,chem-r,24,ladder_mrr,retrieval_carbon_ladder,1,non_answer,19,-0.13158,0.591302,-0.667961,0.410526,0,5000,-0.237901,0.305906,0,0,,0.914685
per_model,phenixace-Chem-R-Faithful,chem,24,ladder_mrr,retrieval_carbon_ladder,1,non_answer,19,-0.312161,0.193223,-0.762893,0.21455,0,4999,,-0.039064,0,0,,0.647709
per_model,OpenDFM-ChemDFM-v1.5-8B,chemdfm,24,ladder_mrr,retrieval_carbon_ladder,1,non_answer,19,-0.112888,0.645417,-0.580685,0.417717,0,4999,-0.127042,0.789595,0,1,,0.927923
per_model,deepseek-ai-DeepSeek-R1-Distill-Llama-8B,reason,24,ladder_mrr,retrieval_carbon_ladder,1,non_answer,19,-0.373489,0.115233,-0.807759,0.169818,0,5000,-0.440855,0.717735,0,1,,0.527166
pooled,,pooled,24,ladder_mrr,retrieval_carbon_ladder,1,non_answer,19,-0.147273,0.154384,-0.446195,0.193814,0,5000,-0.208233,0.500202,0,1,,0.591223
per_model,meta-llama-Llama-3.1-8B,base,31,ladder_mrr,retrieval_carbon_ladder,1,non_answer,19,-0.177679,0.46678,-0.682675,0.397185,0,5000,-0.208409,0.726841,0,1,,0.86888
per_model,weidawang-Chem-R-8B,chem-r,31,ladder_mrr,retrieval_carbon_ladder,1,non_answer,19,-0.12804,0.601404,-0.678221,0.431514,0,5000,-0.2315,0.305906,0,0,,0.915939
per_model,phenixace-Chem-R-Faithful,chem,31,ladder_mrr,retrieval_carbon_ladder,1,non_answer,19,-0.299535,0.212818,-0.765847,0.217179,0,4999,,-0.039064,0,0,,0.661235
per_model,OpenDFM-ChemDFM-v1.5-8B,chemdfm,31,ladder_mrr,retrieval_carbon_ladder,1,non_answer,19,-0.010255,0.966764,-0.493774,0.485518,0,5000,-0.011541,0.789595,0,1,,0.995027
per_model,deepseek-ai-DeepSeek-R1-Distill-Llama-8B,reason,31,ladder_mrr,retrieval_carbon_ladder,1,non_answer,19,-0.466465,0.044092,-0.8608,0.076594,0,5000,-0.550601,0.717735,0,1,,0.383398
pooled,,pooled,31,ladder_mrr,retrieval_carbon_ladder,1,non_answer,19,-0.228713,0.025791,-0.508914,0.081612,0,5000,-0.323384,0.500202,0,1,,0.284941
per_model,meta-llama-Llama-3.1-8B,base,0,ladder_mrr,retrieval_carbon_ladder,1,malformed,19,-0.242919,0.3163,-0.663208,0.317506,0,5000,-0.390186,0.387597,0,0,,0.769757
per_model,weidawang-Chem-R-8B,chem-r,0,ladder_mrr,retrieval_carbon_ladder,1,malformed,19,-0.350851,0.140806,-0.668011,0.038753,0,4304,,,0,0,,0.579999
per_model,phenixace-Chem-R-Faithful,chem,0,ladder_mrr,retrieval_carbon_ladder,1,malformed,19,-0.38605,0.102569,-0.705554,-0.004169,1,4320,,,0,0,,0.499852
per_model,deepseek-ai-DeepSeek-R1-Distill-Llama-8B,reason,0,ladder_mrr,retrieval_carbon_ladder,1,malformed,19,-0.515251,0.023964,-0.79863,-0.097541,1,4780,-0.81549,0.399209,0,0,,0.269293
pooled,,pooled,0,ladder_mrr,retrieval_carbon_ladder,1,malformed,19,-0.334226,0.00317,-0.527184,-0.069026,1,5000,-0.53287,0.393403,0,0,,0.096811
per_model,meta-llama-Llama-3.1-8B,base,8,ladder_mrr,retrieval_carbon_ladder,1,malformed,19,-0.397008,0.09237,-0.741717,0.097101,0,5000,-0.637688,0.387597,0,0,,0.475717
per_model,weidawang-Chem-R-8B,chem-r,8,ladder_mrr,retrieval_carbon_ladder,1,malformed,19,-0.335397,0.160389,-0.681522,0.105724,0,4304,,,0,0,,0.591902
per_model,phenixace-Chem-R-Faithful,chem,8,ladder_mrr,retrieval_carbon_ladder,1,malformed,19,-0.382749,0.105795,-0.709805,0.027087,0,4320,,,0,0,,0.505972
per_model,deepseek-ai-DeepSeek-R1-Distill-Llama-8B,reason,8,ladder_mrr,retrieval_carbon_ladder,1,malformed,19,-0.056104,0.819545,-0.501681,0.407184,0,4780,-0.088797,0.399209,0,0,,0.976147
pooled,,pooled,8,ladder_mrr,retrieval_carbon_ladder,1,malformed,19,-0.28412,0.01287,-0.489564,-0.046294,1,5000,-0.452983,0.393403,0,0,,0.198628
per_model,meta-llama-Llama-3.1-8B,base,16,ladder_mrr,retrieval_carbon_ladder,1,malformed,19,-0.604904,0.006072,-0.821537,-0.195711,1,5000,-0.971619,0.387597,0,0,,0.138888
per_model,weidawang-Chem-R-8B,chem-r,16,ladder_mrr,retrieval_carbon_ladder,1,malformed,19,-0.669451,0.001718,-0.865182,-0.231287,1,4304,,,0,0,,0.070144
per_model,phenixace-Chem-R-Faithful,chem,16,ladder_mrr,retrieval_carbon_ladder,1,malformed,19,-0.673445,0.001574,-0.893752,-0.248216,1,4320,,,0,0,,0.068893
per_model,deepseek-ai-DeepSeek-R1-Distill-Llama-8B,reason,16,ladder_mrr,retrieval_carbon_ladder,1,malformed,19,0.026127,0.915447,-0.468521,0.522299,0,4780,0.041351,0.399209,0,0,,0.98944
pooled,,pooled,16,ladder_mrr,retrieval_carbon_ladder,1,malformed,19,-0.415645,0.000189,-0.591177,-0.181556,1,5000,-0.662679,0.393403,0,0,,0.028587
per_model,meta-llama-Llama-3.1-8B,base,24,ladder_mrr,retrieval_carbon_ladder,1,malformed,19,-0.200302,0.410962,-0.620679,0.301033,0,5000,-0.321732,0.387597,0,0,,0.838577
per_model,weidawang-Chem-R-8B,chem-r,24,ladder_mrr,retrieval_carbon_ladder,1,malformed,19,-0.321609,0.179372,-0.683237,0.045098,0,4304,,,0,0,,0.619626
per_model,phenixace-Chem-R-Faithful,chem,24,ladder_mrr,retrieval_carbon_ladder,1,malformed,19,-0.331173,0.166051,-0.710233,0.028721,0,4320,,,0,0,,0.603283
per_model,deepseek-ai-DeepSeek-R1-Distill-Llama-8B,reason,24,ladder_mrr,retrieval_carbon_ladder,1,malformed,19,-0.203105,0.404306,-0.632275,0.353495,0,4780,-0.321455,0.399209,0,0,,0.836386
pooled,,pooled,24,ladder_mrr,retrieval_carbon_ladder,1,malformed,19,-0.216278,0.060587,-0.429866,0.042078,0,5000,-0.344821,0.393403,0,0,,0.409123
per_model,meta-llama-Llama-3.1-8B,base,31,ladder_mrr,retrieval_carbon_ladder,1,malformed,19,-0.335772,0.159893,-0.71183,0.143826,0,5000,-0.53933,0.387597,0,0,,0.591902
per_model,weidawang-Chem-R-8B,chem-r,31,ladder_mrr,retrieval_carbon_ladder,1,malformed,19,-0.173952,0.476328,-0.548474,0.199356,0,4304,,,0,0,,0.872505
per_model,phenixace-Chem-R-Faithful,chem,31,ladder_mrr,retrieval_carbon_ladder,1,malformed,19,-0.218897,0.367928,-0.606305,0.156019,0,4320,,,0,0,,0.806078
per_model,deepseek-ai-DeepSeek-R1-Distill-Llama-8B,reason,31,ladder_mrr,retrieval_carbon_ladder,1,malformed,19,-0.207834,0.393214,-0.640755,0.284449,0,4780,-0.328939,0.399209,0,0,,0.829211
pooled,,pooled,31,ladder_mrr,retrieval_carbon_ladder,1,malformed,19,-0.221219,0.054802,-0.420852,-0.008969,1,5000,-0.352698,0.393403,0,0,,0.402212
per_model,meta-llama-Llama-3.1-8B,base,0,ladder_mean_rank,retrieval_carbon_ladder,0,strict,19,0.241425,0.319379,-0.352324,0.636177,0,5000,0.258714,0.870812,0,1,,0.77082
per_model,weidawang-Chem-R-8B,chem-r,0,ladder_mean_rank,retrieval_carbon_ladder,0,strict,19,0.153748,0.529722,-0.400976,0.619896,0,5000,0.295362,0.270964,0,0,,0.898088
per_model,phenixace-Chem-R-Faithful,chem,0,ladder_mean_rank,retrieval_carbon_ladder,0,strict,19,0.070926,0.772939,-0.451457,0.536162,0,5000,0.079629,0.79334,0,1,,0.969666
per_model,OpenDFM-ChemDFM-v1.5-8B,chemdfm,0,ladder_mean_rank,retrieval_carbon_ladder,0,strict,19,0.259569,0.283201,-0.134996,0.593297,0,5000,0.366463,0.501705,0,1,,0.740174
per_model,deepseek-ai-DeepSeek-R1-Distill-Llama-8B,reason,0,ladder_mean_rank,retrieval_carbon_ladder,0,strict,19,0.448656,0.054012,-0.052686,0.761398,0,5000,0.46447,0.933064,0,1,,0.402212
pooled,,pooled,0,ladder_mean_rank,retrieval_carbon_ladder,0,strict,19,0.238717,0.019821,-0.05723,0.466963,0,5000,0.290778,0.673977,0,1,,0.245494
per_model,meta-llama-Llama-3.1-8B,base,8,ladder_mean_rank,retrieval_carbon_ladder,0,strict,19,-0.02109,0.931708,-0.483718,0.457701,0,5000,-0.0226,0.870812,0,1,,0.98944
per_model,weidawang-Chem-R-8B,chem-r,8,ladder_mean_rank,retrieval_carbon_ladder,0,strict,19,-0.027495,0.911036,-0.560183,0.505223,0,5000,-0.05282,0.270964,0,0,,0.98944
per_model,phenixace-Chem-R-Faithful,chem,8,ladder_mean_rank,retrieval_carbon_ladder,0,strict,19,0.239188,0.32402,-0.249228,0.68757,0,5000,0.268541,0.79334,0,1,,0.774657
per_model,OpenDFM-ChemDFM-v1.5-8B,chemdfm,8,ladder_mean_rank,retrieval_carbon_ladder,0,strict,19,0.08711,0.722889,-0.386766,0.488914,0,5000,0.122982,0.501705,0,1,,0.952058
per_model,deepseek-ai-DeepSeek-R1-Distill-Llama-8B,reason,8,ladder_mean_rank,retrieval_carbon_ladder,0,strict,19,-0.013193,0.957251,-0.471581,0.42158,0,5000,-0.013658,0.933064,0,1,,0.992025
pooled,,pooled,8,ladder_mean_rank,retrieval_carbon_ladder,0,strict,19,0.055762,0.591457,-0.257116,0.318336,0,5000,0.067923,0.673977,0,1,,0.914685
per_model,meta-llama-Llama-3.1-8B,base,16,ladder_mean_rank,retrieval_carbon_ladder,0,strict,19,0.614066,0.005159,0.231382,0.8332,1,5000,0.658042,0.870812,0,1,,0.126239
per_model,weidawang-Chem-R-8B,chem-r,16,ladder_mean_rank,retrieval_carbon_ladder,0,strict,19,0.372369,0.116413,-0.114216,0.743498,0,5000,0.71535,0.270964,0,0,,0.530076
per_model,phenixace-Chem-R-Faithful,chem,16,ladder_mean_rank,retrieval_carbon_ladder,0,strict,19,0.19591,0.421506,-0.277018,0.668065,0,5000,0.219951,0.79334,0,1,,0.844091
per_model,OpenDFM-ChemDFM-v1.5-8B,chemdfm,16,ladder_mean_rank,retrieval_carbon_ladder,0,strict,19,0.116792,0.633963,-0.362782,0.481155,0,5000,0.164887,0.501705,0,1,,0.926285
per_model,deepseek-ai-DeepSeek-R1-Distill-Llama-8B,reason,16,ladder_mean_rank,retrieval_carbon_ladder,0,strict,19,0.542202,0.016474,0.167116,0.761567,1,5000,0.561313,0.933064,0,1,,0.223675
pooled,,pooled,16,ladder_mean_rank,retrieval_carbon_ladder,0,strict,19,0.360079,0.000338,0.117303,0.53088,1,5000,0.438606,0.673977,0,1,,0.029971
per_model,meta-llama-Llama-3.1-8B,base,24,ladder_mean_rank,retrieval_carbon_ladder,0,strict,19,0.106835,0.663331,-0.407771,0.490591,0,5000,0.114486,0.870812,0,1,,0.932817
per_model,weidawang-Chem-R-8B,chem-r,24,ladder_mean_rank,retrieval_carbon_ladder,0,strict,19,0.114769,0.639887,-0.402435,0.582568,0,5000,0.220481,0.270964,0,0,,0.926285
per_model,phenixace-Chem-R-Faithful,chem,24,ladder_mean_rank,retrieval_carbon_ladder,0,strict,19,0.169987,0.48659,-0.36292,0.670007,0,5000,0.190847,0.79334,0,1,,0.875607
per_model,OpenDFM-ChemDFM-v1.5-8B,chemdfm,24,ladder_mean_rank,retrieval_carbon_ladder,0,strict,19,0.13217,0.589625,-0.349972,0.525516,0,4999,0.186599,0.501705,0,1,,0.914685
per_model,deepseek-ai-DeepSeek-R1-Distill-Llama-8B,reason,24,ladder_mean_rank,retrieval_carbon_ladder,0,strict,19,0.390235,0.098583,-0.091892,0.714763,0,5000,0.40399,0.933064,0,1,,0.491751
pooled,,pooled,24,ladder_mean_rank,retrieval_carbon_ladder,0,strict,19,0.153746,0.136869,-0.148785,0.39508,0,5000,0.187276,0.673977,0,1,,0.575348
per_model,meta-llama-Llama-3.1-8B,base,31,ladder_mean_rank,retrieval_carbon_ladder,0,strict,19,0.194719,0.42439,-0.268807,0.611778,0,5000,0.208663,0.870812,0,1,,0.844143
per_model,weidawang-Chem-R-8B,chem-r,31,ladder_mean_rank,retrieval_carbon_ladder,0,strict,19,0.127276,0.603595,-0.405215,0.602779,0,5000,0.244506,0.270964,0,0,,0.915939
per_model,phenixace-Chem-R-Faithful,chem,31,ladder_mean_rank,retrieval_carbon_ladder,0,strict,19,0.334227,0.161944,-0.236662,0.755346,0,5000,0.375242,0.79334,0,1,,0.593328
per_model,OpenDFM-ChemDFM-v1.5-8B,chemdfm,31,ladder_mean_rank,retrieval_carbon_ladder,0,strict,19,0.090394,0.712857,-0.363119,0.506485,0,4997,0.127618,0.501705,0,1,,0.949105
per_model,deepseek-ai-DeepSeek-R1-Distill-Llama-8B,reason,31,ladder_mean_rank,retrieval_carbon_ladder,0,strict,19,0.483958,0.035769,0.005886,0.73577,1,5000,0.501016,0.933064,0,1,,0.340144
pooled,,pooled,31,ladder_mean_rank,retrieval_carbon_ladder,0,strict,19,0.249382,0.014804,-0.049449,0.483303,0,5000,0.303768,0.673977,0,1,,0.213567
per_model,meta-llama-Llama-3.1-8B,base,0,ladder_mean_rank,retrieval_carbon_ladder,0,superclass_credit,19,0.187775,0.441412,-0.356342,0.648725,0,5000,0.214966,0.763022,0,1,,0.857494
per_model,weidawang-Chem-R-8B,chem-r,0,ladder_mean_rank,retrieval_carbon_ladder,0,superclass_credit,19,0.058434,0.812176,-0.488146,0.551418,0,5000,0.107547,0.295216,0,0,,0.975122
per_model,phenixace-Chem-R-Faithful,chem,0,ladder_mean_rank,retrieval_carbon_ladder,0,superclass_credit,19,0.219277,0.367076,-0.279369,0.632721,0,5000,0.387201,0.32071,0,0,,0.806078
per_model,OpenDFM-ChemDFM-v1.5-8B,chemdfm,0,ladder_mean_rank,retrieval_carbon_ladder,0,superclass_credit,19,0.234932,0.332961,-0.212886,0.5669,0,5000,0.280747,0.700252,0,1,,0.779862
per_model,deepseek-ai-DeepSeek-R1-Distill-Llama-8B,reason,0,ladder_mean_rank,retrieval_carbon_ladder,0,superclass_credit,19,0.407587,0.083245,-0.053113,0.722928,0,5000,0.427124,0.910612,0,1,,0.450094
pooled,,pooled,0,ladder_mean_rank,retrieval_carbon_ladder,0,superclass_credit,19,0.224599,0.028656,-0.117541,0.48126,0,5000,0.29045,0.597963,0,1,,0.301904
per_model,meta-llama-Llama-3.1-8B,base,8,ladder_mean_rank,retrieval_carbon_ladder,0,superclass_credit,19,0.022847,0.926032,-0.478769,0.532333,0,5000,0.026156,0.763022,0,1,,0.98944
per_model,weidawang-Chem-R-8B,chem-r,8,ladder_mean_rank,retrieval_carbon_ladder,0,superclass_credit,19,-0.144442,0.555209,-0.690864,0.386852,0,5000,-0.265842,0.295216,0,0,,0.904215
per_model,phenixace-Chem-R-Faithful,chem,8,ladder_mean_rank,retrieval_carbon_ladder,0,superclass_credit,19,0.145849,0.551321,-0.35959,0.606634,0,5000,0.257541,0.32071,0,0,,0.904215
per_model,OpenDFM-ChemDFM-v1.5-8B,chemdfm,8,ladder_mean_rank,retrieval_carbon_ladder,0,superclass_credit,19,-0.051914,0.832835,-0.577155,0.375053,0,5000,-0.062038,0.700252,0,1,,0.977237
per_model,deepseek-ai-DeepSeek-R1-Distill-Llama-8B,reason,8,ladder_mean_rank,retrieval_carbon_ladder,0,superclass_credit,19,0.007042,0.977173,-0.448482,0.435001,0,5000,0.00738,0.910612,0,1,,0.995027
pooled,,pooled,8,ladder_mean_rank,retrieval_carbon_ladder,0,superclass_credit,19,-0.00342,0.973761,-0.386974,0.329143,0,5000,-0.004423,0.597963,0,1,,0.995027
per_model,meta-llama-Llama-3.1-8B,base,16,ladder_mean_rank,retrieval_carbon_ladder,0,superclass_credit,19,0.490989,0.03279,0.093641,0.754892,1,5000,0.562087,0.763022,0,1,,0.326485
per_model,weidawang-Chem-R-8B,chem-r,16,ladder_mean_rank,retrieval_carbon_ladder,0,superclass_credit,19,0.296321,0.218007,-0.162352,0.665206,0,5000,0.545372,0.295216,0,0,,0.665749
per_model,phenixace-Chem-R-Faithful,chem,16,ladder_mean_rank,retrieval_carbon_ladder,0,superclass_credit,19,0.500877,0.028931,0.102748,0.780371,1,5000,0.884452,0.32071,0,0,,0.302286
per_model,OpenDFM-ChemDFM-v1.5-8B,chemdfm,16,ladder_mean_rank,retrieval_carbon_ladder,0,superclass_credit,19,0.205377,0.398956,-0.339967,0.53412,0,5000,0.245428,0.700252,0,1,,0.83454
per_model,deepseek-ai-DeepSeek-R1-Distill-Llama-8B,reason,16,ladder_mean_rank,retrieval_carbon_ladder,0,superclass_credit,19,0.432995,0.064057,0.039026,0.70703,1,5000,0.453749,0.910612,0,1,,0.420742
pooled,,pooled,16,ladder_mean_rank,retrieval_carbon_ladder,0,superclass_credit,19,0.373686,0.000191,0.109039,0.559618,1,5000,0.483247,0.597963,0,1,,0.028587
per_model,meta-llama-Llama-3.1-8B,base,24,ladder_mean_rank,retrieval_carbon_ladder,0,superclass_credit,19,0.102778,0.675437,-0.370751,0.546964,0,5000,0.117661,0.763022,0,1,,0.935589
per_model,weidawang-Chem-R-8B,chem-r,24,ladder_mean_rank,retrieval_carbon_ladder,0,superclass_credit,19,0.035111,0.886528,-0.505187,0.550595,0,5000,0.064621,0.295216,0,0,,0.98944
per_model,phenixace-Chem-R-Faithful,chem,24,ladder_mean_rank,retrieval_carbon_ladder,0,superclass_credit,19,0.185106,0.448047,-0.329304,0.681939,0,5000,0.326862,0.32071,0,0,,0.860745
per_model,OpenDFM-ChemDFM-v1.5-8B,chemdfm,24,ladder_mean_rank,retrieval_carbon_ladder,0,superclass_credit,19,0.143919,0.556659,-0.350199,0.570676,0,4999,0.171985,0.700252,0,1,,0.904215
per_model,deepseek-ai-DeepSeek-R1-Distill-Llama-8B,reason,24,ladder_mean_rank,retrieval_carbon_ladder,0,superclass_credit,19,0.375454,0.113181,-0.095308,0.71327,0,5000,0.393451,0.910612,0,1,,0.521896
pooled,,pooled,24,ladder_mean_rank,retrieval_carbon_ladder,0,superclass_credit,19,0.138493,0.18075,-0.208598,0.432898,0,5000,0.179098,0.597963,0,1,,0.621847
per_model,meta-llama-Llama-3.1-8B,base,31,ladder_mean_rank,retrieval_carbon_ladder,0,superclass_credit,19,0.375961,0.112657,-0.114423,0.731404,0,5000,0.430401,0.763022,0,1,,0.52155
per_model,weidawang-Chem-R-8B,chem-r,31,ladder_mean_rank,retrieval_carbon_ladder,0,superclass_credit,19,0.015508,0.949758,-0.540968,0.565728,0,5000,0.028541,0.295216,0,0,,0.98944
per_model,phenixace-Chem-R-Faithful,chem,31,ladder_mean_rank,retrieval_carbon_ladder,0,superclass_credit,19,0.267354,0.268489,-0.27861,0.742651,0,5000,0.472096,0.32071,0,0,,0.723555
per_model,OpenDFM-ChemDFM-v1.5-8B,chemdfm,31,ladder_mean_rank,retrieval_carbon_ladder,0,superclass_credit,19,0.104666,0.669794,-0.357765,0.539067,0,4997,0.125078,0.700252,0,1,,0.932817
per_model,deepseek-ai-DeepSeek-R1-Distill-Llama-8B,reason,31,ladder_mean_rank,retrieval_carbon_ladder,0,superclass_credit,19,0.474993,0.039867,0.040342,0.748357,1,5000,0.49776,0.910612,0,1,,0.357677
pooled,,pooled,31,ladder_mean_rank,retrieval_carbon_ladder,0,superclass_credit,19,0.252748,0.013469,-0.078531,0.534246,0,5000,0.326852,0.597963,0,1,,0.204771
per_model,meta-llama-Llama-3.1-8B,base,0,ladder_mean_rank,retrieval_carbon_ladder,0,commit,19,0.195069,0.423541,-0.351596,0.604962,0,5000,0.225353,0.749291,0,1,,0.844091
per_model,weidawang-Chem-R-8B,chem-r,0,ladder_mean_rank,retrieval_carbon_ladder,0,commit,19,0.188265,0.4402,-0.354173,0.663134,0,5000,0.382373,0.242416,0,0,,0.856376
per_model,phenixace-Chem-R-Faithful,chem,0,ladder_mean_rank,retrieval_carbon_ladder,0,commit,19,0.048039,0.845163,-0.462996,0.525947,0,5000,0.055284,0.755072,0,1,,0.979849
per_model,OpenDFM-ChemDFM-v1.5-8B,chemdfm,0,ladder_mean_rank,retrieval_carbon_ladder,0,commit,19,0.299034,0.213622,-0.087627,0.602494,0,5000,0.383618,0.607636,0,1,,0.661235
per_model,deepseek-ai-DeepSeek-R1-Distill-Llama-8B,reason,0,ladder_mean_rank,retrieval_carbon_ladder,0,commit,19,0.443563,0.057138,-0.068178,0.760746,0,5000,0.469341,0.893167,0,1,,0.405644
pooled,,pooled,0,ladder_mean_rank,retrieval_carbon_ladder,0,commit,19,0.232454,0.0234,-0.060088,0.466176,0,5000,0.288431,0.649516,0,1,,0.26884
per_model,meta-llama-Llama-3.1-8B,base,8,ladder_mean_rank,retrieval_carbon_ladder,0,commit,19,-0.047515,0.846835,-0.502398,0.435557,0,5000,-0.054891,0.749291,0,1,,0.980262
per_model,weidawang-Chem-R-8B,chem-r,8,ladder_mean_rank,retrieval_carbon_ladder,0,commit,19,-0.025837,0.916383,-0.582677,0.522633,0,5000,-0.052476,0.242416,0,0,,0.98944
per_model,phenixace-Chem-R-Faithful,chem,8,ladder_mean_rank,retrieval_carbon_ladder,0,commit,19,0.215453,0.375698,-0.262238,0.647983,0,5000,0.247947,0.755072,0,1,,0.812519
per_model,OpenDFM-ChemDFM-v1.5-8B,chemdfm,8,ladder_mean_rank,retrieval_carbon_ladder,0,commit,19,0.128536,0.599984,-0.358946,0.535975,0,5000,0.164893,0.607636,0,1,,0.914973
per_model,deepseek-ai-DeepSeek-R1-Distill-Llama-8B,reason,8,ladder_mean_rank,retrieval_carbon_ladder,0,commit,19,-0.022877,0.925934,-0.43901,0.398415,0,5000,-0.024207,0.893167,0,1,,0.98944
pooled,,pooled,8,ladder_mean_rank,retrieval_carbon_ladder,0,commit,19,0.049663,0.632689,-0.26053,0.310694,0,5000,0.061623,0.649516,0,1,,0.925877
per_model,meta-llama-Llama-3.1-8B,base,16,ladder_mean_rank,retrieval_carbon_ladder,0,commit,19,0.606956,0.005857,0.196235,0.853586,1,5000,0.701185,0.749291,0,1,,0.135184
per_model,weidawang-Chem-R-8B,chem-r,16,ladder_mean_rank,retrieval_carbon_ladder,0,commit,19,0.406936,0.083787,-0.070957,0.75076,0,5000,0.826505,0.242416,0,0,,0.451666
per_model,phenixace-Chem-R-Faithful,chem,16,ladder_mean_rank,retrieval_carbon_ladder,0,commit,19,0.173558,0.477343,-0.297679,0.636268,0,5000,0.199733,0.755072,0,1,,0.872552
per_model,OpenDFM-ChemDFM-v1.5-8B,chemdfm,16,ladder_mean_rank,retrieval_carbon_ladder,0,commit,19,0.192922,0.42876,-0.292134,0.552305,0,5000,0.247492,0.607636,0,1,,0.849159
per_model,deepseek-ai-DeepSeek-R1-Distill-Llama-8B,reason,16,ladder_mean_rank,retrieval_carbon_ladder,0,commit,19,0.540673,0.016841,0.146533,0.767533,1,5000,0.572095,0.893167,0,1,,0.226474
pooled,,pooled,16,ladder_mean_rank,retrieval_carbon_ladder,0,commit,19,0.368749,0.000236,0.147459,0.534491,1,5000,0.457547,0.649516,0,1,,0.029649
per_model,meta-llama-Llama-3.1-8B,base,24,ladder_mean_rank,retrieval_carbon_ladder,0,commit,19,0.109234,0.656211,-0.381103,0.505437,0,5000,0.126192,0.749291,0,1,,0.930387
per_model,weidawang-Chem-R-8B,chem-r,24,ladder_mean_rank,retrieval_carbon_ladder,0,commit,19,0.202419,0.405928,-0.331113,0.686641,0,5000,0.411123,0.242416,0,0,,0.836386
per_model,phenixace-Chem-R-Faithful,chem,24,ladder_mean_rank,retrieval_carbon_ladder,0,commit,19,0.182462,0.45467,-0.339208,0.674223,0,5000,0.209981,0.755072,0,1,,0.860745
per_model,OpenDFM-ChemDFM-v1.5-8B,chemdfm,24,ladder_mean_rank,retrieval_carbon_ladder,0,commit,19,0.168084,0.491554,-0.312792,0.561708,0,4999,0.215627,0.607636,0,1,,0.876281
per_model,deepseek-ai-DeepSeek-R1-Distill-Llama-8B,reason,24,ladder_mean_rank,retrieval_carbon_ladder,0,commit,19,0.346831,0.145732,-0.166996,0.713354,0,5000,0.366987,0.893167,0,1,,0.586994
pooled,,pooled,24,ladder_mean_rank,retrieval_carbon_ladder,0,commit,19,0.164063,0.112128,-0.148053,0.405256,0,5000,0.20357,0.649516,0,1,,0.521416
per_model,meta-llama-Llama-3.1-8B,base,31,ladder_mean_rank,retrieval_carbon_ladder,0,commit,19,0.181947,0.455968,-0.294321,0.616033,0,5000,0.210194,0.749291,0,1,,0.860745
per_model,weidawang-Chem-R-8B,chem-r,31,ladder_mean_rank,retrieval_carbon_ladder,0,commit,19,0.252577,0.296832,-0.29614,0.736542,0,5000,0.512995,0.242416,0,0,,0.751808
per_model,phenixace-Chem-R-Faithful,chem,31,ladder_mean_rank,retrieval_carbon_ladder,0,commit,19,0.342378,0.151324,-0.207416,0.753298,0,5000,0.394015,0.755072,0,1,,0.589282
per_model,OpenDFM-ChemDFM-v1.5-8B,chemdfm,31,ladder_mean_rank,retrieval_carbon_ladder,0,commit,19,0.090754,0.711757,-0.384988,0.515531,0,4997,0.116425,0.607636,0,1,,0.948496
per_model,deepseek-ai-DeepSeek-R1-Distill-Llama-8B,reason,31,ladder_mean_rank,retrieval_carbon_ladder,0,commit,19,0.4417,0.058314,-0.072263,0.728692,0,5000,0.46737,0.893167,0,1,,0.405644
pooled,,pooled,31,ladder_mean_rank,retrieval_carbon_ladder,0,commit,19,0.265915,0.009199,-0.018967,0.483309,0,5000,0.32995,0.649516,0,1,,0.173002
per_model,meta-llama-Llama-3.1-8B,base,0,ladder_mean_rank,retrieval_carbon_ladder,0,conditional_acc,19,0.379623,0.108917,-0.199344,0.719755,0,5000,0.414513,0.838739,0,1,,0.514286
per_model,weidawang-Chem-R-8B,chem-r,0,ladder_mean_rank,retrieval_carbon_ladder,0,conditional_acc,19,0.059532,0.808709,-0.434103,0.50191,0,4681,,-0.256883,0,0,,0.975122
per_model,phenixace-Chem-R-Faithful,chem,0,ladder_mean_rank,retrieval_carbon_ladder,0,conditional_acc,19,0.083663,0.733466,-0.387807,0.518902,0,4386,,,0,0,,0.952058
per_model,OpenDFM-ChemDFM-v1.5-8B,chemdfm,0,ladder_mean_rank,retrieval_carbon_ladder,0,conditional_acc,19,0.139019,0.570308,-0.330578,0.583814,0,4998,0.175728,0.625842,0,1,,0.910699
per_model,deepseek-ai-DeepSeek-R1-Distill-Llama-8B,reason,0,ladder_mean_rank,retrieval_carbon_ladder,0,conditional_acc,19,0.199125,0.413771,-0.302364,0.602383,0,5000,0.25944,0.589088,0,1,,0.840237
pooled,,pooled,0,ladder_mean_rank,retrieval_carbon_ladder,0,conditional_acc,19,0.171904,0.095762,-0.092733,0.377962,0,5000,0.256489,0.449197,0,0,,0.485319
per_model,meta-llama-Llama-3.1-8B,base,8,ladder_mean_rank,retrieval_carbon_ladder,0,conditional_acc,19,-0.033385,0.892075,-0.493563,0.436725,0,5000,-0.036453,0.838739,0,1,,0.98944
per_model,weidawang-Chem-R-8B,chem-r,8,ladder_mean_rank,retrieval_carbon_ladder,0,conditional_acc,19,-0.001135,0.996321,-0.419387,0.409766,0,4681,,-0.256883,0,0,,0.997893
per_model,phenixace-Chem-R-Faithful,chem,8,ladder_mean_rank,retrieval_carbon_ladder,0,conditional_acc,19,0.126948,0.604535,-0.240785,0.482941,0,4386,,,0,0,,0.915939
per_model,OpenDFM-ChemDFM-v1.5-8B,chemdfm,8,ladder_mean_rank,retrieval_carbon_ladder,0,conditional_acc,19,0.005219,0.983082,-0.432708,0.448525,0,4998,0.006597,0.625842,0,1,,0.995233
per_model,deepseek-ai-DeepSeek-R1-Distill-Llama-8B,reason,8,ladder_mean_rank,retrieval_carbon_ladder,0,conditional_acc,19,-0.040102,0.870519,-0.496482,0.399324,0,5000,-0.052249,0.589088,0,1,,0.988075
pooled,,pooled,8,ladder_mean_rank,retrieval_carbon_ladder,0,conditional_acc,19,0.001694,0.987,-0.242196,0.220814,0,5000,0.002528,0.449197,0,0,,0.995626
per_model,meta-llama-Llama-3.1-8B,base,16,ladder_mean_rank,retrieval_carbon_ladder,0,conditional_acc,19,0.656858,0.002248,0.323199,0.832116,1,5000,0.717229,0.838739,0,1,,0.081553
per_model,weidawang-Chem-R-8B,chem-r,16,ladder_mean_rank,retrieval_carbon_ladder,0,conditional_acc,19,0.11613,0.635899,-0.40535,0.558867,0,4681,,-0.256883,0,0,,0.926285
per_model,phenixace-Chem-R-Faithful,chem,16,ladder_mean_rank,retrieval_carbon_ladder,0,conditional_acc,19,0.214768,0.377255,-0.279452,0.622091,0,4386,,,0,0,,0.813019
per_model,OpenDFM-ChemDFM-v1.5-8B,chemdfm,16,ladder_mean_rank,retrieval_carbon_ladder,0,conditional_acc,19,-0.038024,0.877179,-0.494912,0.418292,0,4998,-0.048065,0.625842,0,1,,0.98944
per_model,deepseek-ai-DeepSeek-R1-Distill-Llama-8B,reason,16,ladder_mean_rank,retrieval_carbon_ladder,0,conditional_acc,19,0.410298,0.081018,-0.030069,0.731162,0,5000,0.534575,0.589088,0,1,,0.450094
pooled,,pooled,16,ladder_mean_rank,retrieval_carbon_ladder,0,conditional_acc,19,0.300018,0.003138,0.088272,0.465785,1,5000,0.44764,0.449197,0,0,,0.096811
per_model,meta-llama-Llama-3.1-8B,base,24,ladder_mean_rank,retrieval_carbon_ladder,0,conditional_acc,19,0.319687,0.182134,-0.180537,0.711567,0,5000,0.349069,0.838739,0,1,,0.624916
per_model,weidawang-Chem-R-8B,chem-r,24,ladder_mean_rank,retrieval_carbon_ladder,0,conditional_acc,19,-0.083677,0.733424,-0.484329,0.345931,0,4681,,-0.256883,0,0,,0.952058
per_model,phenixace-Chem-R-Faithful,chem,24,ladder_mean_rank,retrieval_carbon_ladder,0,conditional_acc,19,-0.024726,0.919965,-0.433496,0.399322,0,4386,,,0,0,,0.98944
per_model,OpenDFM-ChemDFM-v1.5-8B,chemdfm,24,ladder_mean_rank,retrieval_carbon_ladder,0,conditional_acc,19,0.112976,0.645158,-0.383686,0.579385,0,4997,0.142809,0.625842,0,1,,0.927923
per_model,deepseek-ai-DeepSeek-R1-Distill-Llama-8B,reason,24,ladder_mean_rank,retrieval_carbon_ladder,0,conditional_acc,19,0.219237,0.367166,-0.229787,0.626006,0,5000,0.285642,0.589088,0,1,,0.806078
pooled,,pooled,24,ladder_mean_rank,retrieval_carbon_ladder,0,conditional_acc,19,0.126496,0.221889,-0.105871,0.335035,0,5000,0.188737,0.449197,0,0,,0.670866
per_model,meta-llama-Llama-3.1-8B,base,31,ladder_mean_rank,retrieval_carbon_ladder,0,conditional_acc,19,0.33742,0.157725,-0.081995,0.642492,0,5000,0.368432,0.838739,0,1,,0.591587
per_model,weidawang-Chem-R-8B,chem-r,31,ladder_mean_rank,retrieval_carbon_ladder,0,conditional_acc,19,-0.085121,0.728987,-0.477806,0.311272,0,4681,,-0.256883,0,0,,0.952058
per_model,phenixace-Chem-R-Faithful,chem,31,ladder_mean_rank,retrieval_carbon_ladder,0,conditional_acc,19,0.064547,0.792916,-0.30709,0.436727,0,4386,,,0,0,,0.970684
per_model,OpenDFM-ChemDFM-v1.5-8B,chemdfm,31,ladder_mean_rank,retrieval_carbon_ladder,0,conditional_acc,19,0.182658,0.454179,-0.300408,0.617287,0,4995,0.23089,0.625842,0,1,,0.860745
per_model,deepseek-ai-DeepSeek-R1-Distill-Llama-8B,reason,31,ladder_mean_rank,retrieval_carbon_ladder,0,conditional_acc,19,0.416307,0.076238,-0.022454,0.738256,0,5000,0.542404,0.589088,0,1,,0.444977
pooled,,pooled,31,ladder_mean_rank,retrieval_carbon_ladder,0,conditional_acc,19,0.211554,0.039587,-0.008347,0.396405,0,5000,0.315648,0.449197,0,0,,0.357677
per_model,meta-llama-Llama-3.1-8B,base,0,ladder_mean_rank,retrieval_carbon_ladder,0,underspecified,19,-0.223081,0.358611,-0.644764,0.298224,0,4995,-0.24498,0.829207,0,1,,0.80341
per_model,weidawang-Chem-R-8B,chem-r,0,ladder_mean_rank,retrieval_carbon_ladder,0,underspecified,19,-0.269297,0.264892,-0.680066,0.231369,0,4086,,-0.324026,0,0,,0.718547
per_model,phenixace-Chem-R-Faithful,chem,0,ladder_mean_rank,retrieval_carbon_ladder,0,underspecified,19,0.027655,0.910519,-0.433709,0.476846,0,4924,0.028864,0.918021,0,1,,0.98944
per_model,OpenDFM-ChemDFM-v1.5-8B,chemdfm,0,ladder_mean_rank,retrieval_carbon_ladder,0,underspecified,19,-0.043857,0.858508,-0.451596,0.372525,0,4795,-0.04912,0.797181,0,1,,0.981154
per_model,deepseek-ai-DeepSeek-R1-Distill-Llama-8B,reason,0,ladder_mean_rank,retrieval_carbon_ladder,0,underspecified,19,-0.23703,0.328536,-0.656746,0.413579,0,4792,-0.248021,0.913335,0,1,,0.778294
pooled,,pooled,0,ladder_mean_rank,retrieval_carbon_ladder,0,underspecified,19,-0.115322,0.26577,-0.418852,0.234915,0,5000,-0.145669,0.626744,0,1,,0.719393
per_model,meta-llama-Llama-3.1-8B,base,8,ladder_mean_rank,retrieval_carbon_ladder,0,underspecified,19,-0.014257,0.953806,-0.461482,0.470497,0,4995,-0.015657,0.829207,0,1,,0.990475
per_model,weidawang-Chem-R-8B,chem-r,8,ladder_mean_rank,retrieval_carbon_ladder,0,underspecified,19,-0.185035,0.448224,-0.546417,0.16235,0,4086,,-0.324026,0,0,,0.860745
per_model,phenixace-Chem-R-Faithful,chem,8,ladder_mean_rank,retrieval_carbon_ladder,0,underspecified,19,-0.164094,0.502041,-0.567408,0.280275,0,4924,-0.171264,0.918021,0,1,,0.881315
per_model,OpenDFM-ChemDFM-v1.5-8B,chemdfm,8,ladder_mean_rank,retrieval_carbon_ladder,0,underspecified,19,-0.106072,0.665603,-0.536672,0.327561,0,4795,-0.118801,0.797181,0,1,,0.932817
per_model,deepseek-ai-DeepSeek-R1-Distill-Llama-8B,reason,8,ladder_mean_rank,retrieval_carbon_ladder,0,underspecified,19,0.039607,0.872106,-0.379611,0.453338,0,4792,0.041443,0.913335,0,1,,0.988075
pooled,,pooled,8,ladder_mean_rank,retrieval_carbon_ladder,0,underspecified,19,-0.087599,0.398594,-0.345878,0.228402,0,5000,-0.110651,0.626744,0,1,,0.83454
per_model,meta-llama-Llama-3.1-8B,base,16,ladder_mean_rank,retrieval_carbon_ladder,0,underspecified,19,-0.485903,0.034925,-0.857036,-0.003026,1,4995,-0.533602,0.829207,0,1,,0.334621
per_model,weidawang-Chem-R-8B,chem-r,16,ladder_mean_rank,retrieval_carbon_ladder,0,underspecified,19,-0.346132,0.146599,-0.737402,0.111626,0,4086,,-0.324026,0,0,,0.587189
per_model,phenixace-Chem-R-Faithful,chem,16,ladder_mean_rank,retrieval_carbon_ladder,0,underspecified,19,0.023209,0.924862,-0.46534,0.458017,0,4924,0.024223,0.918021,0,1,,0.98944
per_model,OpenDFM-ChemDFM-v1.5-8B,chemdfm,16,ladder_mean_rank,retrieval_carbon_ladder,0,underspecified,19,-0.100639,0.681851,-0.52379,0.35068,0,4795,-0.112717,0.797181,0,1,,0.939859
per_model,deepseek-ai-DeepSeek-R1-Distill-Llama-8B,reason,16,ladder_mean_rank,retrieval_carbon_ladder,0,underspecified,19,-0.523077,0.021557,-0.796552,-0.159643,1,4792,-0.547332,0.913335,0,1,,0.259402
pooled,,pooled,16,ladder_mean_rank,retrieval_carbon_ladder,0,underspecified,19,-0.241336,0.01847,-0.483251,0.051813,0,5000,-0.304844,0.626744,0,1,,0.238049
per_model,meta-llama-Llama-3.1-8B,base,24,ladder_mean_rank,retrieval_carbon_ladder,0,underspecified,19,0.055584,0.821193,-0.441425,0.569393,0,4995,0.061041,0.829207,0,1,,0.976147
per_model,weidawang-Chem-R-8B,chem-r,24,ladder_mean_rank,retrieval_carbon_ladder,0,underspecified,19,-0.158386,0.517227,-0.581897,0.313882,0,4086,,-0.324026,0,0,,0.893011
per_model,phenixace-Chem-R-Faithful,chem,24,ladder_mean_rank,retrieval_carbon_ladder,0,underspecified,19,0.022446,0.927328,-0.440554,0.473281,0,4924,0.023427,0.918021,0,1,,0.98944
per_model,OpenDFM-ChemDFM-v1.5-8B,chemdfm,24,ladder_mean_rank,retrieval_carbon_ladder,0,underspecified,19,0.080574,0.742985,-0.403528,0.500721,0,4794,0.090243,0.797181,0,1,,0.95543
per_model,deepseek-ai-DeepSeek-R1-Distill-Llama-8B,reason,24,ladder_mean_rank,retrieval_carbon_ladder,0,underspecified,19,-0.228746,0.346213,-0.652525,0.325911,0,4792,-0.239352,0.913335,0,1,,0.790499
pooled,,pooled,24,ladder_mean_rank,retrieval_carbon_ladder,0,underspecified,19,0.008393,0.935664,-0.317346,0.334988,0,5000,0.010601,0.626744,0,1,,0.98944
per_model,meta-llama-Llama-3.1-8B,base,31,ladder_mean_rank,retrieval_carbon_ladder,0,underspecified,19,0.164369,0.501313,-0.309768,0.590322,0,4995,0.180505,0.829207,0,1,,0.881315
per_model,weidawang-Chem-R-8B,chem-r,31,ladder_mean_rank,retrieval_carbon_ladder,0,underspecified,19,-0.254115,0.2938,-0.633011,0.205981,0,4086,,-0.324026,0,0,,0.750573
per_model,phenixace-Chem-R-Faithful,chem,31,ladder_mean_rank,retrieval_carbon_ladder,0,underspecified,19,-0.122337,0.617825,-0.549998,0.346066,0,4924,-0.127683,0.918021,0,1,,0.922246
per_model,OpenDFM-ChemDFM-v1.5-8B,chemdfm,31,ladder_mean_rank,retrieval_carbon_ladder,0,underspecified,19,0.088235,0.719448,-0.41746,0.553116,0,4793,0.098824,0.797181,0,1,,0.952058
per_model,deepseek-ai-DeepSeek-R1-Distill-Llama-8B,reason,31,ladder_mean_rank,retrieval_carbon_ladder,0,underspecified,19,-0.271958,0.260017,-0.653832,0.299108,0,4792,-0.284568,0.913335,0,1,,0.714633
pooled,,pooled,31,ladder_mean_rank,retrieval_carbon_ladder,0,underspecified,19,-0.019211,0.853399,-0.320225,0.288367,0,5000,-0.024266,0.626744,0,1,,0.980293
per_model,meta-llama-Llama-3.1-8B,base,0,ladder_mean_rank,retrieval_carbon_ladder,0,non_answer,19,-0.104498,0.670296,-0.628317,0.412255,0,5000,-0.122571,0.726841,0,1,,0.932817
per_model,weidawang-Chem-R-8B,chem-r,0,ladder_mean_rank,retrieval_carbon_ladder,0,non_answer,19,0.021927,0.929002,-0.505603,0.576268,0,5000,0.039645,0.305906,0,0,,0.98944
per_model,phenixace-Chem-R-Faithful,chem,0,ladder_mean_rank,retrieval_carbon_ladder,0,non_answer,19,-0.176968,0.468595,-0.616303,0.335979,0,4999,,-0.039064,0,0,,0.869709
per_model,OpenDFM-ChemDFM-v1.5-8B,chemdfm,0,ladder_mean_rank,retrieval_carbon_ladder,0,non_answer,19,-0.239968,0.322398,-0.536829,0.20125,0,5000,-0.270054,0.789595,0,1,,0.772235
per_model,deepseek-ai-DeepSeek-R1-Distill-Llama-8B,reason,0,ladder_mean_rank,retrieval_carbon_ladder,0,non_answer,19,-0.465379,0.044653,-0.737042,-0.034373,1,5000,-0.549319,0.717735,0,1,,0.383398
pooled,,pooled,0,ladder_mean_rank,retrieval_carbon_ladder,0,non_answer,19,-0.195384,0.057764,-0.45828,0.11595,0,5000,-0.276259,0.500202,0,1,,0.405644
per_model,meta-llama-Llama-3.1-8B,base,8,ladder_mean_rank,retrieval_carbon_ladder,0,non_answer,19,-0.011454,0.962881,-0.509698,0.486816,0,5000,-0.013435,0.726841,0,1,,0.99433
per_model,weidawang-Chem-R-8B,chem-r,8,ladder_mean_rank,retrieval_carbon_ladder,0,non_answer,19,0.18677,0.443904,-0.386403,0.742247,0,5000,0.337686,0.305906,0,0,,0.859705
per_model,phenixace-Chem-R-Faithful,chem,8,ladder_mean_rank,retrieval_carbon_ladder,0,non_answer,19,-0.070457,0.774402,-0.564963,0.443967,0,4999,,-0.039064,0,0,,0.969666
per_model,OpenDFM-ChemDFM-v1.5-8B,chemdfm,8,ladder_mean_rank,retrieval_carbon_ladder,0,non_answer,19,-0.020291,0.934288,-0.427765,0.500627,0,5000,-0.022835,0.789595,0,1,,0.98944
per_model,deepseek-ai-DeepSeek-R1-Distill-Llama-8B,reason,8,ladder_mean_rank,retrieval_carbon_ladder,0,non_answer,19,-0.076211,0.756488,-0.483681,0.343328,0,5000,-0.089958,0.717735,0,1,,0.964308
pooled,,pooled,8,ladder_mean_rank,retrieval_carbon_ladder,0,non_answer,19,-0.005224,0.959926,-0.341884,0.369445,0,5000,-0.007387,0.500202,0,1,,0.992982
per_model,meta-llama-Llama-3.1-8B,base,16,ladder_mean_rank,retrieval_carbon_ladder,0,non_answer,19,-0.172324,0.480528,-0.539489,0.258888,0,5000,-0.202128,0.726841,0,1,,0.873452
per_model,weidawang-Chem-R-8B,chem-r,16,ladder_mean_rank,retrieval_carbon_ladder,0,non_answer,19,-0.137015,0.575932,-0.576191,0.325008,0,5000,-0.247727,0.305906,0,0,,0.914301
per_model,phenixace-Chem-R-Faithful,chem,16,ladder_mean_rank,retrieval_carbon_ladder,0,non_answer,19,-0.311178,0.194703,-0.672663,0.098458,0,4999,,-0.039064,0,0,,0.64896
per_model,OpenDFM-ChemDFM-v1.5-8B,chemdfm,16,ladder_mean_rank,retrieval_carbon_ladder,0,non_answer,19,-0.296069,0.218418,-0.64854,0.224486,0,5000,-0.333189,0.789595,0,1,,0.665749
per_model,deepseek-ai-DeepSeek-R1-Distill-Llama-8B,reason,16,ladder_mean_rank,retrieval_carbon_ladder,0,non_answer,19,-0.482197,0.036547,-0.735509,-0.101703,1,5000,-0.569171,0.717735,0,1,,0.343727
pooled,,pooled,16,ladder_mean_rank,retrieval_carbon_ladder,0,non_answer,19,-0.265647,0.009272,-0.448597,-0.035707,1,5000,-0.375605,0.500202,0,1,,0.173103
per_model,meta-llama-Llama-3.1-8B,base,24,ladder_mean_rank,retrieval_carbon_ladder,0,non_answer,19,-0.000904,0.99707,-0.47493,0.52627,0,5000,-0.00106,0.726841,0,1,,0.998249
per_model,weidawang-Chem-R-8B,chem-r,24,ladder_mean_rank,retrieval_carbon_ladder,0,non_answer,19,-0.088058,0.719987,-0.628047,0.441317,0,5000,-0.159212,0.305906,0,0,,0.952058
per_model,phenixace-Chem-R-Faithful,chem,24,ladder_mean_rank,retrieval_carbon_ladder,0,non_answer,19,-0.269023,0.265398,-0.754764,0.272697,0,4999,,-0.039064,0,0,,0.719153
per_model,OpenDFM-ChemDFM-v1.5-8B,chemdfm,24,ladder_mean_rank,retrieval_carbon_ladder,0,non_answer,19,-0.118778,0.628163,-0.561167,0.390207,0,4999,-0.13367,0.789595,0,1,,0.925877
per_model,deepseek-ai-DeepSeek-R1-Distill-Llama-8B,reason,24,ladder_mean_rank,retrieval_carbon_ladder,0,non_answer,19,-0.420958,0.072683,-0.772666,0.106547,0,5000,-0.496887,0.717735,0,1,,0.438831
pooled,,pooled,24,ladder_mean_rank,retrieval_carbon_ladder,0,non_answer,19,-0.155419,0.132597,-0.475861,0.19855,0,5000,-0.219752,0.500202,0,1,,0.56582
per_model,meta-llama-Llama-3.1-8B,base,31,ladder_mean_rank,retrieval_carbon_ladder,0,non_answer,19,-0.236705,0.329219,-0.666742,0.31776,0,5000,-0.277644,0.726841,0,1,,0.778294
per_model,weidawang-Chem-R-8B,chem-r,31,ladder_mean_rank,retrieval_carbon_ladder,0,non_answer,19,-0.117795,0.631031,-0.680747,0.422218,0,5000,-0.212977,0.305906,0,0,,0.925877
per_model,phenixace-Chem-R-Faithful,chem,31,ladder_mean_rank,retrieval_carbon_ladder,0,non_answer,19,-0.275596,0.253442,-0.750459,0.238676,0,4999,,-0.039064,0,0,,0.710761
per_model,OpenDFM-ChemDFM-v1.5-8B,chemdfm,31,ladder_mean_rank,retrieval_carbon_ladder,0,non_answer,19,-0.038162,0.876738,-0.511865,0.462198,0,4997,-0.042946,0.789595,0,1,,0.98944
per_model,deepseek-ai-DeepSeek-R1-Distill-Llama-8B,reason,31,ladder_mean_rank,retrieval_carbon_ladder,0,non_answer,19,-0.506988,0.02673,-0.792374,0.019252,0,5000,-0.598433,0.717735,0,1,,0.287569
pooled,,pooled,31,ladder_mean_rank,retrieval_carbon_ladder,0,non_answer,19,-0.249845,0.014614,-0.542716,0.078552,0,5000,-0.353262,0.500202,0,1,,0.212028
per_model,meta-llama-Llama-3.1-8B,base,0,ladder_mean_rank,retrieval_carbon_ladder,0,malformed,19,-0.080713,0.742555,-0.560146,0.479762,0,5000,-0.129644,0.387597,0,0,,0.95543
per_model,weidawang-Chem-R-8B,chem-r,0,ladder_mean_rank,retrieval_carbon_ladder,0,malformed,19,-0.432983,0.064065,-0.726924,-0.040657,1,4304,,,0,0,,0.420742
per_model,phenixace-Chem-R-Faithful,chem,0,ladder_mean_rank,retrieval_carbon_ladder,0,malformed,19,-0.415571,0.076811,-0.730793,-0.032196,1,4320,,,0,0,,0.444977
per_model,deepseek-ai-DeepSeek-R1-Distill-Llama-8B,reason,0,ladder_mean_rank,retrieval_carbon_ladder,0,malformed,19,-0.428353,0.067287,-0.754546,0.011884,0,4780,-0.677957,0.399209,0,0,,0.427105
pooled,,pooled,0,ladder_mean_rank,retrieval_carbon_ladder,0,malformed,19,-0.278121,0.01499,-0.484222,-0.000652,1,5000,-0.443419,0.393403,0,0,,0.213818
per_model,meta-llama-Llama-3.1-8B,base,8,ladder_mean_rank,retrieval_carbon_ladder,0,malformed,19,-0.130268,0.595037,-0.630294,0.425659,0,5000,-0.209242,0.387597,0,0,,0.914685
per_model,weidawang-Chem-R-8B,chem-r,8,ladder_mean_rank,retrieval_carbon_ladder,0,malformed,19,-0.162085,0.50736,-0.552547,0.237304,0,4304,,,0,0,,0.884516
per_model,phenixace-Chem-R-Faithful,chem,8,ladder_mean_rank,retrieval_carbon_ladder,0,malformed,19,-0.226919,0.350183,-0.621121,0.164348,0,4320,,,0,0,,0.796697
per_model,deepseek-ai-DeepSeek-R1-Distill-Llama-8B,reason,8,ladder_mean_rank,retrieval_carbon_ladder,0,malformed,19,-0.119349,0.6265,-0.571594,0.378639,0,4780,-0.188895,0.399209,0,0,,0.925877
pooled,,pooled,8,ladder_mean_rank,retrieval_carbon_ladder,0,malformed,19,-0.16234,0.161183,-0.397537,0.085753,0,5000,-0.258825,0.393403,0,0,,0.592721
per_model,meta-llama-Llama-3.1-8B,base,16,ladder_mean_rank,retrieval_carbon_ladder,0,malformed,19,-0.563857,0.011923,-0.853119,-0.105425,1,5000,-0.905687,0.387597,0,0,,0.194562
per_model,weidawang-Chem-R-8B,chem-r,16,ladder_mean_rank,retrieval_carbon_ladder,0,malformed,19,-0.572328,0.010445,-0.813353,-0.138803,1,4304,,,0,0,,0.187712
per_model,phenixace-Chem-R-Faithful,chem,16,ladder_mean_rank,retrieval_carbon_ladder,0,malformed,19,-0.563344,0.012017,-0.847728,-0.146072,1,4320,,,0,0,,0.194562
per_model,deepseek-ai-DeepSeek-R1-Distill-Llama-8B,reason,16,ladder_mean_rank,retrieval_carbon_ladder,0,malformed,19,-0.112241,0.647323,-0.580037,0.471377,0,4780,-0.177645,0.399209,0,0,,0.928273
pooled,,pooled,16,ladder_mean_rank,retrieval_carbon_ladder,0,malformed,19,-0.395436,0.000407,-0.594703,-0.142446,1,5000,-0.630459,0.393403,0,0,,0.029971
per_model,meta-llama-Llama-3.1-8B,base,24,ladder_mean_rank,retrieval_carbon_ladder,0,malformed,19,-0.168202,0.491245,-0.609434,0.344525,0,5000,-0.270172,0.387597,0,0,,0.876281
per_model,weidawang-Chem-R-8B,chem-r,24,ladder_mean_rank,retrieval_carbon_ladder,0,malformed,19,-0.226481,0.351138,-0.599675,0.153867,0,4304,,,0,0,,0.796729
per_model,phenixace-Chem-R-Faithful,chem,24,ladder_mean_rank,retrieval_carbon_ladder,0,malformed,19,-0.226481,0.351138,-0.605923,0.152273,0,4320,,,0,0,,0.796729
per_model,deepseek-ai-DeepSeek-R1-Distill-Llama-8B,reason,24,ladder_mean_rank,retrieval_carbon_ladder,0,malformed,19,-0.221663,0.361753,-0.670065,0.361049,0,4780,-0.350826,0.399209,0,0,,0.80356
pooled,,pooled,24,ladder_mean_rank,retrieval_carbon_ladder,0,malformed,19,-0.170487,0.140902,-0.382225,0.087079,0,5000,-0.271814,0.393403,0,0,,0.579999
per_model,meta-llama-Llama-3.1-8B,base,31,ladder_mean_rank,retrieval_carbon_ladder,0,malformed,19,-0.313064,0.191869,-0.741135,0.210235,0,5000,-0.502854,0.387597,0,0,,0.644385
per_model,weidawang-Chem-R-8B,chem-r,31,ladder_mean_rank,retrieval_carbon_ladder,0,malformed,19,-0.135355,0.580606,-0.519623,0.236171,0,4304,,,0,0,,0.914685
per_model,phenixace-Chem-R-Faithful,chem,31,ladder_mean_rank,retrieval_carbon_ladder,0,malformed,19,-0.218799,0.368148,-0.606305,0.156017,0,4320,,,0,0,,0.806078
per_model,deepseek-ai-DeepSeek-R1-Distill-Llama-8B,reason,31,ladder_mean_rank,retrieval_carbon_ladder,0,malformed,19,-0.270028,0.263546,-0.722029,0.25558,0,4780,-0.427375,0.399209,0,0,,0.718547
pooled,,pooled,31,ladder_mean_rank,retrieval_carbon_ladder,0,malformed,19,-0.227762,0.047843,-0.446821,-0.000639,1,5000,-0.363129,0.393403,0,0,,0.389336
per_model,meta-llama-Llama-3.1-8B,base,0,ladder_top1_same_label,retrieval_carbon_ladder,1,strict,19,0.424777,0.069858,0.013315,0.750866,1,4105,0.455196,0.870812,0,1,,0.434765
per_model,weidawang-Chem-R-8B,chem-r,0,ladder_top1_same_label,retrieval_carbon_ladder,1,strict,19,0.064238,0.793886,-0.374068,0.509041,0,4374,0.123406,0.270964,0,0,,0.970942
per_model,phenixace-Chem-R-Faithful,chem,0,ladder_top1_same_label,retrieval_carbon_ladder,1,strict,19,0.157933,0.518442,-0.293467,0.555941,0,4374,0.177314,0.79334,0,1,,0.893011
per_model,OpenDFM-ChemDFM-v1.5-8B,chemdfm,0,ladder_top1_same_label,retrieval_carbon_ladder,1,strict,19,0.306675,0.201583,-0.134964,0.638897,0,4271,0.432967,0.501705,0,1,,0.657864
per_model,deepseek-ai-DeepSeek-R1-Distill-Llama-8B,reason,0,ladder_top1_same_label,retrieval_carbon_ladder,1,strict,19,0.345133,0.147847,0.083811,0.656216,1,2757,0.357298,0.933064,0,1,,0.587189
pooled,,pooled,0,ladder_top1_same_label,retrieval_carbon_ladder,1,strict,19,0.182317,0.077005,-0.058133,0.402923,0,5000,0.222078,0.673977,0,1,,0.444977
per_model,meta-llama-Llama-3.1-8B,base,0,ladder_top1_same_label,retrieval_carbon_ladder,1,superclass_credit,19,0.35696,0.133547,0.054287,0.696858,1,4105,0.40865,0.763022,0,1,,0.567016
per_model,weidawang-Chem-R-8B,chem-r,0,ladder_top1_same_label,retrieval_carbon_ladder,1,superclass_credit,19,-0.125665,0.608221,-0.52731,0.301767,0,4374,-0.231284,0.295216,0,0,,0.915939
per_model,phenixace-Chem-R-Faithful,chem,0,ladder_top1_same_label,retrieval_carbon_ladder,1,superclass_credit,19,0.08119,0.741082,-0.332029,0.509456,0,4374,0.143367,0.32071,0,0,,0.95543
per_model,OpenDFM-ChemDFM-v1.5-8B,chemdfm,0,ladder_top1_same_label,retrieval_carbon_ladder,1,superclass_credit,19,0.452901,0.051507,0.029864,0.743243,1,4271,0.541222,0.700252,0,1,,0.396291
per_model,deepseek-ai-DeepSeek-R1-Distill-Llama-8B,reason,0,ladder_top1_same_label,retrieval_carbon_ladder,1,superclass_credit,19,0.299657,0.212623,-0.005306,0.622071,0,2757,0.31402,0.910612,0,1,,0.661235
pooled,,pooled,0,ladder_top1_same_label,retrieval_carbon_ladder,1,superclass_credit,19,0.132774,0.199605,-0.13263,0.381857,0,5000,0.171702,0.597963,0,1,,0.655865
per_model,meta-llama-Llama-3.1-8B,base,0,ladder_top1_same_label,retrieval_carbon_ladder,1,commit,19,0.393855,0.095225,-0.044475,0.748657,0,4105,0.455,0.749291,0,1,,0.485319
per_model,weidawang-Chem-R-8B,chem-r,0,ladder_top1_same_label,retrieval_carbon_ladder,1,commit,19,0.302029,0.208847,-0.106042,0.647248,0,4374,0.613435,0.242416,0,0,,0.659759
per_model,phenixace-Chem-R-Faithful,chem,0,ladder_top1_same_label,retrieval_carbon_ladder,1,commit,19,0.260113,0.282159,-0.163987,0.631718,0,4374,0.299342,0.755072,0,1,,0.740174
per_model,OpenDFM-ChemDFM-v1.5-8B,chemdfm,0,ladder_top1_same_label,retrieval_carbon_ladder,1,commit,19,0.360454,0.129516,-0.046831,0.674921,0,4271,0.462411,0.607636,0,1,,0.559282
per_model,deepseek-ai-DeepSeek-R1-Distill-Llama-8B,reason,0,ladder_top1_same_label,retrieval_carbon_ladder,1,commit,19,0.382726,0.105818,0.115627,0.678481,1,2757,0.404969,0.893167,0,1,,0.505972
pooled,,pooled,0,ladder_top1_same_label,retrieval_carbon_ladder,1,commit,19,0.273488,0.007326,0.017149,0.474977,1,5000,0.339346,0.649516,0,1,,0.148798
per_model,meta-llama-Llama-3.1-8B,base,0,ladder_top1_same_label,retrieval_carbon_ladder,1,conditional_acc,19,0.560839,0.012488,0.242746,0.841235,1,4105,0.612385,0.838739,0,1,,0.19824
per_model,weidawang-Chem-R-8B,chem-r,0,ladder_top1_same_label,retrieval_carbon_ladder,1,conditional_acc,19,-0.144369,0.555411,-0.485435,0.287102,0,4074,,-0.256883,0,0,,0.904215
per_model,phenixace-Chem-R-Faithful,chem,0,ladder_top1_same_label,retrieval_carbon_ladder,1,conditional_acc,19,-0.085516,0.727775,-0.422457,0.344509,0,3814,,,0,0,,0.952058
per_model,OpenDFM-ChemDFM-v1.5-8B,chemdfm,0,ladder_top1_same_label,retrieval_carbon_ladder,1,conditional_acc,19,0.017795,0.942359,-0.480113,0.455256,0,4269,0.022494,0.625842,0,1,,0.98944
per_model,deepseek-ai-DeepSeek-R1-Distill-Llama-8B,reason,0,ladder_top1_same_label,retrieval_carbon_ladder,1,conditional_acc,19,0.163744,0.502964,-0.161328,0.573668,0,2757,0.213342,0.589088,0,1,,0.881315
pooled,,pooled,0,ladder_top1_same_label,retrieval_carbon_ladder,1,conditional_acc,19,-0.00696,0.946629,-0.230352,0.16514,0,5000,-0.010385,0.449197,0,0,,0.98944
per_model,meta-llama-Llama-3.1-8B,base,0,ladder_top1_same_label,retrieval_carbon_ladder,1,underspecified,19,-0.334753,0.161244,-0.725615,0.143255,0,4103,-0.367615,0.829207,0,1,,0.592721
per_model,weidawang-Chem-R-8B,chem-r,0,ladder_top1_same_label,retrieval_carbon_ladder,1,underspecified,19,-0.545071,0.015802,-0.863428,-0.118056,1,3713,,-0.324026,0,0,,0.216869
per_model,phenixace-Chem-R-Faithful,chem,0,ladder_top1_same_label,retrieval_carbon_ladder,1,underspecified,19,-0.242547,0.317065,-0.695402,0.23842,0,4313,-0.253145,0.918021,0,1,,0.769757
per_model,OpenDFM-ChemDFM-v1.5-8B,chemdfm,0,ladder_top1_same_label,retrieval_carbon_ladder,1,underspecified,19,-0.018466,0.940187,-0.4926,0.394728,0,4090,-0.020683,0.797181,0,1,,0.98944
per_model,deepseek-ai-DeepSeek-R1-Distill-Llama-8B,reason,0,ladder_top1_same_label,retrieval_carbon_ladder,1,underspecified,19,-0.438716,0.060237,-0.878724,-0.106404,1,2724,-0.459059,0.913335,0,1,,0.407969
pooled,,pooled,0,ladder_top1_same_label,retrieval_carbon_ladder,1,underspecified,19,-0.146933,0.15535,-0.38539,0.13668,0,5000,-0.185598,0.626744,0,1,,0.591587
per_model,meta-llama-Llama-3.1-8B,base,0,ladder_top1_same_label,retrieval_carbon_ladder,1,non_answer,19,-0.069232,0.778229,-0.43987,0.270188,0,4105,-0.081206,0.726841,0,1,,0.969666
per_model,weidawang-Chem-R-8B,chem-r,0,ladder_top1_same_label,retrieval_carbon_ladder,1,non_answer,19,-0.051249,0.834949,-0.470203,0.385825,0,4374,-0.092659,0.305906,0,0,,0.977237
per_model,phenixace-Chem-R-Faithful,chem,0,ladder_top1_same_label,retrieval_carbon_ladder,1,non_answer,19,-0.203069,0.404392,-0.600089,0.216277,0,4374,,-0.039064,0,0,,0.836386
per_model,OpenDFM-ChemDFM-v1.5-8B,chemdfm,0,ladder_top1_same_label,retrieval_carbon_ladder,1,non_answer,19,-0.448969,0.053824,-0.744818,-0.077078,1,4271,-0.505259,0.789595,0,1,,0.402212
per_model,deepseek-ai-DeepSeek-R1-Distill-Llama-8B,reason,0,ladder_top1_same_label,retrieval_carbon_ladder,1,non_answer,19,-0.374983,0.113671,-0.690565,-0.130761,1,2757,-0.442618,0.717735,0,1,,0.5219
pooled,,pooled,0,ladder_top1_same_label,retrieval_carbon_ladder,1,non_answer,19,-0.179663,0.08148,-0.406197,0.089792,0,5000,-0.254031,0.500202,0,1,,0.450094
per_model,meta-llama-Llama-3.1-8B,base,0,ladder_top1_same_label,retrieval_carbon_ladder,1,malformed,19,-0.453865,0.05095,-0.78,-0.088574,1,4105,-0.729015,0.387597,0,0,,0.394376
per_model,weidawang-Chem-R-8B,chem-r,0,ladder_top1_same_label,retrieval_carbon_ladder,1,malformed,19,-0.170993,0.483975,-0.625463,0.315873,0,3761,,,0,0,,0.875607
per_model,phenixace-Chem-R-Faithful,chem,0,ladder_top1_same_label,retrieval_carbon_ladder,1,malformed,19,-0.223607,0.357449,-0.703115,0.30359,0,3787,,,0,0,,0.80341
per_model,deepseek-ai-DeepSeek-R1-Distill-Llama-8B,reason,0,ladder_top1_same_label,retrieval_carbon_ladder,1,malformed,19,-0.286958,0.233591,-0.581969,0.134321,0,2650,-0.454169,0.399209,0,0,,0.685651
pooled,,pooled,0,ladder_top1_same_label,retrieval_carbon_ladder,1,malformed,19,-0.071707,0.538186,-0.391588,0.311224,0,5000,-0.114325,0.393403,0,0,,0.898088
per_model,meta-llama-Llama-3.1-8B,base,0,probe_fine_recall,probe_fine_surface_confounded,1,strict,20,0.205919,0.38376,-0.188532,0.57841,0,3549,0.220665,0.870812,0,1,,0.81848
per_model,weidawang-Chem-R-8B,chem-r,0,probe_fine_recall,probe_fine_surface_confounded,1,strict,20,-0.090482,0.70441,-0.521022,0.352954,0,4972,-0.173823,0.270964,0,0,,0.947298
per_model,phenixace-Chem-R-Faithful,chem,0,probe_fine_recall,probe_fine_surface_confounded,1,strict,20,-0.152599,0.52069,-0.523948,0.267913,0,4940,-0.171326,0.79334,0,1,,0.893265
per_model,OpenDFM-ChemDFM-v1.5-8B,chemdfm,0,probe_fine_recall,probe_fine_surface_confounded,1,strict,20,-0.161589,0.496117,-0.704367,0.405782,0,3563,-0.228133,0.501705,0,1,,0.878036
pooled,,pooled,0,probe_fine_recall,probe_fine_surface_confounded,1,strict,20,-0.080215,0.479371,-0.389135,0.232742,0,5000,-0.097709,0.673977,0,1,,0.873452
per_model,meta-llama-Llama-3.1-8B,base,8,probe_fine_recall,probe_fine_surface_confounded,1,strict,20,0.450474,0.046238,0.119493,0.719748,1,4304,0.482734,0.870812,0,1,,0.385462
per_model,weidawang-Chem-R-8B,chem-r,8,probe_fine_recall,probe_fine_surface_confounded,1,strict,20,0.102025,0.668644,-0.154617,0.430555,0,1979,0.195997,0.270964,0,0,,0.932817
per_model,phenixace-Chem-R-Faithful,chem,8,probe_fine_recall,probe_fine_surface_confounded,1,strict,20,-0.0536,0.822422,-0.342445,0.218519,0,1979,-0.060177,0.79334,0,1,,0.976147
per_model,OpenDFM-ChemDFM-v1.5-8B,chemdfm,8,probe_fine_recall,probe_fine_surface_confounded,1,strict,20,0.228333,0.332915,0.03426,0.555939,1,1979,0.322363,0.501705,0,1,,0.779862
per_model,deepseek-ai-DeepSeek-R1-Distill-Llama-8B,reason,8,probe_fine_recall,probe_fine_surface_confounded,1,strict,20,0.271932,0.246117,0.088723,0.597554,1,1979,0.281517,0.933064,0,1,,0.70754
pooled,,pooled,8,probe_fine_recall,probe_fine_surface_confounded,1,strict,20,0.216728,0.030323,0.039784,0.391006,1,4990,0.263994,0.673977,0,1,,0.312966
per_model,meta-llama-Llama-3.1-8B,base,16,probe_fine_recall,probe_fine_surface_confounded,1,strict,20,0.469979,0.03653,0.229234,0.745536,1,3566,0.503635,0.870812,0,1,,0.343727
per_model,OpenDFM-ChemDFM-v1.5-8B,chemdfm,16,probe_fine_recall,probe_fine_surface_confounded,1,strict,20,0.162804,0.49284,-0.210939,0.562693,0,3515,0.229848,0.501705,0,1,,0.876889
per_model,deepseek-ai-DeepSeek-R1-Distill-Llama-8B,reason,16,probe_fine_recall,probe_fine_surface_confounded,1,strict,20,0.373183,0.105095,0.222324,0.68455,1,1972,0.386337,0.933064,0,1,,0.504417
pooled,,pooled,16,probe_fine_recall,probe_fine_surface_confounded,1,strict,20,0.227026,0.081089,0.014357,0.414872,1,4986,0.276537,0.673977,0,1,,0.450094
per_model,meta-llama-Llama-3.1-8B,base,24,probe_fine_recall,probe_fine_surface_confounded,1,strict,20,0.235593,0.317344,0.011268,0.558547,1,2013,0.252464,0.870812,0,1,,0.769757
pooled,,pooled,24,probe_fine_recall,probe_fine_surface_confounded,1,strict,20,0.235593,0.317344,0.011268,0.558547,1,2013,0.286972,0.673977,0,1,,0.769757
per_model,meta-llama-Llama-3.1-8B,base,0,probe_fine_recall,probe_fine_surface_confounded,1,superclass_credit,20,0.243468,0.300956,-0.116265,0.618133,0,3549,0.278724,0.763022,0,1,,0.755813
per_model,weidawang-Chem-R-8B,chem-r,0,probe_fine_recall,probe_fine_surface_confounded,1,superclass_credit,20,-0.007118,0.97624,-0.475374,0.437275,0,4972,-0.0131,0.295216,0,0,,0.995027
per_model,phenixace-Chem-R-Faithful,chem,0,probe_fine_recall,probe_fine_surface_confounded,1,superclass_credit,20,0.110979,0.641358,-0.361478,0.543595,0,4940,0.195968,0.32071,0,0,,0.926285
per_model,OpenDFM-ChemDFM-v1.5-8B,chemdfm,0,probe_fine_recall,probe_fine_surface_confounded,1,superclass_credit,20,-0.161284,0.496943,-0.700797,0.40562,0,3563,-0.192736,0.700252,0,1,,0.878036
pooled,,pooled,0,probe_fine_recall,probe_fine_surface_confounded,1,superclass_credit,20,0.02505,0.825437,-0.318503,0.366618,0,5000,0.032394,0.597963,0,1,,0.976839
per_model,meta-llama-Llama-3.1-8B,base,8,probe_fine_recall,probe_fine_surface_confounded,1,superclass_credit,20,0.300647,0.197744,-0.065059,0.651949,0,4304,0.344182,0.763022,0,1,,0.655865
per_model,weidawang-Chem-R-8B,chem-r,8,probe_fine_recall,probe_fine_surface_confounded,1,superclass_credit,20,0.215297,0.361981,0.009424,0.530187,1,1979,0.396249,0.295216,0,0,,0.80356
per_model,phenixace-Chem-R-Faithful,chem,8,probe_fine_recall,probe_fine_surface_confounded,1,superclass_credit,20,0.153096,0.519318,-0.077294,0.463011,0,1979,0.270338,0.32071,0,0,,0.893011
per_model,OpenDFM-ChemDFM-v1.5-8B,chemdfm,8,probe_fine_recall,probe_fine_surface_confounded,1,superclass_credit,20,0.32702,0.159321,0.183154,0.646979,1,1979,0.390794,0.700252,0,1,,0.591902
per_model,deepseek-ai-DeepSeek-R1-Distill-Llama-8B,reason,8,probe_fine_recall,probe_fine_surface_confounded,1,superclass_credit,20,0.330039,0.155279,0.194205,0.650923,1,1979,0.345859,0.910612,0,1,,0.591587
pooled,,pooled,8,probe_fine_recall,probe_fine_surface_confounded,1,superclass_credit,20,0.214621,0.032011,-0.030505,0.442353,0,4990,0.277546,0.597963,0,1,,0.323805
per_model,meta-llama-Llama-3.1-8B,base,16,probe_fine_recall,probe_fine_surface_confounded,1,superclass_credit,20,0.279807,0.23216,-0.041446,0.632796,0,3566,0.320324,0.763022,0,1,,0.685651
per_model,OpenDFM-ChemDFM-v1.5-8B,chemdfm,16,probe_fine_recall,probe_fine_surface_confounded,1,superclass_credit,20,0.286187,0.221237,-0.053882,0.640509,0,3515,0.341998,0.700252,0,1,,0.67031
per_model,deepseek-ai-DeepSeek-R1-Distill-Llama-8B,reason,16,probe_fine_recall,probe_fine_surface_confounded,1,superclass_credit,20,0.268519,0.25233,0.064673,0.556332,1,1972,0.281389,0.910612,0,1,,0.710761
pooled,,pooled,16,probe_fine_recall,probe_fine_surface_confounded,1,superclass_credit,20,0.194083,0.137305,-0.051806,0.403599,0,4986,0.250986,0.597963,0,1,,0.575776
per_model,meta-llama-Llama-3.1-8B,base,24,probe_fine_recall,probe_fine_surface_confounded,1,superclass_credit,20,0.03252,0.891737,-0.260338,0.331684,0,2013,0.03723,0.763022,0,1,,0.98944
pooled,,pooled,24,probe_fine_recall,probe_fine_surface_confounded,1,superclass_credit,20,0.03252,0.891737,-0.260338,0.331684,0,2013,0.042055,0.597963,0,1,,0.98944
per_model,meta-llama-Llama-3.1-8B,base,0,probe_fine_recall,probe_fine_surface_confounded,1,commit,20,0.190387,0.421392,-0.19419,0.551382,0,3549,0.219944,0.749291,0,1,,0.844091
per_model,weidawang-Chem-R-8B,chem-r,0,probe_fine_recall,probe_fine_surface_confounded,1,commit,20,0.075472,0.751819,-0.421643,0.529122,0,4972,0.153288,0.242416,0,0,,0.961997
per_model,phenixace-Chem-R-Faithful,chem,0,probe_fine_recall,probe_fine_surface_confounded,1,commit,20,-0.065624,0.78341,-0.46356,0.365635,0,4940,-0.075521,0.755072,0,1,,0.970684
per_model,OpenDFM-ChemDFM-v1.5-8B,chemdfm,0,probe_fine_recall,probe_fine_surface_confounded,1,commit,20,-0.189254,0.424213,-0.709661,0.337672,0,3563,-0.242786,0.607636,0,1,,0.844143
pooled,,pooled,0,probe_fine_recall,probe_fine_surface_confounded,1,commit,20,0.004151,0.970851,-0.342037,0.341589,0,5000,0.00515,0.649516,0,1,,0.995027
per_model,meta-llama-Llama-3.1-8B,base,8,probe_fine_recall,probe_fine_surface_confounded,1,commit,20,0.354629,0.124982,-0.024115,0.644658,0,4304,0.409684,0.749291,0,1,,0.547448
per_model,weidawang-Chem-R-8B,chem-r,8,probe_fine_recall,probe_fine_surface_confounded,1,commit,20,0.216124,0.360095,0.027282,0.541357,1,1979,0.438958,0.242416,0,0,,0.80341
per_model,phenixace-Chem-R-Faithful,chem,8,probe_fine_recall,probe_fine_surface_confounded,1,commit,20,0.004348,0.985487,-0.275442,0.302563,0,1979,0.005003,0.755072,0,1,,0.99544
per_model,OpenDFM-ChemDFM-v1.5-8B,chemdfm,8,probe_fine_recall,probe_fine_surface_confounded,1,commit,20,0.243309,0.301283,0.057893,0.562741,1,1979,0.31213,0.607636,0,1,,0.755887
per_model,deepseek-ai-DeepSeek-R1-Distill-Llama-8B,reason,8,probe_fine_recall,probe_fine_surface_confounded,1,commit,20,0.225007,0.340196,0.028904,0.55025,1,1979,0.238084,0.893167,0,1,,0.783808
pooled,,pooled,8,probe_fine_recall,probe_fine_surface_confounded,1,commit,20,0.201584,0.044306,0.011391,0.376878,1,4990,0.250127,0.649516,0,1,,0.383398
per_model,meta-llama-Llama-3.1-8B,base,16,probe_fine_recall,probe_fine_surface_confounded,1,commit,20,0.489914,0.028326,0.267137,0.755603,1,3566,0.565972,0.749291,0,1,,0.299669
per_model,OpenDFM-ChemDFM-v1.5-8B,chemdfm,16,probe_fine_recall,probe_fine_surface_confounded,1,commit,20,0.227105,0.335593,-0.121065,0.602591,0,3515,0.291343,0.607636,0,1,,0.781717
per_model,deepseek-ai-DeepSeek-R1-Distill-Llama-8B,reason,16,probe_fine_recall,probe_fine_surface_confounded,1,commit,20,0.400817,0.07988,0.268229,0.688489,1,1972,0.424111,0.893167,0,1,,0.450094
pooled,,pooled,16,probe_fine_recall,probe_fine_surface_confounded,1,commit,20,0.259048,0.045649,0.028055,0.445333,1,4986,0.32143,0.649516,0,1,,0.385055
per_model,meta-llama-Llama-3.1-8B,base,24,probe_fine_recall,probe_fine_surface_confounded,1,commit,20,0.379112,0.099254,0.234119,0.702164,1,2013,0.437968,0.749291,0,1,,0.492198
pooled,,pooled,24,probe_fine_recall,probe_fine_surface_confounded,1,commit,20,0.379112,0.099254,0.234119,0.702164,1,2013,0.470406,0.649516,0,1,,0.492198
per_model,meta-llama-Llama-3.1-8B,base,0,probe_fine_recall,probe_fine_surface_confounded,1,conditional_acc,20,0.257163,0.273712,-0.12485,0.657609,0,3549,0.280799,0.838739,0,1,,0.731249
per_model,weidawang-Chem-R-8B,chem-r,0,probe_fine_recall,probe_fine_surface_confounded,1,conditional_acc,20,-0.268155,0.252999,-0.525726,0.063769,0,4683,,-0.256883,0,0,,0.710761
per_model,phenixace-Chem-R-Faithful,chem,0,probe_fine_recall,probe_fine_surface_confounded,1,conditional_acc,20,-0.318237,0.171492,-0.509806,-0.175097,1,4373,,,0,0,,0.606806
per_model,OpenDFM-ChemDFM-v1.5-8B,chemdfm,0,probe_fine_recall,probe_fine_surface_confounded,1,conditional_acc,20,0.050308,0.833174,-0.425625,0.519108,0,3562,0.063593,0.625842,0,1,,0.977237
pooled,,pooled,0,probe_fine_recall,probe_fine_surface_confounded,1,conditional_acc,20,-0.117625,0.298747,-0.319869,0.098678,0,5000,-0.175502,0.449197,0,0,,0.753245
per_model,meta-llama-Llama-3.1-8B,base,8,probe_fine_recall,probe_fine_surface_confounded,1,conditional_acc,20,0.518703,0.019114,0.171792,0.852476,1,4304,0.566376,0.838739,0,1,,0.24271
per_model,weidawang-Chem-R-8B,chem-r,8,probe_fine_recall,probe_fine_surface_confounded,1,conditional_acc,20,-0.189794,0.422867,-0.390179,-0.139289,1,1842,,-0.256883,0,0,,0.844091
per_model,phenixace-Chem-R-Faithful,chem,8,probe_fine_recall,probe_fine_surface_confounded,1,conditional_acc,20,-0.16515,0.486541,-0.338412,-0.110803,1,1718,,,0,0,,0.875607
per_model,OpenDFM-ChemDFM-v1.5-8B,chemdfm,8,probe_fine_recall,probe_fine_surface_confounded,1,conditional_acc,20,0.146916,0.536516,-0.082023,0.543269,0,1979,0.18571,0.625842,0,1,,0.898088
per_model,deepseek-ai-DeepSeek-R1-Distill-Llama-8B,reason,8,probe_fine_recall,probe_fine_surface_confounded,1,conditional_acc,20,0.313202,0.178749,0.135736,0.655278,1,1979,0.408069,0.589088,0,1,,0.619529
pooled,,pooled,8,probe_fine_recall,probe_fine_surface_confounded,1,conditional_acc,20,0.26791,0.007042,0.068564,0.45921,1,4990,0.399734,0.449197,0,0,,0.147758
per_model,meta-llama-Llama-3.1-8B,base,16,probe_fine_recall,probe_fine_surface_confounded,1,conditional_acc,20,0.467804,0.037526,0.185419,0.801061,1,3566,0.5108,0.838739,0,1,,0.346467
per_model,OpenDFM-ChemDFM-v1.5-8B,chemdfm,16,probe_fine_recall,probe_fine_surface_confounded,1,conditional_acc,20,-0.047661,0.841846,-0.448664,0.377028,0,3514,-0.060246,0.625842,0,1,,0.977847
per_model,deepseek-ai-DeepSeek-R1-Distill-Llama-8B,reason,16,probe_fine_recall,probe_fine_surface_confounded,1,conditional_acc,20,0.180053,0.447485,-0.096577,0.539829,0,1972,0.234591,0.589088,0,1,,0.860745
pooled,,pooled,16,probe_fine_recall,probe_fine_surface_confounded,1,conditional_acc,20,0.048164,0.714781,-0.227589,0.283144,0,4986,0.071863,0.449197,0,0,,0.95067
per_model,meta-llama-Llama-3.1-8B,base,24,probe_fine_recall,probe_fine_surface_confounded,1,conditional_acc,20,-0.033153,0.889644,-0.287857,0.2957,0,2013,-0.0362,0.838739,0,1,,0.98944
pooled,,pooled,24,probe_fine_recall,probe_fine_surface_confounded,1,conditional_acc,20,-0.033153,0.889644,-0.287857,0.2957,0,2013,-0.049466,0.449197,0,0,,0.98944
per_model,meta-llama-Llama-3.1-8B,base,0,probe_fine_recall,probe_fine_surface_confounded,1,underspecified,20,0.039789,0.867725,-0.382627,0.436277,0,3547,0.043695,0.829207,0,1,,0.987518
per_model,weidawang-Chem-R-8B,chem-r,0,probe_fine_recall,probe_fine_surface_confounded,1,underspecified,20,0.001742,0.994183,-0.425033,0.367695,0,4528,,-0.324026,0,0,,0.996812
per_model,phenixace-Chem-R-Faithful,chem,0,probe_fine_recall,probe_fine_surface_confounded,1,underspecified,20,0.144664,0.542847,-0.28335,0.462407,0,4919,0.150985,0.918021,0,1,,0.900255
per_model,OpenDFM-ChemDFM-v1.5-8B,chemdfm,0,probe_fine_recall,probe_fine_surface_confounded,1,underspecified,20,0.012345,0.958802,-0.425532,0.400549,0,3533,0.013827,0.797181,0,1,,0.992822
pooled,,pooled,0,probe_fine_recall,probe_fine_surface_confounded,1,underspecified,20,0.16598,0.141173,-0.071573,0.397684,0,5000,0.209658,0.626744,0,1,,0.579999
per_model,meta-llama-Llama-3.1-8B,base,8,probe_fine_recall,probe_fine_surface_confounded,1,underspecified,20,-0.19556,0.408644,-0.569852,0.285924,0,4301,-0.214758,0.829207,0,1,,0.836386
per_model,weidawang-Chem-R-8B,chem-r,8,probe_fine_recall,probe_fine_surface_confounded,1,underspecified,20,0.189918,0.422559,0.139374,0.378369,1,1786,,-0.324026,0,0,,0.844091
per_model,phenixace-Chem-R-Faithful,chem,8,probe_fine_recall,probe_fine_surface_confounded,1,underspecified,20,0.237075,0.31422,0.16515,0.454323,1,1966,0.247434,0.918021,0,1,,0.769757
per_model,OpenDFM-ChemDFM-v1.5-8B,chemdfm,8,probe_fine_recall,probe_fine_surface_confounded,1,underspecified,20,0.261882,0.264692,0.189794,0.492401,1,1944,0.293311,0.797181,0,1,,0.718547
per_model,deepseek-ai-DeepSeek-R1-Distill-Llama-8B,reason,8,probe_fine_recall,probe_fine_surface_confounded,1,underspecified,20,0.213513,0.366069,0.139424,0.410368,1,1931,0.223413,0.913335,0,1,,0.806078
pooled,,pooled,8,probe_fine_recall,probe_fine_surface_confounded,1,underspecified,20,-0.093467,0.354995,-0.425675,0.195632,0,4990,-0.118063,0.626744,0,1,,0.801897
per_model,meta-llama-Llama-3.1-8B,base,16,probe_fine_recall,probe_fine_surface_confounded,1,underspecified,20,-0.302396,0.19502,-0.733659,0.096731,0,3566,-0.332081,0.829207,0,1,,0.64896
per_model,OpenDFM-ChemDFM-v1.5-8B,chemdfm,16,probe_fine_recall,probe_fine_surface_confounded,1,underspecified,20,0.109736,0.645122,-0.225209,0.41766,0,3467,0.122905,0.797181,0,1,,0.927923
per_model,deepseek-ai-DeepSeek-R1-Distill-Llama-8B,reason,16,probe_fine_recall,probe_fine_surface_confounded,1,underspecified,20,-0.567588,0.009046,-0.895878,-0.390244,1,1972,-0.593906,0.913335,0,1,,0.172691
pooled,,pooled,16,probe_fine_recall,probe_fine_surface_confounded,1,underspecified,20,-0.276173,0.032683,-0.540737,-0.016979,1,4986,-0.348848,0.626744,0,1,,0.326485
per_model,meta-llama-Llama-3.1-8B,base,24,probe_fine_recall,probe_fine_surface_confounded,1,underspecified,20,-0.147181,0.535772,-0.54341,0.099319,0,2013,-0.161629,0.829207,0,1,,0.898088
pooled,,pooled,24,probe_fine_recall,probe_fine_surface_confounded,1,underspecified,20,-0.147181,0.535772,-0.54341,0.099319,0,2013,-0.185912,0.626744,0,1,,0.898088
per_model,meta-llama-Llama-3.1-8B,base,0,probe_fine_recall,probe_fine_surface_confounded,1,non_answer,20,-0.13238,0.577965,-0.461344,0.156371,0,3549,-0.155275,0.726841,0,1,,0.914301
per_model,weidawang-Chem-R-8B,chem-r,0,probe_fine_recall,probe_fine_surface_confounded,1,non_answer,20,-0.132009,0.579042,-0.564823,0.375159,0,4972,-0.238676,0.305906,0,0,,0.914618
per_model,phenixace-Chem-R-Faithful,chem,0,probe_fine_recall,probe_fine_surface_confounded,1,non_answer,20,-0.291892,0.211759,-0.701962,0.204552,0,4940,,-0.039064,0,0,,0.661235
per_model,OpenDFM-ChemDFM-v1.5-8B,chemdfm,0,probe_fine_recall,probe_fine_surface_confounded,1,non_answer,20,0.122757,0.606137,-0.333124,0.622812,0,3563,0.138148,0.789595,0,1,,0.915939
pooled,,pooled,0,probe_fine_recall,probe_fine_surface_confounded,1,non_answer,20,-0.09165,0.418778,-0.415955,0.254656,0,5000,-0.129586,0.500202,0,1,,0.844091
per_model,meta-llama-Llama-3.1-8B,base,8,probe_fine_recall,probe_fine_surface_confounded,1,non_answer,20,-0.169127,0.475959,-0.568419,0.219148,0,4304,-0.198378,0.726841,0,1,,0.872505
per_model,weidawang-Chem-R-8B,chem-r,8,probe_fine_recall,probe_fine_surface_confounded,1,non_answer,20,-0.359717,0.119281,-0.67253,-0.223031,1,1979,-0.65038,0.305906,0,0,,0.534742
per_model,phenixace-Chem-R-Faithful,chem,8,probe_fine_recall,probe_fine_surface_confounded,1,non_answer,20,-0.318551,0.171047,-0.654095,-0.159542,1,1979,,-0.039064,0,0,,0.606547
per_model,OpenDFM-ChemDFM-v1.5-8B,chemdfm,8,probe_fine_recall,probe_fine_surface_confounded,1,non_answer,20,-0.341542,0.140531,-0.658154,-0.207602,1,1979,-0.384364,0.789595,0,1,,0.579999
per_model,deepseek-ai-DeepSeek-R1-Distill-Llama-8B,reason,8,probe_fine_recall,probe_fine_surface_confounded,1,non_answer,20,-0.287856,0.218437,-0.616481,-0.129622,1,1979,-0.339776,0.717735,0,1,,0.665749
pooled,,pooled,8,probe_fine_recall,probe_fine_surface_confounded,1,non_answer,20,-0.204303,0.041459,-0.46111,0.110215,0,4990,-0.28887,0.500202,0,1,,0.366779
per_model,meta-llama-Llama-3.1-8B,base,16,probe_fine_recall,probe_fine_surface_confounded,1,non_answer,20,-0.038864,0.870775,-0.376484,0.278207,0,3566,-0.045585,0.726841,0,1,,0.988075
per_model,OpenDFM-ChemDFM-v1.5-8B,chemdfm,16,probe_fine_recall,probe_fine_surface_confounded,1,non_answer,20,-0.311147,0.18177,-0.645285,0.014111,0,3515,-0.350157,0.789595,0,1,,0.624511
per_model,deepseek-ai-DeepSeek-R1-Distill-Llama-8B,reason,16,probe_fine_recall,probe_fine_surface_confounded,1,non_answer,20,-0.376034,0.102256,-0.669004,-0.21689,1,1972,-0.443859,0.717735,0,1,,0.499852
pooled,,pooled,16,probe_fine_recall,probe_fine_surface_confounded,1,non_answer,20,-0.146536,0.263895,-0.374046,0.127915,0,4986,-0.207192,0.500202,0,1,,0.718547
per_model,meta-llama-Llama-3.1-8B,base,24,probe_fine_recall,probe_fine_surface_confounded,1,non_answer,20,0.02681,0.910667,-0.25386,0.329131,0,2013,0.031447,0.726841,0,1,,0.98944
pooled,,pooled,24,probe_fine_recall,probe_fine_surface_confounded,1,non_answer,20,0.02681,0.910667,-0.25386,0.329131,0,2013,0.037907,0.500202,0,1,,0.98944
per_model,meta-llama-Llama-3.1-8B,base,0,probe_fine_recall,probe_fine_surface_confounded,1,malformed,20,-0.307455,0.187284,-0.664064,0.038855,0,3549,-0.493845,0.387597,0,0,,0.634018
per_model,weidawang-Chem-R-8B,chem-r,0,probe_fine_recall,probe_fine_surface_confounded,1,malformed,20,-0.234949,0.318708,-0.689272,0.226173,0,4304,,,0,0,,0.770666
per_model,phenixace-Chem-R-Faithful,chem,0,probe_fine_recall,probe_fine_surface_confounded,1,malformed,20,-0.146576,0.537469,-0.579344,0.319396,0,4304,,,0,0,,0.898088
pooled,,pooled,0,probe_fine_recall,probe_fine_surface_confounded,1,malformed,20,-0.144683,0.27005,-0.460183,0.192278,0,5000,-0.230673,0.393403,0,0,,0.726332
per_model,meta-llama-Llama-3.1-8B,base,8,probe_fine_recall,probe_fine_surface_confounded,1,malformed,20,-0.057966,0.808203,-0.554605,0.478043,0,4304,-0.093108,0.387597,0,0,,0.975122
per_model,weidawang-Chem-R-8B,chem-r,8,probe_fine_recall,probe_fine_surface_confounded,1,malformed,20,0.190166,0.421943,0.139424,0.372161,1,1672,,,0,0,,0.844091
per_model,phenixace-Chem-R-Faithful,chem,8,probe_fine_recall,probe_fine_surface_confounded,1,malformed,20,0.190166,0.421943,0.139424,0.370943,1,1660,,,0,0,,0.844091
per_model,deepseek-ai-DeepSeek-R1-Distill-Llama-8B,reason,8,probe_fine_recall,probe_fine_surface_confounded,1,malformed,20,-0.430677,0.058006,-0.815541,-0.266793,1,1979,-0.681635,0.399209,0,0,,0.405644
pooled,,pooled,8,probe_fine_recall,probe_fine_surface_confounded,1,malformed,20,-0.067795,0.550161,-0.297641,0.187391,0,4990,-0.108088,0.393403,0,0,,0.90388
per_model,meta-llama-Llama-3.1-8B,base,16,probe_fine_recall,probe_fine_surface_confounded,1,malformed,20,-0.42092,0.064581,-0.719521,-0.168157,1,3566,-0.676097,0.387597,0,0,,0.420742
per_model,deepseek-ai-DeepSeek-R1-Distill-Llama-8B,reason,16,probe_fine_recall,probe_fine_surface_confounded,1,malformed,20,-0.111354,0.640226,-0.447061,0.175987,0,1971,-0.17624,0.399209,0,0,,0.926285
pooled,,pooled,16,probe_fine_recall,probe_fine_surface_confounded,1,malformed,20,-0.232911,0.148086,-0.555906,0.147494,0,4950,-0.371339,0.393403,0,0,,0.587189
per_model,meta-llama-Llama-3.1-8B,base,24,probe_fine_recall,probe_fine_surface_confounded,1,malformed,20,-0.293348,0.209384,-0.575496,-0.107154,1,2013,-0.471187,0.387597,0,0,,0.659759
pooled,,pooled,24,probe_fine_recall,probe_fine_surface_confounded,1,malformed,20,-0.293348,0.209384,-0.575496,-0.107154,1,2013,-0.467697,0.393403,0,0,,0.659759
per_model,meta-llama-Llama-3.1-8B,base,0,probe_fine_mean_p_true,probe_fine_surface_confounded,1,strict,20,0.460091,0.04123,-0.053663,0.762488,0,5000,0.493039,0.870812,0,1,,0.366027
per_model,weidawang-Chem-R-8B,chem-r,0,probe_fine_mean_p_true,probe_fine_surface_confounded,1,strict,20,0.191353,0.418995,-0.287838,0.625755,0,5000,0.367604,0.270964,0,0,,0.844091
per_model,phenixace-Chem-R-Faithful,chem,0,probe_fine_mean_p_true,probe_fine_surface_confounded,1,strict,20,0.139624,0.557138,-0.375201,0.591991,0,5000,0.156758,0.79334,0,1,,0.904215
per_model,OpenDFM-ChemDFM-v1.5-8B,chemdfm,0,probe_fine_mean_p_true,probe_fine_surface_confounded,1,strict,20,0.021904,0.926969,-0.442856,0.482297,0,5000,0.030924,0.501705,0,1,,0.98944
per_model,deepseek-ai-DeepSeek-R1-Distill-Llama-8B,reason,0,probe_fine_mean_p_true,probe_fine_surface_confounded,1,strict,20,0.178599,0.451223,-0.281501,0.575534,0,5000,0.184894,0.933064,0,1,,0.860745
pooled,,pooled,0,probe_fine_mean_p_true,probe_fine_surface_confounded,1,strict,20,0.198797,0.047388,-0.117547,0.452809,0,5000,0.242152,0.673977,0,1,,0.389308
per_model,meta-llama-Llama-3.1-8B,base,8,probe_fine_mean_p_true,probe_fine_surface_confounded,1,strict,20,0.374247,0.104029,-0.037337,0.696881,0,5000,0.401048,0.870812,0,1,,0.501194
per_model,weidawang-Chem-R-8B,chem-r,8,probe_fine_mean_p_true,probe_fine_surface_confounded,1,strict,20,0.089602,0.707164,-0.449983,0.600486,0,5000,0.172132,0.270964,0,0,,0.94776
per_model,phenixace-Chem-R-Faithful,chem,8,probe_fine_mean_p_true,probe_fine_surface_confounded,1,strict,20,0.216605,0.359,-0.239775,0.614023,0,5000,0.243186,0.79334,0,1,,0.80341
per_model,OpenDFM-ChemDFM-v1.5-8B,chemdfm,8,probe_fine_mean_p_true,probe_fine_surface_confounded,1,strict,20,0.29381,0.208635,-0.174561,0.652364,0,5000,0.414803,0.501705,0,1,,0.659759
per_model,deepseek-ai-DeepSeek-R1-Distill-Llama-8B,reason,8,probe_fine_mean_p_true,probe_fine_surface_confounded,1,strict,20,0.352676,0.127221,-0.089098,0.699131,0,5000,0.365107,0.933064,0,1,,0.555006
pooled,,pooled,8,probe_fine_mean_p_true,probe_fine_surface_confounded,1,strict,20,0.272012,0.006186,-0.03238,0.505425,0,5000,0.331333,0.673977,0,1,,0.14024
per_model,meta-llama-Llama-3.1-8B,base,16,probe_fine_mean_p_true,probe_fine_surface_confounded,1,strict,20,0.601657,0.005009,0.237517,0.834922,1,5000,0.644744,0.870812,0,1,,0.125922
per_model,weidawang-Chem-R-8B,chem-r,16,probe_fine_mean_p_true,probe_fine_surface_confounded,1,strict,20,0.123013,0.605382,-0.331442,0.588861,0,5000,0.236317,0.270964,0,0,,0.915939
per_model,phenixace-Chem-R-Faithful,chem,16,probe_fine_mean_p_true,probe_fine_surface_confounded,1,strict,20,0.104152,0.662125,-0.277885,0.482151,0,5000,0.116933,0.79334,0,1,,0.932817
per_model,OpenDFM-ChemDFM-v1.5-8B,chemdfm,16,probe_fine_mean_p_true,probe_fine_surface_confounded,1,strict,20,0.343659,0.137928,-0.120571,0.698462,0,5000,0.485181,0.501705,0,1,,0.575985
per_model,deepseek-ai-DeepSeek-R1-Distill-Llama-8B,reason,16,probe_fine_mean_p_true,probe_fine_surface_confounded,1,strict,20,0.409195,0.073208,-0.061613,0.720921,0,5000,0.423618,0.933064,0,1,,0.440463
pooled,,pooled,16,probe_fine_mean_p_true,probe_fine_surface_confounded,1,strict,20,0.319598,0.00119,0.041474,0.523903,1,5000,0.389297,0.673977,0,1,,0.058227
per_model,meta-llama-Llama-3.1-8B,base,24,probe_fine_mean_p_true,probe_fine_surface_confounded,1,strict,20,0.61973,0.003563,0.253313,0.865671,1,5000,0.66411,0.870812,0,1,,0.103992
per_model,weidawang-Chem-R-8B,chem-r,24,probe_fine_mean_p_true,probe_fine_surface_confounded,1,strict,20,0.314366,0.177053,-0.176262,0.778285,0,5000,0.603921,0.270964,0,0,,0.616649
per_model,phenixace-Chem-R-Faithful,chem,24,probe_fine_mean_p_true,probe_fine_surface_confounded,1,strict,20,0.163775,0.49023,-0.275813,0.591081,0,5000,0.183873,0.79334,0,1,,0.876281
per_model,OpenDFM-ChemDFM-v1.5-8B,chemdfm,24,probe_fine_mean_p_true,probe_fine_surface_confounded,1,strict,20,-0.03852,0.871909,-0.497345,0.390213,0,5000,-0.054383,0.501705,0,1,,0.988075
per_model,deepseek-ai-DeepSeek-R1-Distill-Llama-8B,reason,24,probe_fine_mean_p_true,probe_fine_surface_confounded,1,strict,20,0.685006,0.00086,0.354916,0.866523,1,5000,0.70915,0.933064,0,1,,0.050804
pooled,,pooled,24,probe_fine_mean_p_true,probe_fine_surface_confounded,1,strict,20,0.347903,0.00039,0.09585,0.533658,1,5000,0.423775,0.673977,0,1,,0.029971
per_model,meta-llama-Llama-3.1-8B,base,31,probe_fine_mean_p_true,probe_fine_surface_confounded,1,strict,20,0.056476,0.81305,-0.407732,0.508979,0,5000,0.06052,0.870812,0,1,,0.975122
per_model,weidawang-Chem-R-8B,chem-r,31,probe_fine_mean_p_true,probe_fine_surface_confounded,1,strict,20,0.138959,0.559035,-0.3271,0.563246,0,5000,0.266951,0.270964,0,0,,0.904215
per_model,phenixace-Chem-R-Faithful,chem,31,probe_fine_mean_p_true,probe_fine_surface_confounded,1,strict,20,0.299625,0.199347,-0.152181,0.638653,0,5000,0.336394,0.79334,0,1,,0.655865
per_model,OpenDFM-ChemDFM-v1.5-8B,chemdfm,31,probe_fine_mean_p_true,probe_fine_surface_confounded,1,strict,20,-0.327043,0.159291,-0.666938,0.094861,0,5000,-0.461722,0.501705,0,1,,0.591902
per_model,deepseek-ai-DeepSeek-R1-Distill-Llama-8B,reason,31,probe_fine_mean_p_true,probe_fine_surface_confounded,1,strict,20,0.614922,0.003909,0.273121,0.819722,1,5000,0.636597,0.933064,0,1,,0.109063
pooled,,pooled,31,probe_fine_mean_p_true,probe_fine_surface_confounded,1,strict,20,0.155934,0.121328,-0.062985,0.350742,0,5000,0.18994,0.673977,0,1,,0.539493
per_model,meta-llama-Llama-3.1-8B,base,0,probe_fine_mean_p_true,probe_fine_surface_confounded,1,superclass_credit,20,0.279368,0.232925,-0.206149,0.663377,0,5000,0.319822,0.763022,0,1,,0.685651
per_model,weidawang-Chem-R-8B,chem-r,0,probe_fine_mean_p_true,probe_fine_surface_confounded,1,superclass_credit,20,0.069726,0.77021,-0.458145,0.55623,0,5000,0.128328,0.295216,0,0,,0.969666
per_model,phenixace-Chem-R-Faithful,chem,0,probe_fine_mean_p_true,probe_fine_surface_confounded,1,superclass_credit,20,0.320564,0.168208,-0.17315,0.720139,0,5000,0.566054,0.32071,0,0,,0.604796
per_model,OpenDFM-ChemDFM-v1.5-8B,chemdfm,0,probe_fine_mean_p_true,probe_fine_surface_confounded,1,superclass_credit,20,0.027893,0.907073,-0.441174,0.485246,0,5000,0.033333,0.700252,0,1,,0.98944
per_model,deepseek-ai-DeepSeek-R1-Distill-Llama-8B,reason,0,probe_fine_mean_p_true,probe_fine_surface_confounded,1,superclass_credit,20,0.113877,0.632621,-0.362858,0.546506,0,5000,0.119335,0.910612,0,1,,0.925877
pooled,,pooled,0,probe_fine_mean_p_true,probe_fine_surface_confounded,1,superclass_credit,20,0.164488,0.101973,-0.167335,0.442759,0,5000,0.212715,0.597963,0,1,,0.499852
per_model,meta-llama-Llama-3.1-8B,base,8,probe_fine_mean_p_true,probe_fine_surface_confounded,1,superclass_credit,20,0.226657,0.336573,-0.273808,0.671616,0,5000,0.259478,0.763022,0,1,,0.782563
per_model,weidawang-Chem-R-8B,chem-r,8,probe_fine_mean_p_true,probe_fine_surface_confounded,1,superclass_credit,20,0.099283,0.677081,-0.440268,0.632163,0,5000,0.182728,0.295216,0,0,,0.936374
per_model,phenixace-Chem-R-Faithful,chem,8,probe_fine_mean_p_true,probe_fine_surface_confounded,1,superclass_credit,20,0.34943,0.131005,-0.160004,0.76757,0,5000,0.617026,0.32071,0,0,,0.561235
per_model,OpenDFM-ChemDFM-v1.5-8B,chemdfm,8,probe_fine_mean_p_true,probe_fine_surface_confounded,1,superclass_credit,20,0.257068,0.273894,-0.272795,0.607213,0,5000,0.3072,0.700252,0,1,,0.731249
per_model,deepseek-ai-DeepSeek-R1-Distill-Llama-8B,reason,8,probe_fine_mean_p_true,probe_fine_surface_confounded,1,superclass_credit,20,0.251887,0.28402,-0.223419,0.660586,0,5000,0.26396,0.910612,0,1,,0.740174
pooled,,pooled,8,probe_fine_mean_p_true,probe_fine_surface_confounded,1,superclass_credit,20,0.234,0.019119,-0.120117,0.535466,0,5000,0.302607,0.597963,0,1,,0.24271
per_model,meta-llama-Llama-3.1-8B,base,16,probe_fine_mean_p_true,probe_fine_surface_confounded,1,superclass_credit,20,0.365964,0.112539,-0.050117,0.683876,0,5000,0.418958,0.763022,0,1,,0.52155
per_model,weidawang-Chem-R-8B,chem-r,16,probe_fine_mean_p_true,probe_fine_surface_confounded,1,superclass_credit,20,0.176588,0.456419,-0.26907,0.608139,0,5000,0.325005,0.295216,0,0,,0.860956
per_model,phenixace-Chem-R-Faithful,chem,16,probe_fine_mean_p_true,probe_fine_surface_confounded,1,superclass_credit,20,0.357026,0.122273,-0.08794,0.745809,0,5000,0.630439,0.32071,0,0,,0.541559
per_model,OpenDFM-ChemDFM-v1.5-8B,chemdfm,16,probe_fine_mean_p_true,probe_fine_surface_confounded,1,superclass_credit,20,0.442519,0.050722,-0.025157,0.761984,0,5000,0.528817,0.700252,0,1,,0.394376
per_model,deepseek-ai-DeepSeek-R1-Distill-Llama-8B,reason,16,probe_fine_mean_p_true,probe_fine_surface_confounded,1,superclass_credit,20,0.302415,0.194991,-0.170178,0.663402,0,5000,0.31691,0.910612,0,1,,0.64896
pooled,,pooled,16,probe_fine_mean_p_true,probe_fine_surface_confounded,1,superclass_credit,20,0.323565,0.001024,0.038736,0.566454,1,5000,0.418432,0.597963,0,1,,0.055332
per_model,meta-llama-Llama-3.1-8B,base,24,probe_fine_mean_p_true,probe_fine_surface_confounded,1,superclass_credit,20,0.450302,0.046332,-0.000777,0.751662,0,5000,0.515508,0.763022,0,1,,0.385462
per_model,weidawang-Chem-R-8B,chem-r,24,probe_fine_mean_p_true,probe_fine_surface_confounded,1,superclass_credit,20,0.247829,0.292108,-0.261929,0.730417,0,5000,0.456123,0.295216,0,0,,0.749589
per_model,phenixace-Chem-R-Faithful,chem,24,probe_fine_mean_p_true,probe_fine_surface_confounded,1,superclass_credit,20,0.337276,0.145881,-0.142006,0.753794,0,5000,0.595564,0.32071,0,0,,0.586994
per_model,OpenDFM-ChemDFM-v1.5-8B,chemdfm,24,probe_fine_mean_p_true,probe_fine_surface_confounded,1,superclass_credit,20,-0.004523,0.9849,-0.501346,0.443279,0,5000,-0.005405,0.700252,0,1,,0.99544
per_model,deepseek-ai-DeepSeek-R1-Distill-Llama-8B,reason,24,probe_fine_mean_p_true,probe_fine_surface_confounded,1,superclass_credit,20,0.627454,0.003061,0.254902,0.837814,1,5000,0.657529,0.910612,0,1,,0.096811
pooled,,pooled,24,probe_fine_mean_p_true,probe_fine_surface_confounded,1,superclass_credit,20,0.326,0.000933,0.029282,0.556432,1,5000,0.421581,0.597963,0,1,,0.051508
per_model,meta-llama-Llama-3.1-8B,base,31,probe_fine_mean_p_true,probe_fine_surface_confounded,1,superclass_credit,20,0.004518,0.984917,-0.468773,0.467621,0,5000,0.005172,0.763022,0,1,,0.99544
per_model,weidawang-Chem-R-8B,chem-r,31,probe_fine_mean_p_true,probe_fine_surface_confounded,1,superclass_credit,20,-0.030315,0.89904,-0.444714,0.396637,0,5000,-0.055795,0.295216,0,0,,0.98944
per_model,phenixace-Chem-R-Faithful,chem,31,probe_fine_mean_p_true,probe_fine_surface_confounded,1,superclass_credit,20,0.156484,0.510003,-0.316088,0.551698,0,5000,0.27632,0.32071,0,0,,0.886916
per_model,OpenDFM-ChemDFM-v1.5-8B,chemdfm,31,probe_fine_mean_p_true,probe_fine_surface_confounded,1,superclass_credit,20,-0.386733,0.092097,-0.693146,0.02503,0,5000,-0.462152,0.700252,0,1,,0.475275
per_model,deepseek-ai-DeepSeek-R1-Distill-Llama-8B,reason,31,probe_fine_mean_p_true,probe_fine_surface_confounded,1,superclass_credit,20,0.527152,0.016923,0.160884,0.764439,1,5000,0.552419,0.910612,0,1,,0.226474
pooled,,pooled,31,probe_fine_mean_p_true,probe_fine_surface_confounded,1,superclass_credit,20,0.048826,0.629512,-0.20387,0.296557,0,5000,0.063142,0.597963,0,1,,0.925877
per_model,meta-llama-Llama-3.1-8B,base,0,probe_fine_mean_p_true,probe_fine_surface_confounded,1,commit,20,0.429704,0.058638,-0.077409,0.737492,0,5000,0.496414,0.749291,0,1,,0.405672
per_model,weidawang-Chem-R-8B,chem-r,0,probe_fine_mean_p_true,probe_fine_surface_confounded,1,commit,20,0.128575,0.589038,-0.362015,0.586454,0,5000,0.261141,0.242416,0,0,,0.914685
per_model,phenixace-Chem-R-Faithful,chem,0,probe_fine_mean_p_true,probe_fine_surface_confounded,1,commit,20,0.086826,0.71587,-0.410815,0.540701,0,5000,0.099921,0.755072,0,1,,0.95162
per_model,OpenDFM-ChemDFM-v1.5-8B,chemdfm,0,probe_fine_mean_p_true,probe_fine_surface_confounded,1,commit,20,0.088809,0.709649,-0.379309,0.516661,0,5000,0.113929,0.607636,0,1,,0.948496
per_model,deepseek-ai-DeepSeek-R1-Distill-Llama-8B,reason,0,probe_fine_mean_p_true,probe_fine_surface_confounded,1,commit,20,0.237468,0.313395,-0.234544,0.611826,0,5000,0.251269,0.893167,0,1,,0.769546
pooled,,pooled,0,probe_fine_mean_p_true,probe_fine_surface_confounded,1,commit,20,0.195646,0.051086,-0.098018,0.420704,0,5000,0.24276,0.649516,0,1,,0.394376
per_model,meta-llama-Llama-3.1-8B,base,8,probe_fine_mean_p_true,probe_fine_surface_confounded,1,commit,20,0.290238,0.214479,-0.145031,0.625394,0,5000,0.335297,0.749291,0,1,,0.661235
per_model,weidawang-Chem-R-8B,chem-r,8,probe_fine_mean_p_true,probe_fine_surface_confounded,1,commit,20,0.006847,0.977144,-0.517447,0.535435,0,5000,0.013907,0.242416,0,0,,0.995027
per_model,phenixace-Chem-R-Faithful,chem,8,probe_fine_mean_p_true,probe_fine_surface_confounded,1,commit,20,0.122311,0.607456,-0.334136,0.527415,0,5000,0.140758,0.755072,0,1,,0.915939
per_model,OpenDFM-ChemDFM-v1.5-8B,chemdfm,8,probe_fine_mean_p_true,probe_fine_surface_confounded,1,commit,20,0.316523,0.17394,-0.169289,0.682644,0,5000,0.406053,0.607636,0,1,,0.610611
per_model,deepseek-ai-DeepSeek-R1-Distill-Llama-8B,reason,8,probe_fine_mean_p_true,probe_fine_surface_confounded,1,commit,20,0.356579,0.122775,-0.070595,0.704795,0,5000,0.377302,0.893167,0,1,,0.541559
pooled,,pooled,8,probe_fine_mean_p_true,probe_fine_surface_confounded,1,commit,20,0.218711,0.028804,-0.054657,0.464254,0,5000,0.271379,0.649516,0,1,,0.302207
per_model,meta-llama-Llama-3.1-8B,base,16,probe_fine_mean_p_true,probe_fine_surface_confounded,1,commit,20,0.546553,0.012649,0.113114,0.830414,1,5000,0.631404,0.749291,0,1,,0.19824
per_model,weidawang-Chem-R-8B,chem-r,16,probe_fine_mean_p_true,probe_fine_surface_confounded,1,commit,20,0.034236,0.886061,-0.451841,0.557683,0,5000,0.069535,0.242416,0,0,,0.98944
per_model,phenixace-Chem-R-Faithful,chem,16,probe_fine_mean_p_true,probe_fine_surface_confounded,1,commit,20,0.02869,0.904428,-0.348801,0.422114,0,5000,0.033017,0.755072,0,1,,0.98944
per_model,OpenDFM-ChemDFM-v1.5-8B,chemdfm,16,probe_fine_mean_p_true,probe_fine_surface_confounded,1,commit,20,0.389391,0.089693,-0.070685,0.707174,0,5000,0.499533,0.607636,0,1,,0.469546
per_model,deepseek-ai-DeepSeek-R1-Distill-Llama-8B,reason,16,probe_fine_mean_p_true,probe_fine_surface_confounded,1,commit,20,0.399549,0.080928,-0.078375,0.722943,0,5000,0.42277,0.893167,0,1,,0.450094
pooled,,pooled,16,probe_fine_mean_p_true,probe_fine_surface_confounded,1,commit,20,0.277592,0.005171,-0.005963,0.515902,0,5000,0.344438,0.649516,0,1,,0.126239
per_model,meta-llama-Llama-3.1-8B,base,24,probe_fine_mean_p_true,probe_fine_surface_confounded,1,commit,20,0.587262,0.00648,0.170594,0.820138,1,5000,0.678432,0.749291,0,1,,0.142543
per_model,weidawang-Chem-R-8B,chem-r,24,probe_fine_mean_p_true,probe_fine_surface_confounded,1,commit,20,0.230522,0.328174,-0.268844,0.728398,0,5000,0.4682,0.242416,0,0,,0.778294
per_model,phenixace-Chem-R-Faithful,chem,24,probe_fine_mean_p_true,probe_fine_surface_confounded,1,commit,20,0.072481,0.761378,-0.355957,0.505439,0,5000,0.083412,0.755072,0,1,,0.965332
per_model,OpenDFM-ChemDFM-v1.5-8B,chemdfm,24,probe_fine_mean_p_true,probe_fine_surface_confounded,1,commit,20,-0.011386,0.962002,-0.481624,0.414182,0,5000,-0.014606,0.607636,0,1,,0.99433
per_model,deepseek-ai-DeepSeek-R1-Distill-Llama-8B,reason,24,probe_fine_mean_p_true,probe_fine_surface_confounded,1,commit,20,0.665664,0.001358,0.314616,0.858342,1,5000,0.70435,0.893167,0,1,,0.06047
pooled,,pooled,24,probe_fine_mean_p_true,probe_fine_surface_confounded,1,commit,20,0.308866,0.001768,0.04091,0.505607,1,5000,0.383244,0.649516,0,1,,0.070144
per_model,meta-llama-Llama-3.1-8B,base,31,probe_fine_mean_p_true,probe_fine_surface_confounded,1,commit,20,0.075387,0.752093,-0.368292,0.5065,0,5000,0.08709,0.749291,0,1,,0.961997
per_model,weidawang-Chem-R-8B,chem-r,31,probe_fine_mean_p_true,probe_fine_surface_confounded,1,commit,20,0.126293,0.595722,-0.326983,0.556896,0,5000,0.256506,0.242416,0,0,,0.914685
per_model,phenixace-Chem-R-Faithful,chem,31,probe_fine_mean_p_true,probe_fine_surface_confounded,1,commit,20,0.244623,0.298598,-0.226857,0.603966,0,5000,0.281516,0.755072,0,1,,0.753245
per_model,OpenDFM-ChemDFM-v1.5-8B,chemdfm,31,probe_fine_mean_p_true,probe_fine_surface_confounded,1,commit,20,-0.362066,0.116713,-0.657814,0.03068,0,5000,-0.464478,0.607636,0,1,,0.530076
per_model,deepseek-ai-DeepSeek-R1-Distill-Llama-8B,reason,31,probe_fine_mean_p_true,probe_fine_surface_confounded,1,commit,20,0.61817,0.003673,0.261229,0.83935,1,5000,0.654096,0.893167,0,1,,0.105961
pooled,,pooled,31,probe_fine_mean_p_true,probe_fine_surface_confounded,1,commit,20,0.144374,0.151827,-0.089931,0.351071,0,5000,0.179141,0.649516,0,1,,0.590334
per_model,meta-llama-Llama-3.1-8B,base,0,probe_fine_mean_p_true,probe_fine_surface_confounded,1,conditional_acc,20,0.504511,0.023298,0.052367,0.790823,1,5000,0.55088,0.838739,0,1,,0.26884
per_model,weidawang-Chem-R-8B,chem-r,0,probe_fine_mean_p_true,probe_fine_surface_confounded,1,conditional_acc,20,0.182929,0.44014,-0.244881,0.56104,0,4708,,-0.256883,0,0,,0.856376
per_model,phenixace-Chem-R-Faithful,chem,0,probe_fine_mean_p_true,probe_fine_surface_confounded,1,conditional_acc,20,0.238765,0.310681,-0.117503,0.566781,0,4430,,,0,0,,0.764864
per_model,OpenDFM-ChemDFM-v1.5-8B,chemdfm,0,probe_fine_mean_p_true,probe_fine_surface_confounded,1,conditional_acc,20,-0.064196,0.788019,-0.562582,0.429031,0,4999,-0.081147,0.625842,0,1,,0.970684
per_model,deepseek-ai-DeepSeek-R1-Distill-Llama-8B,reason,0,probe_fine_mean_p_true,probe_fine_surface_confounded,1,conditional_acc,20,-0.135584,0.56871,-0.548217,0.313013,0,5000,-0.176652,0.589088,0,1,,0.909997
pooled,,pooled,0,probe_fine_mean_p_true,probe_fine_surface_confounded,1,conditional_acc,20,0.113152,0.262332,-0.124856,0.344705,0,5000,0.168827,0.449197,0,0,,0.717622
per_model,meta-llama-Llama-3.1-8B,base,8,probe_fine_mean_p_true,probe_fine_surface_confounded,1,conditional_acc,20,0.435422,0.054998,0.029832,0.767756,1,5000,0.475441,0.838739,0,1,,0.402212
per_model,weidawang-Chem-R-8B,chem-r,8,probe_fine_mean_p_true,probe_fine_surface_confounded,1,conditional_acc,20,0.241269,0.305481,-0.214584,0.641284,0,4708,,-0.256883,0,0,,0.761154
per_model,phenixace-Chem-R-Faithful,chem,8,probe_fine_mean_p_true,probe_fine_surface_confounded,1,conditional_acc,20,0.388262,0.090709,0.056484,0.694037,1,4430,,,0,0,,0.471418
per_model,OpenDFM-ChemDFM-v1.5-8B,chemdfm,8,probe_fine_mean_p_true,probe_fine_surface_confounded,1,conditional_acc,20,0.164605,0.488002,-0.306433,0.610325,0,4999,0.20807,0.625842,0,1,,0.875607
per_model,deepseek-ai-DeepSeek-R1-Distill-Llama-8B,reason,8,probe_fine_mean_p_true,probe_fine_surface_confounded,1,conditional_acc,20,0.239638,0.308862,-0.235619,0.625754,0,5000,0.312223,0.589088,0,1,,0.76483
pooled,,pooled,8,probe_fine_mean_p_true,probe_fine_surface_confounded,1,conditional_acc,20,0.269287,0.006744,0.032265,0.467948,1,5000,0.401788,0.449197,0,0,,0.144003
per_model,meta-llama-Llama-3.1-8B,base,16,probe_fine_mean_p_true,probe_fine_surface_confounded,1,conditional_acc,20,0.636263,0.002562,0.266909,0.837403,1,5000,0.694741,0.838739,0,1,,0.086733
per_model,weidawang-Chem-R-8B,chem-r,16,probe_fine_mean_p_true,probe_fine_surface_confounded,1,conditional_acc,20,0.40541,0.076168,0.015189,0.718782,1,4708,,-0.256883,0,0,,0.444977
per_model,phenixace-Chem-R-Faithful,chem,16,probe_fine_mean_p_true,probe_fine_surface_confounded,1,conditional_acc,20,0.452793,0.04499,0.141859,0.713274,1,4430,,,0,0,,0.383398
per_model,OpenDFM-ChemDFM-v1.5-8B,chemdfm,16,probe_fine_mean_p_true,probe_fine_surface_confounded,1,conditional_acc,20,0.177773,0.453352,-0.34246,0.635,0,4999,0.224716,0.625842,0,1,,0.860745
per_model,deepseek-ai-DeepSeek-R1-Distill-Llama-8B,reason,16,probe_fine_mean_p_true,probe_fine_surface_confounded,1,conditional_acc,20,0.271169,0.247498,-0.211654,0.658793,0,5000,0.353305,0.589088,0,1,,0.708451
pooled,,pooled,16,probe_fine_mean_p_true,probe_fine_surface_confounded,1,conditional_acc,20,0.356522,0.000272,0.163117,0.526249,1,5000,0.531946,0.449197,0,0,,0.029649
per_model,meta-llama-Llama-3.1-8B,base,24,probe_fine_mean_p_true,probe_fine_surface_confounded,1,conditional_acc,20,0.625819,0.003162,0.232994,0.872083,1,5000,0.683337,0.838739,0,1,,0.096811
per_model,weidawang-Chem-R-8B,chem-r,24,probe_fine_mean_p_true,probe_fine_surface_confounded,1,conditional_acc,20,0.351026,0.129135,-0.056034,0.681988,0,4708,,-0.256883,0,0,,0.559282
per_model,phenixace-Chem-R-Faithful,chem,24,probe_fine_mean_p_true,probe_fine_surface_confounded,1,conditional_acc,20,0.399017,0.08137,0.040274,0.689376,1,4430,,,0,0,,0.450094
per_model,OpenDFM-ChemDFM-v1.5-8B,chemdfm,24,probe_fine_mean_p_true,probe_fine_surface_confounded,1,conditional_acc,20,0.067488,0.777404,-0.429472,0.515725,0,4999,0.085309,0.625842,0,1,,0.969666
per_model,deepseek-ai-DeepSeek-R1-Distill-Llama-8B,reason,24,probe_fine_mean_p_true,probe_fine_surface_confounded,1,conditional_acc,20,0.427249,0.060255,-2e-05,0.747838,0,5000,0.556661,0.589088,0,1,,0.407969
pooled,,pooled,24,probe_fine_mean_p_true,probe_fine_surface_confounded,1,conditional_acc,20,0.371564,0.000141,0.137168,0.578328,1,5000,0.55439,0.449197,0,0,,0.028587
per_model,meta-llama-Llama-3.1-8B,base,31,probe_fine_mean_p_true,probe_fine_surface_confounded,1,conditional_acc,20,-0.018477,0.93837,-0.467759,0.453988,0,5000,-0.020176,0.838739,0,1,,0.98944
per_model,weidawang-Chem-R-8B,chem-r,31,probe_fine_mean_p_true,probe_fine_surface_confounded,1,conditional_acc,20,0.097892,0.681377,-0.281931,0.436461,0,4708,,-0.256883,0,0,,0.939859
per_model,phenixace-Chem-R-Faithful,chem,31,probe_fine_mean_p_true,probe_fine_surface_confounded,1,conditional_acc,20,0.251671,0.284446,-0.071537,0.561047,0,4430,,,0,0,,0.740174
per_model,OpenDFM-ChemDFM-v1.5-8B,chemdfm,31,probe_fine_mean_p_true,probe_fine_surface_confounded,1,conditional_acc,20,0.023045,0.923175,-0.424224,0.462228,0,4999,0.02913,0.625842,0,1,,0.98944
per_model,deepseek-ai-DeepSeek-R1-Distill-Llama-8B,reason,31,probe_fine_mean_p_true,probe_fine_surface_confounded,1,conditional_acc,20,0.361033,0.117837,-0.080047,0.726562,0,5000,0.470389,0.589088,0,1,,0.533114
pooled,,pooled,31,probe_fine_mean_p_true,probe_fine_surface_confounded,1,conditional_acc,20,0.146227,0.146584,-0.090246,0.376436,0,5000,0.218178,0.449197,0,0,,0.587189
per_model,meta-llama-Llama-3.1-8B,base,0,probe_fine_mean_p_true,probe_fine_surface_confounded,1,underspecified,20,-0.473269,0.035062,-0.779151,-0.023608,1,4996,-0.519729,0.829207,0,1,,0.334668
per_model,weidawang-Chem-R-8B,chem-r,0,probe_fine_mean_p_true,probe_fine_surface_confounded,1,underspecified,20,-0.375991,0.102299,-0.655991,-0.032934,1,4551,,-0.324026,0,0,,0.499852
per_model,phenixace-Chem-R-Faithful,chem,0,probe_fine_mean_p_true,probe_fine_surface_confounded,1,underspecified,20,-0.044112,0.853495,-0.474234,0.409407,0,4979,-0.046039,0.918021,0,1,,0.980293
per_model,OpenDFM-ChemDFM-v1.5-8B,chemdfm,0,probe_fine_mean_p_true,probe_fine_surface_confounded,1,underspecified,20,-0.296752,0.203901,-0.705484,0.184662,0,4941,-0.332365,0.797181,0,1,,0.658342
per_model,deepseek-ai-DeepSeek-R1-Distill-Llama-8B,reason,0,probe_fine_mean_p_true,probe_fine_surface_confounded,1,underspecified,20,-0.264189,0.260353,-0.602488,0.151785,0,4905,-0.276439,0.913335,0,1,,0.714633
pooled,,pooled,0,probe_fine_mean_p_true,probe_fine_surface_confounded,1,underspecified,20,-0.266848,0.007279,-0.464633,0.004581,0,5000,-0.337069,0.626744,0,1,,0.148798
per_model,meta-llama-Llama-3.1-8B,base,8,probe_fine_mean_p_true,probe_fine_surface_confounded,1,underspecified,20,-0.382573,0.095955,-0.802838,0.113117,0,4996,-0.420129,0.829207,0,1,,0.485319
per_model,weidawang-Chem-R-8B,chem-r,8,probe_fine_mean_p_true,probe_fine_surface_confounded,1,underspecified,20,0.016821,0.943887,-0.377677,0.383216,0,4551,,-0.324026,0,0,,0.98944
per_model,phenixace-Chem-R-Faithful,chem,8,probe_fine_mean_p_true,probe_fine_surface_confounded,1,underspecified,20,0.028232,0.90595,-0.373706,0.427754,0,4979,0.029465,0.918021,0,1,,0.98944
per_model,OpenDFM-ChemDFM-v1.5-8B,chemdfm,8,probe_fine_mean_p_true,probe_fine_surface_confounded,1,underspecified,20,-0.042637,0.858346,-0.481998,0.382167,0,4941,-0.047754,0.797181,0,1,,0.981154
per_model,deepseek-ai-DeepSeek-R1-Distill-Llama-8B,reason,8,probe_fine_mean_p_true,probe_fine_surface_confounded,1,underspecified,20,-0.290145,0.214634,-0.654056,0.11449,0,4905,-0.303598,0.913335,0,1,,0.661235
pooled,,pooled,8,probe_fine_mean_p_true,probe_fine_surface_confounded,1,underspecified,20,-0.148246,0.141031,-0.383401,0.128247,0,5000,-0.187256,0.626744,0,1,,0.579999
per_model,meta-llama-Llama-3.1-8B,base,16,probe_fine_mean_p_true,probe_fine_surface_confounded,1,underspecified,20,-0.555721,0.010958,-0.830033,-0.116045,1,4996,-0.610274,0.829207,0,1,,0.189509
per_model,weidawang-Chem-R-8B,chem-r,16,probe_fine_mean_p_true,probe_fine_surface_confounded,1,underspecified,20,-0.094987,0.690375,-0.623643,0.469667,0,4551,,-0.324026,0,0,,0.940872
per_model,phenixace-Chem-R-Faithful,chem,16,probe_fine_mean_p_true,probe_fine_surface_confounded,1,underspecified,20,-0.007058,0.976441,-0.434552,0.418418,0,4979,-0.007366,0.918021,0,1,,0.995027
per_model,OpenDFM-ChemDFM-v1.5-8B,chemdfm,16,probe_fine_mean_p_true,probe_fine_surface_confounded,1,underspecified,20,-0.01876,0.937428,-0.528642,0.446376,0,4941,-0.021012,0.797181,0,1,,0.98944
per_model,deepseek-ai-DeepSeek-R1-Distill-Llama-8B,reason,16,probe_fine_mean_p_true,probe_fine_surface_confounded,1,underspecified,20,-0.557115,0.010718,-0.798126,-0.19121,1,4905,-0.582948,0.913335,0,1,,0.187712
pooled,,pooled,16,probe_fine_mean_p_true,probe_fine_surface_confounded,1,underspecified,20,-0.240499,0.015942,-0.485935,0.067871,0,5000,-0.303786,0.626744,0,1,,0.217618
per_model,meta-llama-Llama-3.1-8B,base,24,probe_fine_mean_p_true,probe_fine_surface_confounded,1,underspecified,20,-0.384222,0.094412,-0.748309,0.166123,0,4996,-0.42194,0.829207,0,1,,0.482319
per_model,weidawang-Chem-R-8B,chem-r,24,probe_fine_mean_p_true,probe_fine_surface_confounded,1,underspecified,20,-0.297824,0.202193,-0.611415,0.062433,0,4551,,-0.324026,0,0,,0.657936
per_model,phenixace-Chem-R-Faithful,chem,24,probe_fine_mean_p_true,probe_fine_surface_confounded,1,underspecified,20,-0.107633,0.651506,-0.507974,0.312654,0,4979,-0.112336,0.918021,0,1,,0.929371
per_model,OpenDFM-ChemDFM-v1.5-8B,chemdfm,24,probe_fine_mean_p_true,probe_fine_surface_confounded,1,underspecified,20,0.127057,0.593478,-0.378217,0.575166,0,4941,0.142305,0.797181,0,1,,0.914685
per_model,deepseek-ai-DeepSeek-R1-Distill-Llama-8B,reason,24,probe_fine_mean_p_true,probe_fine_surface_confounded,1,underspecified,20,-0.584924,0.006749,-0.811562,-0.251092,1,4905,-0.612047,0.913335,0,1,,0.144003
pooled,,pooled,24,probe_fine_mean_p_true,probe_fine_surface_confounded,1,underspecified,20,-0.190006,0.058297,-0.415489,0.105444,0,5000,-0.240006,0.626744,0,1,,0.405644
per_model,meta-llama-Llama-3.1-8B,base,31,probe_fine_mean_p_true,probe_fine_surface_confounded,1,underspecified,20,-0.095643,0.688339,-0.530293,0.356432,0,4996,-0.105032,0.829207,0,1,,0.940631
per_model,weidawang-Chem-R-8B,chem-r,31,probe_fine_mean_p_true,probe_fine_surface_confounded,1,underspecified,20,-0.267151,0.254846,-0.633973,0.179612,0,4551,,-0.324026,0,0,,0.712507
per_model,phenixace-Chem-R-Faithful,chem,31,probe_fine_mean_p_true,probe_fine_surface_confounded,1,underspecified,20,-0.349366,0.13108,-0.690727,0.123278,0,4979,-0.364632,0.918021,0,1,,0.561235
per_model,OpenDFM-ChemDFM-v1.5-8B,chemdfm,31,probe_fine_mean_p_true,probe_fine_surface_confounded,1,underspecified,20,0.006822,0.977228,-0.455736,0.495628,0,4941,0.007641,0.797181,0,1,,0.995027
per_model,deepseek-ai-DeepSeek-R1-Distill-Llama-8B,reason,31,probe_fine_mean_p_true,probe_fine_surface_confounded,1,underspecified,20,-0.637762,0.002484,-0.854039,-0.348645,1,4905,-0.667335,0.913335,0,1,,0.085589
pooled,,pooled,31,probe_fine_mean_p_true,probe_fine_surface_confounded,1,underspecified,20,-0.199736,0.046331,-0.412641,0.056478,0,5000,-0.252296,0.626744,0,1,,0.385462
per_model,meta-llama-Llama-3.1-8B,base,0,probe_fine_mean_p_true,probe_fine_surface_confounded,1,non_answer,20,-0.01963,0.934532,-0.50793,0.422155,0,5000,-0.023025,0.726841,0,1,,0.98944
per_model,weidawang-Chem-R-8B,chem-r,0,probe_fine_mean_p_true,probe_fine_surface_confounded,1,non_answer,20,0.161401,0.496627,-0.38459,0.670639,0,5000,0.291817,0.305906,0,0,,0.878036
per_model,phenixace-Chem-R-Faithful,chem,0,probe_fine_mean_p_true,probe_fine_surface_confounded,1,non_answer,20,-0.056481,0.813033,-0.551591,0.441146,0,5000,,-0.039064,0,0,,0.975122
per_model,OpenDFM-ChemDFM-v1.5-8B,chemdfm,0,probe_fine_mean_p_true,probe_fine_surface_confounded,1,non_answer,20,-0.150361,0.526897,-0.567499,0.331096,0,5000,-0.169212,0.789595,0,1,,0.897832
per_model,deepseek-ai-DeepSeek-R1-Distill-Llama-8B,reason,0,probe_fine_mean_p_true,probe_fine_surface_confounded,1,non_answer,20,-0.201984,0.393111,-0.600021,0.272624,0,5000,-0.238416,0.717735,0,1,,0.829211
pooled,,pooled,0,probe_fine_mean_p_true,probe_fine_surface_confounded,1,non_answer,20,-0.06311,0.532766,-0.315003,0.218883,0,5000,-0.089233,0.500202,0,1,,0.898088
per_model,meta-llama-Llama-3.1-8B,base,8,probe_fine_mean_p_true,probe_fine_surface_confounded,1,non_answer,20,-0.114761,0.629963,-0.603029,0.440301,0,5000,-0.134609,0.726841,0,1,,0.925877
per_model,weidawang-Chem-R-8B,chem-r,8,probe_fine_mean_p_true,probe_fine_surface_confounded,1,non_answer,20,0.093322,0.695553,-0.476277,0.608331,0,5000,0.168728,0.305906,0,0,,0.943311
per_model,phenixace-Chem-R-Faithful,chem,8,probe_fine_mean_p_true,probe_fine_surface_confounded,1,non_answer,20,-0.057255,0.810516,-0.557101,0.437765,0,5000,,-0.039064,0,0,,0.975122
per_model,OpenDFM-ChemDFM-v1.5-8B,chemdfm,8,probe_fine_mean_p_true,probe_fine_surface_confounded,1,non_answer,20,-0.319611,0.169548,-0.645366,0.192784,0,5000,-0.359683,0.789595,0,1,,0.606309
per_model,deepseek-ai-DeepSeek-R1-Distill-Llama-8B,reason,8,probe_fine_mean_p_true,probe_fine_surface_confounded,1,non_answer,20,-0.294623,0.207319,-0.700135,0.148359,0,5000,-0.347764,0.717735,0,1,,0.659759
pooled,,pooled,8,probe_fine_mean_p_true,probe_fine_surface_confounded,1,non_answer,20,-0.143667,0.153863,-0.462384,0.179985,0,5000,-0.203135,0.500202,0,1,,0.591223
per_model,meta-llama-Llama-3.1-8B,base,16,probe_fine_mean_p_true,probe_fine_surface_confounded,1,non_answer,20,-0.143452,0.546269,-0.54869,0.301407,0,5000,-0.168262,0.726841,0,1,,0.901566
per_model,weidawang-Chem-R-8B,chem-r,16,probe_fine_mean_p_true,probe_fine_surface_confounded,1,non_answer,20,0.126214,0.595953,-0.360308,0.538699,0,5000,0.228198,0.305906,0,0,,0.914685
per_model,phenixace-Chem-R-Faithful,chem,16,probe_fine_mean_p_true,probe_fine_surface_confounded,1,non_answer,20,-0.001547,0.994834,-0.452637,0.439429,0,5000,,-0.039064,0,0,,0.996812
per_model,OpenDFM-ChemDFM-v1.5-8B,chemdfm,16,probe_fine_mean_p_true,probe_fine_surface_confounded,1,non_answer,20,-0.502462,0.023958,-0.76783,-0.066248,1,5000,-0.565458,0.789595,0,1,,0.269293
per_model,deepseek-ai-DeepSeek-R1-Distill-Llama-8B,reason,16,probe_fine_mean_p_true,probe_fine_surface_confounded,1,non_answer,20,-0.362204,0.116563,-0.742383,0.134932,0,5000,-0.427535,0.717735,0,1,,0.530076
pooled,,pooled,16,probe_fine_mean_p_true,probe_fine_surface_confounded,1,non_answer,20,-0.178471,0.07564,-0.432046,0.088899,0,5000,-0.252345,0.500202,0,1,,0.444977
per_model,meta-llama-Llama-3.1-8B,base,24,probe_fine_mean_p_true,probe_fine_surface_confounded,1,non_answer,20,-0.178182,0.452297,-0.59096,0.295936,0,5000,-0.208999,0.726841,0,1,,0.860745
per_model,weidawang-Chem-R-8B,chem-r,24,probe_fine_mean_p_true,probe_fine_surface_confounded,1,non_answer,20,-0.034422,0.885446,-0.589691,0.474485,0,5000,-0.062236,0.305906,0,0,,0.98944
per_model,phenixace-Chem-R-Faithful,chem,24,probe_fine_mean_p_true,probe_fine_surface_confounded,1,non_answer,20,-0.038686,0.871363,-0.542869,0.446282,0,5000,,-0.039064,0,0,,0.988075
per_model,OpenDFM-ChemDFM-v1.5-8B,chemdfm,24,probe_fine_mean_p_true,probe_fine_surface_confounded,1,non_answer,20,-0.019645,0.934483,-0.490513,0.496578,0,5000,-0.022108,0.789595,0,1,,0.98944
per_model,deepseek-ai-DeepSeek-R1-Distill-Llama-8B,reason,24,probe_fine_mean_p_true,probe_fine_surface_confounded,1,non_answer,20,-0.670496,0.001215,-0.894814,-0.296398,1,5000,-0.791433,0.717735,0,1,,0.058227
pooled,,pooled,24,probe_fine_mean_p_true,probe_fine_surface_confounded,1,non_answer,20,-0.192007,0.055648,-0.469987,0.116482,0,5000,-0.271485,0.500202,0,1,,0.402537
per_model,meta-llama-Llama-3.1-8B,base,31,probe_fine_mean_p_true,probe_fine_surface_confounded,1,non_answer,20,0.203097,0.390452,-0.259346,0.593449,0,5000,0.238223,0.726841,0,1,,0.827985
per_model,weidawang-Chem-R-8B,chem-r,31,probe_fine_mean_p_true,probe_fine_surface_confounded,1,non_answer,20,0.042836,0.85769,-0.420029,0.495697,0,5000,0.077449,0.305906,0,0,,0.981154
per_model,phenixace-Chem-R-Faithful,chem,31,probe_fine_mean_p_true,probe_fine_surface_confounded,1,non_answer,20,0.026306,0.912339,-0.477644,0.596257,0,5000,,-0.039064,0,0,,0.98944
per_model,OpenDFM-ChemDFM-v1.5-8B,chemdfm,31,probe_fine_mean_p_true,probe_fine_surface_confounded,1,non_answer,20,0.413303,0.070093,0.012396,0.689404,1,5000,0.465121,0.789595,0,1,,0.434765
per_model,deepseek-ai-DeepSeek-R1-Distill-Llama-8B,reason,31,probe_fine_mean_p_true,probe_fine_surface_confounded,1,non_answer,20,-0.581653,0.007141,-0.816381,-0.204406,1,5000,-0.686566,0.717735,0,1,,0.148096
pooled,,pooled,31,probe_fine_mean_p_true,probe_fine_surface_confounded,1,non_answer,20,0.01468,0.884744,-0.280777,0.302987,0,5000,0.020756,0.500202,0,1,,0.98944
per_model,meta-llama-Llama-3.1-8B,base,0,probe_fine_mean_p_true,probe_fine_surface_confounded,1,malformed,20,-0.314764,0.176476,-0.666698,0.153037,0,5000,-0.505585,0.387597,0,0,,0.616332
per_model,weidawang-Chem-R-8B,chem-r,0,probe_fine_mean_p_true,probe_fine_surface_confounded,1,malformed,20,-0.596426,0.005508,-0.78629,-0.254082,1,4323,,,0,0,,0.1283
per_model,phenixace-Chem-R-Faithful,chem,0,probe_fine_mean_p_true,probe_fine_surface_confounded,1,malformed,20,-0.544907,0.012973,-0.763515,-0.192263,1,4352,,,0,0,,0.198628
per_model,deepseek-ai-DeepSeek-R1-Distill-Llama-8B,reason,0,probe_fine_mean_p_true,probe_fine_surface_confounded,1,malformed,20,-0.389888,0.089248,-0.717666,0.027144,0,4935,-0.617078,0.399209,0,0,,0.468185
pooled,,pooled,0,probe_fine_mean_p_true,probe_fine_surface_confounded,1,malformed,20,-0.388384,0.000371,-0.558007,-0.17725,1,5000,-0.619217,0.393403,0,0,,0.029971
per_model,meta-llama-Llama-3.1-8B,base,8,probe_fine_mean_p_true,probe_fine_surface_confounded,1,malformed,20,-0.050817,0.83151,-0.53339,0.435425,0,5000,-0.081625,0.387597,0,0,,0.977237
per_model,weidawang-Chem-R-8B,chem-r,8,probe_fine_mean_p_true,probe_fine_surface_confounded,1,malformed,20,-0.418092,0.066588,-0.740202,-0.043339,1,4323,,,0,0,,0.423724
per_model,phenixace-Chem-R-Faithful,chem,8,probe_fine_mean_p_true,probe_fine_surface_confounded,1,malformed,20,-0.406203,0.075541,-0.706593,-0.043244,1,4352,,,0,0,,0.444977
per_model,deepseek-ai-DeepSeek-R1-Distill-Llama-8B,reason,8,probe_fine_mean_p_true,probe_fine_surface_confounded,1,malformed,20,-0.096406,0.685976,-0.523571,0.368561,0,4935,-0.152582,0.399209,0,0,,0.940183
pooled,,pooled,8,probe_fine_mean_p_true,probe_fine_surface_confounded,1,malformed,20,-0.194822,0.083318,-0.386797,0.027973,0,5000,-0.310612,0.393403,0,0,,0.450094
per_model,meta-llama-Llama-3.1-8B,base,16,probe_fine_mean_p_true,probe_fine_surface_confounded,1,malformed,20,-0.275323,0.240042,-0.700988,0.211576,0,5000,-0.442234,0.387597,0,0,,0.69679
per_model,weidawang-Chem-R-8B,chem-r,16,probe_fine_mean_p_true,probe_fine_surface_confounded,1,malformed,20,-0.731166,0.00025,-0.854832,-0.520061,1,4323,,,0,0,,0.029649
per_model,phenixace-Chem-R-Faithful,chem,16,probe_fine_mean_p_true,probe_fine_surface_confounded,1,malformed,20,-0.727203,0.00028,-0.889854,-0.484464,1,4352,,,0,0,,0.029649
per_model,deepseek-ai-DeepSeek-R1-Distill-Llama-8B,reason,16,probe_fine_mean_p_true,probe_fine_surface_confounded,1,malformed,20,0.04607,0.847063,-0.392379,0.470155,0,4935,0.072915,0.399209,0,0,,0.980262
pooled,,pooled,16,probe_fine_mean_p_true,probe_fine_surface_confounded,1,malformed,20,-0.32564,0.003203,-0.531854,-0.074568,1,5000,-0.519181,0.393403,0,0,,0.096811
per_model,meta-llama-Llama-3.1-8B,base,24,probe_fine_mean_p_true,probe_fine_surface_confounded,1,malformed,20,-0.420949,0.064561,-0.741411,0.012381,0,5000,-0.676144,0.387597,0,0,,0.420742
per_model,weidawang-Chem-R-8B,chem-r,24,probe_fine_mean_p_true,probe_fine_surface_confounded,1,malformed,20,-0.469611,0.036697,-0.761379,-0.160459,1,4323,,,0,0,,0.343814
per_model,phenixace-Chem-R-Faithful,chem,24,probe_fine_mean_p_true,probe_fine_surface_confounded,1,malformed,20,-0.5885,0.006341,-0.783489,-0.315369,1,4352,,,0,0,,0.142476
per_model,deepseek-ai-DeepSeek-R1-Distill-Llama-8B,reason,24,probe_fine_mean_p_true,probe_fine_surface_confounded,1,malformed,20,-0.248266,0.29123,-0.652617,0.289568,0,4935,-0.392931,0.399209,0,0,,0.748415
pooled,,pooled,24,probe_fine_mean_p_true,probe_fine_surface_confounded,1,malformed,20,-0.363529,0.000918,-0.51261,-0.175104,1,5000,-0.579589,0.393403,0,0,,0.051508
per_model,meta-llama-Llama-3.1-8B,base,31,probe_fine_mean_p_true,probe_fine_surface_confounded,1,malformed,20,-0.375441,0.102842,-0.695944,0.070404,0,5000,-0.603047,0.387597,0,0,,0.49994
per_model,weidawang-Chem-R-8B,chem-r,31,probe_fine_mean_p_true,probe_fine_surface_confounded,1,malformed,20,0.085204,0.720974,-0.292972,0.454216,0,4323,,,0,0,,0.952058
per_model,phenixace-Chem-R-Faithful,chem,31,probe_fine_mean_p_true,probe_fine_surface_confounded,1,malformed,20,-0.148611,0.531772,-0.508793,0.220916,0,4352,,,0,0,,0.898088
per_model,deepseek-ai-DeepSeek-R1-Distill-Llama-8B,reason,31,probe_fine_mean_p_true,probe_fine_surface_confounded,1,malformed,20,-0.20049,0.396695,-0.633773,0.349241,0,4935,-0.317316,0.399209,0,0,,0.833782
pooled,,pooled,31,probe_fine_mean_p_true,probe_fine_surface_confounded,1,malformed,20,-0.178349,0.113465,-0.342012,0.021416,0,5000,-0.284348,0.393403,0,0,,0.521896
per_model,meta-llama-Llama-3.1-8B,base,0,within_score,analogy_cohesion,1,strict,19,0.323375,0.17686,-0.24535,0.699737,0,5000,0.346533,0.870812,0,1,,0.616649
per_model,phenixace-Chem-R-Faithful,chem,0,within_score,analogy_cohesion,1,strict,19,0.014091,0.954344,-0.486947,0.521163,0,5000,0.01582,0.79334,0,1,,0.990629
per_model,deepseek-ai-DeepSeek-R1-Distill-Llama-8B,reason,0,within_score,analogy_cohesion,1,strict,19,0.380828,0.107705,-0.134931,0.710068,0,5000,0.394251,0.933064,0,1,,0.512104
pooled,,pooled,0,within_score,analogy_cohesion,1,strict,19,0.241725,0.070061,-0.148221,0.48708,0,5000,0.294441,0.673977,0,1,,0.434765
per_model,meta-llama-Llama-3.1-8B,base,8,within_score,analogy_cohesion,1,strict,19,-0.132689,0.588151,-0.527099,0.384991,0,5000,-0.142191,0.870812,0,1,,0.914685
per_model,phenixace-Chem-R-Faithful,chem,8,within_score,analogy_cohesion,1,strict,19,0.1048,0.669393,-0.334255,0.497151,0,5000,0.117661,0.79334,0,1,,0.932817
per_model,deepseek-ai-DeepSeek-R1-Distill-Llama-8B,reason,8,within_score,analogy_cohesion,1,strict,19,-0.042217,0.863752,-0.508122,0.392623,0,5000,-0.043705,0.933064,0,1,,0.985205
pooled,,pooled,8,within_score,analogy_cohesion,1,strict,19,-0.02429,0.857666,-0.312335,0.273419,0,5000,-0.029587,0.673977,0,1,,0.981154
per_model,meta-llama-Llama-3.1-8B,base,16,within_score,analogy_cohesion,1,strict,19,0.352373,0.138973,-0.127412,0.703132,0,5000,0.377608,0.870812,0,1,,0.577035
per_model,phenixace-Chem-R-Faithful,chem,16,within_score,analogy_cohesion,1,strict,19,0.343464,0.149947,-0.109932,0.686337,0,5000,0.385613,0.79334,0,1,,0.588724
per_model,deepseek-ai-DeepSeek-R1-Distill-Llama-8B,reason,16,within_score,analogy_cohesion,1,strict,19,0.432719,0.064246,-0.051338,0.732633,0,5000,0.447971,0.933064,0,1,,0.420742
pooled,,pooled,16,within_score,analogy_cohesion,1,strict,19,0.374878,0.004064,0.093104,0.593061,1,5000,0.456633,0.673977,0,1,,0.110953
per_model,meta-llama-Llama-3.1-8B,base,24,within_score,analogy_cohesion,1,strict,19,0.6116,0.005393,0.2261,0.818237,1,5000,0.655399,0.870812,0,1,,0.127966
per_model,phenixace-Chem-R-Faithful,chem,24,within_score,analogy_cohesion,1,strict,19,0.265084,0.27273,-0.316891,0.726707,0,5000,0.297614,0.79334,0,1,,0.731249
per_model,deepseek-ai-DeepSeek-R1-Distill-Llama-8B,reason,24,within_score,analogy_cohesion,1,strict,19,0.518032,0.023086,0.058618,0.802656,1,5000,0.536291,0.933064,0,1,,0.26884
pooled,,pooled,24,within_score,analogy_cohesion,1,strict,19,0.466281,0.000256,0.232272,0.648495,1,5000,0.56797,0.673977,0,1,,0.029649
per_model,meta-llama-Llama-3.1-8B,base,31,within_score,analogy_cohesion,1,strict,19,0.408612,0.082398,-0.077472,0.765895,0,5000,0.437874,0.870812,0,1,,0.450094
per_model,phenixace-Chem-R-Faithful,chem,31,within_score,analogy_cohesion,1,strict,19,0.33818,0.156733,-0.136129,0.701859,0,5000,0.37968,0.79334,0,1,,0.591587
per_model,deepseek-ai-DeepSeek-R1-Distill-Llama-8B,reason,31,within_score,analogy_cohesion,1,strict,19,0.348286,0.143935,-0.103485,0.638264,0,5000,0.360562,0.933064,0,1,,0.584841
pooled,,pooled,31,within_score,analogy_cohesion,1,strict,19,0.364928,0.005253,0.082115,0.595006,1,5000,0.444514,0.673977,0,1,,0.127033
per_model,meta-llama-Llama-3.1-8B,base,0,within_score,analogy_cohesion,1,superclass_credit,19,0.17399,0.47623,-0.358381,0.629338,0,5000,0.199184,0.763022,0,1,,0.872505
per_model,phenixace-Chem-R-Faithful,chem,0,within_score,analogy_cohesion,1,superclass_credit,19,0.27331,0.25756,-0.289226,0.701547,0,5000,0.482613,0.32071,0,0,,0.714633
per_model,deepseek-ai-DeepSeek-R1-Distill-Llama-8B,reason,0,within_score,analogy_cohesion,1,superclass_credit,19,0.289614,0.229098,-0.224234,0.700382,0,5000,0.303496,0.910612,0,1,,0.683526
pooled,,pooled,0,within_score,analogy_cohesion,1,superclass_credit,19,0.246125,0.064959,-0.197565,0.540427,0,5000,0.318287,0.597963,0,1,,0.420742
per_model,meta-llama-Llama-3.1-8B,base,8,within_score,analogy_cohesion,1,superclass_credit,19,-0.047452,0.847035,-0.481853,0.433376,0,5000,-0.054323,0.763022,0,1,,0.980262
per_model,phenixace-Chem-R-Faithful,chem,8,within_score,analogy_cohesion,1,superclass_credit,19,-0.254675,0.2927,-0.627653,0.201712,0,5000,-0.449708,0.32071,0,0,,0.749915
per_model,deepseek-ai-DeepSeek-R1-Distill-Llama-8B,reason,8,within_score,analogy_cohesion,1,superclass_credit,19,-0.109156,0.656443,-0.548202,0.336285,0,5000,-0.114388,0.910612,0,1,,0.930387
pooled,,pooled,8,within_score,analogy_cohesion,1,superclass_credit,19,-0.144264,0.284327,-0.46195,0.189498,0,5000,-0.18656,0.597963,0,1,,0.740174
per_model,meta-llama-Llama-3.1-8B,base,16,within_score,analogy_cohesion,1,superclass_credit,19,0.118629,0.628597,-0.363001,0.550722,0,5000,0.135807,0.763022,0,1,,0.925877
per_model,phenixace-Chem-R-Faithful,chem,16,within_score,analogy_cohesion,1,superclass_credit,19,0.165051,0.499515,-0.349221,0.603311,0,5000,0.291448,0.32071,0,0,,0.880742
per_model,deepseek-ai-DeepSeek-R1-Distill-Llama-8B,reason,16,within_score,analogy_cohesion,1,superclass_credit,19,0.30634,0.202101,-0.169872,0.655599,0,5000,0.321024,0.910612,0,1,,0.657936
pooled,,pooled,16,within_score,analogy_cohesion,1,superclass_credit,19,0.192709,0.150949,-0.149314,0.465729,0,5000,0.24921,0.597963,0,1,,0.588724
per_model,meta-llama-Llama-3.1-8B,base,24,within_score,analogy_cohesion,1,superclass_credit,19,0.56327,0.012031,0.104873,0.838655,1,5000,0.644834,0.763022,0,1,,0.194562
per_model,phenixace-Chem-R-Faithful,chem,24,within_score,analogy_cohesion,1,superclass_credit,19,0.220955,0.363327,-0.308319,0.679592,0,5000,0.390165,0.32071,0,0,,0.80356
per_model,deepseek-ai-DeepSeek-R1-Distill-Llama-8B,reason,24,within_score,analogy_cohesion,1,superclass_credit,19,0.426059,0.068928,-0.051472,0.769222,0,5000,0.446481,0.910612,0,1,,0.43319
pooled,,pooled,24,within_score,analogy_cohesion,1,superclass_credit,19,0.402671,0.0019,0.062625,0.652738,1,5000,0.520731,0.597963,0,1,,0.074236
per_model,meta-llama-Llama-3.1-8B,base,31,within_score,analogy_cohesion,1,superclass_credit,19,0.180141,0.460528,-0.329693,0.639427,0,5000,0.206226,0.763022,0,1,,0.865837
per_model,phenixace-Chem-R-Faithful,chem,31,within_score,analogy_cohesion,1,superclass_credit,19,0.148191,0.544877,-0.367626,0.668658,0,5000,0.261677,0.32071,0,0,,0.901566
per_model,deepseek-ai-DeepSeek-R1-Distill-Llama-8B,reason,31,within_score,analogy_cohesion,1,superclass_credit,19,0.242079,0.318029,-0.207044,0.594129,0,5000,0.253682,0.910612,0,1,,0.769757
pooled,,pooled,31,within_score,analogy_cohesion,1,superclass_credit,19,0.18803,0.161312,-0.181412,0.529493,0,5000,0.243159,0.597963,0,1,,0.592721
per_model,meta-llama-Llama-3.1-8B,base,0,within_score,analogy_cohesion,1,commit,19,0.287727,0.232285,-0.257998,0.678944,0,5000,0.332396,0.749291,0,1,,0.685651
per_model,phenixace-Chem-R-Faithful,chem,0,within_score,analogy_cohesion,1,commit,19,-0.010573,0.965735,-0.509614,0.504955,0,5000,-0.012167,0.755072,0,1,,0.995027
per_model,deepseek-ai-DeepSeek-R1-Distill-Llama-8B,reason,0,within_score,analogy_cohesion,1,commit,19,0.395954,0.093317,-0.100059,0.717227,0,5000,0.418966,0.893167,0,1,,0.479621
pooled,,pooled,0,within_score,analogy_cohesion,1,commit,19,0.22592,0.091067,-0.155035,0.475989,0,5000,0.280324,0.649516,0,1,,0.471875
per_model,meta-llama-Llama-3.1-8B,base,8,within_score,analogy_cohesion,1,commit,19,-0.201497,0.408117,-0.550863,0.298857,0,5000,-0.232779,0.749291,0,1,,0.836386
per_model,phenixace-Chem-R-Faithful,chem,8,within_score,analogy_cohesion,1,commit,19,0.119825,0.625116,-0.331713,0.498476,0,5000,0.137896,0.755072,0,1,,0.925877
per_model,deepseek-ai-DeepSeek-R1-Distill-Llama-8B,reason,8,within_score,analogy_cohesion,1,commit,19,-0.029037,0.906068,-0.464549,0.41018,0,5000,-0.030724,0.893167,0,1,,0.98944
pooled,,pooled,8,within_score,analogy_cohesion,1,commit,19,-0.036467,0.787691,-0.302195,0.246629,0,5000,-0.045249,0.649516,0,1,,0.970684
per_model,meta-llama-Llama-3.1-8B,base,16,within_score,analogy_cohesion,1,commit,19,0.302685,0.207812,-0.186187,0.664284,0,5000,0.349676,0.749291,0,1,,0.659759
per_model,phenixace-Chem-R-Faithful,chem,16,within_score,analogy_cohesion,1,commit,19,0.291633,0.225723,-0.157978,0.652692,0,5000,0.335616,0.755072,0,1,,0.676612
per_model,deepseek-ai-DeepSeek-R1-Distill-Llama-8B,reason,16,within_score,analogy_cohesion,1,commit,19,0.475145,0.039794,-0.001829,0.789438,0,5000,0.502759,0.893167,0,1,,0.357677
pooled,,pooled,16,within_score,analogy_cohesion,1,commit,19,0.356188,0.00654,0.075148,0.575203,1,5000,0.441961,0.649516,0,1,,0.142543
per_model,meta-llama-Llama-3.1-8B,base,24,within_score,analogy_cohesion,1,commit,19,0.539378,0.017158,0.109183,0.792913,1,5000,0.623115,0.749291,0,1,,0.226891
per_model,phenixace-Chem-R-Faithful,chem,24,within_score,analogy_cohesion,1,commit,19,0.260795,0.280852,-0.308677,0.722376,0,5000,0.300128,0.755072,0,1,,0.740174
per_model,deepseek-ai-DeepSeek-R1-Distill-Llama-8B,reason,24,within_score,analogy_cohesion,1,commit,19,0.547297,0.015296,0.092287,0.81172,1,5000,0.579104,0.893167,0,1,,0.216386
pooled,,pooled,24,within_score,analogy_cohesion,1,commit,19,0.45067,0.000435,0.218752,0.629908,1,5000,0.559196,0.649516,0,1,,0.029976
per_model,meta-llama-Llama-3.1-8B,base,31,within_score,analogy_cohesion,1,commit,19,0.34316,0.150331,-0.169822,0.727284,0,5000,0.396435,0.749291,0,1,,0.588724
per_model,phenixace-Chem-R-Faithful,chem,31,within_score,analogy_cohesion,1,commit,19,0.303968,0.205796,-0.181841,0.682926,0,5000,0.349811,0.755072,0,1,,0.659759
per_model,deepseek-ai-DeepSeek-R1-Distill-Llama-8B,reason,31,within_score,analogy_cohesion,1,commit,19,0.397714,0.091739,-0.022453,0.676833,0,5000,0.420828,0.893167,0,1,,0.474391
pooled,,pooled,31,within_score,analogy_cohesion,1,commit,19,0.348777,0.007839,0.070937,0.587753,1,5000,0.432766,0.649516,0,1,,0.157169
per_model,meta-llama-Llama-3.1-8B,base,0,within_score,analogy_cohesion,1,conditional_acc,19,0.446987,0.055022,-0.08237,0.76342,0,5000,0.488069,0.838739,0,1,,0.402212
per_model,phenixace-Chem-R-Faithful,chem,0,within_score,analogy_cohesion,1,conditional_acc,19,0.250879,0.300201,-0.142394,0.618211,0,4386,,,0,0,,0.754664
per_model,deepseek-ai-DeepSeek-R1-Distill-Llama-8B,reason,0,within_score,analogy_cohesion,1,conditional_acc,19,0.117572,0.631681,-0.413599,0.527539,0,5000,0.153185,0.589088,0,1,,0.925877
pooled,,pooled,0,within_score,analogy_cohesion,1,conditional_acc,19,0.245736,0.065398,-0.135287,0.47213,0,5000,0.366649,0.449197,0,0,,0.422498
per_model,meta-llama-Llama-3.1-8B,base,8,within_score,analogy_cohesion,1,conditional_acc,19,-0.085317,0.728385,-0.542258,0.443577,0,5000,-0.093158,0.838739,0,1,,0.952058
per_model,phenixace-Chem-R-Faithful,chem,8,within_score,analogy_cohesion,1,conditional_acc,19,-0.031975,0.89661,-0.419609,0.338256,0,4386,,,0,0,,0.98944
per_model,deepseek-ai-DeepSeek-R1-Distill-Llama-8B,reason,8,within_score,analogy_cohesion,1,conditional_acc,19,0.020051,0.935064,-0.44727,0.474442,0,5000,0.026125,0.589088,0,1,,0.98944
pooled,,pooled,8,within_score,analogy_cohesion,1,conditional_acc,19,-0.012523,0.926333,-0.292354,0.266001,0,5000,-0.018686,0.449197,0,0,,0.98944
per_model,meta-llama-Llama-3.1-8B,base,16,within_score,analogy_cohesion,1,conditional_acc,19,0.45997,0.047533,0.004702,0.793101,1,5000,0.502245,0.838739,0,1,,0.389308
per_model,phenixace-Chem-R-Faithful,chem,16,within_score,analogy_cohesion,1,conditional_acc,19,0.297611,0.215915,-0.041719,0.620901,0,4386,,,0,0,,0.663689
per_model,deepseek-ai-DeepSeek-R1-Distill-Llama-8B,reason,16,within_score,analogy_cohesion,1,conditional_acc,19,0.353629,0.137473,-0.121328,0.677644,0,5000,0.460741,0.589088,0,1,,0.575776
pooled,,pooled,16,within_score,analogy_cohesion,1,conditional_acc,19,0.367026,0.00498,0.100171,0.555803,1,5000,0.547619,0.449197,0,0,,0.125922
per_model,meta-llama-Llama-3.1-8B,base,24,within_score,analogy_cohesion,1,conditional_acc,19,0.777126,9.1e-05,0.51567,0.901644,1,5000,0.848551,0.838739,0,1,,0.028587
per_model,phenixace-Chem-R-Faithful,chem,24,within_score,analogy_cohesion,1,conditional_acc,19,0.081167,0.741155,-0.317357,0.460363,0,4386,,,0,0,,0.95543
per_model,deepseek-ai-DeepSeek-R1-Distill-Llama-8B,reason,24,within_score,analogy_cohesion,1,conditional_acc,19,0.343603,0.149771,-0.143139,0.701078,0,5000,0.447679,0.589088,0,1,,0.588724
pooled,,pooled,24,within_score,analogy_cohesion,1,conditional_acc,19,0.437236,0.000672,0.182719,0.618507,1,5000,0.652376,0.449197,0,0,,0.0416
per_model,meta-llama-Llama-3.1-8B,base,31,within_score,analogy_cohesion,1,conditional_acc,19,0.571253,0.010624,0.100228,0.907692,1,5000,0.623756,0.838739,0,1,,0.187712
per_model,phenixace-Chem-R-Faithful,chem,31,within_score,analogy_cohesion,1,conditional_acc,19,0.115601,0.637448,-0.262001,0.491354,0,4386,,,0,0,,0.926285
per_model,deepseek-ai-DeepSeek-R1-Distill-Llama-8B,reason,31,within_score,analogy_cohesion,1,conditional_acc,19,0.191397,0.432489,-0.260507,0.53857,0,5000,0.24937,0.589088,0,1,,0.85217
pooled,,pooled,31,within_score,analogy_cohesion,1,conditional_acc,19,0.304803,0.021145,0.033799,0.503103,1,5000,0.45478,0.449197,0,0,,0.255653
per_model,meta-llama-Llama-3.1-8B,base,0,within_score,analogy_cohesion,1,underspecified,19,-0.332664,0.164037,-0.715353,0.144232,0,4995,-0.365321,0.829207,0,1,,0.598406
per_model,phenixace-Chem-R-Faithful,chem,0,within_score,analogy_cohesion,1,underspecified,19,0.087183,0.722666,-0.385309,0.556982,0,4924,0.090992,0.918021,0,1,,0.952058
per_model,deepseek-ai-DeepSeek-R1-Distill-Llama-8B,reason,0,within_score,analogy_cohesion,1,underspecified,19,-0.272721,0.258627,-0.645062,0.271677,0,4792,-0.285367,0.913335,0,1,,0.714633
pooled,,pooled,0,within_score,analogy_cohesion,1,underspecified,19,-0.156088,0.246273,-0.475566,0.222553,0,5000,-0.197162,0.626744,0,1,,0.70754
per_model,meta-llama-Llama-3.1-8B,base,8,within_score,analogy_cohesion,1,underspecified,19,0.178688,0.464212,-0.319449,0.595642,0,4995,0.196229,0.829207,0,1,,0.867919
per_model,phenixace-Chem-R-Faithful,chem,8,within_score,analogy_cohesion,1,underspecified,19,-0.253043,0.295912,-0.624718,0.154647,0,4924,-0.264099,0.918021,0,1,,0.750573
per_model,deepseek-ai-DeepSeek-R1-Distill-Llama-8B,reason,8,within_score,analogy_cohesion,1,underspecified,19,-0.129005,0.598643,-0.538982,0.324554,0,4792,-0.134987,0.913335,0,1,,0.914685
pooled,,pooled,8,within_score,analogy_cohesion,1,underspecified,19,-0.038997,0.77334,-0.357955,0.271633,0,5000,-0.049259,0.626744,0,1,,0.969666
per_model,meta-llama-Llama-3.1-8B,base,16,within_score,analogy_cohesion,1,underspecified,19,-0.435315,0.062487,-0.761342,-0.001742,1,4995,-0.478048,0.829207,0,1,,0.418613
per_model,phenixace-Chem-R-Faithful,chem,16,within_score,analogy_cohesion,1,underspecified,19,-0.325341,0.174092,-0.682632,0.102593,0,4924,-0.339556,0.918021,0,1,,0.610611
per_model,deepseek-ai-DeepSeek-R1-Distill-Llama-8B,reason,16,within_score,analogy_cohesion,1,underspecified,19,-0.595234,0.007174,-0.855094,-0.285311,1,4792,-0.622835,0.913335,0,1,,0.148096
pooled,,pooled,16,within_score,analogy_cohesion,1,underspecified,19,-0.390169,0.002697,-0.661638,-0.095184,1,5000,-0.492843,0.626744,0,1,,0.090091
per_model,meta-llama-Llama-3.1-8B,base,24,within_score,analogy_cohesion,1,underspecified,19,-0.185341,0.44746,-0.644909,0.355062,0,4995,-0.203536,0.829207,0,1,,0.860745
per_model,phenixace-Chem-R-Faithful,chem,24,within_score,analogy_cohesion,1,underspecified,19,-0.057413,0.815404,-0.534329,0.449417,0,4924,-0.059922,0.918021,0,1,,0.975151
per_model,deepseek-ai-DeepSeek-R1-Distill-Llama-8B,reason,24,within_score,analogy_cohesion,1,underspecified,19,-0.418701,0.074392,-0.742479,0.08245,0,4792,-0.438116,0.913335,0,1,,0.443384
pooled,,pooled,24,within_score,analogy_cohesion,1,underspecified,19,-0.156879,0.243855,-0.487615,0.17631,0,5000,-0.198162,0.626744,0,1,,0.705179
per_model,meta-llama-Llama-3.1-8B,base,31,within_score,analogy_cohesion,1,underspecified,19,-0.461928,0.046474,-0.779749,-0.018669,1,4995,-0.507274,0.829207,0,1,,0.385462
per_model,phenixace-Chem-R-Faithful,chem,31,within_score,analogy_cohesion,1,underspecified,19,-0.240284,0.321741,-0.622299,0.199696,0,4924,-0.250783,0.918021,0,1,,0.772077
per_model,deepseek-ai-DeepSeek-R1-Distill-Llama-8B,reason,31,within_score,analogy_cohesion,1,underspecified,19,-0.408516,0.082477,-0.712047,0.013346,0,4792,-0.427459,0.913335,0,1,,0.450094
pooled,,pooled,31,within_score,analogy_cohesion,1,underspecified,19,-0.335732,0.010676,-0.60842,-0.025111,1,5000,-0.42408,0.626744,0,1,,0.187712
per_model,meta-llama-Llama-3.1-8B,base,0,within_score,analogy_cohesion,1,non_answer,19,-0.059031,0.81029,-0.585469,0.404536,0,5000,-0.069241,0.726841,0,1,,0.975122
per_model,phenixace-Chem-R-Faithful,chem,0,within_score,analogy_cohesion,1,non_answer,19,-0.114298,0.64127,-0.620751,0.429678,0,4999,,-0.039064,0,0,,0.926285
per_model,deepseek-ai-DeepSeek-R1-Distill-Llama-8B,reason,0,within_score,analogy_cohesion,1,non_answer,19,-0.35713,0.133349,-0.715722,0.151078,0,5000,-0.421545,0.717735,0,1,,0.567016
pooled,,pooled,0,within_score,analogy_cohesion,1,non_answer,19,-0.1848,0.168763,-0.487317,0.215034,0,5000,-0.261294,0.500202,0,1,,0.605212
per_model,meta-llama-Llama-3.1-8B,base,8,within_score,analogy_cohesion,1,non_answer,19,0.002643,0.991432,-0.470023,0.465102,0,5000,0.0031,0.726841,0,1,,0.996812
per_model,phenixace-Chem-R-Faithful,chem,8,within_score,analogy_cohesion,1,non_answer,19,0.174169,0.47577,-0.340191,0.59728,0,4999,,-0.039064,0,0,,0.872505
per_model,deepseek-ai-DeepSeek-R1-Distill-Llama-8B,reason,8,within_score,analogy_cohesion,1,non_answer,19,0.065577,0.789681,-0.376865,0.479507,0,5000,0.077405,0.717735,0,1,,0.970684
pooled,,pooled,8,within_score,analogy_cohesion,1,non_answer,19,0.074193,0.583352,-0.264459,0.398003,0,5000,0.104904,0.500202,0,1,,0.914685
per_model,meta-llama-Llama-3.1-8B,base,16,within_score,analogy_cohesion,1,non_answer,19,0.104847,0.669255,-0.376527,0.497569,0,5000,0.12298,0.726841,0,1,,0.932817
per_model,phenixace-Chem-R-Faithful,chem,16,within_score,analogy_cohesion,1,non_answer,19,0.023585,0.923648,-0.486224,0.52235,0,4999,,-0.039064,0,0,,0.98944
per_model,deepseek-ai-DeepSeek-R1-Distill-Llama-8B,reason,16,within_score,analogy_cohesion,1,non_answer,19,-0.39878,0.090793,-0.75653,0.078405,0,5000,-0.470708,0.717735,0,1,,0.471418
pooled,,pooled,16,within_score,analogy_cohesion,1,non_answer,19,-0.102309,0.448874,-0.393862,0.212474,0,5000,-0.144657,0.500202,0,1,,0.860745
per_model,meta-llama-Llama-3.1-8B,base,24,within_score,analogy_cohesion,1,non_answer,19,-0.320708,0.180663,-0.728044,0.215067,0,5000,-0.376175,0.726841,0,1,,0.621847
per_model,phenixace-Chem-R-Faithful,chem,24,within_score,analogy_cohesion,1,non_answer,19,-0.20229,0.406235,-0.698681,0.333574,0,4999,,-0.039064,0,0,,0.836386
per_model,deepseek-ai-DeepSeek-R1-Distill-Llama-8B,reason,24,within_score,analogy_cohesion,1,non_answer,19,-0.537024,0.017744,-0.805861,-0.104836,1,5000,-0.633887,0.717735,0,1,,0.231042
pooled,,pooled,24,within_score,analogy_cohesion,1,non_answer,19,-0.35691,0.006424,-0.616488,-0.049129,1,5000,-0.504644,0.500202,0,1,,0.142543
per_model,meta-llama-Llama-3.1-8B,base,31,within_score,analogy_cohesion,1,non_answer,19,0.146257,0.550196,-0.328785,0.564709,0,5000,0.171552,0.726841,0,1,,0.90388
per_model,phenixace-Chem-R-Faithful,chem,31,within_score,analogy_cohesion,1,non_answer,19,-0.108855,0.657332,-0.654403,0.391476,0,4999,,-0.039064,0,0,,0.930387
per_model,deepseek-ai-DeepSeek-R1-Distill-Llama-8B,reason,31,within_score,analogy_cohesion,1,non_answer,19,-0.384601,0.103976,-0.708041,0.050291,0,5000,-0.453972,0.717735,0,1,,0.501194
pooled,,pooled,31,within_score,analogy_cohesion,1,non_answer,19,-0.123493,0.360083,-0.478857,0.239491,0,5000,-0.17461,0.500202,0,1,,0.80341
per_model,meta-llama-Llama-3.1-8B,base,0,within_score,analogy_cohesion,1,malformed,19,-0.147992,0.545424,-0.614649,0.44699,0,5000,-0.23771,0.387597,0,0,,0.901566
per_model,phenixace-Chem-R-Faithful,chem,0,within_score,analogy_cohesion,1,malformed,19,-0.600385,0.006569,-0.858341,-0.320746,1,4320,,,0,0,,0.142543
per_model,deepseek-ai-DeepSeek-R1-Distill-Llama-8B,reason,0,within_score,analogy_cohesion,1,malformed,19,-0.454955,0.050327,-0.77493,-0.010235,1,4780,-0.72006,0.399209,0,0,,0.394376
pooled,,pooled,0,within_score,analogy_cohesion,1,malformed,19,-0.33105,0.011891,-0.546086,-0.055392,1,5000,-0.527806,0.393403,0,0,,0.194562
per_model,meta-llama-Llama-3.1-8B,base,8,within_score,analogy_cohesion,1,malformed,19,-0.016837,0.945456,-0.519151,0.493842,0,5000,-0.027045,0.387597,0,0,,0.98944
per_model,phenixace-Chem-R-Faithful,chem,8,within_score,analogy_cohesion,1,malformed,19,0.439223,0.059907,0.081729,0.73355,1,4320,,,0,0,,0.407969
per_model,deepseek-ai-DeepSeek-R1-Distill-Llama-8B,reason,8,within_score,analogy_cohesion,1,malformed,19,-0.008161,0.97355,-0.490488,0.498837,0,4780,-0.012916,0.399209,0,0,,0.995027
pooled,,pooled,8,within_score,analogy_cohesion,1,malformed,19,0.07393,0.584691,-0.24052,0.383148,0,5000,0.11787,0.393403,0,0,,0.914685
per_model,meta-llama-Llama-3.1-8B,base,16,within_score,analogy_cohesion,1,malformed,19,-0.318138,0.18438,-0.740747,0.26364,0,5000,-0.511005,0.387597,0,0,,0.628532
per_model,phenixace-Chem-R-Faithful,chem,16,within_score,analogy_cohesion,1,malformed,19,-0.20429,0.401511,-0.637648,0.236966,0,4320,,,0,0,,0.836386
per_model,deepseek-ai-DeepSeek-R1-Distill-Llama-8B,reason,16,within_score,analogy_cohesion,1,malformed,19,-0.071406,0.771442,-0.551453,0.507312,0,4780,-0.113014,0.399209,0,0,,0.969666
pooled,,pooled,16,within_score,analogy_cohesion,1,malformed,19,-0.185074,0.168122,-0.458856,0.180711,0,5000,-0.295071,0.393403,0,0,,0.604796
per_model,meta-llama-Llama-3.1-8B,base,24,within_score,analogy_cohesion,1,malformed,19,-0.307504,0.200305,-0.735022,0.225303,0,5000,-0.493924,0.387597,0,0,,0.657072
per_model,phenixace-Chem-R-Faithful,chem,24,within_score,analogy_cohesion,1,malformed,19,-0.225854,0.352511,-0.59988,0.14835,0,4320,,,0,0,,0.799129
per_model,deepseek-ai-DeepSeek-R1-Distill-Llama-8B,reason,24,within_score,analogy_cohesion,1,malformed,19,-0.112209,0.647419,-0.585814,0.441889,0,4780,-0.177593,0.399209,0,0,,0.928273
pooled,,pooled,24,within_score,analogy_cohesion,1,malformed,19,-0.180013,0.180266,-0.438958,0.111258,0,5000,-0.287002,0.393403,0,0,,0.621847
per_model,meta-llama-Llama-3.1-8B,base,31,within_score,analogy_cohesion,1,malformed,19,-0.342951,0.150597,-0.748909,0.185102,0,5000,-0.55086,0.387597,0,0,,0.588724
per_model,phenixace-Chem-R-Faithful,chem,31,within_score,analogy_cohesion,1,malformed,19,-0.053342,0.8283,-0.462793,0.359716,0,4320,,,0,0,,0.977237
per_model,deepseek-ai-DeepSeek-R1-Distill-Llama-8B,reason,31,within_score,analogy_cohesion,1,malformed,19,-0.074466,0.76191,-0.567559,0.487703,0,4780,-0.117857,0.399209,0,0,,0.965332
pooled,,pooled,31,within_score,analogy_cohesion,1,malformed,19,-0.166021,0.21711,-0.438901,0.136891,0,5000,-0.264694,0.393403,0,0,,0.66572
