model,entity_type,layer,group,role,home_family,structure,n_molecules,p_home,p_oxygen,p_other,posterior_r,accuracy
meta-llama-Llama-3.1-8B,functional_group,0,amide,ambiguous,nitrogen,-CONH2,4,0.681482,0.272655,0.045811,0.285761,0.95
meta-llama-Llama-3.1-8B,functional_group,0,nitro,ambiguous,nitrogen,-NO2,4,0.999939,0.000105,5.7e-05,0.000105,1.0
meta-llama-Llama-3.1-8B,functional_group,0,sulfoxide,ambiguous,sulfur,>S=O,4,0.329648,0.668988,0.001382,0.669902,0.15
meta-llama-Llama-3.1-8B,functional_group,0,sulfone,ambiguous,sulfur,>SO2,4,0.140109,0.858752,0.001143,0.859731,0.0
meta-llama-Llama-3.1-8B,functional_group,0,amine,control,nitrogen,-NH2,8,0.040961,0.544944,0.414103,0.930089,0.0
meta-llama-Llama-3.1-8B,functional_group,0,imine,control,nitrogen,-CH=NH,4,0.934753,0.025691,0.039578,0.026749,1.0
meta-llama-Llama-3.1-8B,functional_group,0,nitrile,control,nitrogen,-C≡N,4,0.000898,0.641614,0.357491,0.998603,0.0
meta-llama-Llama-3.1-8B,functional_group,0,thiol,control,sulfur,-SH,8,0.009887,0.553004,0.437085,0.982436,0.0
meta-llama-Llama-3.1-8B,functional_group,0,thioether,control,sulfur,-S-,4,0.969824,0.010382,0.019782,0.010592,1.0
meta-llama-Llama-3.1-8B,functional_group,1,amide,ambiguous,nitrogen,-CONH2,4,0.081592,0.912683,0.005715,0.917938,0.0
meta-llama-Llama-3.1-8B,functional_group,1,nitro,ambiguous,nitrogen,-NO2,4,0.851196,0.061616,0.087149,0.067501,1.0
meta-llama-Llama-3.1-8B,functional_group,1,sulfoxide,ambiguous,sulfur,>S=O,4,0.687769,0.311983,0.000247,0.312061,0.9
meta-llama-Llama-3.1-8B,functional_group,1,sulfone,ambiguous,sulfur,>SO2,4,0.769141,0.223053,0.0078,0.224808,0.95
meta-llama-Llama-3.1-8B,functional_group,1,amine,control,nitrogen,-NH2,8,0.083984,0.737091,0.178922,0.897715,0.0
meta-llama-Llama-3.1-8B,functional_group,1,imine,control,nitrogen,-CH=NH,4,0.908252,0.062199,0.029562,0.064093,1.0
meta-llama-Llama-3.1-8B,functional_group,1,nitrile,control,nitrogen,-C≡N,4,0.210001,0.721457,0.068556,0.774546,0.25
meta-llama-Llama-3.1-8B,functional_group,1,thiol,control,sulfur,-SH,8,0.028306,0.397529,0.574168,0.933528,0.0
meta-llama-Llama-3.1-8B,functional_group,1,thioether,control,sulfur,-S-,4,0.792023,0.162952,0.044986,0.170635,0.9
meta-llama-Llama-3.1-8B,functional_group,2,amide,ambiguous,nitrogen,-CONH2,4,0.145923,0.840167,0.013908,0.852018,0.025
meta-llama-Llama-3.1-8B,functional_group,2,nitro,ambiguous,nitrogen,-NO2,4,0.095119,0.289011,0.61585,0.752378,0.0
meta-llama-Llama-3.1-8B,functional_group,2,sulfoxide,ambiguous,sulfur,>S=O,4,0.719128,0.27915,0.001692,0.279631,0.95
meta-llama-Llama-3.1-8B,functional_group,2,sulfone,ambiguous,sulfur,>SO2,4,0.851367,0.144534,0.004082,0.145129,1.0
meta-llama-Llama-3.1-8B,functional_group,2,amine,control,nitrogen,-NH2,8,0.126453,0.560457,0.313091,0.815911,0.0
meta-llama-Llama-3.1-8B,functional_group,2,imine,control,nitrogen,-CH=NH,4,0.917041,0.065807,0.01715,0.066956,1.0
meta-llama-Llama-3.1-8B,functional_group,2,nitrile,control,nitrogen,-C≡N,4,0.010358,0.882654,0.107025,0.988401,0.0
meta-llama-Llama-3.1-8B,functional_group,2,thiol,control,sulfur,-SH,8,0.008474,0.128561,0.862959,0.938162,0.0
meta-llama-Llama-3.1-8B,functional_group,2,thioether,control,sulfur,-S-,4,0.585794,0.194098,0.220089,0.248878,0.725
meta-llama-Llama-3.1-8B,functional_group,3,amide,ambiguous,nitrogen,-CONH2,4,0.484032,0.487082,0.028889,0.50157,0.525
meta-llama-Llama-3.1-8B,functional_group,3,nitro,ambiguous,nitrogen,-NO2,4,0.068897,0.205899,0.725229,0.749279,0.05
meta-llama-Llama-3.1-8B,functional_group,3,sulfoxide,ambiguous,sulfur,>S=O,4,0.88678,0.091728,0.02152,0.093743,1.0
meta-llama-Llama-3.1-8B,functional_group,3,sulfone,ambiguous,sulfur,>SO2,4,0.97041,0.024995,0.004599,0.02511,1.0
meta-llama-Llama-3.1-8B,functional_group,3,amine,control,nitrogen,-NH2,8,0.138196,0.521581,0.340226,0.790541,0.075
meta-llama-Llama-3.1-8B,functional_group,3,imine,control,nitrogen,-CH=NH,4,0.973401,0.007422,0.019206,0.007567,1.0
meta-llama-Llama-3.1-8B,functional_group,3,nitrile,control,nitrogen,-C≡N,4,0.047992,0.673203,0.278826,0.933454,0.0
meta-llama-Llama-3.1-8B,functional_group,3,thiol,control,sulfur,-SH,8,0.008001,0.57178,0.42024,0.986199,0.0
meta-llama-Llama-3.1-8B,functional_group,3,thioether,control,sulfur,-S-,4,0.261023,0.528323,0.210669,0.669318,0.2
meta-llama-Llama-3.1-8B,functional_group,4,amide,ambiguous,nitrogen,-CONH2,4,0.710823,0.258016,0.031214,0.266315,0.875
meta-llama-Llama-3.1-8B,functional_group,4,nitro,ambiguous,nitrogen,-NO2,4,0.04965,0.22559,0.724778,0.819612,0.0
meta-llama-Llama-3.1-8B,functional_group,4,sulfoxide,ambiguous,sulfur,>S=O,4,0.86355,0.089521,0.046957,0.093929,1.0
meta-llama-Llama-3.1-8B,functional_group,4,sulfone,ambiguous,sulfur,>SO2,4,0.972925,0.024297,0.002758,0.024365,1.0
meta-llama-Llama-3.1-8B,functional_group,4,amine,control,nitrogen,-NH2,8,0.183246,0.523126,0.293622,0.740581,0.125
meta-llama-Llama-3.1-8B,functional_group,4,imine,control,nitrogen,-CH=NH,4,0.951074,0.009825,0.039064,0.010224,1.0
meta-llama-Llama-3.1-8B,functional_group,4,nitrile,control,nitrogen,-C≡N,4,0.211232,0.551538,0.237234,0.723072,0.175
meta-llama-Llama-3.1-8B,functional_group,4,thiol,control,sulfur,-SH,8,0.00965,0.585316,0.405055,0.983781,0.0
meta-llama-Llama-3.1-8B,functional_group,4,thioether,control,sulfur,-S-,4,0.250136,0.515262,0.234613,0.673195,0.25
meta-llama-Llama-3.1-8B,functional_group,5,amide,ambiguous,nitrogen,-CONH2,4,0.731741,0.220723,0.047558,0.231739,0.9
meta-llama-Llama-3.1-8B,functional_group,5,nitro,ambiguous,nitrogen,-NO2,4,0.070008,0.235322,0.694653,0.770714,0.0
meta-llama-Llama-3.1-8B,functional_group,5,sulfoxide,ambiguous,sulfur,>S=O,4,0.833771,0.121618,0.04461,0.127297,0.975
meta-llama-Llama-3.1-8B,functional_group,5,sulfone,ambiguous,sulfur,>SO2,4,0.975537,0.020595,0.003833,0.020675,1.0
meta-llama-Llama-3.1-8B,functional_group,5,amine,control,nitrogen,-NH2,8,0.175436,0.454087,0.37049,0.72132,0.0625
meta-llama-Llama-3.1-8B,functional_group,5,imine,control,nitrogen,-CH=NH,4,0.953479,0.01062,0.035915,0.011015,1.0
meta-llama-Llama-3.1-8B,functional_group,5,nitrile,control,nitrogen,-C≡N,4,0.131815,0.555963,0.312212,0.808347,0.1
meta-llama-Llama-3.1-8B,functional_group,5,thiol,control,sulfur,-SH,8,0.029511,0.484827,0.485682,0.942624,0.0
meta-llama-Llama-3.1-8B,functional_group,5,thioether,control,sulfur,-S-,4,0.347074,0.324814,0.328119,0.483435,0.3
meta-llama-Llama-3.1-8B,functional_group,6,amide,ambiguous,nitrogen,-CONH2,4,0.666714,0.272662,0.060688,0.290259,0.775
meta-llama-Llama-3.1-8B,functional_group,6,nitro,ambiguous,nitrogen,-NO2,4,0.049307,0.213788,0.736923,0.812587,0.0
meta-llama-Llama-3.1-8B,functional_group,6,sulfoxide,ambiguous,sulfur,>S=O,4,0.891406,0.066554,0.042039,0.069475,1.0
meta-llama-Llama-3.1-8B,functional_group,6,sulfone,ambiguous,sulfur,>SO2,4,0.975647,0.018271,0.006084,0.018383,1.0
meta-llama-Llama-3.1-8B,functional_group,6,amine,control,nitrogen,-NH2,8,0.223132,0.42278,0.35408,0.654547,0.1375
meta-llama-Llama-3.1-8B,functional_group,6,imine,control,nitrogen,-CH=NH,4,0.967297,0.007105,0.025623,0.007291,1.0
meta-llama-Llama-3.1-8B,functional_group,6,nitrile,control,nitrogen,-C≡N,4,0.173321,0.461029,0.365693,0.726774,0.125
meta-llama-Llama-3.1-8B,functional_group,6,thiol,control,sulfur,-SH,8,0.073066,0.323227,0.603689,0.815627,0.0125
meta-llama-Llama-3.1-8B,functional_group,6,thioether,control,sulfur,-S-,4,0.444199,0.164924,0.390892,0.270757,0.425
meta-llama-Llama-3.1-8B,functional_group,7,amide,ambiguous,nitrogen,-CONH2,4,0.628003,0.303323,0.068705,0.325689,0.725
meta-llama-Llama-3.1-8B,functional_group,7,nitro,ambiguous,nitrogen,-NO2,4,0.038725,0.447026,0.514268,0.920279,0.0
meta-llama-Llama-3.1-8B,functional_group,7,sulfoxide,ambiguous,sulfur,>S=O,4,0.874805,0.049797,0.07541,0.053858,1.0
meta-llama-Llama-3.1-8B,functional_group,7,sulfone,ambiguous,sulfur,>SO2,4,0.977588,0.014506,0.00786,0.014621,1.0
meta-llama-Llama-3.1-8B,functional_group,7,amine,control,nitrogen,-NH2,8,0.177111,0.528658,0.294221,0.749052,0.075
meta-llama-Llama-3.1-8B,functional_group,7,imine,control,nitrogen,-CH=NH,4,0.968848,0.009111,0.022019,0.009316,1.0
meta-llama-Llama-3.1-8B,functional_group,7,nitrile,control,nitrogen,-C≡N,4,0.221842,0.505983,0.272184,0.695198,0.2
meta-llama-Llama-3.1-8B,functional_group,7,thiol,control,sulfur,-SH,8,0.166154,0.309002,0.52485,0.650317,0.1125
meta-llama-Llama-3.1-8B,functional_group,7,thioether,control,sulfur,-S-,4,0.452483,0.155527,0.391968,0.255797,0.475
meta-llama-Llama-3.1-8B,functional_group,8,amide,ambiguous,nitrogen,-CONH2,4,0.566804,0.383827,0.049344,0.403761,0.675
meta-llama-Llama-3.1-8B,functional_group,8,nitro,ambiguous,nitrogen,-NO2,4,0.050953,0.211798,0.737273,0.806078,0.0
meta-llama-Llama-3.1-8B,functional_group,8,sulfoxide,ambiguous,sulfur,>S=O,4,0.91792,0.045298,0.036734,0.047028,1.0
meta-llama-Llama-3.1-8B,functional_group,8,sulfone,ambiguous,sulfur,>SO2,4,0.98479,0.007003,0.008219,0.007061,1.0
meta-llama-Llama-3.1-8B,functional_group,8,amine,control,nitrogen,-NH2,8,0.258603,0.477865,0.263556,0.648861,0.125
meta-llama-Llama-3.1-8B,functional_group,8,imine,control,nitrogen,-CH=NH,4,0.902148,0.034562,0.063317,0.036897,1.0
meta-llama-Llama-3.1-8B,functional_group,8,nitrile,control,nitrogen,-C≡N,4,0.229302,0.525261,0.245463,0.696113,0.225
meta-llama-Llama-3.1-8B,functional_group,8,thiol,control,sulfur,-SH,8,0.215242,0.254029,0.530733,0.541327,0.125
meta-llama-Llama-3.1-8B,functional_group,8,thioether,control,sulfur,-S-,4,0.472884,0.164155,0.36294,0.257685,0.425
meta-llama-Llama-3.1-8B,functional_group,9,amide,ambiguous,nitrogen,-CONH2,4,0.655295,0.314146,0.030518,0.324049,0.725
meta-llama-Llama-3.1-8B,functional_group,9,nitro,ambiguous,nitrogen,-NO2,4,0.079832,0.246878,0.673321,0.755648,0.0
meta-llama-Llama-3.1-8B,functional_group,9,sulfoxide,ambiguous,sulfur,>S=O,4,0.957361,0.025963,0.016633,0.026404,1.0
meta-llama-Llama-3.1-8B,functional_group,9,sulfone,ambiguous,sulfur,>SO2,4,0.985522,0.006244,0.008232,0.006296,1.0
meta-llama-Llama-3.1-8B,functional_group,9,amine,control,nitrogen,-NH2,8,0.268781,0.540075,0.191146,0.667702,0.175
meta-llama-Llama-3.1-8B,functional_group,9,imine,control,nitrogen,-CH=NH,4,0.923474,0.016544,0.059994,0.0176,1.0
meta-llama-Llama-3.1-8B,functional_group,9,nitrile,control,nitrogen,-C≡N,4,0.442055,0.301308,0.256682,0.405331,0.625
meta-llama-Llama-3.1-8B,functional_group,9,thiol,control,sulfur,-SH,8,0.20795,0.190631,0.601403,0.478274,0.1875
meta-llama-Llama-3.1-8B,functional_group,9,thioether,control,sulfur,-S-,4,0.363632,0.228625,0.407738,0.386023,0.4
meta-llama-Llama-3.1-8B,functional_group,10,amide,ambiguous,nitrogen,-CONH2,4,0.740479,0.236052,0.023487,0.241725,0.8
meta-llama-Llama-3.1-8B,functional_group,10,nitro,ambiguous,nitrogen,-NO2,4,0.058772,0.381189,0.560017,0.866416,0.025
meta-llama-Llama-3.1-8B,functional_group,10,sulfoxide,ambiguous,sulfur,>S=O,4,0.956042,0.029669,0.014326,0.030099,1.0
meta-llama-Llama-3.1-8B,functional_group,10,sulfone,ambiguous,sulfur,>SO2,4,0.987048,0.005036,0.007936,0.005076,1.0
meta-llama-Llama-3.1-8B,functional_group,10,amine,control,nitrogen,-NH2,8,0.223064,0.568521,0.208448,0.718205,0.1125
meta-llama-Llama-3.1-8B,functional_group,10,imine,control,nitrogen,-CH=NH,4,0.929236,0.014043,0.056746,0.014888,1.0
meta-llama-Llama-3.1-8B,functional_group,10,nitrile,control,nitrogen,-C≡N,4,0.614522,0.222589,0.162861,0.265901,0.75
meta-llama-Llama-3.1-8B,functional_group,10,thiol,control,sulfur,-SH,8,0.20369,0.235116,0.561181,0.535808,0.125
meta-llama-Llama-3.1-8B,functional_group,10,thioether,control,sulfur,-S-,4,0.397677,0.284385,0.317913,0.416949,0.475
meta-llama-Llama-3.1-8B,functional_group,11,amide,ambiguous,nitrogen,-CONH2,4,0.80719,0.167974,0.024844,0.172252,0.95
meta-llama-Llama-3.1-8B,functional_group,11,nitro,ambiguous,nitrogen,-NO2,4,0.054319,0.231585,0.714132,0.81001,0.0
meta-llama-Llama-3.1-8B,functional_group,11,sulfoxide,ambiguous,sulfur,>S=O,4,0.95094,0.035172,0.013857,0.035667,1.0
meta-llama-Llama-3.1-8B,functional_group,11,sulfone,ambiguous,sulfur,>SO2,4,0.992285,0.003711,0.003997,0.003726,1.0
meta-llama-Llama-3.1-8B,functional_group,11,amine,control,nitrogen,-NH2,8,0.283782,0.53218,0.184052,0.652212,0.225
meta-llama-Llama-3.1-8B,functional_group,11,imine,control,nitrogen,-CH=NH,4,0.94325,0.006462,0.050297,0.006804,1.0
meta-llama-Llama-3.1-8B,functional_group,11,nitrile,control,nitrogen,-C≡N,4,0.681731,0.183988,0.134289,0.212526,0.825
meta-llama-Llama-3.1-8B,functional_group,11,thiol,control,sulfur,-SH,8,0.165166,0.242678,0.592154,0.595026,0.0875
meta-llama-Llama-3.1-8B,functional_group,11,thioether,control,sulfur,-S-,4,0.420354,0.230939,0.348709,0.354586,0.45
meta-llama-Llama-3.1-8B,functional_group,12,amide,ambiguous,nitrogen,-CONH2,4,0.832812,0.153984,0.013217,0.156044,1.0
meta-llama-Llama-3.1-8B,functional_group,12,nitro,ambiguous,nitrogen,-NO2,4,0.092002,0.230356,0.67761,0.714596,0.05
meta-llama-Llama-3.1-8B,functional_group,12,sulfoxide,ambiguous,sulfur,>S=O,4,0.943262,0.039918,0.016798,0.040601,1.0
meta-llama-Llama-3.1-8B,functional_group,12,sulfone,ambiguous,sulfur,>SO2,4,0.994519,0.002986,0.002515,0.002993,1.0
meta-llama-Llama-3.1-8B,functional_group,12,amine,control,nitrogen,-NH2,8,0.401973,0.364928,0.233104,0.475848,0.4125
meta-llama-Llama-3.1-8B,functional_group,12,imine,control,nitrogen,-CH=NH,4,0.93064,0.004954,0.06441,0.005295,1.0
meta-llama-Llama-3.1-8B,functional_group,12,nitrile,control,nitrogen,-C≡N,4,0.716464,0.147467,0.136075,0.170693,0.85
meta-llama-Llama-3.1-8B,functional_group,12,thiol,control,sulfur,-SH,8,0.175966,0.194529,0.629505,0.525053,0.1
meta-llama-Llama-3.1-8B,functional_group,12,thioether,control,sulfur,-S-,4,0.38522,0.115649,0.499126,0.230897,0.425
meta-llama-Llama-3.1-8B,functional_group,13,amide,ambiguous,nitrogen,-CONH2,4,0.804248,0.180788,0.01494,0.183534,0.95
meta-llama-Llama-3.1-8B,functional_group,13,nitro,ambiguous,nitrogen,-NO2,4,0.186034,0.252278,0.561677,0.575567,0.15
meta-llama-Llama-3.1-8B,functional_group,13,sulfoxide,ambiguous,sulfur,>S=O,4,0.961438,0.031133,0.007415,0.031366,1.0
meta-llama-Llama-3.1-8B,functional_group,13,sulfone,ambiguous,sulfur,>SO2,4,0.992944,0.003105,0.003947,0.003117,1.0
meta-llama-Llama-3.1-8B,functional_group,13,amine,control,nitrogen,-NH2,8,0.419173,0.35674,0.224076,0.459768,0.5
meta-llama-Llama-3.1-8B,functional_group,13,imine,control,nitrogen,-CH=NH,4,0.949902,0.004898,0.045213,0.00513,1.0
meta-llama-Llama-3.1-8B,functional_group,13,nitrile,control,nitrogen,-C≡N,4,0.811774,0.116072,0.072163,0.125098,0.925
meta-llama-Llama-3.1-8B,functional_group,13,thiol,control,sulfur,-SH,8,0.159745,0.236187,0.604055,0.596534,0.0375
meta-llama-Llama-3.1-8B,functional_group,13,thioether,control,sulfur,-S-,4,0.497182,0.14192,0.360934,0.222062,0.55
meta-llama-Llama-3.1-8B,functional_group,14,amide,ambiguous,nitrogen,-CONH2,4,0.809741,0.179976,0.0103,0.181846,0.975
meta-llama-Llama-3.1-8B,functional_group,14,nitro,ambiguous,nitrogen,-NO2,4,0.226708,0.180105,0.59321,0.442722,0.2
meta-llama-Llama-3.1-8B,functional_group,14,sulfoxide,ambiguous,sulfur,>S=O,4,0.972534,0.02089,0.006588,0.021028,1.0
meta-llama-Llama-3.1-8B,functional_group,14,sulfone,ambiguous,sulfur,>SO2,4,0.98468,0.008378,0.006977,0.008436,1.0
meta-llama-Llama-3.1-8B,functional_group,14,amine,control,nitrogen,-NH2,8,0.475495,0.275817,0.248687,0.367114,0.5625
meta-llama-Llama-3.1-8B,functional_group,14,imine,control,nitrogen,-CH=NH,4,0.970032,0.004492,0.025489,0.00461,1.0
meta-llama-Llama-3.1-8B,functional_group,14,nitrile,control,nitrogen,-C≡N,4,0.879773,0.043799,0.07645,0.047423,0.95
meta-llama-Llama-3.1-8B,functional_group,14,thiol,control,sulfur,-SH,8,0.176102,0.230822,0.593081,0.567236,0.0625
meta-llama-Llama-3.1-8B,functional_group,14,thioether,control,sulfur,-S-,4,0.566043,0.136861,0.297104,0.194708,0.7
meta-llama-Llama-3.1-8B,functional_group,15,amide,ambiguous,nitrogen,-CONH2,4,0.636493,0.338094,0.025433,0.34691,0.75
meta-llama-Llama-3.1-8B,functional_group,15,nitro,ambiguous,nitrogen,-NO2,4,0.306694,0.144556,0.548738,0.320345,0.35
meta-llama-Llama-3.1-8B,functional_group,15,sulfoxide,ambiguous,sulfur,>S=O,4,0.980554,0.012749,0.006677,0.012835,1.0
meta-llama-Llama-3.1-8B,functional_group,15,sulfone,ambiguous,sulfur,>SO2,4,0.98761,0.00351,0.008868,0.003542,1.0
meta-llama-Llama-3.1-8B,functional_group,15,amine,control,nitrogen,-NH2,8,0.61812,0.090777,0.291106,0.128054,0.725
meta-llama-Llama-3.1-8B,functional_group,15,imine,control,nitrogen,-CH=NH,4,0.977393,0.004118,0.018533,0.004195,1.0
meta-llama-Llama-3.1-8B,functional_group,15,nitrile,control,nitrogen,-C≡N,4,0.853876,0.082826,0.063293,0.088423,0.95
meta-llama-Llama-3.1-8B,functional_group,15,thiol,control,sulfur,-SH,8,0.204642,0.114359,0.681008,0.358492,0.1
meta-llama-Llama-3.1-8B,functional_group,15,thioether,control,sulfur,-S-,4,0.685001,0.067718,0.247273,0.089965,0.875
meta-llama-Llama-3.1-8B,functional_group,16,amide,ambiguous,nitrogen,-CONH2,4,0.647894,0.315917,0.036196,0.327779,0.725
meta-llama-Llama-3.1-8B,functional_group,16,nitro,ambiguous,nitrogen,-NO2,4,0.279102,0.183598,0.537286,0.396797,0.35
meta-llama-Llama-3.1-8B,functional_group,16,sulfoxide,ambiguous,sulfur,>S=O,4,0.867383,0.055483,0.077156,0.060121,1.0
meta-llama-Llama-3.1-8B,functional_group,16,sulfone,ambiguous,sulfur,>SO2,4,0.837329,0.046709,0.115935,0.052836,1.0
meta-llama-Llama-3.1-8B,functional_group,16,amine,control,nitrogen,-NH2,8,0.789957,0.095066,0.114942,0.107417,1.0
meta-llama-Llama-3.1-8B,functional_group,16,imine,control,nitrogen,-CH=NH,4,0.893042,0.037815,0.069185,0.040624,1.0
meta-llama-Llama-3.1-8B,functional_group,16,nitrile,control,nitrogen,-C≡N,4,0.904993,0.028607,0.066399,0.030642,1.0
meta-llama-Llama-3.1-8B,functional_group,16,thiol,control,sulfur,-SH,8,0.659442,0.120981,0.219583,0.15502,0.9875
meta-llama-Llama-3.1-8B,functional_group,16,thioether,control,sulfur,-S-,4,0.702118,0.054645,0.243241,0.072209,0.95
meta-llama-Llama-3.1-8B,functional_group,17,amide,ambiguous,nitrogen,-CONH2,4,0.63324,0.333324,0.033417,0.344855,0.75
meta-llama-Llama-3.1-8B,functional_group,17,nitro,ambiguous,nitrogen,-NO2,4,0.490007,0.089325,0.420644,0.154186,0.725
meta-llama-Llama-3.1-8B,functional_group,17,sulfoxide,ambiguous,sulfur,>S=O,4,0.98772,0.006788,0.005445,0.006825,1.0
meta-llama-Llama-3.1-8B,functional_group,17,sulfone,ambiguous,sulfur,>SO2,4,0.832471,0.05127,0.116252,0.058015,1.0
meta-llama-Llama-3.1-8B,functional_group,17,amine,control,nitrogen,-NH2,8,0.813675,0.087735,0.098564,0.09733,1.0
meta-llama-Llama-3.1-8B,functional_group,17,imine,control,nitrogen,-CH=NH,4,0.989294,0.004867,0.00584,0.004896,1.0
meta-llama-Llama-3.1-8B,functional_group,17,nitrile,control,nitrogen,-C≡N,4,0.954089,0.012101,0.03381,0.012525,1.0
meta-llama-Llama-3.1-8B,functional_group,17,thiol,control,sulfur,-SH,8,0.776108,0.122893,0.100995,0.1367,1.0
meta-llama-Llama-3.1-8B,functional_group,17,thioether,control,sulfur,-S-,4,0.760083,0.053279,0.186677,0.065505,0.975
meta-llama-Llama-3.1-8B,functional_group,18,amide,ambiguous,nitrogen,-CONH2,4,0.701447,0.275459,0.023099,0.281971,0.825
meta-llama-Llama-3.1-8B,functional_group,18,nitro,ambiguous,nitrogen,-NO2,4,0.596051,0.093677,0.310293,0.135817,0.925
meta-llama-Llama-3.1-8B,functional_group,18,sulfoxide,ambiguous,sulfur,>S=O,4,0.985107,0.010801,0.004094,0.010846,1.0
meta-llama-Llama-3.1-8B,functional_group,18,sulfone,ambiguous,sulfur,>SO2,4,0.978992,0.005428,0.015556,0.005514,1.0
meta-llama-Llama-3.1-8B,functional_group,18,amine,control,nitrogen,-NH2,8,0.822794,0.077398,0.099809,0.085979,1.0
meta-llama-Llama-3.1-8B,functional_group,18,imine,control,nitrogen,-CH=NH,4,0.986975,0.007173,0.005826,0.007215,1.0
meta-llama-Llama-3.1-8B,functional_group,18,nitrile,control,nitrogen,-C≡N,4,0.984009,0.00254,0.013452,0.002575,1.0
meta-llama-Llama-3.1-8B,functional_group,18,thiol,control,sulfur,-SH,8,0.764075,0.098214,0.137724,0.113899,0.9625
meta-llama-Llama-3.1-8B,functional_group,18,thioether,control,sulfur,-S-,4,0.945496,0.016246,0.038262,0.016892,1.0
meta-llama-Llama-3.1-8B,functional_group,19,amide,ambiguous,nitrogen,-CONH2,4,0.648322,0.224945,0.126741,0.25759,1.0
meta-llama-Llama-3.1-8B,functional_group,19,nitro,ambiguous,nitrogen,-NO2,4,0.412225,0.223509,0.364271,0.351576,0.9
meta-llama-Llama-3.1-8B,functional_group,19,sulfoxide,ambiguous,sulfur,>S=O,4,0.846069,0.070247,0.083689,0.076663,1.0
meta-llama-Llama-3.1-8B,functional_group,19,sulfone,ambiguous,sulfur,>SO2,4,0.771063,0.093916,0.135021,0.108576,1.0
meta-llama-Llama-3.1-8B,functional_group,19,amine,control,nitrogen,-NH2,8,0.707187,0.1066,0.186233,0.130993,1.0
meta-llama-Llama-3.1-8B,functional_group,19,imine,control,nitrogen,-CH=NH,4,0.779297,0.078702,0.142013,0.091727,1.0
meta-llama-Llama-3.1-8B,functional_group,19,nitrile,control,nitrogen,-C≡N,4,0.974219,0.00643,0.019336,0.006557,1.0
meta-llama-Llama-3.1-8B,functional_group,19,thiol,control,sulfur,-SH,8,0.553113,0.148118,0.298772,0.211226,1.0
meta-llama-Llama-3.1-8B,functional_group,19,thioether,control,sulfur,-S-,4,0.622339,0.079534,0.298143,0.113317,0.9
meta-llama-Llama-3.1-8B,functional_group,20,amide,ambiguous,nitrogen,-CONH2,4,0.821167,0.14251,0.036345,0.147881,1.0
meta-llama-Llama-3.1-8B,functional_group,20,nitro,ambiguous,nitrogen,-NO2,4,0.605988,0.13574,0.258296,0.183005,0.925
meta-llama-Llama-3.1-8B,functional_group,20,sulfoxide,ambiguous,sulfur,>S=O,4,0.967273,0.017633,0.015089,0.017903,1.0
meta-llama-Llama-3.1-8B,functional_group,20,sulfone,ambiguous,sulfur,>SO2,4,0.945166,0.022809,0.032052,0.023563,1.0
meta-llama-Llama-3.1-8B,functional_group,20,amine,control,nitrogen,-NH2,8,0.912488,0.028771,0.058741,0.030567,1.0
meta-llama-Llama-3.1-8B,functional_group,20,imine,control,nitrogen,-CH=NH,4,0.953467,0.015334,0.031214,0.015827,1.0
meta-llama-Llama-3.1-8B,functional_group,20,nitrile,control,nitrogen,-C≡N,4,0.924756,0.01951,0.055744,0.020662,1.0
meta-llama-Llama-3.1-8B,functional_group,20,thiol,control,sulfur,-SH,8,0.796405,0.062021,0.141552,0.07225,1.0
meta-llama-Llama-3.1-8B,functional_group,20,thioether,control,sulfur,-S-,4,0.828259,0.039751,0.13199,0.045795,1.0
meta-llama-Llama-3.1-8B,functional_group,21,amide,ambiguous,nitrogen,-CONH2,4,0.824951,0.139327,0.035738,0.144489,1.0
meta-llama-Llama-3.1-8B,functional_group,21,nitro,ambiguous,nitrogen,-NO2,4,0.667255,0.108335,0.2244,0.139681,0.95
meta-llama-Llama-3.1-8B,functional_group,21,sulfoxide,ambiguous,sulfur,>S=O,4,0.967383,0.018876,0.013742,0.019139,1.0
meta-llama-Llama-3.1-8B,functional_group,21,sulfone,ambiguous,sulfur,>SO2,4,0.91991,0.034917,0.04514,0.036569,1.0
meta-llama-Llama-3.1-8B,functional_group,21,amine,control,nitrogen,-NH2,8,0.756177,0.054205,0.189612,0.066888,1.0
meta-llama-Llama-3.1-8B,functional_group,21,imine,control,nitrogen,-CH=NH,4,0.968079,0.00788,0.02404,0.008074,1.0
meta-llama-Llama-3.1-8B,functional_group,21,nitrile,control,nitrogen,-C≡N,4,0.946118,0.013134,0.040756,0.013692,1.0
meta-llama-Llama-3.1-8B,functional_group,21,thiol,control,sulfur,-SH,8,0.736935,0.076289,0.186784,0.09381,1.0
meta-llama-Llama-3.1-8B,functional_group,21,thioether,control,sulfur,-S-,4,0.850183,0.030335,0.119478,0.034451,1.0
meta-llama-Llama-3.1-8B,functional_group,22,amide,ambiguous,nitrogen,-CONH2,4,0.635297,0.272186,0.092509,0.299935,0.95
meta-llama-Llama-3.1-8B,functional_group,22,nitro,ambiguous,nitrogen,-NO2,4,0.735065,0.107024,0.157889,0.127093,0.975
meta-llama-Llama-3.1-8B,functional_group,22,sulfoxide,ambiguous,sulfur,>S=O,4,0.966125,0.018881,0.014976,0.019168,1.0
meta-llama-Llama-3.1-8B,functional_group,22,sulfone,ambiguous,sulfur,>SO2,4,0.922192,0.035802,0.041992,0.037372,1.0
meta-llama-Llama-3.1-8B,functional_group,22,amine,control,nitrogen,-NH2,8,0.92345,0.014174,0.062395,0.015117,1.0
meta-llama-Llama-3.1-8B,functional_group,22,imine,control,nitrogen,-CH=NH,4,0.965613,0.007152,0.027204,0.007352,1.0
meta-llama-Llama-3.1-8B,functional_group,22,nitrile,control,nitrogen,-C≡N,4,0.821558,0.046708,0.131778,0.053794,1.0
meta-llama-Llama-3.1-8B,functional_group,22,thiol,control,sulfur,-SH,8,0.734164,0.075489,0.19033,0.093236,1.0
meta-llama-Llama-3.1-8B,functional_group,22,thioether,control,sulfur,-S-,4,0.839258,0.029676,0.131095,0.034152,0.975
meta-llama-Llama-3.1-8B,functional_group,23,amide,ambiguous,nitrogen,-CONH2,4,0.627051,0.270198,0.102771,0.301141,0.975
meta-llama-Llama-3.1-8B,functional_group,23,nitro,ambiguous,nitrogen,-NO2,4,0.721088,0.112133,0.166756,0.134578,0.975
meta-llama-Llama-3.1-8B,functional_group,23,sulfoxide,ambiguous,sulfur,>S=O,4,0.96731,0.01762,0.015064,0.01789,1.0
meta-llama-Llama-3.1-8B,functional_group,23,sulfone,ambiguous,sulfur,>SO2,4,0.92113,0.037586,0.041301,0.039204,1.0
meta-llama-Llama-3.1-8B,functional_group,23,amine,control,nitrogen,-NH2,8,0.759479,0.048351,0.19219,0.059853,1.0
meta-llama-Llama-3.1-8B,functional_group,23,imine,control,nitrogen,-CH=NH,4,0.965015,0.006573,0.028389,0.006766,1.0
meta-llama-Llama-3.1-8B,functional_group,23,nitrile,control,nitrogen,-C≡N,4,0.821362,0.043215,0.135392,0.049984,1.0
meta-llama-Llama-3.1-8B,functional_group,23,thiol,control,sulfur,-SH,8,0.712753,0.082183,0.205058,0.103384,1.0
meta-llama-Llama-3.1-8B,functional_group,23,thioether,control,sulfur,-S-,4,0.836224,0.030251,0.133515,0.034913,0.95
meta-llama-Llama-3.1-8B,functional_group,24,amide,ambiguous,nitrogen,-CONH2,4,0.644067,0.25303,0.10287,0.282054,1.0
meta-llama-Llama-3.1-8B,functional_group,24,nitro,ambiguous,nitrogen,-NO2,4,0.764288,0.090211,0.145455,0.105572,0.975
meta-llama-Llama-3.1-8B,functional_group,24,sulfoxide,ambiguous,sulfur,>S=O,4,0.965405,0.019153,0.015424,0.019453,1.0
meta-llama-Llama-3.1-8B,functional_group,24,sulfone,ambiguous,sulfur,>SO2,4,0.930334,0.032922,0.036723,0.034178,1.0
meta-llama-Llama-3.1-8B,functional_group,24,amine,control,nitrogen,-NH2,8,0.773886,0.047211,0.178902,0.057497,1.0
meta-llama-Llama-3.1-8B,functional_group,24,imine,control,nitrogen,-CH=NH,4,0.96521,0.007028,0.02779,0.007228,1.0
meta-llama-Llama-3.1-8B,functional_group,24,nitrile,control,nitrogen,-C≡N,4,0.799823,0.049691,0.150461,0.058494,1.0
meta-llama-Llama-3.1-8B,functional_group,24,thiol,control,sulfur,-SH,8,0.70517,0.084978,0.209848,0.107547,1.0
meta-llama-Llama-3.1-8B,functional_group,24,thioether,control,sulfur,-S-,4,0.845703,0.030062,0.124232,0.034326,1.0
meta-llama-Llama-3.1-8B,functional_group,25,amide,ambiguous,nitrogen,-CONH2,4,0.64563,0.249773,0.104553,0.27895,1.0
meta-llama-Llama-3.1-8B,functional_group,25,nitro,ambiguous,nitrogen,-NO2,4,0.76366,0.08834,0.147985,0.103685,1.0
meta-llama-Llama-3.1-8B,functional_group,25,sulfoxide,ambiguous,sulfur,>S=O,4,0.968701,0.016226,0.0151,0.016474,1.0
meta-llama-Llama-3.1-8B,functional_group,25,sulfone,ambiguous,sulfur,>SO2,4,0.933728,0.028776,0.037471,0.029897,1.0
meta-llama-Llama-3.1-8B,functional_group,25,amine,control,nitrogen,-NH2,8,0.763217,0.049301,0.187475,0.060677,1.0
meta-llama-Llama-3.1-8B,functional_group,25,imine,control,nitrogen,-CH=NH,4,0.963171,0.008156,0.028662,0.008397,1.0
meta-llama-Llama-3.1-8B,functional_group,25,nitrile,control,nitrogen,-C≡N,4,0.795007,0.051263,0.153746,0.060575,1.0
meta-llama-Llama-3.1-8B,functional_group,25,thiol,control,sulfur,-SH,8,0.71243,0.080494,0.207098,0.101516,1.0
meta-llama-Llama-3.1-8B,functional_group,25,thioether,control,sulfur,-S-,4,0.86145,0.027735,0.110833,0.031192,1.0
meta-llama-Llama-3.1-8B,functional_group,26,amide,ambiguous,nitrogen,-CONH2,4,0.629126,0.260725,0.110193,0.292999,1.0
meta-llama-Llama-3.1-8B,functional_group,26,nitro,ambiguous,nitrogen,-NO2,4,0.580621,0.165154,0.254176,0.221452,1.0
meta-llama-Llama-3.1-8B,functional_group,26,sulfoxide,ambiguous,sulfur,>S=O,4,0.849463,0.0683,0.08224,0.07442,1.0
meta-llama-Llama-3.1-8B,functional_group,26,sulfone,ambiguous,sulfur,>SO2,4,0.775848,0.096532,0.127607,0.110653,1.0
meta-llama-Llama-3.1-8B,functional_group,26,amine,control,nitrogen,-NH2,8,0.750735,0.050985,0.198279,0.063595,1.0
meta-llama-Llama-3.1-8B,functional_group,26,imine,control,nitrogen,-CH=NH,4,0.815814,0.045827,0.138366,0.053186,1.0
meta-llama-Llama-3.1-8B,functional_group,26,nitrile,control,nitrogen,-C≡N,4,0.787506,0.05408,0.158401,0.06426,1.0
meta-llama-Llama-3.1-8B,functional_group,26,thiol,control,sulfur,-SH,8,0.71431,0.076966,0.208723,0.097269,1.0
meta-llama-Llama-3.1-8B,functional_group,26,thioether,control,sulfur,-S-,4,0.700677,0.058634,0.240672,0.07722,1.0
meta-llama-Llama-3.1-8B,functional_group,27,amide,ambiguous,nitrogen,-CONH2,4,0.618115,0.270593,0.111312,0.304479,1.0
meta-llama-Llama-3.1-8B,functional_group,27,nitro,ambiguous,nitrogen,-NO2,4,0.572742,0.172334,0.254928,0.231298,1.0
meta-llama-Llama-3.1-8B,functional_group,27,sulfoxide,ambiguous,sulfur,>S=O,4,0.856274,0.065484,0.07829,0.071042,1.0
meta-llama-Llama-3.1-8B,functional_group,27,sulfone,ambiguous,sulfur,>SO2,4,0.789642,0.091459,0.118882,0.103801,1.0
meta-llama-Llama-3.1-8B,functional_group,27,amine,control,nitrogen,-NH2,8,0.740994,0.053661,0.205363,0.067527,1.0
meta-llama-Llama-3.1-8B,functional_group,27,imine,control,nitrogen,-CH=NH,4,0.812305,0.048556,0.13912,0.056404,1.0
meta-llama-Llama-3.1-8B,functional_group,27,nitrile,control,nitrogen,-C≡N,4,0.768744,0.062183,0.169053,0.074836,1.0
meta-llama-Llama-3.1-8B,functional_group,27,thiol,control,sulfur,-SH,8,0.722263,0.076273,0.201475,0.095516,1.0
meta-llama-Llama-3.1-8B,functional_group,27,thioether,control,sulfur,-S-,4,0.694159,0.059989,0.245853,0.079545,1.0
meta-llama-Llama-3.1-8B,functional_group,28,amide,ambiguous,nitrogen,-CONH2,4,0.770483,0.200453,0.029031,0.206453,1.0
meta-llama-Llama-3.1-8B,functional_group,28,nitro,ambiguous,nitrogen,-NO2,4,0.776691,0.096742,0.126571,0.110761,1.0
meta-llama-Llama-3.1-8B,functional_group,28,sulfoxide,ambiguous,sulfur,>S=O,4,0.966931,0.01678,0.016324,0.017057,1.0
meta-llama-Llama-3.1-8B,functional_group,28,sulfone,ambiguous,sulfur,>SO2,4,0.937134,0.028886,0.033996,0.029902,1.0
meta-llama-Llama-3.1-8B,functional_group,28,amine,control,nitrogen,-NH2,8,0.747601,0.054119,0.198268,0.067504,1.0
meta-llama-Llama-3.1-8B,functional_group,28,imine,control,nitrogen,-CH=NH,4,0.961877,0.008824,0.029317,0.009091,1.0
meta-llama-Llama-3.1-8B,functional_group,28,nitrile,control,nitrogen,-C≡N,4,0.922388,0.017192,0.060427,0.018297,1.0
meta-llama-Llama-3.1-8B,functional_group,28,thiol,control,sulfur,-SH,8,0.72486,0.075131,0.199996,0.093915,1.0
meta-llama-Llama-3.1-8B,functional_group,28,thioether,control,sulfur,-S-,4,0.853156,0.029244,0.117596,0.033142,0.975
meta-llama-Llama-3.1-8B,functional_group,29,amide,ambiguous,nitrogen,-CONH2,4,0.632306,0.259653,0.108035,0.291104,1.0
meta-llama-Llama-3.1-8B,functional_group,29,nitro,ambiguous,nitrogen,-NO2,4,0.780872,0.100325,0.118797,0.113851,1.0
meta-llama-Llama-3.1-8B,functional_group,29,sulfoxide,ambiguous,sulfur,>S=O,4,0.972412,0.014043,0.013502,0.014236,1.0
meta-llama-Llama-3.1-8B,functional_group,29,sulfone,ambiguous,sulfur,>SO2,4,0.948401,0.022351,0.029225,0.023025,1.0
meta-llama-Llama-3.1-8B,functional_group,29,amine,control,nitrogen,-NH2,8,0.982178,0.002731,0.015091,0.002772,1.0
meta-llama-Llama-3.1-8B,functional_group,29,imine,control,nitrogen,-CH=NH,4,0.960718,0.009195,0.030095,0.009481,1.0
meta-llama-Llama-3.1-8B,functional_group,29,nitrile,control,nitrogen,-C≡N,4,0.741309,0.07375,0.184968,0.090485,1.0
meta-llama-Llama-3.1-8B,functional_group,29,thiol,control,sulfur,-SH,8,0.921442,0.022471,0.056076,0.023807,1.0
meta-llama-Llama-3.1-8B,functional_group,29,thioether,control,sulfur,-S-,4,0.873022,0.023459,0.103512,0.026168,1.0
meta-llama-Llama-3.1-8B,functional_group,30,amide,ambiguous,nitrogen,-CONH2,4,0.670471,0.234329,0.095225,0.258984,1.0
meta-llama-Llama-3.1-8B,functional_group,30,nitro,ambiguous,nitrogen,-NO2,4,0.781226,0.114527,0.104289,0.127856,1.0
meta-llama-Llama-3.1-8B,functional_group,30,sulfoxide,ambiguous,sulfur,>S=O,4,0.972876,0.015969,0.01115,0.016149,1.0
meta-llama-Llama-3.1-8B,functional_group,30,sulfone,ambiguous,sulfur,>SO2,4,0.962537,0.018615,0.018848,0.018973,1.0
meta-llama-Llama-3.1-8B,functional_group,30,amine,control,nitrogen,-NH2,8,0.938617,0.011288,0.050113,0.011883,1.0
meta-llama-Llama-3.1-8B,functional_group,30,imine,control,nitrogen,-CH=NH,4,0.965747,0.00871,0.025529,0.008939,1.0
meta-llama-Llama-3.1-8B,functional_group,30,nitrile,control,nitrogen,-C≡N,4,0.713,0.078176,0.208789,0.09881,1.0
meta-llama-Llama-3.1-8B,functional_group,30,thiol,control,sulfur,-SH,8,0.934052,0.019027,0.046923,0.019964,1.0
meta-llama-Llama-3.1-8B,functional_group,30,thioether,control,sulfur,-S-,4,0.899548,0.020753,0.079702,0.02255,1.0
meta-llama-Llama-3.1-8B,functional_group,31,amide,ambiguous,nitrogen,-CONH2,4,0.823364,0.156052,0.020585,0.159331,1.0
meta-llama-Llama-3.1-8B,functional_group,31,nitro,ambiguous,nitrogen,-NO2,4,0.843115,0.087573,0.069296,0.094095,1.0
meta-llama-Llama-3.1-8B,functional_group,31,sulfoxide,ambiguous,sulfur,>S=O,4,0.97926,0.013554,0.007175,0.013653,1.0
meta-llama-Llama-3.1-8B,functional_group,31,sulfone,ambiguous,sulfur,>SO2,4,0.968469,0.017316,0.014229,0.017566,1.0
meta-llama-Llama-3.1-8B,functional_group,31,amine,control,nitrogen,-NH2,8,0.933411,0.009731,0.056873,0.010317,1.0
meta-llama-Llama-3.1-8B,functional_group,31,imine,control,nitrogen,-CH=NH,4,0.967187,0.006536,0.026289,0.006713,1.0
meta-llama-Llama-3.1-8B,functional_group,31,nitrile,control,nitrogen,-C≡N,4,0.913464,0.017633,0.068886,0.018938,1.0
meta-llama-Llama-3.1-8B,functional_group,31,thiol,control,sulfur,-SH,8,0.906775,0.024467,0.068737,0.026274,1.0
meta-llama-Llama-3.1-8B,functional_group,31,thioether,control,sulfur,-S-,4,0.925952,0.01425,0.059826,0.015156,1.0
phenixace-Chem-R-Faithful,functional_group,0,amide,ambiguous,nitrogen,-CONH2,4,0.412891,0.577606,0.009504,0.583148,0.4
phenixace-Chem-R-Faithful,functional_group,0,nitro,ambiguous,nitrogen,-NO2,4,0.777905,0.171957,0.050176,0.181033,1.0
phenixace-Chem-R-Faithful,functional_group,0,sulfoxide,ambiguous,sulfur,>S=O,4,0.844971,0.151541,0.003472,0.152071,1.0
phenixace-Chem-R-Faithful,functional_group,0,sulfone,ambiguous,sulfur,>SO2,4,0.142324,0.85177,0.005891,0.85683,0.0
phenixace-Chem-R-Faithful,functional_group,0,amine,control,nitrogen,-NH2,8,0.030152,0.486267,0.483573,0.941613,0.0
phenixace-Chem-R-Faithful,functional_group,0,imine,control,nitrogen,-CH=NH,4,0.860242,0.087906,0.051871,0.092713,1.0
phenixace-Chem-R-Faithful,functional_group,0,nitrile,control,nitrogen,-C≡N,4,0.000211,0.0,0.999807,0.000261,0.0
phenixace-Chem-R-Faithful,functional_group,0,thiol,control,sulfur,-SH,8,0.086821,0.202952,0.710224,0.700382,0.0
phenixace-Chem-R-Faithful,functional_group,0,thioether,control,sulfur,-S-,4,0.560764,0.053458,0.385775,0.087033,0.7
phenixace-Chem-R-Faithful,functional_group,1,amide,ambiguous,nitrogen,-CONH2,4,0.435001,0.559662,0.005312,0.562665,0.425
phenixace-Chem-R-Faithful,functional_group,1,nitro,ambiguous,nitrogen,-NO2,4,0.533745,0.350664,0.11557,0.396495,0.55
phenixace-Chem-R-Faithful,functional_group,1,sulfoxide,ambiguous,sulfur,>S=O,4,0.949707,0.046943,0.003329,0.047101,1.0
phenixace-Chem-R-Faithful,functional_group,1,sulfone,ambiguous,sulfur,>SO2,4,0.707404,0.289647,0.002965,0.290504,0.925
phenixace-Chem-R-Faithful,functional_group,1,amine,control,nitrogen,-NH2,8,0.020345,0.503176,0.476495,0.961137,0.0
phenixace-Chem-R-Faithful,functional_group,1,imine,control,nitrogen,-CH=NH,4,0.798175,0.194153,0.007671,0.195654,0.95
phenixace-Chem-R-Faithful,functional_group,1,nitrile,control,nitrogen,-C≡N,4,0.962122,0.002368,0.03551,0.002455,1.0
phenixace-Chem-R-Faithful,functional_group,1,thiol,control,sulfur,-SH,8,0.072654,0.320459,0.606914,0.815183,0.0
phenixace-Chem-R-Faithful,functional_group,1,thioether,control,sulfur,-S-,4,0.510123,0.057704,0.432171,0.101623,0.5
phenixace-Chem-R-Faithful,functional_group,2,amide,ambiguous,nitrogen,-CONH2,4,0.790533,0.205355,0.004144,0.206203,0.925
phenixace-Chem-R-Faithful,functional_group,2,nitro,ambiguous,nitrogen,-NO2,4,0.080947,0.119018,0.800029,0.595194,0.05
phenixace-Chem-R-Faithful,functional_group,2,sulfoxide,ambiguous,sulfur,>S=O,4,0.972485,0.024335,0.003191,0.024413,1.0
phenixace-Chem-R-Faithful,functional_group,2,sulfone,ambiguous,sulfur,>SO2,4,0.922693,0.073297,0.003995,0.073592,1.0
phenixace-Chem-R-Faithful,functional_group,2,amine,control,nitrogen,-NH2,8,0.03985,0.558216,0.401906,0.933369,0.0
phenixace-Chem-R-Faithful,functional_group,2,imine,control,nitrogen,-CH=NH,4,0.607059,0.387996,0.004961,0.389924,0.675
phenixace-Chem-R-Faithful,functional_group,2,nitrile,control,nitrogen,-C≡N,4,0.891797,0.04653,0.06167,0.049588,1.0
phenixace-Chem-R-Faithful,functional_group,2,thiol,control,sulfur,-SH,8,0.058662,0.440009,0.501325,0.882364,0.0
phenixace-Chem-R-Faithful,functional_group,2,thioether,control,sulfur,-S-,4,0.23383,0.159845,0.606288,0.406033,0.2
phenixace-Chem-R-Faithful,functional_group,3,amide,ambiguous,nitrogen,-CONH2,4,0.797229,0.199627,0.003155,0.200257,0.975
phenixace-Chem-R-Faithful,functional_group,3,nitro,ambiguous,nitrogen,-NO2,4,0.05104,0.069723,0.879245,0.577352,0.0
phenixace-Chem-R-Faithful,functional_group,3,sulfoxide,ambiguous,sulfur,>S=O,4,0.945117,0.033462,0.021434,0.034194,1.0
phenixace-Chem-R-Faithful,functional_group,3,sulfone,ambiguous,sulfur,>SO2,4,0.984595,0.013026,0.002393,0.013057,1.0
phenixace-Chem-R-Faithful,functional_group,3,amine,control,nitrogen,-NH2,8,0.209061,0.497685,0.293275,0.704192,0.1875
phenixace-Chem-R-Faithful,functional_group,3,imine,control,nitrogen,-CH=NH,4,0.513002,0.438309,0.048705,0.460742,0.6
phenixace-Chem-R-Faithful,functional_group,3,nitrile,control,nitrogen,-C≡N,4,0.786237,0.107668,0.106065,0.120447,1.0
phenixace-Chem-R-Faithful,functional_group,3,thiol,control,sulfur,-SH,8,0.079986,0.43802,0.481989,0.845589,0.0
phenixace-Chem-R-Faithful,functional_group,3,thioether,control,sulfur,-S-,4,0.183792,0.196066,0.620132,0.516156,0.175
phenixace-Chem-R-Faithful,functional_group,4,amide,ambiguous,nitrogen,-CONH2,4,0.867615,0.129342,0.002994,0.129737,0.975
phenixace-Chem-R-Faithful,functional_group,4,nitro,ambiguous,nitrogen,-NO2,4,0.019216,0.031294,0.949502,0.619554,0.0
phenixace-Chem-R-Faithful,functional_group,4,sulfoxide,ambiguous,sulfur,>S=O,4,0.984546,0.007374,0.008068,0.007434,1.0
phenixace-Chem-R-Faithful,functional_group,4,sulfone,ambiguous,sulfur,>SO2,4,0.98938,0.008159,0.002441,0.00818,1.0
phenixace-Chem-R-Faithful,functional_group,4,amine,control,nitrogen,-NH2,8,0.276632,0.405385,0.317969,0.594391,0.225
phenixace-Chem-R-Faithful,functional_group,4,imine,control,nitrogen,-CH=NH,4,0.708041,0.241547,0.050404,0.25437,0.95
phenixace-Chem-R-Faithful,functional_group,4,nitrile,control,nitrogen,-C≡N,4,0.752509,0.168463,0.079059,0.182919,0.95
phenixace-Chem-R-Faithful,functional_group,4,thiol,control,sulfur,-SH,8,0.045211,0.488151,0.466674,0.915234,0.0
phenixace-Chem-R-Faithful,functional_group,4,thioether,control,sulfur,-S-,4,0.184606,0.13985,0.675547,0.431029,0.175
phenixace-Chem-R-Faithful,functional_group,5,amide,ambiguous,nitrogen,-CONH2,4,0.676736,0.318909,0.004314,0.320304,0.85
phenixace-Chem-R-Faithful,functional_group,5,nitro,ambiguous,nitrogen,-NO2,4,0.03279,0.050013,0.917179,0.604005,0.0
phenixace-Chem-R-Faithful,functional_group,5,sulfoxide,ambiguous,sulfur,>S=O,4,0.967749,0.015133,0.017068,0.015397,1.0
phenixace-Chem-R-Faithful,functional_group,5,sulfone,ambiguous,sulfur,>SO2,4,0.932336,0.038718,0.028952,0.039872,1.0
phenixace-Chem-R-Faithful,functional_group,5,amine,control,nitrogen,-NH2,8,0.236655,0.492603,0.270759,0.675485,0.1375
phenixace-Chem-R-Faithful,functional_group,5,imine,control,nitrogen,-CH=NH,4,0.830768,0.124648,0.044587,0.130464,0.925
phenixace-Chem-R-Faithful,functional_group,5,nitrile,control,nitrogen,-C≡N,4,0.656366,0.2359,0.10776,0.264383,0.85
phenixace-Chem-R-Faithful,functional_group,5,thiol,control,sulfur,-SH,8,0.136146,0.350485,0.513367,0.720228,0.0
phenixace-Chem-R-Faithful,functional_group,5,thioether,control,sulfur,-S-,4,0.205812,0.143716,0.650444,0.411171,0.225
phenixace-Chem-R-Faithful,functional_group,6,amide,ambiguous,nitrogen,-CONH2,4,0.707831,0.287492,0.004683,0.288843,0.925
phenixace-Chem-R-Faithful,functional_group,6,nitro,ambiguous,nitrogen,-NO2,4,0.07449,0.082797,0.842728,0.526406,0.0
phenixace-Chem-R-Faithful,functional_group,6,sulfoxide,ambiguous,sulfur,>S=O,4,0.970667,0.012061,0.017232,0.012273,1.0
phenixace-Chem-R-Faithful,functional_group,6,sulfone,ambiguous,sulfur,>SO2,4,0.988855,0.004986,0.006146,0.005017,1.0
phenixace-Chem-R-Faithful,functional_group,6,amine,control,nitrogen,-NH2,8,0.21506,0.54491,0.240011,0.717015,0.1
phenixace-Chem-R-Faithful,functional_group,6,imine,control,nitrogen,-CH=NH,4,0.883258,0.083379,0.033392,0.086257,0.975
phenixace-Chem-R-Faithful,functional_group,6,nitrile,control,nitrogen,-C≡N,4,0.676315,0.212573,0.111132,0.239145,0.85
phenixace-Chem-R-Faithful,functional_group,6,thiol,control,sulfur,-SH,8,0.175542,0.420081,0.404367,0.70528,0.0875
phenixace-Chem-R-Faithful,functional_group,6,thioether,control,sulfur,-S-,4,0.269817,0.115235,0.614922,0.29927,0.25
phenixace-Chem-R-Faithful,functional_group,7,amide,ambiguous,nitrogen,-CONH2,4,0.614917,0.380798,0.004293,0.382437,0.65
phenixace-Chem-R-Faithful,functional_group,7,nitro,ambiguous,nitrogen,-NO2,4,0.09787,0.038925,0.863253,0.284551,0.05
phenixace-Chem-R-Faithful,functional_group,7,sulfoxide,ambiguous,sulfur,>S=O,4,0.993774,0.00304,0.003139,0.00305,1.0
phenixace-Chem-R-Faithful,functional_group,7,sulfone,ambiguous,sulfur,>SO2,4,0.991711,0.003332,0.004952,0.003349,1.0
phenixace-Chem-R-Faithful,functional_group,7,amine,control,nitrogen,-NH2,8,0.17821,0.546783,0.274989,0.754191,0.1125
phenixace-Chem-R-Faithful,functional_group,7,imine,control,nitrogen,-CH=NH,4,0.890131,0.061279,0.048609,0.064409,0.95
phenixace-Chem-R-Faithful,functional_group,7,nitrile,control,nitrogen,-C≡N,4,0.54751,0.325763,0.12673,0.373037,0.675
phenixace-Chem-R-Faithful,functional_group,7,thiol,control,sulfur,-SH,8,0.158282,0.505978,0.335727,0.761717,0.0125
phenixace-Chem-R-Faithful,functional_group,7,thioether,control,sulfur,-S-,4,0.286418,0.164225,0.54935,0.364424,0.25
phenixace-Chem-R-Faithful,functional_group,8,amide,ambiguous,nitrogen,-CONH2,4,0.468085,0.528854,0.003081,0.530478,0.4
phenixace-Chem-R-Faithful,functional_group,8,nitro,ambiguous,nitrogen,-NO2,4,0.09673,0.064344,0.838936,0.39947,0.075
phenixace-Chem-R-Faithful,functional_group,8,sulfoxide,ambiguous,sulfur,>S=O,4,0.994482,0.00204,0.003495,0.002047,1.0
phenixace-Chem-R-Faithful,functional_group,8,sulfone,ambiguous,sulfur,>SO2,4,0.991797,0.003107,0.00512,0.003123,1.0
phenixace-Chem-R-Faithful,functional_group,8,amine,control,nitrogen,-NH2,8,0.176899,0.44399,0.37911,0.715088,0.1375
phenixace-Chem-R-Faithful,functional_group,8,imine,control,nitrogen,-CH=NH,4,0.85705,0.076988,0.065987,0.082425,0.95
phenixace-Chem-R-Faithful,functional_group,8,nitrile,control,nitrogen,-C≡N,4,0.523328,0.249699,0.226987,0.323015,0.725
phenixace-Chem-R-Faithful,functional_group,8,thiol,control,sulfur,-SH,8,0.150586,0.510146,0.339287,0.772092,0.0
phenixace-Chem-R-Faithful,functional_group,8,thioether,control,sulfur,-S-,4,0.284509,0.248556,0.466934,0.466277,0.25
phenixace-Chem-R-Faithful,functional_group,9,amide,ambiguous,nitrogen,-CONH2,4,0.509689,0.487463,0.002831,0.488855,0.575
phenixace-Chem-R-Faithful,functional_group,9,nitro,ambiguous,nitrogen,-NO2,4,0.087304,0.042546,0.870145,0.327654,0.0
phenixace-Chem-R-Faithful,functional_group,9,sulfoxide,ambiguous,sulfur,>S=O,4,0.972424,0.011506,0.016064,0.011694,1.0
phenixace-Chem-R-Faithful,functional_group,9,sulfone,ambiguous,sulfur,>SO2,4,0.949817,0.017605,0.03256,0.018198,1.0
phenixace-Chem-R-Faithful,functional_group,9,amine,control,nitrogen,-NH2,8,0.201269,0.450956,0.347776,0.691412,0.1625
phenixace-Chem-R-Faithful,functional_group,9,imine,control,nitrogen,-CH=NH,4,0.89411,0.0761,0.029806,0.078436,0.95
phenixace-Chem-R-Faithful,functional_group,9,nitrile,control,nitrogen,-C≡N,4,0.686566,0.149823,0.163596,0.179131,0.95
phenixace-Chem-R-Faithful,functional_group,9,thiol,control,sulfur,-SH,8,0.157137,0.484653,0.358215,0.755159,0.0125
phenixace-Chem-R-Faithful,functional_group,9,thioether,control,sulfur,-S-,4,0.249972,0.320354,0.429679,0.561703,0.225
phenixace-Chem-R-Faithful,functional_group,10,amide,ambiguous,nitrogen,-CONH2,4,0.540991,0.450101,0.008905,0.454146,0.7
phenixace-Chem-R-Faithful,functional_group,10,nitro,ambiguous,nitrogen,-NO2,4,0.134032,0.034214,0.831779,0.203359,0.1
phenixace-Chem-R-Faithful,functional_group,10,sulfoxide,ambiguous,sulfur,>S=O,4,0.996521,0.0015,0.00197,0.001503,1.0
phenixace-Chem-R-Faithful,functional_group,10,sulfone,ambiguous,sulfur,>SO2,4,0.982849,0.007869,0.009275,0.007943,1.0
phenixace-Chem-R-Faithful,functional_group,10,amine,control,nitrogen,-NH2,8,0.266905,0.385848,0.34725,0.591109,0.2375
phenixace-Chem-R-Faithful,functional_group,10,imine,control,nitrogen,-CH=NH,4,0.881055,0.045885,0.073072,0.049501,1.0
phenixace-Chem-R-Faithful,functional_group,10,nitrile,control,nitrogen,-C≡N,4,0.670776,0.16885,0.160372,0.201101,0.925
phenixace-Chem-R-Faithful,functional_group,10,thiol,control,sulfur,-SH,8,0.186414,0.469162,0.34442,0.715649,0.0375
phenixace-Chem-R-Faithful,functional_group,10,thioether,control,sulfur,-S-,4,0.290883,0.266031,0.443082,0.477688,0.25
phenixace-Chem-R-Faithful,functional_group,11,amide,ambiguous,nitrogen,-CONH2,4,0.605542,0.393549,0.000929,0.393907,0.725
phenixace-Chem-R-Faithful,functional_group,11,nitro,ambiguous,nitrogen,-NO2,4,0.157908,0.047754,0.79439,0.232198,0.1
phenixace-Chem-R-Faithful,functional_group,11,sulfoxide,ambiguous,sulfur,>S=O,4,0.995813,0.002039,0.002159,0.002043,1.0
phenixace-Chem-R-Faithful,functional_group,11,sulfone,ambiguous,sulfur,>SO2,4,0.984106,0.006608,0.009311,0.00667,1.0
phenixace-Chem-R-Faithful,functional_group,11,amine,control,nitrogen,-NH2,8,0.327531,0.445485,0.226983,0.576294,0.3375
phenixace-Chem-R-Faithful,functional_group,11,imine,control,nitrogen,-CH=NH,4,0.813,0.082701,0.104271,0.092331,1.0
phenixace-Chem-R-Faithful,functional_group,11,nitrile,control,nitrogen,-C≡N,4,0.640411,0.217918,0.141675,0.253887,0.85
phenixace-Chem-R-Faithful,functional_group,11,thiol,control,sulfur,-SH,8,0.319782,0.356454,0.323779,0.527115,0.3125
phenixace-Chem-R-Faithful,functional_group,11,thioether,control,sulfur,-S-,4,0.300993,0.280614,0.418425,0.48248,0.3
phenixace-Chem-R-Faithful,functional_group,12,amide,ambiguous,nitrogen,-CONH2,4,0.708026,0.291158,0.000875,0.291396,0.925
phenixace-Chem-R-Faithful,functional_group,12,nitro,ambiguous,nitrogen,-NO2,4,0.210435,0.147292,0.642284,0.411743,0.05
phenixace-Chem-R-Faithful,functional_group,12,sulfoxide,ambiguous,sulfur,>S=O,4,0.967053,0.015365,0.017542,0.01564,1.0
phenixace-Chem-R-Faithful,functional_group,12,sulfone,ambiguous,sulfur,>SO2,4,0.938184,0.030333,0.031445,0.031319,1.0
phenixace-Chem-R-Faithful,functional_group,12,amine,control,nitrogen,-NH2,8,0.253419,0.562625,0.183968,0.689454,0.175
phenixace-Chem-R-Faithful,functional_group,12,imine,control,nitrogen,-CH=NH,4,0.775476,0.048661,0.175892,0.059045,0.975
phenixace-Chem-R-Faithful,functional_group,12,nitrile,control,nitrogen,-C≡N,4,0.667871,0.24266,0.089481,0.266504,0.85
phenixace-Chem-R-Faithful,functional_group,12,thiol,control,sulfur,-SH,8,0.297298,0.333919,0.368779,0.529008,0.325
phenixace-Chem-R-Faithful,functional_group,12,thioether,control,sulfur,-S-,4,0.329203,0.236391,0.434375,0.417951,0.25
phenixace-Chem-R-Faithful,functional_group,13,amide,ambiguous,nitrogen,-CONH2,4,0.600052,0.393283,0.006679,0.395922,0.775
phenixace-Chem-R-Faithful,functional_group,13,nitro,ambiguous,nitrogen,-NO2,4,0.262447,0.152083,0.585461,0.366881,0.2
phenixace-Chem-R-Faithful,functional_group,13,sulfoxide,ambiguous,sulfur,>S=O,4,0.858228,0.066053,0.075719,0.071465,1.0
phenixace-Chem-R-Faithful,functional_group,13,sulfone,ambiguous,sulfur,>SO2,4,0.786646,0.084631,0.128752,0.097135,1.0
phenixace-Chem-R-Faithful,functional_group,13,amine,control,nitrogen,-NH2,8,0.209008,0.563937,0.22705,0.729595,0.1
phenixace-Chem-R-Faithful,functional_group,13,imine,control,nitrogen,-CH=NH,4,0.645044,0.121545,0.233419,0.158553,1.0
phenixace-Chem-R-Faithful,functional_group,13,nitrile,control,nitrogen,-C≡N,4,0.54613,0.320657,0.133243,0.369938,0.775
phenixace-Chem-R-Faithful,functional_group,13,thiol,control,sulfur,-SH,8,0.311353,0.281181,0.407464,0.47454,0.3125
phenixace-Chem-R-Faithful,functional_group,13,thioether,control,sulfur,-S-,4,0.339658,0.229782,0.430581,0.403523,0.4
phenixace-Chem-R-Faithful,functional_group,14,amide,ambiguous,nitrogen,-CONH2,4,0.679266,0.312247,0.00847,0.314919,0.85
phenixace-Chem-R-Faithful,functional_group,14,nitro,ambiguous,nitrogen,-NO2,4,0.297615,0.153503,0.548853,0.340273,0.425
phenixace-Chem-R-Faithful,functional_group,14,sulfoxide,ambiguous,sulfur,>S=O,4,0.815173,0.086823,0.097988,0.096257,1.0
phenixace-Chem-R-Faithful,functional_group,14,sulfone,ambiguous,sulfur,>SO2,4,0.768579,0.075334,0.156078,0.089267,1.0
phenixace-Chem-R-Faithful,functional_group,14,amine,control,nitrogen,-NH2,8,0.235477,0.453758,0.310787,0.65835,0.1
phenixace-Chem-R-Faithful,functional_group,14,imine,control,nitrogen,-CH=NH,4,0.689136,0.095173,0.21564,0.121346,1.0
phenixace-Chem-R-Faithful,functional_group,14,nitrile,control,nitrogen,-C≡N,4,0.553131,0.305536,0.141317,0.355826,0.8
phenixace-Chem-R-Faithful,functional_group,14,thiol,control,sulfur,-SH,8,0.303475,0.246358,0.450159,0.448059,0.375
phenixace-Chem-R-Faithful,functional_group,14,thioether,control,sulfur,-S-,4,0.324936,0.238907,0.436158,0.423712,0.475
phenixace-Chem-R-Faithful,functional_group,15,amide,ambiguous,nitrogen,-CONH2,4,0.549506,0.408807,0.041691,0.426591,0.775
phenixace-Chem-R-Faithful,functional_group,15,nitro,ambiguous,nitrogen,-NO2,4,0.195947,0.081306,0.722729,0.293257,0.05
phenixace-Chem-R-Faithful,functional_group,15,sulfoxide,ambiguous,sulfur,>S=O,4,0.965295,0.016845,0.017841,0.017152,1.0
phenixace-Chem-R-Faithful,functional_group,15,sulfone,ambiguous,sulfur,>SO2,4,0.751477,0.068882,0.179646,0.083966,0.975
phenixace-Chem-R-Faithful,functional_group,15,amine,control,nitrogen,-NH2,8,0.425117,0.131366,0.443537,0.236064,0.4875
phenixace-Chem-R-Faithful,functional_group,15,imine,control,nitrogen,-CH=NH,4,0.607715,0.116692,0.27558,0.161086,0.975
phenixace-Chem-R-Faithful,functional_group,15,nitrile,control,nitrogen,-C≡N,4,0.483307,0.31413,0.202543,0.393924,0.9
phenixace-Chem-R-Faithful,functional_group,15,thiol,control,sulfur,-SH,8,0.320089,0.216161,0.463749,0.403098,0.3875
phenixace-Chem-R-Faithful,functional_group,15,thioether,control,sulfur,-S-,4,0.396716,0.15415,0.449133,0.279832,0.575
phenixace-Chem-R-Faithful,functional_group,16,amide,ambiguous,nitrogen,-CONH2,4,0.537122,0.423856,0.039045,0.441067,0.725
phenixace-Chem-R-Faithful,functional_group,16,nitro,ambiguous,nitrogen,-NO2,4,0.102822,0.112914,0.784279,0.523388,0.0
phenixace-Chem-R-Faithful,functional_group,16,sulfoxide,ambiguous,sulfur,>S=O,4,0.919897,0.033797,0.046299,0.035438,1.0
phenixace-Chem-R-Faithful,functional_group,16,sulfone,ambiguous,sulfur,>SO2,4,0.442352,0.113464,0.444209,0.20414,0.5
phenixace-Chem-R-Faithful,functional_group,16,amine,control,nitrogen,-NH2,8,0.67222,0.087021,0.240786,0.114616,1.0
phenixace-Chem-R-Faithful,functional_group,16,imine,control,nitrogen,-CH=NH,4,0.631281,0.10593,0.26271,0.14369,1.0
phenixace-Chem-R-Faithful,functional_group,16,nitrile,control,nitrogen,-C≡N,4,0.615985,0.196095,0.187943,0.241473,1.0
phenixace-Chem-R-Faithful,functional_group,16,thiol,control,sulfur,-SH,8,0.402815,0.190454,0.406719,0.321025,0.7125
phenixace-Chem-R-Faithful,functional_group,16,thioether,control,sulfur,-S-,4,0.50289,0.07482,0.422301,0.129511,0.7
phenixace-Chem-R-Faithful,functional_group,17,amide,ambiguous,nitrogen,-CONH2,4,0.556458,0.418924,0.024627,0.429498,0.775
phenixace-Chem-R-Faithful,functional_group,17,nitro,ambiguous,nitrogen,-NO2,4,0.223679,0.080089,0.696286,0.263652,0.1
phenixace-Chem-R-Faithful,functional_group,17,sulfoxide,ambiguous,sulfur,>S=O,4,0.916003,0.042515,0.04149,0.044355,1.0
phenixace-Chem-R-Faithful,functional_group,17,sulfone,ambiguous,sulfur,>SO2,4,0.608087,0.088901,0.303,0.12755,0.925
phenixace-Chem-R-Faithful,functional_group,17,amine,control,nitrogen,-NH2,8,0.636713,0.083586,0.279689,0.116043,0.9875
phenixace-Chem-R-Faithful,functional_group,17,imine,control,nitrogen,-CH=NH,4,0.638763,0.1429,0.21832,0.182815,0.975
phenixace-Chem-R-Faithful,functional_group,17,nitrile,control,nitrogen,-C≡N,4,0.655243,0.15194,0.192827,0.188235,1.0
phenixace-Chem-R-Faithful,functional_group,17,thiol,control,sulfur,-SH,8,0.621878,0.101897,0.276231,0.140785,0.825
phenixace-Chem-R-Faithful,functional_group,17,thioether,control,sulfur,-S-,4,0.421988,0.1396,0.438414,0.24858,0.825
phenixace-Chem-R-Faithful,functional_group,18,amide,ambiguous,nitrogen,-CONH2,4,0.679114,0.2957,0.025171,0.30334,0.975
phenixace-Chem-R-Faithful,functional_group,18,nitro,ambiguous,nitrogen,-NO2,4,0.500549,0.08508,0.414408,0.14528,0.775
phenixace-Chem-R-Faithful,functional_group,18,sulfoxide,ambiguous,sulfur,>S=O,4,0.916589,0.060078,0.023364,0.061514,1.0
phenixace-Chem-R-Faithful,functional_group,18,sulfone,ambiguous,sulfur,>SO2,4,0.897913,0.029495,0.0726,0.031804,1.0
phenixace-Chem-R-Faithful,functional_group,18,amine,control,nitrogen,-NH2,8,0.723193,0.063658,0.213127,0.080902,0.9875
phenixace-Chem-R-Faithful,functional_group,18,imine,control,nitrogen,-CH=NH,4,0.736365,0.12308,0.140555,0.143209,1.0
phenixace-Chem-R-Faithful,functional_group,18,nitrile,control,nitrogen,-C≡N,4,0.713892,0.106181,0.179903,0.129478,1.0
phenixace-Chem-R-Faithful,functional_group,18,thiol,control,sulfur,-SH,8,0.531827,0.129972,0.338203,0.196392,0.8625
phenixace-Chem-R-Faithful,functional_group,18,thioether,control,sulfur,-S-,4,0.843262,0.033321,0.123397,0.038012,1.0
phenixace-Chem-R-Faithful,functional_group,19,amide,ambiguous,nitrogen,-CONH2,4,0.72561,0.249451,0.02494,0.255831,1.0
phenixace-Chem-R-Faithful,functional_group,19,nitro,ambiguous,nitrogen,-NO2,4,0.513403,0.127866,0.358764,0.199395,0.95
phenixace-Chem-R-Faithful,functional_group,19,sulfoxide,ambiguous,sulfur,>S=O,4,0.946167,0.035233,0.01858,0.035901,1.0
phenixace-Chem-R-Faithful,functional_group,19,sulfone,ambiguous,sulfur,>SO2,4,0.922876,0.016968,0.060184,0.018055,1.0
phenixace-Chem-R-Faithful,functional_group,19,amine,control,nitrogen,-NH2,8,0.77522,0.080547,0.144275,0.094123,1.0
phenixace-Chem-R-Faithful,functional_group,19,imine,control,nitrogen,-CH=NH,4,0.861487,0.061477,0.077038,0.066608,1.0
phenixace-Chem-R-Faithful,functional_group,19,nitrile,control,nitrogen,-C≡N,4,0.754187,0.082706,0.163096,0.098825,1.0
phenixace-Chem-R-Faithful,functional_group,19,thiol,control,sulfur,-SH,8,0.436949,0.147561,0.415487,0.252452,0.9
phenixace-Chem-R-Faithful,functional_group,19,thioether,control,sulfur,-S-,4,0.872986,0.026583,0.100432,0.029551,1.0
phenixace-Chem-R-Faithful,functional_group,20,amide,ambiguous,nitrogen,-CONH2,4,0.736377,0.23748,0.026128,0.243855,1.0
phenixace-Chem-R-Faithful,functional_group,20,nitro,ambiguous,nitrogen,-NO2,4,0.487958,0.130052,0.382,0.210437,0.825
phenixace-Chem-R-Faithful,functional_group,20,sulfoxide,ambiguous,sulfur,>S=O,4,0.947058,0.035276,0.01766,0.03591,1.0
phenixace-Chem-R-Faithful,functional_group,20,sulfone,ambiguous,sulfur,>SO2,4,0.915491,0.021322,0.063195,0.022761,1.0
phenixace-Chem-R-Faithful,functional_group,20,amine,control,nitrogen,-NH2,8,0.727637,0.10091,0.171448,0.121792,1.0
phenixace-Chem-R-Faithful,functional_group,20,imine,control,nitrogen,-CH=NH,4,0.861145,0.060442,0.078404,0.065585,1.0
phenixace-Chem-R-Faithful,functional_group,20,nitrile,control,nitrogen,-C≡N,4,0.731812,0.087185,0.181016,0.106453,1.0
phenixace-Chem-R-Faithful,functional_group,20,thiol,control,sulfur,-SH,8,0.422437,0.152046,0.425515,0.264666,0.9
phenixace-Chem-R-Faithful,functional_group,20,thioether,control,sulfur,-S-,4,0.89115,0.024247,0.084607,0.026488,1.0
phenixace-Chem-R-Faithful,functional_group,21,amide,ambiguous,nitrogen,-CONH2,4,0.73241,0.241875,0.02567,0.248259,1.0
phenixace-Chem-R-Faithful,functional_group,21,nitro,ambiguous,nitrogen,-NO2,4,0.393951,0.14263,0.463444,0.265812,0.525
phenixace-Chem-R-Faithful,functional_group,21,sulfoxide,ambiguous,sulfur,>S=O,4,0.948132,0.035128,0.016768,0.035726,1.0
phenixace-Chem-R-Faithful,functional_group,21,sulfone,ambiguous,sulfur,>SO2,4,0.793616,0.059986,0.146365,0.070274,1.0
phenixace-Chem-R-Faithful,functional_group,21,amine,control,nitrogen,-NH2,8,0.809186,0.061257,0.129573,0.070374,1.0
phenixace-Chem-R-Faithful,functional_group,21,imine,control,nitrogen,-CH=NH,4,0.902148,0.053053,0.044803,0.055541,1.0
phenixace-Chem-R-Faithful,functional_group,21,nitrile,control,nitrogen,-C≡N,4,0.719543,0.104626,0.175816,0.126947,1.0
phenixace-Chem-R-Faithful,functional_group,21,thiol,control,sulfur,-SH,8,0.543723,0.109419,0.34687,0.167528,0.925
phenixace-Chem-R-Faithful,functional_group,21,thioether,control,sulfur,-S-,4,0.934851,0.013761,0.051408,0.014506,1.0
phenixace-Chem-R-Faithful,functional_group,22,amide,ambiguous,nitrogen,-CONH2,4,0.539844,0.441806,0.018375,0.450065,0.7
phenixace-Chem-R-Faithful,functional_group,22,nitro,ambiguous,nitrogen,-NO2,4,0.402771,0.163248,0.43402,0.288414,0.725
phenixace-Chem-R-Faithful,functional_group,22,sulfoxide,ambiguous,sulfur,>S=O,4,0.944055,0.033394,0.022592,0.034164,1.0
phenixace-Chem-R-Faithful,functional_group,22,sulfone,ambiguous,sulfur,>SO2,4,0.803394,0.060256,0.136361,0.069769,1.0
phenixace-Chem-R-Faithful,functional_group,22,amine,control,nitrogen,-NH2,8,0.755869,0.074264,0.169835,0.08946,1.0
phenixace-Chem-R-Faithful,functional_group,22,imine,control,nitrogen,-CH=NH,4,0.918433,0.037626,0.043909,0.039355,1.0
phenixace-Chem-R-Faithful,functional_group,22,nitrile,control,nitrogen,-C≡N,4,0.720911,0.117163,0.161942,0.1398,1.0
phenixace-Chem-R-Faithful,functional_group,22,thiol,control,sulfur,-SH,8,0.509789,0.121273,0.368924,0.192173,0.925
phenixace-Chem-R-Faithful,functional_group,22,thioether,control,sulfur,-S-,4,0.929126,0.013391,0.057544,0.014208,1.0
phenixace-Chem-R-Faithful,functional_group,23,amide,ambiguous,nitrogen,-CONH2,4,0.569019,0.424695,0.006313,0.427382,0.725
phenixace-Chem-R-Faithful,functional_group,23,nitro,ambiguous,nitrogen,-NO2,4,0.404517,0.155005,0.440489,0.277031,0.6
phenixace-Chem-R-Faithful,functional_group,23,sulfoxide,ambiguous,sulfur,>S=O,4,0.942224,0.035335,0.022456,0.036146,1.0
phenixace-Chem-R-Faithful,functional_group,23,sulfone,ambiguous,sulfur,>SO2,4,0.792358,0.075469,0.132201,0.086963,1.0
phenixace-Chem-R-Faithful,functional_group,23,amine,control,nitrogen,-NH2,8,0.71601,0.094488,0.189506,0.11658,1.0
phenixace-Chem-R-Faithful,functional_group,23,imine,control,nitrogen,-CH=NH,4,0.966589,0.013584,0.01983,0.013859,1.0
phenixace-Chem-R-Faithful,functional_group,23,nitrile,control,nitrogen,-C≡N,4,0.796216,0.087771,0.116008,0.09929,1.0
phenixace-Chem-R-Faithful,functional_group,23,thiol,control,sulfur,-SH,8,0.485808,0.126683,0.387498,0.206833,0.9125
phenixace-Chem-R-Faithful,functional_group,23,thioether,control,sulfur,-S-,4,0.922375,0.014142,0.063479,0.015101,1.0
phenixace-Chem-R-Faithful,functional_group,24,amide,ambiguous,nitrogen,-CONH2,4,0.519348,0.47189,0.008794,0.476061,0.575
phenixace-Chem-R-Faithful,functional_group,24,nitro,ambiguous,nitrogen,-NO2,4,0.347873,0.188124,0.46401,0.35098,0.55
phenixace-Chem-R-Faithful,functional_group,24,sulfoxide,ambiguous,sulfur,>S=O,4,0.94292,0.036654,0.020422,0.037418,1.0
phenixace-Chem-R-Faithful,functional_group,24,sulfone,ambiguous,sulfur,>SO2,4,0.927893,0.025096,0.047019,0.026334,1.0
phenixace-Chem-R-Faithful,functional_group,24,amine,control,nitrogen,-NH2,8,0.705737,0.116745,0.177522,0.141943,1.0
phenixace-Chem-R-Faithful,functional_group,24,imine,control,nitrogen,-CH=NH,4,0.956641,0.017449,0.025903,0.017913,1.0
phenixace-Chem-R-Faithful,functional_group,24,nitrile,control,nitrogen,-C≡N,4,0.784766,0.097406,0.117843,0.110417,1.0
phenixace-Chem-R-Faithful,functional_group,24,thiol,control,sulfur,-SH,8,0.483371,0.131073,0.385565,0.21332,0.925
phenixace-Chem-R-Faithful,functional_group,24,thioether,control,sulfur,-S-,4,0.90647,0.018228,0.075336,0.019713,1.0
phenixace-Chem-R-Faithful,functional_group,25,amide,ambiguous,nitrogen,-CONH2,4,0.511172,0.477115,0.011756,0.482769,0.575
phenixace-Chem-R-Faithful,functional_group,25,nitro,ambiguous,nitrogen,-NO2,4,0.296472,0.259216,0.444328,0.466478,0.4
phenixace-Chem-R-Faithful,functional_group,25,sulfoxide,ambiguous,sulfur,>S=O,4,0.946423,0.031567,0.02199,0.032278,1.0
phenixace-Chem-R-Faithful,functional_group,25,sulfone,ambiguous,sulfur,>SO2,4,0.780115,0.079331,0.140536,0.092305,1.0
phenixace-Chem-R-Faithful,functional_group,25,amine,control,nitrogen,-NH2,8,0.657141,0.12992,0.212918,0.16507,1.0
phenixace-Chem-R-Faithful,functional_group,25,imine,control,nitrogen,-CH=NH,4,0.93739,0.029798,0.032786,0.030809,1.0
phenixace-Chem-R-Faithful,functional_group,25,nitrile,control,nitrogen,-C≡N,4,0.703595,0.150789,0.145641,0.176488,0.975
phenixace-Chem-R-Faithful,functional_group,25,thiol,control,sulfur,-SH,8,0.458507,0.143339,0.39813,0.238165,0.925
phenixace-Chem-R-Faithful,functional_group,25,thioether,control,sulfur,-S-,4,0.958508,0.005745,0.035741,0.005958,1.0
phenixace-Chem-R-Faithful,functional_group,26,amide,ambiguous,nitrogen,-CONH2,4,0.391046,0.59649,0.012483,0.604019,0.25
phenixace-Chem-R-Faithful,functional_group,26,nitro,ambiguous,nitrogen,-NO2,4,0.32804,0.327731,0.344238,0.499765,0.5
phenixace-Chem-R-Faithful,functional_group,26,sulfoxide,ambiguous,sulfur,>S=O,4,0.939282,0.034733,0.025974,0.03566,1.0
phenixace-Chem-R-Faithful,functional_group,26,sulfone,ambiguous,sulfur,>SO2,4,0.898975,0.039766,0.061265,0.042361,1.0
phenixace-Chem-R-Faithful,functional_group,26,amine,control,nitrogen,-NH2,8,0.650089,0.139334,0.210583,0.176501,1.0
phenixace-Chem-R-Faithful,functional_group,26,imine,control,nitrogen,-CH=NH,4,0.929407,0.034672,0.035904,0.035964,1.0
phenixace-Chem-R-Faithful,functional_group,26,nitrile,control,nitrogen,-C≡N,4,0.729285,0.117496,0.153219,0.138757,1.0
phenixace-Chem-R-Faithful,functional_group,26,thiol,control,sulfur,-SH,8,0.432559,0.148832,0.418611,0.255993,0.9125
phenixace-Chem-R-Faithful,functional_group,26,thioether,control,sulfur,-S-,4,0.949988,0.00732,0.042645,0.007647,1.0
phenixace-Chem-R-Faithful,functional_group,27,amide,ambiguous,nitrogen,-CONH2,4,0.401834,0.584052,0.014103,0.592413,0.25
phenixace-Chem-R-Faithful,functional_group,27,nitro,ambiguous,nitrogen,-NO2,4,0.312918,0.347806,0.339265,0.526401,0.375
phenixace-Chem-R-Faithful,functional_group,27,sulfoxide,ambiguous,sulfur,>S=O,4,0.986047,0.008935,0.005019,0.008981,1.0
phenixace-Chem-R-Faithful,functional_group,27,sulfone,ambiguous,sulfur,>SO2,4,0.907678,0.034889,0.057392,0.037015,1.0
phenixace-Chem-R-Faithful,functional_group,27,amine,control,nitrogen,-NH2,8,0.627182,0.163879,0.208952,0.207164,1.0
phenixace-Chem-R-Faithful,functional_group,27,imine,control,nitrogen,-CH=NH,4,0.917297,0.04107,0.041652,0.042854,1.0
phenixace-Chem-R-Faithful,functional_group,27,nitrile,control,nitrogen,-C≡N,4,0.736316,0.108132,0.155542,0.128051,1.0
phenixace-Chem-R-Faithful,functional_group,27,thiol,control,sulfur,-SH,8,0.440317,0.15659,0.403119,0.262335,0.9125
phenixace-Chem-R-Faithful,functional_group,27,thioether,control,sulfur,-S-,4,0.94624,0.008169,0.045594,0.008559,1.0
phenixace-Chem-R-Faithful,functional_group,28,amide,ambiguous,nitrogen,-CONH2,4,0.416586,0.571112,0.012322,0.578225,0.3
phenixace-Chem-R-Faithful,functional_group,28,nitro,ambiguous,nitrogen,-NO2,4,0.313754,0.363739,0.322495,0.536889,0.35
phenixace-Chem-R-Faithful,functional_group,28,sulfoxide,ambiguous,sulfur,>S=O,4,0.940454,0.032829,0.026739,0.03373,1.0
phenixace-Chem-R-Faithful,functional_group,28,sulfone,ambiguous,sulfur,>SO2,4,0.889893,0.042735,0.067397,0.045822,1.0
phenixace-Chem-R-Faithful,functional_group,28,amine,control,nitrogen,-NH2,8,0.582785,0.186464,0.230757,0.242398,1.0
phenixace-Chem-R-Faithful,functional_group,28,imine,control,nitrogen,-CH=NH,4,0.9151,0.040925,0.043985,0.042807,1.0
phenixace-Chem-R-Faithful,functional_group,28,nitrile,control,nitrogen,-C≡N,4,0.731909,0.096649,0.171429,0.116647,1.0
phenixace-Chem-R-Faithful,functional_group,28,thiol,control,sulfur,-SH,8,0.419405,0.158367,0.422253,0.2741,0.9125
phenixace-Chem-R-Faithful,functional_group,28,thioether,control,sulfur,-S-,4,0.93844,0.00956,0.051977,0.010085,1.0
phenixace-Chem-R-Faithful,functional_group,29,amide,ambiguous,nitrogen,-CONH2,4,0.390884,0.563696,0.045424,0.590517,0.275
phenixace-Chem-R-Faithful,functional_group,29,nitro,ambiguous,nitrogen,-NO2,4,0.299323,0.351086,0.349578,0.539793,0.3
phenixace-Chem-R-Faithful,functional_group,29,sulfoxide,ambiguous,sulfur,>S=O,4,0.936389,0.037455,0.026144,0.038461,1.0
phenixace-Chem-R-Faithful,functional_group,29,sulfone,ambiguous,sulfur,>SO2,4,0.789209,0.071605,0.13918,0.083183,1.0
phenixace-Chem-R-Faithful,functional_group,29,amine,control,nitrogen,-NH2,8,0.394812,0.237654,0.367544,0.375758,0.9
phenixace-Chem-R-Faithful,functional_group,29,imine,control,nitrogen,-CH=NH,4,0.764685,0.111399,0.123925,0.127156,1.0
phenixace-Chem-R-Faithful,functional_group,29,nitrile,control,nitrogen,-C≡N,4,0.618616,0.138193,0.243209,0.182599,1.0
phenixace-Chem-R-Faithful,functional_group,29,thiol,control,sulfur,-SH,8,0.410553,0.170434,0.418999,0.293352,0.8875
phenixace-Chem-R-Faithful,functional_group,29,thioether,control,sulfur,-S-,4,0.833105,0.035429,0.131435,0.040791,1.0
phenixace-Chem-R-Faithful,functional_group,30,amide,ambiguous,nitrogen,-CONH2,4,0.418918,0.531232,0.049853,0.559103,0.275
phenixace-Chem-R-Faithful,functional_group,30,nitro,ambiguous,nitrogen,-NO2,4,0.361261,0.334183,0.304522,0.480532,0.625
phenixace-Chem-R-Faithful,functional_group,30,sulfoxide,ambiguous,sulfur,>S=O,4,0.76228,0.119739,0.117975,0.135755,1.0
phenixace-Chem-R-Faithful,functional_group,30,sulfone,ambiguous,sulfur,>SO2,4,0.804163,0.065163,0.130694,0.074959,1.0
phenixace-Chem-R-Faithful,functional_group,30,amine,control,nitrogen,-NH2,8,0.424121,0.224353,0.351522,0.345971,1.0
phenixace-Chem-R-Faithful,functional_group,30,imine,control,nitrogen,-CH=NH,4,0.735315,0.143259,0.121451,0.163059,1.0
phenixace-Chem-R-Faithful,functional_group,30,nitrile,control,nitrogen,-C≡N,4,0.611377,0.14001,0.248605,0.186335,1.0
phenixace-Chem-R-Faithful,functional_group,30,thiol,control,sulfur,-SH,8,0.420251,0.172659,0.407101,0.291206,0.8875
phenixace-Chem-R-Faithful,functional_group,30,thioether,control,sulfur,-S-,4,0.836951,0.039701,0.12331,0.045287,1.0
phenixace-Chem-R-Faithful,functional_group,31,amide,ambiguous,nitrogen,-CONH2,4,0.487738,0.463812,0.048478,0.487428,0.55
phenixace-Chem-R-Faithful,functional_group,31,nitro,ambiguous,nitrogen,-NO2,4,0.486139,0.256287,0.25756,0.345202,0.975
phenixace-Chem-R-Faithful,functional_group,31,sulfoxide,ambiguous,sulfur,>S=O,4,0.742749,0.139513,0.117766,0.158131,1.0
phenixace-Chem-R-Faithful,functional_group,31,sulfone,ambiguous,sulfur,>SO2,4,0.864551,0.050962,0.08449,0.055665,1.0
phenixace-Chem-R-Faithful,functional_group,31,amine,control,nitrogen,-NH2,8,0.445413,0.208179,0.34641,0.318516,0.9875
phenixace-Chem-R-Faithful,functional_group,31,imine,control,nitrogen,-CH=NH,4,0.719598,0.145729,0.134717,0.168409,1.0
phenixace-Chem-R-Faithful,functional_group,31,nitrile,control,nitrogen,-C≡N,4,0.640216,0.130878,0.228909,0.16973,1.0
phenixace-Chem-R-Faithful,functional_group,31,thiol,control,sulfur,-SH,8,0.453632,0.156506,0.38986,0.256509,0.925
phenixace-Chem-R-Faithful,functional_group,31,thioether,control,sulfur,-S-,4,0.827527,0.039534,0.132941,0.045595,1.0
deepseek-ai-DeepSeek-R1-Distill-Llama-8B,functional_group,0,amide,ambiguous,nitrogen,-CONH2,4,0.416214,0.535114,0.048667,0.562491,0.425
deepseek-ai-DeepSeek-R1-Distill-Llama-8B,functional_group,0,nitro,ambiguous,nitrogen,-NO2,4,0.987634,0.000216,0.012178,0.000219,1.0
deepseek-ai-DeepSeek-R1-Distill-Llama-8B,functional_group,0,sulfoxide,ambiguous,sulfur,>S=O,4,0.712122,0.286368,0.001518,0.286801,1.0
deepseek-ai-DeepSeek-R1-Distill-Llama-8B,functional_group,0,sulfone,ambiguous,sulfur,>SO2,4,0.132028,0.867749,0.000234,0.867942,0.0
deepseek-ai-DeepSeek-R1-Distill-Llama-8B,functional_group,0,amine,control,nitrogen,-NH2,8,0.061806,0.747501,0.19066,0.923631,0.0
deepseek-ai-DeepSeek-R1-Distill-Llama-8B,functional_group,0,imine,control,nitrogen,-CH=NH,4,0.963782,0.016347,0.019885,0.016678,1.0
deepseek-ai-DeepSeek-R1-Distill-Llama-8B,functional_group,0,nitrile,control,nitrogen,-C≡N,4,0.00022,0.000501,0.999254,0.694896,0.0
deepseek-ai-DeepSeek-R1-Distill-Llama-8B,functional_group,0,thiol,control,sulfur,-SH,8,0.036843,0.435082,0.528034,0.92193,0.0
deepseek-ai-DeepSeek-R1-Distill-Llama-8B,functional_group,0,thioether,control,sulfur,-S-,4,0.986621,0.003052,0.010345,0.003084,1.0
deepseek-ai-DeepSeek-R1-Distill-Llama-8B,functional_group,1,amide,ambiguous,nitrogen,-CONH2,4,0.136576,0.847815,0.015587,0.861258,0.0
deepseek-ai-DeepSeek-R1-Distill-Llama-8B,functional_group,1,nitro,ambiguous,nitrogen,-NO2,4,0.972119,0.007217,0.020653,0.007369,1.0
deepseek-ai-DeepSeek-R1-Distill-Llama-8B,functional_group,1,sulfoxide,ambiguous,sulfur,>S=O,4,0.619086,0.380034,0.00087,0.380369,0.75
deepseek-ai-DeepSeek-R1-Distill-Llama-8B,functional_group,1,sulfone,ambiguous,sulfur,>SO2,4,0.510236,0.487976,0.001837,0.48885,0.575
deepseek-ai-DeepSeek-R1-Distill-Llama-8B,functional_group,1,amine,control,nitrogen,-NH2,8,0.137982,0.554228,0.307795,0.800665,0.0875
deepseek-ai-DeepSeek-R1-Distill-Llama-8B,functional_group,1,imine,control,nitrogen,-CH=NH,4,0.873425,0.083992,0.042619,0.087728,1.0
deepseek-ai-DeepSeek-R1-Distill-Llama-8B,functional_group,1,nitrile,control,nitrogen,-C≡N,4,0.061843,0.071201,0.866948,0.53517,0.0
deepseek-ai-DeepSeek-R1-Distill-Llama-8B,functional_group,1,thiol,control,sulfur,-SH,8,0.02312,0.303214,0.673674,0.929152,0.0
deepseek-ai-DeepSeek-R1-Distill-Llama-8B,functional_group,1,thioether,control,sulfur,-S-,4,0.892358,0.028052,0.07957,0.030478,1.0
deepseek-ai-DeepSeek-R1-Distill-Llama-8B,functional_group,2,amide,ambiguous,nitrogen,-CONH2,4,0.120426,0.866882,0.012702,0.878026,0.0
deepseek-ai-DeepSeek-R1-Distill-Llama-8B,functional_group,2,nitro,ambiguous,nitrogen,-NO2,4,0.825354,0.070747,0.103876,0.078949,1.0
deepseek-ai-DeepSeek-R1-Distill-Llama-8B,functional_group,2,sulfoxide,ambiguous,sulfur,>S=O,4,0.687097,0.312398,0.000514,0.312556,0.85
deepseek-ai-DeepSeek-R1-Distill-Llama-8B,functional_group,2,sulfone,ambiguous,sulfur,>SO2,4,0.769604,0.227092,0.003347,0.227845,1.0
deepseek-ai-DeepSeek-R1-Distill-Llama-8B,functional_group,2,amine,control,nitrogen,-NH2,8,0.096604,0.635733,0.267661,0.868088,0.0375
deepseek-ai-DeepSeek-R1-Distill-Llama-8B,functional_group,2,imine,control,nitrogen,-CH=NH,4,0.767261,0.180243,0.052508,0.190229,1.0
deepseek-ai-DeepSeek-R1-Distill-Llama-8B,functional_group,2,nitrile,control,nitrogen,-C≡N,4,0.070046,0.317989,0.611993,0.819485,0.0
deepseek-ai-DeepSeek-R1-Distill-Llama-8B,functional_group,2,thiol,control,sulfur,-SH,8,0.009304,0.177347,0.81336,0.95015,0.0
deepseek-ai-DeepSeek-R1-Distill-Llama-8B,functional_group,2,thioether,control,sulfur,-S-,4,0.709189,0.033056,0.257752,0.044536,0.9
deepseek-ai-DeepSeek-R1-Distill-Llama-8B,functional_group,3,amide,ambiguous,nitrogen,-CONH2,4,0.247879,0.737363,0.014732,0.748408,0.075
deepseek-ai-DeepSeek-R1-Distill-Llama-8B,functional_group,3,nitro,ambiguous,nitrogen,-NO2,4,0.471246,0.047769,0.480987,0.092038,0.45
deepseek-ai-DeepSeek-R1-Distill-Llama-8B,functional_group,3,sulfoxide,ambiguous,sulfur,>S=O,4,0.942798,0.052965,0.00423,0.053191,1.0
deepseek-ai-DeepSeek-R1-Distill-Llama-8B,functional_group,3,sulfone,ambiguous,sulfur,>SO2,4,0.941064,0.049643,0.009288,0.050109,1.0
deepseek-ai-DeepSeek-R1-Distill-Llama-8B,functional_group,3,amine,control,nitrogen,-NH2,8,0.141097,0.522772,0.336111,0.787463,0.05
deepseek-ai-DeepSeek-R1-Distill-Llama-8B,functional_group,3,imine,control,nitrogen,-CH=NH,4,0.757751,0.168006,0.074209,0.18148,0.975
deepseek-ai-DeepSeek-R1-Distill-Llama-8B,functional_group,3,nitrile,control,nitrogen,-C≡N,4,0.139528,0.590295,0.27016,0.80882,0.075
deepseek-ai-DeepSeek-R1-Distill-Llama-8B,functional_group,3,thiol,control,sulfur,-SH,8,0.01722,0.38974,0.593047,0.957686,0.0
deepseek-ai-DeepSeek-R1-Distill-Llama-8B,functional_group,3,thioether,control,sulfur,-S-,4,0.494182,0.140108,0.365693,0.22089,0.525
deepseek-ai-DeepSeek-R1-Distill-Llama-8B,functional_group,4,amide,ambiguous,nitrogen,-CONH2,4,0.280648,0.706674,0.012679,0.715748,0.2
deepseek-ai-DeepSeek-R1-Distill-Llama-8B,functional_group,4,nitro,ambiguous,nitrogen,-NO2,4,0.261764,0.218166,0.520093,0.454578,0.2
deepseek-ai-DeepSeek-R1-Distill-Llama-8B,functional_group,4,sulfoxide,ambiguous,sulfur,>S=O,4,0.957031,0.038035,0.004941,0.038224,1.0
deepseek-ai-DeepSeek-R1-Distill-Llama-8B,functional_group,4,sulfone,ambiguous,sulfur,>SO2,4,0.96394,0.027704,0.008342,0.027937,1.0
deepseek-ai-DeepSeek-R1-Distill-Llama-8B,functional_group,4,amine,control,nitrogen,-NH2,8,0.200953,0.505535,0.293509,0.715561,0.1125
deepseek-ai-DeepSeek-R1-Distill-Llama-8B,functional_group,4,imine,control,nitrogen,-CH=NH,4,0.797455,0.105275,0.097265,0.116619,0.975
deepseek-ai-DeepSeek-R1-Distill-Llama-8B,functional_group,4,nitrile,control,nitrogen,-C≡N,4,0.233161,0.633444,0.133395,0.730949,0.175
deepseek-ai-DeepSeek-R1-Distill-Llama-8B,functional_group,4,thiol,control,sulfur,-SH,8,0.040753,0.348415,0.610831,0.895282,0.0
deepseek-ai-DeepSeek-R1-Distill-Llama-8B,functional_group,4,thioether,control,sulfur,-S-,4,0.598003,0.101672,0.300336,0.145313,0.75
deepseek-ai-DeepSeek-R1-Distill-Llama-8B,functional_group,5,amide,ambiguous,nitrogen,-CONH2,4,0.370219,0.616382,0.013387,0.624753,0.275
deepseek-ai-DeepSeek-R1-Distill-Llama-8B,functional_group,5,nitro,ambiguous,nitrogen,-NO2,4,0.235576,0.089059,0.675365,0.274337,0.2
deepseek-ai-DeepSeek-R1-Distill-Llama-8B,functional_group,5,sulfoxide,ambiguous,sulfur,>S=O,4,0.965283,0.029878,0.004799,0.030024,1.0
deepseek-ai-DeepSeek-R1-Distill-Llama-8B,functional_group,5,sulfone,ambiguous,sulfur,>SO2,4,0.970618,0.018769,0.010577,0.01897,1.0
deepseek-ai-DeepSeek-R1-Distill-Llama-8B,functional_group,5,amine,control,nitrogen,-NH2,8,0.189716,0.515581,0.294697,0.731012,0.1
deepseek-ai-DeepSeek-R1-Distill-Llama-8B,functional_group,5,imine,control,nitrogen,-CH=NH,4,0.866248,0.071075,0.06266,0.075828,1.0
deepseek-ai-DeepSeek-R1-Distill-Llama-8B,functional_group,5,nitrile,control,nitrogen,-C≡N,4,0.137668,0.661522,0.200805,0.82774,0.075
deepseek-ai-DeepSeek-R1-Distill-Llama-8B,functional_group,5,thiol,control,sulfur,-SH,8,0.037934,0.268132,0.693939,0.876061,0.0
deepseek-ai-DeepSeek-R1-Distill-Llama-8B,functional_group,5,thioether,control,sulfur,-S-,4,0.514256,0.111479,0.374296,0.178158,0.55
deepseek-ai-DeepSeek-R1-Distill-Llama-8B,functional_group,6,amide,ambiguous,nitrogen,-CONH2,4,0.373114,0.616736,0.010111,0.62306,0.35
deepseek-ai-DeepSeek-R1-Distill-Llama-8B,functional_group,6,nitro,ambiguous,nitrogen,-NO2,4,0.067255,0.087458,0.84528,0.565291,0.0
deepseek-ai-DeepSeek-R1-Distill-Llama-8B,functional_group,6,sulfoxide,ambiguous,sulfur,>S=O,4,0.980322,0.015288,0.004336,0.015355,1.0
deepseek-ai-DeepSeek-R1-Distill-Llama-8B,functional_group,6,sulfone,ambiguous,sulfur,>SO2,4,0.950098,0.023183,0.026716,0.023819,1.0
deepseek-ai-DeepSeek-R1-Distill-Llama-8B,functional_group,6,amine,control,nitrogen,-NH2,8,0.21318,0.508828,0.27799,0.70474,0.1625
deepseek-ai-DeepSeek-R1-Distill-Llama-8B,functional_group,6,imine,control,nitrogen,-CH=NH,4,0.915039,0.031375,0.053523,0.033152,1.0
deepseek-ai-DeepSeek-R1-Distill-Llama-8B,functional_group,6,nitrile,control,nitrogen,-C≡N,4,0.281608,0.408949,0.309429,0.592202,0.35
deepseek-ai-DeepSeek-R1-Distill-Llama-8B,functional_group,6,thiol,control,sulfur,-SH,8,0.082645,0.327902,0.589468,0.798695,0.0
deepseek-ai-DeepSeek-R1-Distill-Llama-8B,functional_group,6,thioether,control,sulfur,-S-,4,0.4364,0.089,0.474601,0.169395,0.45
deepseek-ai-DeepSeek-R1-Distill-Llama-8B,functional_group,7,amide,ambiguous,nitrogen,-CONH2,4,0.398827,0.588783,0.012347,0.59617,0.425
deepseek-ai-DeepSeek-R1-Distill-Llama-8B,functional_group,7,nitro,ambiguous,nitrogen,-NO2,4,0.038611,0.04572,0.915699,0.542146,0.0
deepseek-ai-DeepSeek-R1-Distill-Llama-8B,functional_group,7,sulfoxide,ambiguous,sulfur,>S=O,4,0.913831,0.062317,0.023823,0.06384,1.0
deepseek-ai-DeepSeek-R1-Distill-Llama-8B,functional_group,7,sulfone,ambiguous,sulfur,>SO2,4,0.93468,0.023667,0.041617,0.024695,1.0
deepseek-ai-DeepSeek-R1-Distill-Llama-8B,functional_group,7,amine,control,nitrogen,-NH2,8,0.148396,0.574453,0.277146,0.794706,0.0625
deepseek-ai-DeepSeek-R1-Distill-Llama-8B,functional_group,7,imine,control,nitrogen,-CH=NH,4,0.903259,0.040397,0.056337,0.042809,1.0
deepseek-ai-DeepSeek-R1-Distill-Llama-8B,functional_group,7,nitrile,control,nitrogen,-C≡N,4,0.33888,0.359937,0.301157,0.515067,0.45
deepseek-ai-DeepSeek-R1-Distill-Llama-8B,functional_group,7,thiol,control,sulfur,-SH,8,0.0948,0.365305,0.539897,0.79396,0.0
deepseek-ai-DeepSeek-R1-Distill-Llama-8B,functional_group,7,thioether,control,sulfur,-S-,4,0.459677,0.077159,0.463146,0.143729,0.475
deepseek-ai-DeepSeek-R1-Distill-Llama-8B,functional_group,8,amide,ambiguous,nitrogen,-CONH2,4,0.259801,0.730576,0.009619,0.737674,0.125
deepseek-ai-DeepSeek-R1-Distill-Llama-8B,functional_group,8,nitro,ambiguous,nitrogen,-NO2,4,0.02888,0.067375,0.903784,0.699961,0.0
deepseek-ai-DeepSeek-R1-Distill-Llama-8B,functional_group,8,sulfoxide,ambiguous,sulfur,>S=O,4,0.964771,0.028994,0.006253,0.029176,1.0
deepseek-ai-DeepSeek-R1-Distill-Llama-8B,functional_group,8,sulfone,ambiguous,sulfur,>SO2,4,0.955017,0.012893,0.032074,0.013321,1.0
deepseek-ai-DeepSeek-R1-Distill-Llama-8B,functional_group,8,amine,control,nitrogen,-NH2,8,0.134705,0.614732,0.250558,0.820258,0.075
deepseek-ai-DeepSeek-R1-Distill-Llama-8B,functional_group,8,imine,control,nitrogen,-CH=NH,4,0.865997,0.035317,0.098687,0.039184,0.975
deepseek-ai-DeepSeek-R1-Distill-Llama-8B,functional_group,8,nitrile,control,nitrogen,-C≡N,4,0.36135,0.384309,0.254357,0.515396,0.5
deepseek-ai-DeepSeek-R1-Distill-Llama-8B,functional_group,8,thiol,control,sulfur,-SH,8,0.068171,0.36602,0.565805,0.842993,0.0
deepseek-ai-DeepSeek-R1-Distill-Llama-8B,functional_group,8,thioether,control,sulfur,-S-,4,0.474768,0.058432,0.466807,0.109588,0.425
deepseek-ai-DeepSeek-R1-Distill-Llama-8B,functional_group,9,amide,ambiguous,nitrogen,-CONH2,4,0.258378,0.733905,0.007713,0.739613,0.2
deepseek-ai-DeepSeek-R1-Distill-Llama-8B,functional_group,9,nitro,ambiguous,nitrogen,-NO2,4,0.030623,0.023746,0.945672,0.436758,0.0
deepseek-ai-DeepSeek-R1-Distill-Llama-8B,functional_group,9,sulfoxide,ambiguous,sulfur,>S=O,4,0.957397,0.034898,0.007692,0.035169,1.0
deepseek-ai-DeepSeek-R1-Distill-Llama-8B,functional_group,9,sulfone,ambiguous,sulfur,>SO2,4,0.969946,0.010283,0.019763,0.010491,1.0
deepseek-ai-DeepSeek-R1-Distill-Llama-8B,functional_group,9,amine,control,nitrogen,-NH2,8,0.132174,0.660068,0.20777,0.833164,0.0625
deepseek-ai-DeepSeek-R1-Distill-Llama-8B,functional_group,9,imine,control,nitrogen,-CH=NH,4,0.934827,0.016911,0.048268,0.017768,1.0
deepseek-ai-DeepSeek-R1-Distill-Llama-8B,functional_group,9,nitrile,control,nitrogen,-C≡N,4,0.413979,0.317341,0.268674,0.433929,0.575
deepseek-ai-DeepSeek-R1-Distill-Llama-8B,functional_group,9,thiol,control,sulfur,-SH,8,0.073664,0.388916,0.537404,0.840754,0.0
deepseek-ai-DeepSeek-R1-Distill-Llama-8B,functional_group,9,thioether,control,sulfur,-S-,4,0.457732,0.066426,0.475861,0.126729,0.475
deepseek-ai-DeepSeek-R1-Distill-Llama-8B,functional_group,10,amide,ambiguous,nitrogen,-CONH2,4,0.286216,0.708351,0.005397,0.712221,0.25
deepseek-ai-DeepSeek-R1-Distill-Llama-8B,functional_group,10,nitro,ambiguous,nitrogen,-NO2,4,0.062549,0.052346,0.88512,0.455597,0.0
deepseek-ai-DeepSeek-R1-Distill-Llama-8B,functional_group,10,sulfoxide,ambiguous,sulfur,>S=O,4,0.854565,0.109287,0.036179,0.113386,1.0
deepseek-ai-DeepSeek-R1-Distill-Llama-8B,functional_group,10,sulfone,ambiguous,sulfur,>SO2,4,0.916809,0.028666,0.054522,0.030319,1.0
deepseek-ai-DeepSeek-R1-Distill-Llama-8B,functional_group,10,amine,control,nitrogen,-NH2,8,0.137489,0.66552,0.19702,0.828783,0.075
deepseek-ai-DeepSeek-R1-Distill-Llama-8B,functional_group,10,imine,control,nitrogen,-CH=NH,4,0.934131,0.011648,0.054222,0.012316,1.0
deepseek-ai-DeepSeek-R1-Distill-Llama-8B,functional_group,10,nitrile,control,nitrogen,-C≡N,4,0.448184,0.225773,0.325992,0.334996,0.525
deepseek-ai-DeepSeek-R1-Distill-Llama-8B,functional_group,10,thiol,control,sulfur,-SH,8,0.063502,0.400746,0.535749,0.863215,0.0
deepseek-ai-DeepSeek-R1-Distill-Llama-8B,functional_group,10,thioether,control,sulfur,-S-,4,0.498125,0.076996,0.424898,0.133878,0.575
deepseek-ai-DeepSeek-R1-Distill-Llama-8B,functional_group,11,amide,ambiguous,nitrogen,-CONH2,4,0.289403,0.674704,0.035888,0.699823,0.2
deepseek-ai-DeepSeek-R1-Distill-Llama-8B,functional_group,11,nitro,ambiguous,nitrogen,-NO2,4,0.077629,0.086714,0.835665,0.52764,0.0
deepseek-ai-DeepSeek-R1-Distill-Llama-8B,functional_group,11,sulfoxide,ambiguous,sulfur,>S=O,4,0.867664,0.117809,0.014519,0.119546,0.975
deepseek-ai-DeepSeek-R1-Distill-Llama-8B,functional_group,11,sulfone,ambiguous,sulfur,>SO2,4,0.923181,0.024718,0.052098,0.026077,1.0
deepseek-ai-DeepSeek-R1-Distill-Llama-8B,functional_group,11,amine,control,nitrogen,-NH2,8,0.123167,0.62173,0.255089,0.834653,0.0625
deepseek-ai-DeepSeek-R1-Distill-Llama-8B,functional_group,11,imine,control,nitrogen,-CH=NH,4,0.944763,0.010731,0.044482,0.011231,1.0
deepseek-ai-DeepSeek-R1-Distill-Llama-8B,functional_group,11,nitrile,control,nitrogen,-C≡N,4,0.530014,0.20253,0.267423,0.276475,0.725
deepseek-ai-DeepSeek-R1-Distill-Llama-8B,functional_group,11,thiol,control,sulfur,-SH,8,0.069193,0.387649,0.543157,0.84854,0.025
deepseek-ai-DeepSeek-R1-Distill-Llama-8B,functional_group,11,thioether,control,sulfur,-S-,4,0.490347,0.110677,0.399003,0.184147,0.575
deepseek-ai-DeepSeek-R1-Distill-Llama-8B,functional_group,12,amide,ambiguous,nitrogen,-CONH2,4,0.231693,0.754692,0.013579,0.765109,0.2
deepseek-ai-DeepSeek-R1-Distill-Llama-8B,functional_group,12,nitro,ambiguous,nitrogen,-NO2,4,0.079999,0.077175,0.842817,0.491014,0.0
deepseek-ai-DeepSeek-R1-Distill-Llama-8B,functional_group,12,sulfoxide,ambiguous,sulfur,>S=O,4,0.91615,0.074135,0.009734,0.074862,1.0
deepseek-ai-DeepSeek-R1-Distill-Llama-8B,functional_group,12,sulfone,ambiguous,sulfur,>SO2,4,0.962964,0.002763,0.034244,0.002861,1.0
deepseek-ai-DeepSeek-R1-Distill-Llama-8B,functional_group,12,amine,control,nitrogen,-NH2,8,0.162586,0.469348,0.36809,0.742716,0.0875
deepseek-ai-DeepSeek-R1-Distill-Llama-8B,functional_group,12,imine,control,nitrogen,-CH=NH,4,0.812225,0.045636,0.142176,0.053198,1.0
deepseek-ai-DeepSeek-R1-Distill-Llama-8B,functional_group,12,nitrile,control,nitrogen,-C≡N,4,0.611198,0.111979,0.276831,0.154843,0.775
deepseek-ai-DeepSeek-R1-Distill-Llama-8B,functional_group,12,thiol,control,sulfur,-SH,8,0.079463,0.424453,0.49608,0.842309,0.025
deepseek-ai-DeepSeek-R1-Distill-Llama-8B,functional_group,12,thioether,control,sulfur,-S-,4,0.580237,0.056511,0.363251,0.088749,0.575
deepseek-ai-DeepSeek-R1-Distill-Llama-8B,functional_group,13,amide,ambiguous,nitrogen,-CONH2,4,0.195422,0.78518,0.0194,0.800712,0.15
deepseek-ai-DeepSeek-R1-Distill-Llama-8B,functional_group,13,nitro,ambiguous,nitrogen,-NO2,4,0.071037,0.080244,0.848719,0.530431,0.0
deepseek-ai-DeepSeek-R1-Distill-Llama-8B,functional_group,13,sulfoxide,ambiguous,sulfur,>S=O,4,0.958569,0.028827,0.012617,0.029195,1.0
deepseek-ai-DeepSeek-R1-Distill-Llama-8B,functional_group,13,sulfone,ambiguous,sulfur,>SO2,4,0.961975,0.001881,0.036199,0.001952,1.0
deepseek-ai-DeepSeek-R1-Distill-Llama-8B,functional_group,13,amine,control,nitrogen,-NH2,8,0.172143,0.551605,0.276262,0.762151,0.125
deepseek-ai-DeepSeek-R1-Distill-Llama-8B,functional_group,13,imine,control,nitrogen,-CH=NH,4,0.891113,0.023929,0.084996,0.026151,1.0
deepseek-ai-DeepSeek-R1-Distill-Llama-8B,functional_group,13,nitrile,control,nitrogen,-C≡N,4,0.603086,0.109837,0.287062,0.154066,0.725
deepseek-ai-DeepSeek-R1-Distill-Llama-8B,functional_group,13,thiol,control,sulfur,-SH,8,0.08411,0.298348,0.617517,0.780081,0.0125
deepseek-ai-DeepSeek-R1-Distill-Llama-8B,functional_group,13,thioether,control,sulfur,-S-,4,0.532498,0.085317,0.38219,0.138094,0.55
deepseek-ai-DeepSeek-R1-Distill-Llama-8B,functional_group,14,amide,ambiguous,nitrogen,-CONH2,4,0.166806,0.808453,0.024733,0.828962,0.125
deepseek-ai-DeepSeek-R1-Distill-Llama-8B,functional_group,14,nitro,ambiguous,nitrogen,-NO2,4,0.110696,0.14673,0.742622,0.569989,0.0
deepseek-ai-DeepSeek-R1-Distill-Llama-8B,functional_group,14,sulfoxide,ambiguous,sulfur,>S=O,4,0.927832,0.060621,0.011554,0.061329,0.975
deepseek-ai-DeepSeek-R1-Distill-Llama-8B,functional_group,14,sulfone,ambiguous,sulfur,>SO2,4,0.954419,0.004698,0.040844,0.004898,1.0
deepseek-ai-DeepSeek-R1-Distill-Llama-8B,functional_group,14,amine,control,nitrogen,-NH2,8,0.176934,0.503643,0.319424,0.740023,0.1625
deepseek-ai-DeepSeek-R1-Distill-Llama-8B,functional_group,14,imine,control,nitrogen,-CH=NH,4,0.974048,0.004554,0.021373,0.004654,1.0
deepseek-ai-DeepSeek-R1-Distill-Llama-8B,functional_group,14,nitrile,control,nitrogen,-C≡N,4,0.773355,0.08409,0.142558,0.098071,0.9
deepseek-ai-DeepSeek-R1-Distill-Llama-8B,functional_group,14,thiol,control,sulfur,-SH,8,0.158116,0.3051,0.53678,0.658656,0.0875
deepseek-ai-DeepSeek-R1-Distill-Llama-8B,functional_group,14,thioether,control,sulfur,-S-,4,0.581876,0.117837,0.300287,0.168408,0.75
deepseek-ai-DeepSeek-R1-Distill-Llama-8B,functional_group,15,amide,ambiguous,nitrogen,-CONH2,4,0.108758,0.856012,0.035237,0.88727,0.0
deepseek-ai-DeepSeek-R1-Distill-Llama-8B,functional_group,15,nitro,ambiguous,nitrogen,-NO2,4,0.093764,0.242605,0.663621,0.721247,0.0
deepseek-ai-DeepSeek-R1-Distill-Llama-8B,functional_group,15,sulfoxide,ambiguous,sulfur,>S=O,4,0.957068,0.028487,0.014439,0.028905,1.0
deepseek-ai-DeepSeek-R1-Distill-Llama-8B,functional_group,15,sulfone,ambiguous,sulfur,>SO2,4,0.893762,0.018337,0.087966,0.020104,1.0
deepseek-ai-DeepSeek-R1-Distill-Llama-8B,functional_group,15,amine,control,nitrogen,-NH2,8,0.267981,0.3168,0.415232,0.541742,0.275
deepseek-ai-DeepSeek-R1-Distill-Llama-8B,functional_group,15,imine,control,nitrogen,-CH=NH,4,0.980591,0.002522,0.016865,0.002566,1.0
deepseek-ai-DeepSeek-R1-Distill-Llama-8B,functional_group,15,nitrile,control,nitrogen,-C≡N,4,0.636514,0.101772,0.261743,0.137849,0.925
deepseek-ai-DeepSeek-R1-Distill-Llama-8B,functional_group,15,thiol,control,sulfur,-SH,8,0.264239,0.285284,0.450447,0.519149,0.1875
deepseek-ai-DeepSeek-R1-Distill-Llama-8B,functional_group,15,thioether,control,sulfur,-S-,4,0.700772,0.072234,0.227012,0.093446,0.85
deepseek-ai-DeepSeek-R1-Distill-Llama-8B,functional_group,16,amide,ambiguous,nitrogen,-CONH2,4,0.239919,0.670801,0.089266,0.736561,0.05
deepseek-ai-DeepSeek-R1-Distill-Llama-8B,functional_group,16,nitro,ambiguous,nitrogen,-NO2,4,0.218805,0.273122,0.508088,0.555208,0.125
deepseek-ai-DeepSeek-R1-Distill-Llama-8B,functional_group,16,sulfoxide,ambiguous,sulfur,>S=O,4,0.965295,0.013488,0.021202,0.01378,1.0
deepseek-ai-DeepSeek-R1-Distill-Llama-8B,functional_group,16,sulfone,ambiguous,sulfur,>SO2,4,0.878088,0.015005,0.106843,0.016801,1.0
deepseek-ai-DeepSeek-R1-Distill-Llama-8B,functional_group,16,amine,control,nitrogen,-NH2,8,0.635437,0.144269,0.22026,0.18503,1.0
deepseek-ai-DeepSeek-R1-Distill-Llama-8B,functional_group,16,imine,control,nitrogen,-CH=NH,4,0.979675,0.005176,0.015139,0.005256,1.0
deepseek-ai-DeepSeek-R1-Distill-Llama-8B,functional_group,16,nitrile,control,nitrogen,-C≡N,4,0.824164,0.050818,0.125011,0.058079,1.0
deepseek-ai-DeepSeek-R1-Distill-Llama-8B,functional_group,16,thiol,control,sulfur,-SH,8,0.715214,0.183871,0.100901,0.204509,0.925
deepseek-ai-DeepSeek-R1-Distill-Llama-8B,functional_group,16,thioether,control,sulfur,-S-,4,0.90531,0.011628,0.083067,0.012681,1.0
deepseek-ai-DeepSeek-R1-Distill-Llama-8B,functional_group,17,amide,ambiguous,nitrogen,-CONH2,4,0.237457,0.690839,0.071704,0.744201,0.0
deepseek-ai-DeepSeek-R1-Distill-Llama-8B,functional_group,17,nitro,ambiguous,nitrogen,-NO2,4,0.294661,0.194902,0.510418,0.398114,0.35
deepseek-ai-DeepSeek-R1-Distill-Llama-8B,functional_group,17,sulfoxide,ambiguous,sulfur,>S=O,4,0.980457,0.008204,0.011352,0.008298,1.0
deepseek-ai-DeepSeek-R1-Distill-Llama-8B,functional_group,17,sulfone,ambiguous,sulfur,>SO2,4,0.934583,0.008615,0.056742,0.009134,1.0
deepseek-ai-DeepSeek-R1-Distill-Llama-8B,functional_group,17,amine,control,nitrogen,-NH2,8,0.771338,0.104228,0.124443,0.119041,0.975
deepseek-ai-DeepSeek-R1-Distill-Llama-8B,functional_group,17,imine,control,nitrogen,-CH=NH,4,0.988916,0.003716,0.007359,0.003743,1.0
deepseek-ai-DeepSeek-R1-Distill-Llama-8B,functional_group,17,nitrile,control,nitrogen,-C≡N,4,0.755792,0.072389,0.171809,0.087407,1.0
deepseek-ai-DeepSeek-R1-Distill-Llama-8B,functional_group,17,thiol,control,sulfur,-SH,8,0.467,0.326208,0.206828,0.411252,0.7875
deepseek-ai-DeepSeek-R1-Distill-Llama-8B,functional_group,17,thioether,control,sulfur,-S-,4,0.897314,0.013652,0.088991,0.014986,1.0
deepseek-ai-DeepSeek-R1-Distill-Llama-8B,functional_group,18,amide,ambiguous,nitrogen,-CONH2,4,0.35307,0.582013,0.064909,0.622418,0.2
deepseek-ai-DeepSeek-R1-Distill-Llama-8B,functional_group,18,nitro,ambiguous,nitrogen,-NO2,4,0.347815,0.228052,0.424142,0.396015,0.525
deepseek-ai-DeepSeek-R1-Distill-Llama-8B,functional_group,18,sulfoxide,ambiguous,sulfur,>S=O,4,0.935632,0.03251,0.031847,0.03358,1.0
deepseek-ai-DeepSeek-R1-Distill-Llama-8B,functional_group,18,sulfone,ambiguous,sulfur,>SO2,4,0.885547,0.034405,0.080046,0.037398,1.0
deepseek-ai-DeepSeek-R1-Distill-Llama-8B,functional_group,18,amine,control,nitrogen,-NH2,8,0.643256,0.137978,0.218753,0.176616,0.9875
deepseek-ai-DeepSeek-R1-Distill-Llama-8B,functional_group,18,imine,control,nitrogen,-CH=NH,4,0.910852,0.032041,0.057108,0.033982,1.0
deepseek-ai-DeepSeek-R1-Distill-Llama-8B,functional_group,18,nitrile,control,nitrogen,-C≡N,4,0.805219,0.057315,0.137488,0.06645,1.0
deepseek-ai-DeepSeek-R1-Distill-Llama-8B,functional_group,18,thiol,control,sulfur,-SH,8,0.538464,0.25242,0.209107,0.319162,0.95
deepseek-ai-DeepSeek-R1-Distill-Llama-8B,functional_group,18,thioether,control,sulfur,-S-,4,0.816315,0.032607,0.151059,0.03841,1.0
deepseek-ai-DeepSeek-R1-Distill-Llama-8B,functional_group,19,amide,ambiguous,nitrogen,-CONH2,4,0.460681,0.406116,0.13322,0.468525,0.6
deepseek-ai-DeepSeek-R1-Distill-Llama-8B,functional_group,19,nitro,ambiguous,nitrogen,-NO2,4,0.374792,0.278314,0.346872,0.426139,0.725
deepseek-ai-DeepSeek-R1-Distill-Llama-8B,functional_group,19,sulfoxide,ambiguous,sulfur,>S=O,4,0.836755,0.069899,0.09336,0.077096,1.0
deepseek-ai-DeepSeek-R1-Distill-Llama-8B,functional_group,19,sulfone,ambiguous,sulfur,>SO2,4,0.745898,0.089066,0.165071,0.10667,1.0
deepseek-ai-DeepSeek-R1-Distill-Llama-8B,functional_group,19,amine,control,nitrogen,-NH2,8,0.56821,0.157202,0.27458,0.216707,1.0
deepseek-ai-DeepSeek-R1-Distill-Llama-8B,functional_group,19,imine,control,nitrogen,-CH=NH,4,0.804565,0.060584,0.134836,0.070027,1.0
deepseek-ai-DeepSeek-R1-Distill-Llama-8B,functional_group,19,nitrile,control,nitrogen,-C≡N,4,0.694092,0.098866,0.207024,0.12468,1.0
deepseek-ai-DeepSeek-R1-Distill-Llama-8B,functional_group,19,thiol,control,sulfur,-SH,8,0.62236,0.146194,0.231456,0.190219,1.0
deepseek-ai-DeepSeek-R1-Distill-Llama-8B,functional_group,19,thioether,control,sulfur,-S-,4,0.699994,0.055275,0.244762,0.073186,1.0
deepseek-ai-DeepSeek-R1-Distill-Llama-8B,functional_group,20,amide,ambiguous,nitrogen,-CONH2,4,0.458527,0.408142,0.13335,0.470932,0.6
deepseek-ai-DeepSeek-R1-Distill-Llama-8B,functional_group,20,nitro,ambiguous,nitrogen,-NO2,4,0.385046,0.264075,0.350861,0.406819,0.85
deepseek-ai-DeepSeek-R1-Distill-Llama-8B,functional_group,20,sulfoxide,ambiguous,sulfur,>S=O,4,0.834186,0.070545,0.095271,0.077973,1.0
deepseek-ai-DeepSeek-R1-Distill-Llama-8B,functional_group,20,sulfone,ambiguous,sulfur,>SO2,4,0.735504,0.094518,0.169972,0.113874,1.0
deepseek-ai-DeepSeek-R1-Distill-Llama-8B,functional_group,20,amine,control,nitrogen,-NH2,8,0.577341,0.146611,0.276062,0.202515,1.0
deepseek-ai-DeepSeek-R1-Distill-Llama-8B,functional_group,20,imine,control,nitrogen,-CH=NH,4,0.807104,0.057833,0.135069,0.066864,1.0
deepseek-ai-DeepSeek-R1-Distill-Llama-8B,functional_group,20,nitrile,control,nitrogen,-C≡N,4,0.924487,0.024322,0.051211,0.025634,1.0
deepseek-ai-DeepSeek-R1-Distill-Llama-8B,functional_group,20,thiol,control,sulfur,-SH,8,0.627164,0.132916,0.239917,0.174871,1.0
deepseek-ai-DeepSeek-R1-Distill-Llama-8B,functional_group,20,thioether,control,sulfur,-S-,4,0.731201,0.05186,0.21696,0.066228,1.0
deepseek-ai-DeepSeek-R1-Distill-Llama-8B,functional_group,21,amide,ambiguous,nitrogen,-CONH2,4,0.427124,0.435828,0.137037,0.505043,0.45
deepseek-ai-DeepSeek-R1-Distill-Llama-8B,functional_group,21,nitro,ambiguous,nitrogen,-NO2,4,0.41033,0.259207,0.330463,0.387144,0.875
deepseek-ai-DeepSeek-R1-Distill-Llama-8B,functional_group,21,sulfoxide,ambiguous,sulfur,>S=O,4,0.813525,0.080367,0.106117,0.089906,1.0
deepseek-ai-DeepSeek-R1-Distill-Llama-8B,functional_group,21,sulfone,ambiguous,sulfur,>SO2,4,0.676636,0.107432,0.215913,0.137019,1.0
deepseek-ai-DeepSeek-R1-Distill-Llama-8B,functional_group,21,amine,control,nitrogen,-NH2,8,0.624094,0.099249,0.276632,0.137208,1.0
deepseek-ai-DeepSeek-R1-Distill-Llama-8B,functional_group,21,imine,control,nitrogen,-CH=NH,4,0.837109,0.046503,0.116359,0.052628,1.0
deepseek-ai-DeepSeek-R1-Distill-Llama-8B,functional_group,21,nitrile,control,nitrogen,-C≡N,4,0.748621,0.085895,0.165444,0.102928,1.0
deepseek-ai-DeepSeek-R1-Distill-Llama-8B,functional_group,21,thiol,control,sulfur,-SH,8,0.831122,0.055344,0.113541,0.062432,1.0
deepseek-ai-DeepSeek-R1-Distill-Llama-8B,functional_group,21,thioether,control,sulfur,-S-,4,0.811792,0.034223,0.153985,0.040452,1.0
deepseek-ai-DeepSeek-R1-Distill-Llama-8B,functional_group,22,amide,ambiguous,nitrogen,-CONH2,4,0.376715,0.522565,0.100707,0.581092,0.225
deepseek-ai-DeepSeek-R1-Distill-Llama-8B,functional_group,22,nitro,ambiguous,nitrogen,-NO2,4,0.41636,0.276596,0.307052,0.399154,0.825
deepseek-ai-DeepSeek-R1-Distill-Llama-8B,functional_group,22,sulfoxide,ambiguous,sulfur,>S=O,4,0.805823,0.089457,0.104734,0.099921,1.0
deepseek-ai-DeepSeek-R1-Distill-Llama-8B,functional_group,22,sulfone,ambiguous,sulfur,>SO2,4,0.683228,0.113338,0.20345,0.142284,1.0
deepseek-ai-DeepSeek-R1-Distill-Llama-8B,functional_group,22,amine,control,nitrogen,-NH2,8,0.579202,0.101355,0.319468,0.148929,1.0
deepseek-ai-DeepSeek-R1-Distill-Llama-8B,functional_group,22,imine,control,nitrogen,-CH=NH,4,0.834155,0.043461,0.122382,0.049522,1.0
deepseek-ai-DeepSeek-R1-Distill-Llama-8B,functional_group,22,nitrile,control,nitrogen,-C≡N,4,0.753363,0.086807,0.159814,0.103321,1.0
deepseek-ai-DeepSeek-R1-Distill-Llama-8B,functional_group,22,thiol,control,sulfur,-SH,8,0.818768,0.064769,0.116459,0.073306,1.0
deepseek-ai-DeepSeek-R1-Distill-Llama-8B,functional_group,22,thioether,control,sulfur,-S-,4,0.796692,0.034787,0.168539,0.041838,1.0
deepseek-ai-DeepSeek-R1-Distill-Llama-8B,functional_group,23,amide,ambiguous,nitrogen,-CONH2,4,0.345309,0.541943,0.112739,0.610811,0.05
deepseek-ai-DeepSeek-R1-Distill-Llama-8B,functional_group,23,nitro,ambiguous,nitrogen,-NO2,4,0.416092,0.270062,0.31383,0.393588,0.8
deepseek-ai-DeepSeek-R1-Distill-Llama-8B,functional_group,23,sulfoxide,ambiguous,sulfur,>S=O,4,0.816595,0.08694,0.096474,0.096222,1.0
deepseek-ai-DeepSeek-R1-Distill-Llama-8B,functional_group,23,sulfone,ambiguous,sulfur,>SO2,4,0.695746,0.111953,0.192344,0.138607,1.0
deepseek-ai-DeepSeek-R1-Distill-Llama-8B,functional_group,23,amine,control,nitrogen,-NH2,8,0.595517,0.099601,0.304884,0.143286,1.0
deepseek-ai-DeepSeek-R1-Distill-Llama-8B,functional_group,23,imine,control,nitrogen,-CH=NH,4,0.822791,0.044073,0.133151,0.050842,1.0
deepseek-ai-DeepSeek-R1-Distill-Llama-8B,functional_group,23,nitrile,control,nitrogen,-C≡N,4,0.729523,0.093484,0.176984,0.113588,1.0
deepseek-ai-DeepSeek-R1-Distill-Llama-8B,functional_group,23,thiol,control,sulfur,-SH,8,0.770804,0.079185,0.14998,0.09316,1.0
deepseek-ai-DeepSeek-R1-Distill-Llama-8B,functional_group,23,thioether,control,sulfur,-S-,4,0.794012,0.037627,0.168333,0.045244,1.0
deepseek-ai-DeepSeek-R1-Distill-Llama-8B,functional_group,24,amide,ambiguous,nitrogen,-CONH2,4,0.362927,0.515802,0.121265,0.586986,0.25
deepseek-ai-DeepSeek-R1-Distill-Llama-8B,functional_group,24,nitro,ambiguous,nitrogen,-NO2,4,0.427875,0.260724,0.311414,0.37863,0.85
deepseek-ai-DeepSeek-R1-Distill-Llama-8B,functional_group,24,sulfoxide,ambiguous,sulfur,>S=O,4,0.817456,0.089534,0.093037,0.098716,1.0
deepseek-ai-DeepSeek-R1-Distill-Llama-8B,functional_group,24,sulfone,ambiguous,sulfur,>SO2,4,0.694269,0.112632,0.193106,0.139586,1.0
deepseek-ai-DeepSeek-R1-Distill-Llama-8B,functional_group,24,amine,control,nitrogen,-NH2,8,0.618216,0.092629,0.289153,0.130309,1.0
deepseek-ai-DeepSeek-R1-Distill-Llama-8B,functional_group,24,imine,control,nitrogen,-CH=NH,4,0.826733,0.043903,0.129387,0.050427,1.0
deepseek-ai-DeepSeek-R1-Distill-Llama-8B,functional_group,24,nitrile,control,nitrogen,-C≡N,4,0.673657,0.120473,0.205891,0.151705,1.0
deepseek-ai-DeepSeek-R1-Distill-Llama-8B,functional_group,24,thiol,control,sulfur,-SH,8,0.753555,0.080727,0.16572,0.096762,1.0
deepseek-ai-DeepSeek-R1-Distill-Llama-8B,functional_group,24,thioether,control,sulfur,-S-,4,0.793359,0.038191,0.168488,0.045927,1.0
deepseek-ai-DeepSeek-R1-Distill-Llama-8B,functional_group,25,amide,ambiguous,nitrogen,-CONH2,4,0.370502,0.504504,0.124974,0.576572,0.275
deepseek-ai-DeepSeek-R1-Distill-Llama-8B,functional_group,25,nitro,ambiguous,nitrogen,-NO2,4,0.415723,0.264886,0.319387,0.38919,0.875
deepseek-ai-DeepSeek-R1-Distill-Llama-8B,functional_group,25,sulfoxide,ambiguous,sulfur,>S=O,4,0.83551,0.074577,0.089934,0.081944,1.0
deepseek-ai-DeepSeek-R1-Distill-Llama-8B,functional_group,25,sulfone,ambiguous,sulfur,>SO2,4,0.708075,0.102943,0.18899,0.12693,1.0
deepseek-ai-DeepSeek-R1-Distill-Llama-8B,functional_group,25,amine,control,nitrogen,-NH2,8,0.865143,0.032439,0.102424,0.03614,1.0
deepseek-ai-DeepSeek-R1-Distill-Llama-8B,functional_group,25,imine,control,nitrogen,-CH=NH,4,0.8052,0.05199,0.142828,0.060651,1.0
deepseek-ai-DeepSeek-R1-Distill-Llama-8B,functional_group,25,nitrile,control,nitrogen,-C≡N,4,0.647095,0.1308,0.222115,0.168146,1.0
deepseek-ai-DeepSeek-R1-Distill-Llama-8B,functional_group,25,thiol,control,sulfur,-SH,8,0.76116,0.076794,0.162076,0.091645,1.0
deepseek-ai-DeepSeek-R1-Distill-Llama-8B,functional_group,25,thioether,control,sulfur,-S-,4,0.788733,0.039249,0.172036,0.047403,1.0
deepseek-ai-DeepSeek-R1-Distill-Llama-8B,functional_group,26,amide,ambiguous,nitrogen,-CONH2,4,0.372253,0.493256,0.134484,0.569902,0.275
deepseek-ai-DeepSeek-R1-Distill-Llama-8B,functional_group,26,nitro,ambiguous,nitrogen,-NO2,4,0.416745,0.257333,0.325913,0.381756,0.85
deepseek-ai-DeepSeek-R1-Distill-Llama-8B,functional_group,26,sulfoxide,ambiguous,sulfur,>S=O,4,0.827686,0.078243,0.094087,0.086368,1.0
deepseek-ai-DeepSeek-R1-Distill-Llama-8B,functional_group,26,sulfone,ambiguous,sulfur,>SO2,4,0.691608,0.113139,0.195266,0.14059,1.0
deepseek-ai-DeepSeek-R1-Distill-Llama-8B,functional_group,26,amine,control,nitrogen,-NH2,8,0.598843,0.099741,0.301394,0.142776,1.0
deepseek-ai-DeepSeek-R1-Distill-Llama-8B,functional_group,26,imine,control,nitrogen,-CH=NH,4,0.78573,0.057643,0.15665,0.068348,1.0
deepseek-ai-DeepSeek-R1-Distill-Llama-8B,functional_group,26,nitrile,control,nitrogen,-C≡N,4,0.634851,0.129004,0.236166,0.168885,1.0
deepseek-ai-DeepSeek-R1-Distill-Llama-8B,functional_group,26,thiol,control,sulfur,-SH,8,0.761227,0.072451,0.166345,0.086905,1.0
deepseek-ai-DeepSeek-R1-Distill-Llama-8B,functional_group,26,thioether,control,sulfur,-S-,4,0.783423,0.041471,0.175094,0.050274,1.0
deepseek-ai-DeepSeek-R1-Distill-Llama-8B,functional_group,27,amide,ambiguous,nitrogen,-CONH2,4,0.357135,0.504694,0.138174,0.585608,0.175
deepseek-ai-DeepSeek-R1-Distill-Llama-8B,functional_group,27,nitro,ambiguous,nitrogen,-NO2,4,0.413754,0.26774,0.31849,0.392872,0.825
deepseek-ai-DeepSeek-R1-Distill-Llama-8B,functional_group,27,sulfoxide,ambiguous,sulfur,>S=O,4,0.836548,0.072847,0.090602,0.080105,1.0
deepseek-ai-DeepSeek-R1-Distill-Llama-8B,functional_group,27,sulfone,ambiguous,sulfur,>SO2,4,0.721899,0.101836,0.176242,0.123627,1.0
deepseek-ai-DeepSeek-R1-Distill-Llama-8B,functional_group,27,amine,control,nitrogen,-NH2,8,0.594281,0.102477,0.303234,0.147077,1.0
deepseek-ai-DeepSeek-R1-Distill-Llama-8B,functional_group,27,imine,control,nitrogen,-CH=NH,4,0.773889,0.063659,0.162432,0.076006,1.0
deepseek-ai-DeepSeek-R1-Distill-Llama-8B,functional_group,27,nitrile,control,nitrogen,-C≡N,4,0.627167,0.130678,0.242165,0.172434,1.0
deepseek-ai-DeepSeek-R1-Distill-Llama-8B,functional_group,27,thiol,control,sulfur,-SH,8,0.766061,0.073371,0.160562,0.087405,1.0
deepseek-ai-DeepSeek-R1-Distill-Llama-8B,functional_group,27,thioether,control,sulfur,-S-,4,0.792657,0.041598,0.16573,0.049863,1.0
deepseek-ai-DeepSeek-R1-Distill-Llama-8B,functional_group,28,amide,ambiguous,nitrogen,-CONH2,4,0.38949,0.467682,0.142868,0.545611,0.325
deepseek-ai-DeepSeek-R1-Distill-Llama-8B,functional_group,28,nitro,ambiguous,nitrogen,-NO2,4,0.413586,0.251294,0.335123,0.377954,0.875
deepseek-ai-DeepSeek-R1-Distill-Llama-8B,functional_group,28,sulfoxide,ambiguous,sulfur,>S=O,4,0.825134,0.07607,0.098798,0.084409,1.0
deepseek-ai-DeepSeek-R1-Distill-Llama-8B,functional_group,28,sulfone,ambiguous,sulfur,>SO2,4,0.717432,0.104147,0.178448,0.126765,1.0
deepseek-ai-DeepSeek-R1-Distill-Llama-8B,functional_group,28,amine,control,nitrogen,-NH2,8,0.849716,0.038139,0.112171,0.042956,1.0
deepseek-ai-DeepSeek-R1-Distill-Llama-8B,functional_group,28,imine,control,nitrogen,-CH=NH,4,0.755652,0.06974,0.174635,0.084493,1.0
deepseek-ai-DeepSeek-R1-Distill-Llama-8B,functional_group,28,nitrile,control,nitrogen,-C≡N,4,0.600348,0.136806,0.262852,0.185586,1.0
deepseek-ai-DeepSeek-R1-Distill-Llama-8B,functional_group,28,thiol,control,sulfur,-SH,8,0.74917,0.076275,0.174539,0.092404,1.0
deepseek-ai-DeepSeek-R1-Distill-Llama-8B,functional_group,28,thioether,control,sulfur,-S-,4,0.781836,0.045018,0.173165,0.054445,1.0
deepseek-ai-DeepSeek-R1-Distill-Llama-8B,functional_group,29,amide,ambiguous,nitrogen,-CONH2,4,0.395502,0.453497,0.150978,0.534155,0.375
deepseek-ai-DeepSeek-R1-Distill-Llama-8B,functional_group,29,nitro,ambiguous,nitrogen,-NO2,4,0.413916,0.249106,0.336962,0.375713,0.925
deepseek-ai-DeepSeek-R1-Distill-Llama-8B,functional_group,29,sulfoxide,ambiguous,sulfur,>S=O,4,0.824707,0.076131,0.099174,0.084512,1.0
deepseek-ai-DeepSeek-R1-Distill-Llama-8B,functional_group,29,sulfone,ambiguous,sulfur,>SO2,4,0.715228,0.105501,0.179244,0.128545,1.0
deepseek-ai-DeepSeek-R1-Distill-Llama-8B,functional_group,29,amine,control,nitrogen,-NH2,8,0.836169,0.046249,0.117593,0.052412,1.0
deepseek-ai-DeepSeek-R1-Distill-Llama-8B,functional_group,29,imine,control,nitrogen,-CH=NH,4,0.758313,0.071098,0.170615,0.085721,1.0
deepseek-ai-DeepSeek-R1-Distill-Llama-8B,functional_group,29,nitrile,control,nitrogen,-C≡N,4,0.587103,0.140408,0.272498,0.192998,1.0
deepseek-ai-DeepSeek-R1-Distill-Llama-8B,functional_group,29,thiol,control,sulfur,-SH,8,0.726456,0.092918,0.180627,0.113401,1.0
deepseek-ai-DeepSeek-R1-Distill-Llama-8B,functional_group,29,thioether,control,sulfur,-S-,4,0.794104,0.042561,0.163335,0.05087,1.0
deepseek-ai-DeepSeek-R1-Distill-Llama-8B,functional_group,30,amide,ambiguous,nitrogen,-CONH2,4,0.401569,0.449652,0.148806,0.528244,0.375
deepseek-ai-DeepSeek-R1-Distill-Llama-8B,functional_group,30,nitro,ambiguous,nitrogen,-NO2,4,0.403601,0.268475,0.327947,0.399471,0.8
deepseek-ai-DeepSeek-R1-Distill-Llama-8B,functional_group,30,sulfoxide,ambiguous,sulfur,>S=O,4,0.833264,0.076851,0.089869,0.084441,1.0
deepseek-ai-DeepSeek-R1-Distill-Llama-8B,functional_group,30,sulfone,ambiguous,sulfur,>SO2,4,0.731311,0.102937,0.165754,0.123389,1.0
deepseek-ai-DeepSeek-R1-Distill-Llama-8B,functional_group,30,amine,control,nitrogen,-NH2,8,0.845343,0.043526,0.111134,0.048968,1.0
deepseek-ai-DeepSeek-R1-Distill-Llama-8B,functional_group,30,imine,control,nitrogen,-CH=NH,4,0.752002,0.072218,0.175772,0.08762,1.0
deepseek-ai-DeepSeek-R1-Distill-Llama-8B,functional_group,30,nitrile,control,nitrogen,-C≡N,4,0.557513,0.157416,0.28509,0.220184,1.0
deepseek-ai-DeepSeek-R1-Distill-Llama-8B,functional_group,30,thiol,control,sulfur,-SH,8,0.694577,0.107591,0.197848,0.134126,1.0
deepseek-ai-DeepSeek-R1-Distill-Llama-8B,functional_group,30,thioether,control,sulfur,-S-,4,0.792035,0.044504,0.16346,0.0532,1.0
deepseek-ai-DeepSeek-R1-Distill-Llama-8B,functional_group,31,amide,ambiguous,nitrogen,-CONH2,4,0.401874,0.45686,0.141278,0.532016,0.375
deepseek-ai-DeepSeek-R1-Distill-Llama-8B,functional_group,31,nitro,ambiguous,nitrogen,-NO2,4,0.373734,0.307037,0.31924,0.451014,0.7
deepseek-ai-DeepSeek-R1-Distill-Llama-8B,functional_group,31,sulfoxide,ambiguous,sulfur,>S=O,4,0.841321,0.077312,0.081371,0.08416,1.0
deepseek-ai-DeepSeek-R1-Distill-Llama-8B,functional_group,31,sulfone,ambiguous,sulfur,>SO2,4,0.730005,0.109489,0.160502,0.130422,1.0
deepseek-ai-DeepSeek-R1-Distill-Llama-8B,functional_group,31,amine,control,nitrogen,-NH2,8,0.602939,0.102282,0.294787,0.145035,1.0
deepseek-ai-DeepSeek-R1-Distill-Llama-8B,functional_group,31,imine,control,nitrogen,-CH=NH,4,0.761023,0.060349,0.17859,0.073473,1.0
deepseek-ai-DeepSeek-R1-Distill-Llama-8B,functional_group,31,nitrile,control,nitrogen,-C≡N,4,0.587842,0.131874,0.280274,0.183231,1.0
deepseek-ai-DeepSeek-R1-Distill-Llama-8B,functional_group,31,thiol,control,sulfur,-SH,8,0.67998,0.10804,0.211965,0.137103,1.0
deepseek-ai-DeepSeek-R1-Distill-Llama-8B,functional_group,31,thioether,control,sulfur,-S-,4,0.770776,0.04718,0.18204,0.05768,1.0
weidawang-Chem-R-8B,functional_group,0,amide,ambiguous,nitrogen,-CONH2,4,0.335521,0.657971,0.006489,0.662281,0.225
weidawang-Chem-R-8B,functional_group,0,nitro,ambiguous,nitrogen,-NO2,4,0.696252,0.249405,0.054293,0.263737,0.975
weidawang-Chem-R-8B,functional_group,0,sulfoxide,ambiguous,sulfur,>S=O,4,0.775842,0.21013,0.014049,0.21312,1.0
weidawang-Chem-R-8B,functional_group,0,sulfone,ambiguous,sulfur,>SO2,4,0.057087,0.942419,0.000516,0.942885,0.0
weidawang-Chem-R-8B,functional_group,0,amine,control,nitrogen,-NH2,8,0.020062,0.531443,0.448491,0.963624,0.0
weidawang-Chem-R-8B,functional_group,0,imine,control,nitrogen,-CH=NH,4,0.926416,0.042523,0.031064,0.043886,1.0
weidawang-Chem-R-8B,functional_group,0,nitrile,control,nitrogen,-C≡N,4,0.000659,0.0,0.999363,0.000158,0.0
weidawang-Chem-R-8B,functional_group,0,thiol,control,sulfur,-SH,8,0.081958,0.175547,0.742493,0.681721,0.0
weidawang-Chem-R-8B,functional_group,0,thioether,control,sulfur,-S-,4,0.577161,0.051098,0.371761,0.081332,0.675
weidawang-Chem-R-8B,functional_group,1,amide,ambiguous,nitrogen,-CONH2,4,0.371365,0.625177,0.003451,0.627346,0.275
weidawang-Chem-R-8B,functional_group,1,nitro,ambiguous,nitrogen,-NO2,4,0.541119,0.361424,0.097459,0.400451,0.575
weidawang-Chem-R-8B,functional_group,1,sulfoxide,ambiguous,sulfur,>S=O,4,0.94967,0.047138,0.003208,0.047289,1.0
weidawang-Chem-R-8B,functional_group,1,sulfone,ambiguous,sulfur,>SO2,4,0.685815,0.311166,0.003034,0.312108,0.9
weidawang-Chem-R-8B,functional_group,1,amine,control,nitrogen,-NH2,8,0.020033,0.47222,0.507726,0.959304,0.0
weidawang-Chem-R-8B,functional_group,1,imine,control,nitrogen,-CH=NH,4,0.726147,0.235004,0.038871,0.244503,0.925
weidawang-Chem-R-8B,functional_group,1,nitrile,control,nitrogen,-C≡N,4,0.954773,0.003578,0.04163,0.003733,1.0
weidawang-Chem-R-8B,functional_group,1,thiol,control,sulfur,-SH,8,0.068093,0.310058,0.621838,0.819932,0.0
weidawang-Chem-R-8B,functional_group,1,thioether,control,sulfur,-S-,4,0.501884,0.062332,0.43578,0.110476,0.5
weidawang-Chem-R-8B,functional_group,2,amide,ambiguous,nitrogen,-CONH2,4,0.752411,0.244708,0.00287,0.245415,0.9
weidawang-Chem-R-8B,functional_group,2,nitro,ambiguous,nitrogen,-NO2,4,0.073571,0.157196,0.769213,0.681189,0.025
weidawang-Chem-R-8B,functional_group,2,sulfoxide,ambiguous,sulfur,>S=O,4,0.973157,0.023448,0.003408,0.023528,1.0
weidawang-Chem-R-8B,functional_group,2,sulfone,ambiguous,sulfur,>SO2,4,0.921423,0.074396,0.004164,0.074708,1.0
weidawang-Chem-R-8B,functional_group,2,amine,control,nitrogen,-NH2,8,0.038721,0.513617,0.447656,0.929897,0.0
weidawang-Chem-R-8B,functional_group,2,imine,control,nitrogen,-CH=NH,4,0.53541,0.457782,0.006808,0.46092,0.55
weidawang-Chem-R-8B,functional_group,2,nitrile,control,nitrogen,-C≡N,4,0.866565,0.06642,0.067008,0.071191,1.0
weidawang-Chem-R-8B,functional_group,2,thiol,control,sulfur,-SH,8,0.057417,0.456176,0.48639,0.888205,0.0
weidawang-Chem-R-8B,functional_group,2,thioether,control,sulfur,-S-,4,0.23231,0.169375,0.598313,0.421661,0.2
weidawang-Chem-R-8B,functional_group,3,amide,ambiguous,nitrogen,-CONH2,4,0.742303,0.254877,0.002793,0.255598,0.925
weidawang-Chem-R-8B,functional_group,3,nitro,ambiguous,nitrogen,-NO2,4,0.058318,0.087988,0.853692,0.601398,0.0
weidawang-Chem-R-8B,functional_group,3,sulfoxide,ambiguous,sulfur,>S=O,4,0.946887,0.031776,0.021361,0.032468,1.0
weidawang-Chem-R-8B,functional_group,3,sulfone,ambiguous,sulfur,>SO2,4,0.950134,0.036551,0.013311,0.037045,1.0
weidawang-Chem-R-8B,functional_group,3,amine,control,nitrogen,-NH2,8,0.205394,0.494107,0.30049,0.706371,0.1375
weidawang-Chem-R-8B,functional_group,3,imine,control,nitrogen,-CH=NH,4,0.490253,0.411111,0.098659,0.456099,0.65
weidawang-Chem-R-8B,functional_group,3,nitrile,control,nitrogen,-C≡N,4,0.748596,0.13947,0.111912,0.157049,0.975
weidawang-Chem-R-8B,functional_group,3,thiol,control,sulfur,-SH,8,0.076942,0.444762,0.478295,0.852518,0.0
weidawang-Chem-R-8B,functional_group,3,thioether,control,sulfur,-S-,4,0.186646,0.198961,0.614361,0.515968,0.175
weidawang-Chem-R-8B,functional_group,4,amide,ambiguous,nitrogen,-CONH2,4,0.821143,0.176434,0.002448,0.176863,0.975
weidawang-Chem-R-8B,functional_group,4,nitro,ambiguous,nitrogen,-NO2,4,0.024609,0.047378,0.928007,0.658141,0.0
weidawang-Chem-R-8B,functional_group,4,sulfoxide,ambiguous,sulfur,>S=O,4,0.984534,0.007081,0.008394,0.007141,1.0
weidawang-Chem-R-8B,functional_group,4,sulfone,ambiguous,sulfur,>SO2,4,0.989111,0.008749,0.002129,0.008768,1.0
weidawang-Chem-R-8B,functional_group,4,amine,control,nitrogen,-NH2,8,0.274356,0.427602,0.298044,0.609155,0.2125
weidawang-Chem-R-8B,functional_group,4,imine,control,nitrogen,-CH=NH,4,0.733286,0.209149,0.057551,0.221924,0.95
weidawang-Chem-R-8B,functional_group,4,nitrile,control,nitrogen,-C≡N,4,0.688077,0.226955,0.084965,0.248029,0.9
weidawang-Chem-R-8B,functional_group,4,thiol,control,sulfur,-SH,8,0.043906,0.513315,0.442786,0.921206,0.0
weidawang-Chem-R-8B,functional_group,4,thioether,control,sulfur,-S-,4,0.175274,0.144332,0.680381,0.451593,0.175
weidawang-Chem-R-8B,functional_group,5,amide,ambiguous,nitrogen,-CONH2,4,0.628949,0.366858,0.004236,0.368403,0.75
weidawang-Chem-R-8B,functional_group,5,nitro,ambiguous,nitrogen,-NO2,4,0.064278,0.110397,0.825335,0.632014,0.0
weidawang-Chem-R-8B,functional_group,5,sulfoxide,ambiguous,sulfur,>S=O,4,0.968567,0.014342,0.017063,0.014591,1.0
weidawang-Chem-R-8B,functional_group,5,sulfone,ambiguous,sulfur,>SO2,4,0.933691,0.038498,0.027817,0.039599,1.0
weidawang-Chem-R-8B,functional_group,5,amine,control,nitrogen,-NH2,8,0.23114,0.518105,0.25077,0.691503,0.1375
weidawang-Chem-R-8B,functional_group,5,imine,control,nitrogen,-CH=NH,4,0.737067,0.167432,0.095555,0.185111,1.0
weidawang-Chem-R-8B,functional_group,5,nitrile,control,nitrogen,-C≡N,4,0.579532,0.312502,0.107973,0.350325,0.8
weidawang-Chem-R-8B,functional_group,5,thiol,control,sulfur,-SH,8,0.128646,0.346678,0.524666,0.729351,0.0
weidawang-Chem-R-8B,functional_group,5,thioether,control,sulfur,-S-,4,0.201762,0.140922,0.657296,0.41123,0.225
weidawang-Chem-R-8B,functional_group,6,amide,ambiguous,nitrogen,-CONH2,4,0.670551,0.325253,0.004187,0.326624,0.75
weidawang-Chem-R-8B,functional_group,6,nitro,ambiguous,nitrogen,-NO2,4,0.079075,0.060768,0.860161,0.434546,0.025
weidawang-Chem-R-8B,functional_group,6,sulfoxide,ambiguous,sulfur,>S=O,4,0.994617,0.001748,0.003623,0.001755,1.0
weidawang-Chem-R-8B,functional_group,6,sulfone,ambiguous,sulfur,>SO2,4,0.988501,0.005763,0.005717,0.005796,1.0
weidawang-Chem-R-8B,functional_group,6,amine,control,nitrogen,-NH2,8,0.217071,0.604242,0.1787,0.735702,0.15
weidawang-Chem-R-8B,functional_group,6,imine,control,nitrogen,-CH=NH,4,0.892169,0.077789,0.030034,0.080198,0.975
weidawang-Chem-R-8B,functional_group,6,nitrile,control,nitrogen,-C≡N,4,0.653757,0.246072,0.100153,0.273465,0.825
weidawang-Chem-R-8B,functional_group,6,thiol,control,sulfur,-SH,8,0.176219,0.407129,0.416645,0.697918,0.0875
weidawang-Chem-R-8B,functional_group,6,thioether,control,sulfur,-S-,4,0.276971,0.108596,0.614464,0.281653,0.25
weidawang-Chem-R-8B,functional_group,7,amide,ambiguous,nitrogen,-CONH2,4,0.575374,0.420651,0.003984,0.42233,0.65
weidawang-Chem-R-8B,functional_group,7,nitro,ambiguous,nitrogen,-NO2,4,0.106204,0.046238,0.847552,0.303315,0.075
weidawang-Chem-R-8B,functional_group,7,sulfoxide,ambiguous,sulfur,>S=O,4,0.994629,0.002545,0.002809,0.002552,1.0
weidawang-Chem-R-8B,functional_group,7,sulfone,ambiguous,sulfur,>SO2,4,0.990833,0.004125,0.005004,0.004145,1.0
weidawang-Chem-R-8B,functional_group,7,amine,control,nitrogen,-NH2,8,0.20226,0.602367,0.195365,0.748629,0.175
weidawang-Chem-R-8B,functional_group,7,imine,control,nitrogen,-CH=NH,4,0.903979,0.053689,0.042324,0.056062,0.975
weidawang-Chem-R-8B,functional_group,7,nitrile,control,nitrogen,-C≡N,4,0.595651,0.295571,0.108787,0.331647,0.825
weidawang-Chem-R-8B,functional_group,7,thiol,control,sulfur,-SH,8,0.169077,0.482045,0.348886,0.74033,0.0375
weidawang-Chem-R-8B,functional_group,7,thioether,control,sulfur,-S-,4,0.292307,0.157654,0.550007,0.350372,0.25
weidawang-Chem-R-8B,functional_group,8,amide,ambiguous,nitrogen,-CONH2,4,0.450294,0.546606,0.003091,0.548306,0.475
weidawang-Chem-R-8B,functional_group,8,nitro,ambiguous,nitrogen,-NO2,4,0.113945,0.060309,0.825726,0.346099,0.075
weidawang-Chem-R-8B,functional_group,8,sulfoxide,ambiguous,sulfur,>S=O,4,0.993835,0.002184,0.004004,0.002193,1.0
weidawang-Chem-R-8B,functional_group,8,sulfone,ambiguous,sulfur,>SO2,4,0.991907,0.003181,0.004917,0.003197,1.0
weidawang-Chem-R-8B,functional_group,8,amine,control,nitrogen,-NH2,8,0.215787,0.443804,0.340418,0.672848,0.175
weidawang-Chem-R-8B,functional_group,8,imine,control,nitrogen,-CH=NH,4,0.809528,0.095822,0.094667,0.10584,0.975
weidawang-Chem-R-8B,functional_group,8,nitrile,control,nitrogen,-C≡N,4,0.522095,0.26479,0.213108,0.336504,0.775
weidawang-Chem-R-8B,functional_group,8,thiol,control,sulfur,-SH,8,0.122127,0.575552,0.302309,0.824953,0.0
weidawang-Chem-R-8B,functional_group,8,thioether,control,sulfur,-S-,4,0.290141,0.222216,0.487622,0.433713,0.25
weidawang-Chem-R-8B,functional_group,9,amide,ambiguous,nitrogen,-CONH2,4,0.46144,0.536023,0.002508,0.537386,0.475
weidawang-Chem-R-8B,functional_group,9,nitro,ambiguous,nitrogen,-NO2,4,0.11995,0.072548,0.80751,0.376878,0.0
weidawang-Chem-R-8B,functional_group,9,sulfoxide,ambiguous,sulfur,>S=O,4,0.995154,0.001853,0.003019,0.001858,1.0
weidawang-Chem-R-8B,functional_group,9,sulfone,ambiguous,sulfur,>SO2,4,0.986243,0.00433,0.00942,0.004371,1.0
weidawang-Chem-R-8B,functional_group,9,amine,control,nitrogen,-NH2,8,0.214141,0.447752,0.338112,0.676472,0.2
weidawang-Chem-R-8B,functional_group,9,imine,control,nitrogen,-CH=NH,4,0.918402,0.058696,0.022882,0.060072,1.0
weidawang-Chem-R-8B,functional_group,9,nitrile,control,nitrogen,-C≡N,4,0.726514,0.140286,0.133145,0.161844,0.975
weidawang-Chem-R-8B,functional_group,9,thiol,control,sulfur,-SH,8,0.164445,0.469504,0.36605,0.740602,0.0
weidawang-Chem-R-8B,functional_group,9,thioether,control,sulfur,-S-,4,0.251366,0.374337,0.374317,0.598267,0.225
weidawang-Chem-R-8B,functional_group,10,amide,ambiguous,nitrogen,-CONH2,4,0.50631,0.492314,0.001345,0.492992,0.55
weidawang-Chem-R-8B,functional_group,10,nitro,ambiguous,nitrogen,-NO2,4,0.147451,0.030797,0.821728,0.172778,0.075
weidawang-Chem-R-8B,functional_group,10,sulfoxide,ambiguous,sulfur,>S=O,4,0.980774,0.009159,0.010104,0.009252,1.0
weidawang-Chem-R-8B,functional_group,10,sulfone,ambiguous,sulfur,>SO2,4,0.980151,0.008502,0.011352,0.0086,1.0
weidawang-Chem-R-8B,functional_group,10,amine,control,nitrogen,-NH2,8,0.258525,0.400407,0.341079,0.60766,0.1875
weidawang-Chem-R-8B,functional_group,10,imine,control,nitrogen,-CH=NH,4,0.921362,0.032409,0.046222,0.03398,1.0
weidawang-Chem-R-8B,functional_group,10,nitrile,control,nitrogen,-C≡N,4,0.667377,0.167076,0.16554,0.200223,0.925
weidawang-Chem-R-8B,functional_group,10,thiol,control,sulfur,-SH,8,0.1798,0.465238,0.354956,0.721257,0.025
weidawang-Chem-R-8B,functional_group,10,thioether,control,sulfur,-S-,4,0.272968,0.272985,0.454078,0.500016,0.25
weidawang-Chem-R-8B,functional_group,11,amide,ambiguous,nitrogen,-CONH2,4,0.560064,0.43898,0.000943,0.4394,0.625
weidawang-Chem-R-8B,functional_group,11,nitro,ambiguous,nitrogen,-NO2,4,0.163529,0.032857,0.803587,0.16731,0.075
weidawang-Chem-R-8B,functional_group,11,sulfoxide,ambiguous,sulfur,>S=O,4,0.975903,0.012357,0.011725,0.012504,1.0
weidawang-Chem-R-8B,functional_group,11,sulfone,ambiguous,sulfur,>SO2,4,0.939258,0.031103,0.02966,0.032053,1.0
weidawang-Chem-R-8B,functional_group,11,amine,control,nitrogen,-NH2,8,0.244231,0.484486,0.271272,0.664848,0.2
weidawang-Chem-R-8B,functional_group,11,imine,control,nitrogen,-CH=NH,4,0.85614,0.069288,0.074584,0.074871,1.0
weidawang-Chem-R-8B,functional_group,11,nitrile,control,nitrogen,-C≡N,4,0.662634,0.190715,0.146656,0.22349,0.875
weidawang-Chem-R-8B,functional_group,11,thiol,control,sulfur,-SH,8,0.276513,0.392495,0.331006,0.586683,0.25
weidawang-Chem-R-8B,functional_group,11,thioether,control,sulfur,-S-,4,0.287132,0.288673,0.424116,0.501338,0.275
weidawang-Chem-R-8B,functional_group,12,amide,ambiguous,nitrogen,-CONH2,4,0.689661,0.309389,0.000936,0.309683,0.85
weidawang-Chem-R-8B,functional_group,12,nitro,ambiguous,nitrogen,-NO2,4,0.1979,0.092904,0.709203,0.319474,0.05
weidawang-Chem-R-8B,functional_group,12,sulfoxide,ambiguous,sulfur,>S=O,4,0.964319,0.018112,0.017587,0.018436,1.0
weidawang-Chem-R-8B,functional_group,12,sulfone,ambiguous,sulfur,>SO2,4,0.939783,0.029938,0.030285,0.030873,1.0
weidawang-Chem-R-8B,functional_group,12,amine,control,nitrogen,-NH2,8,0.240805,0.554384,0.204818,0.697173,0.1875
weidawang-Chem-R-8B,functional_group,12,imine,control,nitrogen,-CH=NH,4,0.842725,0.0406,0.116668,0.045963,1.0
weidawang-Chem-R-8B,functional_group,12,nitrile,control,nitrogen,-C≡N,4,0.634509,0.260681,0.104777,0.291202,0.85
weidawang-Chem-R-8B,functional_group,12,thiol,control,sulfur,-SH,8,0.280045,0.327004,0.392966,0.538679,0.2875
weidawang-Chem-R-8B,functional_group,12,thioether,control,sulfur,-S-,4,0.311607,0.272705,0.415682,0.466711,0.25
weidawang-Chem-R-8B,functional_group,13,amide,ambiguous,nitrogen,-CONH2,4,0.595439,0.397247,0.007282,0.400174,0.75
weidawang-Chem-R-8B,functional_group,13,nitro,ambiguous,nitrogen,-NO2,4,0.22848,0.102184,0.669323,0.309026,0.225
weidawang-Chem-R-8B,functional_group,13,sulfoxide,ambiguous,sulfur,>S=O,4,0.959497,0.021408,0.019079,0.021824,1.0
weidawang-Chem-R-8B,functional_group,13,sulfone,ambiguous,sulfur,>SO2,4,0.78147,0.085839,0.132685,0.098972,1.0
weidawang-Chem-R-8B,functional_group,13,amine,control,nitrogen,-NH2,8,0.18938,0.57209,0.238521,0.751296,0.075
weidawang-Chem-R-8B,functional_group,13,imine,control,nitrogen,-CH=NH,4,0.85686,0.044239,0.09892,0.049094,1.0
weidawang-Chem-R-8B,functional_group,13,nitrile,control,nitrogen,-C≡N,4,0.513889,0.338907,0.147235,0.397407,0.725
weidawang-Chem-R-8B,functional_group,13,thiol,control,sulfur,-SH,8,0.295831,0.255418,0.448739,0.463344,0.3125
weidawang-Chem-R-8B,functional_group,13,thioether,control,sulfur,-S-,4,0.30892,0.254968,0.436111,0.452161,0.275
weidawang-Chem-R-8B,functional_group,14,amide,ambiguous,nitrogen,-CONH2,4,0.706659,0.282976,0.010348,0.28594,0.925
weidawang-Chem-R-8B,functional_group,14,nitro,ambiguous,nitrogen,-NO2,4,0.254189,0.176149,0.569662,0.409328,0.275
weidawang-Chem-R-8B,functional_group,14,sulfoxide,ambiguous,sulfur,>S=O,4,0.798486,0.098156,0.10337,0.109471,1.0
weidawang-Chem-R-8B,functional_group,14,sulfone,ambiguous,sulfur,>SO2,4,0.763464,0.07493,0.161565,0.089373,1.0
weidawang-Chem-R-8B,functional_group,14,amine,control,nitrogen,-NH2,8,0.214671,0.464937,0.320385,0.684125,0.0875
weidawang-Chem-R-8B,functional_group,14,imine,control,nitrogen,-CH=NH,4,0.721027,0.094163,0.184827,0.11551,1.0
weidawang-Chem-R-8B,functional_group,14,nitrile,control,nitrogen,-C≡N,4,0.498807,0.335127,0.166092,0.401863,0.7
weidawang-Chem-R-8B,functional_group,14,thiol,control,sulfur,-SH,8,0.302344,0.175429,0.522229,0.36718,0.3125
weidawang-Chem-R-8B,functional_group,14,thioether,control,sulfur,-S-,4,0.299844,0.260277,0.439896,0.464679,0.4
weidawang-Chem-R-8B,functional_group,15,amide,ambiguous,nitrogen,-CONH2,4,0.586115,0.362546,0.051353,0.382166,0.95
weidawang-Chem-R-8B,functional_group,15,nitro,ambiguous,nitrogen,-NO2,4,0.18519,0.08264,0.732129,0.308554,0.025
weidawang-Chem-R-8B,functional_group,15,sulfoxide,ambiguous,sulfur,>S=O,4,0.833582,0.07828,0.088171,0.085846,1.0
weidawang-Chem-R-8B,functional_group,15,sulfone,ambiguous,sulfur,>SO2,4,0.742365,0.067117,0.190526,0.082914,0.95
weidawang-Chem-R-8B,functional_group,15,amine,control,nitrogen,-NH2,8,0.320372,0.210468,0.469158,0.396481,0.4
weidawang-Chem-R-8B,functional_group,15,imine,control,nitrogen,-CH=NH,4,0.649286,0.106967,0.243785,0.141444,0.975
weidawang-Chem-R-8B,functional_group,15,nitrile,control,nitrogen,-C≡N,4,0.495825,0.29512,0.209049,0.373123,0.925
weidawang-Chem-R-8B,functional_group,15,thiol,control,sulfur,-SH,8,0.289153,0.211059,0.499798,0.421939,0.325
weidawang-Chem-R-8B,functional_group,15,thioether,control,sulfur,-S-,4,0.377316,0.16815,0.454534,0.308269,0.575
weidawang-Chem-R-8B,functional_group,16,amide,ambiguous,nitrogen,-CONH2,4,0.596838,0.353473,0.049669,0.371955,0.9
weidawang-Chem-R-8B,functional_group,16,nitro,ambiguous,nitrogen,-NO2,4,0.103896,0.107853,0.78824,0.509344,0.0
weidawang-Chem-R-8B,functional_group,16,sulfoxide,ambiguous,sulfur,>S=O,4,0.902844,0.043884,0.053282,0.046353,1.0
weidawang-Chem-R-8B,functional_group,16,sulfone,ambiguous,sulfur,>SO2,4,0.531235,0.107414,0.361387,0.16819,0.8
weidawang-Chem-R-8B,functional_group,16,amine,control,nitrogen,-NH2,8,0.680142,0.083886,0.235983,0.109795,1.0
weidawang-Chem-R-8B,functional_group,16,imine,control,nitrogen,-CH=NH,4,0.636322,0.097925,0.26569,0.133368,1.0
weidawang-Chem-R-8B,functional_group,16,nitrile,control,nitrogen,-C≡N,4,0.618378,0.191447,0.190141,0.236406,1.0
weidawang-Chem-R-8B,functional_group,16,thiol,control,sulfur,-SH,8,0.40889,0.187334,0.403764,0.314201,0.725
weidawang-Chem-R-8B,functional_group,16,thioether,control,sulfur,-S-,4,0.498856,0.07762,0.423522,0.134645,0.725
weidawang-Chem-R-8B,functional_group,17,amide,ambiguous,nitrogen,-CONH2,4,0.632025,0.336655,0.03134,0.34754,0.925
weidawang-Chem-R-8B,functional_group,17,nitro,ambiguous,nitrogen,-NO2,4,0.213206,0.077009,0.709797,0.265351,0.1
weidawang-Chem-R-8B,functional_group,17,sulfoxide,ambiguous,sulfur,>S=O,4,0.894604,0.055135,0.050246,0.058053,1.0
weidawang-Chem-R-8B,functional_group,17,sulfone,ambiguous,sulfur,>SO2,4,0.441736,0.171002,0.387252,0.279079,0.925
weidawang-Chem-R-8B,functional_group,17,amine,control,nitrogen,-NH2,8,0.656583,0.082346,0.261059,0.11144,1.0
weidawang-Chem-R-8B,functional_group,17,imine,control,nitrogen,-CH=NH,4,0.647125,0.125484,0.227417,0.162416,1.0
weidawang-Chem-R-8B,functional_group,17,nitrile,control,nitrogen,-C≡N,4,0.655359,0.154293,0.190383,0.190567,1.0
weidawang-Chem-R-8B,functional_group,17,thiol,control,sulfur,-SH,8,0.456494,0.17226,0.371243,0.273971,0.775
weidawang-Chem-R-8B,functional_group,17,thioether,control,sulfur,-S-,4,0.414209,0.140227,0.445591,0.252918,0.8
weidawang-Chem-R-8B,functional_group,18,amide,ambiguous,nitrogen,-CONH2,4,0.557202,0.308691,0.134118,0.3565,1.0
weidawang-Chem-R-8B,functional_group,18,nitro,ambiguous,nitrogen,-NO2,4,0.35282,0.144756,0.502402,0.290922,0.65
weidawang-Chem-R-8B,functional_group,18,sulfoxide,ambiguous,sulfur,>S=O,4,0.689795,0.166382,0.143861,0.194331,1.0
weidawang-Chem-R-8B,functional_group,18,sulfone,ambiguous,sulfur,>SO2,4,0.655066,0.117665,0.22728,0.152272,1.0
weidawang-Chem-R-8B,functional_group,18,amine,control,nitrogen,-NH2,8,0.476047,0.154842,0.369118,0.245435,0.9625
weidawang-Chem-R-8B,functional_group,18,imine,control,nitrogen,-CH=NH,4,0.496075,0.202286,0.301675,0.289658,1.0
weidawang-Chem-R-8B,functional_group,18,nitrile,control,nitrogen,-C≡N,4,0.472021,0.177266,0.350708,0.273016,1.0
weidawang-Chem-R-8B,functional_group,18,thiol,control,sulfur,-SH,8,0.520863,0.136291,0.342851,0.207395,0.8875
weidawang-Chem-R-8B,functional_group,18,thioether,control,sulfur,-S-,4,0.5771,0.101855,0.321042,0.150018,1.0
weidawang-Chem-R-8B,functional_group,19,amide,ambiguous,nitrogen,-CONH2,4,0.773303,0.197816,0.02887,0.203699,1.0
weidawang-Chem-R-8B,functional_group,19,nitro,ambiguous,nitrogen,-NO2,4,0.52453,0.112408,0.36308,0.176482,0.875
weidawang-Chem-R-8B,functional_group,19,sulfoxide,ambiguous,sulfur,>S=O,4,0.760669,0.120584,0.118762,0.136833,1.0
weidawang-Chem-R-8B,functional_group,19,sulfone,ambiguous,sulfur,>SO2,4,0.717969,0.08498,0.197079,0.105835,1.0
weidawang-Chem-R-8B,functional_group,19,amine,control,nitrogen,-NH2,8,0.534244,0.164653,0.301107,0.23559,1.0
weidawang-Chem-R-8B,functional_group,19,imine,control,nitrogen,-CH=NH,4,0.845764,0.069028,0.085174,0.075457,1.0
weidawang-Chem-R-8B,functional_group,19,nitrile,control,nitrogen,-C≡N,4,0.727344,0.098312,0.174356,0.119071,1.0
weidawang-Chem-R-8B,functional_group,19,thiol,control,sulfur,-SH,8,0.417972,0.15556,0.426485,0.271231,0.875
weidawang-Chem-R-8B,functional_group,19,thioether,control,sulfur,-S-,4,0.633264,0.085349,0.281414,0.118769,1.0
weidawang-Chem-R-8B,functional_group,20,amide,ambiguous,nitrogen,-CONH2,4,0.767322,0.202324,0.030352,0.208658,1.0
weidawang-Chem-R-8B,functional_group,20,nitro,ambiguous,nitrogen,-NO2,4,0.480542,0.11804,0.401409,0.1972,0.7
weidawang-Chem-R-8B,functional_group,20,sulfoxide,ambiguous,sulfur,>S=O,4,0.763062,0.121532,0.115429,0.137387,1.0
weidawang-Chem-R-8B,functional_group,20,sulfone,ambiguous,sulfur,>SO2,4,0.924463,0.021228,0.054277,0.022447,1.0
weidawang-Chem-R-8B,functional_group,20,amine,control,nitrogen,-NH2,8,0.763611,0.085677,0.15071,0.100881,1.0
weidawang-Chem-R-8B,functional_group,20,imine,control,nitrogen,-CH=NH,4,0.84657,0.069833,0.083558,0.076203,1.0
weidawang-Chem-R-8B,functional_group,20,nitrile,control,nitrogen,-C≡N,4,0.700659,0.104618,0.194727,0.129915,1.0
weidawang-Chem-R-8B,functional_group,20,thiol,control,sulfur,-SH,8,0.402209,0.161701,0.436092,0.28675,0.8625
weidawang-Chem-R-8B,functional_group,20,thioether,control,sulfur,-S-,4,0.89552,0.022302,0.082188,0.024298,1.0
weidawang-Chem-R-8B,functional_group,21,amide,ambiguous,nitrogen,-CONH2,4,0.779712,0.191219,0.02905,0.196944,1.0
weidawang-Chem-R-8B,functional_group,21,nitro,ambiguous,nitrogen,-NO2,4,0.39491,0.120007,0.485078,0.233061,0.475
weidawang-Chem-R-8B,functional_group,21,sulfoxide,ambiguous,sulfur,>S=O,4,0.771619,0.122626,0.10575,0.137128,1.0
weidawang-Chem-R-8B,functional_group,21,sulfone,ambiguous,sulfur,>SO2,4,0.839026,0.054298,0.106689,0.060782,1.0
weidawang-Chem-R-8B,functional_group,21,amine,control,nitrogen,-NH2,8,0.553452,0.153967,0.292581,0.217647,1.0
weidawang-Chem-R-8B,functional_group,21,imine,control,nitrogen,-CH=NH,4,0.893542,0.058176,0.048319,0.061127,1.0
weidawang-Chem-R-8B,functional_group,21,nitrile,control,nitrogen,-C≡N,4,0.717859,0.108561,0.1736,0.131363,1.0
weidawang-Chem-R-8B,functional_group,21,thiol,control,sulfur,-SH,8,0.509738,0.126613,0.363674,0.198967,0.9375
weidawang-Chem-R-8B,functional_group,21,thioether,control,sulfur,-S-,4,0.930774,0.014983,0.054202,0.015843,1.0
weidawang-Chem-R-8B,functional_group,22,amide,ambiguous,nitrogen,-CONH2,4,0.636047,0.341254,0.022718,0.34918,0.875
weidawang-Chem-R-8B,functional_group,22,nitro,ambiguous,nitrogen,-NO2,4,0.417828,0.13835,0.443829,0.248751,0.7
weidawang-Chem-R-8B,functional_group,22,sulfoxide,ambiguous,sulfur,>S=O,4,0.930188,0.045091,0.02475,0.046234,1.0
weidawang-Chem-R-8B,functional_group,22,sulfone,ambiguous,sulfur,>SO2,4,0.841516,0.055766,0.102718,0.06215,1.0
weidawang-Chem-R-8B,functional_group,22,amine,control,nitrogen,-NH2,8,0.773364,0.07584,0.150795,0.089307,1.0
weidawang-Chem-R-8B,functional_group,22,imine,control,nitrogen,-CH=NH,4,0.909021,0.043207,0.047742,0.045375,1.0
weidawang-Chem-R-8B,functional_group,22,nitrile,control,nitrogen,-C≡N,4,0.725549,0.111163,0.163316,0.132857,1.0
weidawang-Chem-R-8B,functional_group,22,thiol,control,sulfur,-SH,8,0.483038,0.136365,0.380615,0.220155,0.9125
weidawang-Chem-R-8B,functional_group,22,thioether,control,sulfur,-S-,4,0.924536,0.015054,0.060421,0.016022,1.0
weidawang-Chem-R-8B,functional_group,23,amide,ambiguous,nitrogen,-CONH2,4,0.614777,0.354459,0.030785,0.36571,0.825
weidawang-Chem-R-8B,functional_group,23,nitro,ambiguous,nitrogen,-NO2,4,0.379791,0.162778,0.457447,0.300013,0.625
weidawang-Chem-R-8B,functional_group,23,sulfoxide,ambiguous,sulfur,>S=O,4,0.92843,0.046759,0.024804,0.047949,1.0
weidawang-Chem-R-8B,functional_group,23,sulfone,ambiguous,sulfur,>SO2,4,0.823022,0.072237,0.104703,0.080689,1.0
weidawang-Chem-R-8B,functional_group,23,amine,control,nitrogen,-NH2,8,0.740546,0.095836,0.163619,0.114584,1.0
weidawang-Chem-R-8B,functional_group,23,imine,control,nitrogen,-CH=NH,4,0.891577,0.047346,0.061061,0.050426,1.0
weidawang-Chem-R-8B,functional_group,23,nitrile,control,nitrogen,-C≡N,4,0.683923,0.123293,0.192766,0.152738,1.0
weidawang-Chem-R-8B,functional_group,23,thiol,control,sulfur,-SH,8,0.460925,0.143682,0.39537,0.237645,0.9125
weidawang-Chem-R-8B,functional_group,23,thioether,control,sulfur,-S-,4,0.919714,0.015808,0.064483,0.016898,1.0
weidawang-Chem-R-8B,functional_group,24,amide,ambiguous,nitrogen,-CONH2,4,0.588824,0.37467,0.03652,0.388866,0.8
weidawang-Chem-R-8B,functional_group,24,nitro,ambiguous,nitrogen,-NO2,4,0.337192,0.191595,0.471205,0.36233,0.525
weidawang-Chem-R-8B,functional_group,24,sulfoxide,ambiguous,sulfur,>S=O,4,0.927856,0.049505,0.022651,0.050652,1.0
weidawang-Chem-R-8B,functional_group,24,sulfone,ambiguous,sulfur,>SO2,4,0.82677,0.069627,0.103633,0.077675,1.0
weidawang-Chem-R-8B,functional_group,24,amine,control,nitrogen,-NH2,8,0.733228,0.113697,0.153072,0.134247,1.0
weidawang-Chem-R-8B,functional_group,24,imine,control,nitrogen,-CH=NH,4,0.875464,0.051855,0.072698,0.055919,1.0
weidawang-Chem-R-8B,functional_group,24,nitrile,control,nitrogen,-C≡N,4,0.672687,0.129797,0.197512,0.161744,1.0
weidawang-Chem-R-8B,functional_group,24,thiol,control,sulfur,-SH,8,0.464343,0.147797,0.38785,0.241444,0.9125
weidawang-Chem-R-8B,functional_group,24,thioether,control,sulfur,-S-,4,0.906299,0.019872,0.073825,0.021456,1.0
weidawang-Chem-R-8B,functional_group,25,amide,ambiguous,nitrogen,-CONH2,4,0.570782,0.384042,0.045228,0.402212,0.8
weidawang-Chem-R-8B,functional_group,25,nitro,ambiguous,nitrogen,-NO2,4,0.325888,0.230881,0.443204,0.41468,0.425
weidawang-Chem-R-8B,functional_group,25,sulfoxide,ambiguous,sulfur,>S=O,4,0.93219,0.042845,0.024979,0.043942,1.0
weidawang-Chem-R-8B,functional_group,25,sulfone,ambiguous,sulfur,>SO2,4,0.811584,0.077658,0.110748,0.087331,1.0
weidawang-Chem-R-8B,functional_group,25,amine,control,nitrogen,-NH2,8,0.702579,0.119632,0.177762,0.145501,1.0
weidawang-Chem-R-8B,functional_group,25,imine,control,nitrogen,-CH=NH,4,0.846692,0.070962,0.082342,0.07733,1.0
weidawang-Chem-R-8B,functional_group,25,nitrile,control,nitrogen,-C≡N,4,0.608295,0.170336,0.221352,0.218764,1.0
weidawang-Chem-R-8B,functional_group,25,thiol,control,sulfur,-SH,8,0.440939,0.161017,0.39804,0.267489,0.925
weidawang-Chem-R-8B,functional_group,25,thioether,control,sulfur,-S-,4,0.87522,0.0255,0.099297,0.028311,1.0
weidawang-Chem-R-8B,functional_group,26,amide,ambiguous,nitrogen,-CONH2,4,0.521814,0.427649,0.05055,0.450411,0.7
weidawang-Chem-R-8B,functional_group,26,nitro,ambiguous,nitrogen,-NO2,4,0.328232,0.287653,0.384093,0.467056,0.55
weidawang-Chem-R-8B,functional_group,26,sulfoxide,ambiguous,sulfur,>S=O,4,0.925916,0.044392,0.029668,0.045751,1.0
weidawang-Chem-R-8B,functional_group,26,sulfone,ambiguous,sulfur,>SO2,4,0.788611,0.090672,0.120686,0.10312,1.0
weidawang-Chem-R-8B,functional_group,26,amine,control,nitrogen,-NH2,8,0.680951,0.132613,0.186406,0.163002,1.0
weidawang-Chem-R-8B,functional_group,26,imine,control,nitrogen,-CH=NH,4,0.82821,0.084615,0.087135,0.092696,1.0
weidawang-Chem-R-8B,functional_group,26,nitrile,control,nitrogen,-C≡N,4,0.612793,0.152306,0.234953,0.199067,1.0
weidawang-Chem-R-8B,functional_group,26,thiol,control,sulfur,-SH,8,0.414764,0.163876,0.421346,0.283209,0.9125
weidawang-Chem-R-8B,functional_group,26,thioether,control,sulfur,-S-,4,0.862012,0.028028,0.10992,0.031491,1.0
weidawang-Chem-R-8B,functional_group,27,amide,ambiguous,nitrogen,-CONH2,4,0.631989,0.350537,0.017486,0.356771,0.85
weidawang-Chem-R-8B,functional_group,27,nitro,ambiguous,nitrogen,-NO2,4,0.352411,0.308456,0.339126,0.466745,0.4
weidawang-Chem-R-8B,functional_group,27,sulfoxide,ambiguous,sulfur,>S=O,4,0.929285,0.04252,0.028194,0.043754,1.0
weidawang-Chem-R-8B,functional_group,27,sulfone,ambiguous,sulfur,>SO2,4,0.928271,0.03186,0.039854,0.033183,1.0
weidawang-Chem-R-8B,functional_group,27,amine,control,nitrogen,-NH2,8,0.666599,0.148814,0.184557,0.182501,1.0
weidawang-Chem-R-8B,functional_group,27,imine,control,nitrogen,-CH=NH,4,0.91936,0.045141,0.035494,0.046802,1.0
weidawang-Chem-R-8B,functional_group,27,nitrile,control,nitrogen,-C≡N,4,0.755127,0.098172,0.146717,0.11505,1.0
weidawang-Chem-R-8B,functional_group,27,thiol,control,sulfur,-SH,8,0.427689,0.169558,0.402769,0.283899,0.925
weidawang-Chem-R-8B,functional_group,27,thioether,control,sulfur,-S-,4,0.854907,0.029259,0.115832,0.033093,1.0
weidawang-Chem-R-8B,functional_group,28,amide,ambiguous,nitrogen,-CONH2,4,0.539465,0.409021,0.051547,0.431236,0.825
weidawang-Chem-R-8B,functional_group,28,nitro,ambiguous,nitrogen,-NO2,4,0.316049,0.303528,0.380447,0.489895,0.45
weidawang-Chem-R-8B,functional_group,28,sulfoxide,ambiguous,sulfur,>S=O,4,0.934314,0.03861,0.027094,0.039685,1.0
weidawang-Chem-R-8B,functional_group,28,sulfone,ambiguous,sulfur,>SO2,4,0.778992,0.088123,0.132889,0.101628,1.0
weidawang-Chem-R-8B,functional_group,28,amine,control,nitrogen,-NH2,8,0.423355,0.218259,0.358374,0.340171,0.9875
weidawang-Chem-R-8B,functional_group,28,imine,control,nitrogen,-CH=NH,4,0.797571,0.103854,0.098565,0.115211,1.0
weidawang-Chem-R-8B,functional_group,28,nitrile,control,nitrogen,-C≡N,4,0.616943,0.13384,0.249221,0.178267,1.0
weidawang-Chem-R-8B,functional_group,28,thiol,control,sulfur,-SH,8,0.405696,0.175191,0.419111,0.301592,0.9125
weidawang-Chem-R-8B,functional_group,28,thioether,control,sulfur,-S-,4,0.830298,0.036614,0.13311,0.042235,1.0
weidawang-Chem-R-8B,functional_group,29,amide,ambiguous,nitrogen,-CONH2,4,0.516003,0.429007,0.054992,0.453971,0.625
weidawang-Chem-R-8B,functional_group,29,nitro,ambiguous,nitrogen,-NO2,4,0.312021,0.32821,0.35976,0.512644,0.425
weidawang-Chem-R-8B,functional_group,29,sulfoxide,ambiguous,sulfur,>S=O,4,0.937988,0.036725,0.025321,0.037678,1.0
weidawang-Chem-R-8B,functional_group,29,sulfone,ambiguous,sulfur,>SO2,4,0.806909,0.076154,0.116912,0.086238,1.0
weidawang-Chem-R-8B,functional_group,29,amine,control,nitrogen,-NH2,8,0.421082,0.22497,0.353952,0.348223,0.9625
weidawang-Chem-R-8B,functional_group,29,imine,control,nitrogen,-CH=NH,4,0.764655,0.12503,0.110312,0.140533,1.0
weidawang-Chem-R-8B,functional_group,29,nitrile,control,nitrogen,-C≡N,4,0.623132,0.138658,0.238232,0.182016,1.0
weidawang-Chem-R-8B,functional_group,29,thiol,control,sulfur,-SH,8,0.580902,0.135479,0.283606,0.189115,0.95
weidawang-Chem-R-8B,functional_group,29,thioether,control,sulfur,-S-,4,0.834143,0.037582,0.128277,0.043112,1.0
weidawang-Chem-R-8B,functional_group,30,amide,ambiguous,nitrogen,-CONH2,4,0.539655,0.401984,0.05837,0.426898,0.8
weidawang-Chem-R-8B,functional_group,30,nitro,ambiguous,nitrogen,-NO2,4,0.362836,0.306638,0.330503,0.458028,0.65
weidawang-Chem-R-8B,functional_group,30,sulfoxide,ambiguous,sulfur,>S=O,4,0.940918,0.038559,0.020516,0.039367,1.0
weidawang-Chem-R-8B,functional_group,30,sulfone,ambiguous,sulfur,>SO2,4,0.827808,0.069051,0.103148,0.076992,1.0
weidawang-Chem-R-8B,functional_group,30,amine,control,nitrogen,-NH2,8,0.447098,0.212198,0.340675,0.321855,0.9875
weidawang-Chem-R-8B,functional_group,30,imine,control,nitrogen,-CH=NH,4,0.726129,0.1615,0.112361,0.181945,1.0
weidawang-Chem-R-8B,functional_group,30,nitrile,control,nitrogen,-C≡N,4,0.602478,0.147949,0.249606,0.197153,1.0
weidawang-Chem-R-8B,functional_group,30,thiol,control,sulfur,-SH,8,0.40457,0.192274,0.403156,0.322151,0.9
weidawang-Chem-R-8B,functional_group,30,thioether,control,sulfur,-S-,4,0.833667,0.044479,0.121875,0.050651,1.0
weidawang-Chem-R-8B,functional_group,31,amide,ambiguous,nitrogen,-CONH2,4,0.617889,0.324771,0.057363,0.344526,0.9
weidawang-Chem-R-8B,functional_group,31,nitro,ambiguous,nitrogen,-NO2,4,0.479034,0.245142,0.27584,0.338511,0.975
weidawang-Chem-R-8B,functional_group,31,sulfoxide,ambiguous,sulfur,>S=O,4,0.927905,0.050681,0.021382,0.05179,1.0
weidawang-Chem-R-8B,functional_group,31,sulfone,ambiguous,sulfur,>SO2,4,0.877063,0.050928,0.071998,0.05488,1.0
weidawang-Chem-R-8B,functional_group,31,amine,control,nitrogen,-NH2,8,0.457321,0.205032,0.337615,0.30955,0.9875
weidawang-Chem-R-8B,functional_group,31,imine,control,nitrogen,-CH=NH,4,0.705646,0.167671,0.126691,0.191994,0.975
weidawang-Chem-R-8B,functional_group,31,nitrile,control,nitrogen,-C≡N,4,0.638837,0.136549,0.224627,0.176105,1.0
weidawang-Chem-R-8B,functional_group,31,thiol,control,sulfur,-SH,8,0.43362,0.170155,0.396218,0.281818,0.925
weidawang-Chem-R-8B,functional_group,31,thioether,control,sulfur,-S-,4,0.820276,0.043842,0.135893,0.050737,1.0
OpenDFM-ChemDFM-v1.5-8B,functional_group,0,amide,ambiguous,nitrogen,-CONH2,4,0.487,0.495801,0.017181,0.504478,0.425
OpenDFM-ChemDFM-v1.5-8B,functional_group,0,nitro,ambiguous,nitrogen,-NO2,4,0.408285,0.407819,0.183897,0.499715,0.5
OpenDFM-ChemDFM-v1.5-8B,functional_group,0,sulfoxide,ambiguous,sulfur,>S=O,4,0.830774,0.167924,0.001284,0.168143,1.0
OpenDFM-ChemDFM-v1.5-8B,functional_group,0,sulfone,ambiguous,sulfur,>SO2,4,0.557599,0.441345,0.001045,0.441812,0.625
OpenDFM-ChemDFM-v1.5-8B,functional_group,0,amine,control,nitrogen,-NH2,8,0.022498,0.707556,0.269958,0.969184,0.0
OpenDFM-ChemDFM-v1.5-8B,functional_group,0,imine,control,nitrogen,-CH=NH,4,0.834399,0.027943,0.13763,0.032404,1.0
OpenDFM-ChemDFM-v1.5-8B,functional_group,0,nitrile,control,nitrogen,-C≡N,4,0.40013,0.249937,0.349926,0.384479,0.475
OpenDFM-ChemDFM-v1.5-8B,functional_group,0,thiol,control,sulfur,-SH,8,0.107551,0.458723,0.433698,0.810072,0.0375
OpenDFM-ChemDFM-v1.5-8B,functional_group,0,thioether,control,sulfur,-S-,4,0.975415,0.002577,0.021987,0.002635,1.0
OpenDFM-ChemDFM-v1.5-8B,functional_group,1,amide,ambiguous,nitrogen,-CONH2,4,0.161913,0.821289,0.016798,0.835321,0.025
OpenDFM-ChemDFM-v1.5-8B,functional_group,1,nitro,ambiguous,nitrogen,-NO2,4,0.65258,0.116712,0.230704,0.151713,0.9
OpenDFM-ChemDFM-v1.5-8B,functional_group,1,sulfoxide,ambiguous,sulfur,>S=O,4,0.844336,0.153323,0.002357,0.153683,1.0
OpenDFM-ChemDFM-v1.5-8B,functional_group,1,sulfone,ambiguous,sulfur,>SO2,4,0.74715,0.241368,0.011483,0.244172,0.975
OpenDFM-ChemDFM-v1.5-8B,functional_group,1,amine,control,nitrogen,-NH2,8,0.08242,0.690311,0.227273,0.89334,0.025
OpenDFM-ChemDFM-v1.5-8B,functional_group,1,imine,control,nitrogen,-CH=NH,4,0.909375,0.039965,0.050642,0.042098,1.0
OpenDFM-ChemDFM-v1.5-8B,functional_group,1,nitrile,control,nitrogen,-C≡N,4,0.601944,0.141564,0.256519,0.1904,0.9
OpenDFM-ChemDFM-v1.5-8B,functional_group,1,thiol,control,sulfur,-SH,8,0.06892,0.456448,0.474639,0.868815,0.0
OpenDFM-ChemDFM-v1.5-8B,functional_group,1,thioether,control,sulfur,-S-,4,0.931677,0.010437,0.057894,0.011078,1.0
OpenDFM-ChemDFM-v1.5-8B,functional_group,2,amide,ambiguous,nitrogen,-CONH2,4,0.113118,0.872339,0.014526,0.885213,0.0
OpenDFM-ChemDFM-v1.5-8B,functional_group,2,nitro,ambiguous,nitrogen,-NO2,4,0.364664,0.078763,0.556608,0.177623,0.45
OpenDFM-ChemDFM-v1.5-8B,functional_group,2,sulfoxide,ambiguous,sulfur,>S=O,4,0.885486,0.112399,0.002109,0.112638,1.0
OpenDFM-ChemDFM-v1.5-8B,functional_group,2,sulfone,ambiguous,sulfur,>SO2,4,0.770966,0.215771,0.01331,0.218672,0.975
OpenDFM-ChemDFM-v1.5-8B,functional_group,2,amine,control,nitrogen,-NH2,8,0.111291,0.655148,0.233592,0.854794,0.0375
OpenDFM-ChemDFM-v1.5-8B,functional_group,2,imine,control,nitrogen,-CH=NH,4,0.872083,0.05152,0.076391,0.055781,1.0
OpenDFM-ChemDFM-v1.5-8B,functional_group,2,nitrile,control,nitrogen,-C≡N,4,0.500848,0.148843,0.350305,0.229098,0.7
OpenDFM-ChemDFM-v1.5-8B,functional_group,2,thiol,control,sulfur,-SH,8,0.054624,0.305625,0.639762,0.848372,0.0
OpenDFM-ChemDFM-v1.5-8B,functional_group,2,thioether,control,sulfur,-S-,4,0.758868,0.087913,0.153213,0.10382,0.95
OpenDFM-ChemDFM-v1.5-8B,functional_group,3,amide,ambiguous,nitrogen,-CONH2,4,0.331383,0.663089,0.005546,0.666775,0.175
OpenDFM-ChemDFM-v1.5-8B,functional_group,3,nitro,ambiguous,nitrogen,-NO2,4,0.432521,0.044086,0.523343,0.092499,0.575
OpenDFM-ChemDFM-v1.5-8B,functional_group,3,sulfoxide,ambiguous,sulfur,>S=O,4,0.935022,0.044067,0.020856,0.045009,1.0
OpenDFM-ChemDFM-v1.5-8B,functional_group,3,sulfone,ambiguous,sulfur,>SO2,4,0.864941,0.101248,0.033774,0.104791,1.0
OpenDFM-ChemDFM-v1.5-8B,functional_group,3,amine,control,nitrogen,-NH2,8,0.27333,0.475447,0.25121,0.634965,0.2
OpenDFM-ChemDFM-v1.5-8B,functional_group,3,imine,control,nitrogen,-CH=NH,4,0.699921,0.117851,0.182196,0.144112,1.0
OpenDFM-ChemDFM-v1.5-8B,functional_group,3,nitrile,control,nitrogen,-C≡N,4,0.898938,0.046998,0.054055,0.049684,1.0
OpenDFM-ChemDFM-v1.5-8B,functional_group,3,thiol,control,sulfur,-SH,8,0.099883,0.392061,0.508055,0.796963,0.025
OpenDFM-ChemDFM-v1.5-8B,functional_group,3,thioether,control,sulfur,-S-,4,0.472357,0.217292,0.310346,0.315076,0.65
OpenDFM-ChemDFM-v1.5-8B,functional_group,4,amide,ambiguous,nitrogen,-CONH2,4,0.269607,0.723578,0.006832,0.728543,0.1
OpenDFM-ChemDFM-v1.5-8B,functional_group,4,nitro,ambiguous,nitrogen,-NO2,4,0.353728,0.055078,0.591166,0.134729,0.35
OpenDFM-ChemDFM-v1.5-8B,functional_group,4,sulfoxide,ambiguous,sulfur,>S=O,4,0.915686,0.050964,0.033344,0.052722,1.0
OpenDFM-ChemDFM-v1.5-8B,functional_group,4,sulfone,ambiguous,sulfur,>SO2,4,0.917554,0.052644,0.029799,0.054261,1.0
OpenDFM-ChemDFM-v1.5-8B,functional_group,4,amine,control,nitrogen,-NH2,8,0.325241,0.405013,0.269762,0.554619,0.375
OpenDFM-ChemDFM-v1.5-8B,functional_group,4,imine,control,nitrogen,-CH=NH,4,0.737415,0.099059,0.163509,0.118424,1.0
OpenDFM-ChemDFM-v1.5-8B,functional_group,4,nitrile,control,nitrogen,-C≡N,4,0.84794,0.082732,0.069322,0.088895,0.975
OpenDFM-ChemDFM-v1.5-8B,functional_group,4,thiol,control,sulfur,-SH,8,0.134802,0.342383,0.522813,0.717505,0.0625
OpenDFM-ChemDFM-v1.5-8B,functional_group,4,thioether,control,sulfur,-S-,4,0.544666,0.184496,0.270849,0.253024,0.9
OpenDFM-ChemDFM-v1.5-8B,functional_group,5,amide,ambiguous,nitrogen,-CONH2,4,0.413864,0.577766,0.008387,0.582643,0.3
OpenDFM-ChemDFM-v1.5-8B,functional_group,5,nitro,ambiguous,nitrogen,-NO2,4,0.218139,0.006413,0.775479,0.028558,0.175
OpenDFM-ChemDFM-v1.5-8B,functional_group,5,sulfoxide,ambiguous,sulfur,>S=O,4,0.897803,0.057955,0.044242,0.060637,1.0
OpenDFM-ChemDFM-v1.5-8B,functional_group,5,sulfone,ambiguous,sulfur,>SO2,4,0.971973,0.015738,0.01231,0.015933,1.0
OpenDFM-ChemDFM-v1.5-8B,functional_group,5,amine,control,nitrogen,-NH2,8,0.267374,0.339427,0.393198,0.559371,0.2375
OpenDFM-ChemDFM-v1.5-8B,functional_group,5,imine,control,nitrogen,-CH=NH,4,0.847656,0.037849,0.114487,0.042743,1.0
OpenDFM-ChemDFM-v1.5-8B,functional_group,5,nitrile,control,nitrogen,-C≡N,4,0.81434,0.063445,0.12219,0.072278,0.975
OpenDFM-ChemDFM-v1.5-8B,functional_group,5,thiol,control,sulfur,-SH,8,0.164205,0.289102,0.546684,0.637762,0.1
OpenDFM-ChemDFM-v1.5-8B,functional_group,5,thioether,control,sulfur,-S-,4,0.540134,0.169021,0.290836,0.238341,0.825
OpenDFM-ChemDFM-v1.5-8B,functional_group,6,amide,ambiguous,nitrogen,-CONH2,4,0.524321,0.47035,0.005306,0.47287,0.525
OpenDFM-ChemDFM-v1.5-8B,functional_group,6,nitro,ambiguous,nitrogen,-NO2,4,0.141693,0.02203,0.836294,0.134554,0.075
OpenDFM-ChemDFM-v1.5-8B,functional_group,6,sulfoxide,ambiguous,sulfur,>S=O,4,0.893457,0.058098,0.048485,0.061056,1.0
OpenDFM-ChemDFM-v1.5-8B,functional_group,6,sulfone,ambiguous,sulfur,>SO2,4,0.962805,0.013247,0.023953,0.013572,1.0
OpenDFM-ChemDFM-v1.5-8B,functional_group,6,amine,control,nitrogen,-NH2,8,0.225303,0.394773,0.379938,0.636653,0.1875
OpenDFM-ChemDFM-v1.5-8B,functional_group,6,imine,control,nitrogen,-CH=NH,4,0.98064,0.004053,0.015323,0.004116,1.0
OpenDFM-ChemDFM-v1.5-8B,functional_group,6,nitrile,control,nitrogen,-C≡N,4,0.795233,0.047345,0.157395,0.056191,0.975
OpenDFM-ChemDFM-v1.5-8B,functional_group,6,thiol,control,sulfur,-SH,8,0.179173,0.34918,0.471656,0.660884,0.1125
OpenDFM-ChemDFM-v1.5-8B,functional_group,6,thioether,control,sulfur,-S-,4,0.657407,0.130484,0.212071,0.165612,0.75
OpenDFM-ChemDFM-v1.5-8B,functional_group,7,amide,ambiguous,nitrogen,-CONH2,4,0.492494,0.497079,0.010442,0.502316,0.55
OpenDFM-ChemDFM-v1.5-8B,functional_group,7,nitro,ambiguous,nitrogen,-NO2,4,0.18903,0.0082,0.802739,0.041576,0.15
OpenDFM-ChemDFM-v1.5-8B,functional_group,7,sulfoxide,ambiguous,sulfur,>S=O,4,0.929541,0.032242,0.038244,0.033523,1.0
OpenDFM-ChemDFM-v1.5-8B,functional_group,7,sulfone,ambiguous,sulfur,>SO2,4,0.963391,0.014522,0.022102,0.01485,1.0
OpenDFM-ChemDFM-v1.5-8B,functional_group,7,amine,control,nitrogen,-NH2,8,0.22012,0.368918,0.410958,0.626305,0.125
OpenDFM-ChemDFM-v1.5-8B,functional_group,7,imine,control,nitrogen,-CH=NH,4,0.980591,0.005661,0.0137,0.00574,1.0
OpenDFM-ChemDFM-v1.5-8B,functional_group,7,nitrile,control,nitrogen,-C≡N,4,0.583405,0.158374,0.258211,0.213506,0.85
OpenDFM-ChemDFM-v1.5-8B,functional_group,7,thiol,control,sulfur,-SH,8,0.157266,0.40031,0.442439,0.717947,0.1
OpenDFM-ChemDFM-v1.5-8B,functional_group,7,thioether,control,sulfur,-S-,4,0.503065,0.186227,0.310713,0.270172,0.575
OpenDFM-ChemDFM-v1.5-8B,functional_group,8,amide,ambiguous,nitrogen,-CONH2,4,0.461663,0.532809,0.005527,0.535771,0.475
OpenDFM-ChemDFM-v1.5-8B,functional_group,8,nitro,ambiguous,nitrogen,-NO2,4,0.323954,0.008973,0.667047,0.026951,0.225
OpenDFM-ChemDFM-v1.5-8B,functional_group,8,sulfoxide,ambiguous,sulfur,>S=O,4,0.960815,0.020558,0.018606,0.020948,1.0
OpenDFM-ChemDFM-v1.5-8B,functional_group,8,sulfone,ambiguous,sulfur,>SO2,4,0.947131,0.022972,0.02986,0.02368,1.0
OpenDFM-ChemDFM-v1.5-8B,functional_group,8,amine,control,nitrogen,-NH2,8,0.260267,0.424308,0.315447,0.619812,0.225
OpenDFM-ChemDFM-v1.5-8B,functional_group,8,imine,control,nitrogen,-CH=NH,4,0.935925,0.023209,0.040843,0.024198,1.0
OpenDFM-ChemDFM-v1.5-8B,functional_group,8,nitrile,control,nitrogen,-C≡N,4,0.415663,0.265116,0.31926,0.38943,0.65
OpenDFM-ChemDFM-v1.5-8B,functional_group,8,thiol,control,sulfur,-SH,8,0.201409,0.317944,0.480646,0.612192,0.075
OpenDFM-ChemDFM-v1.5-8B,functional_group,8,thioether,control,sulfur,-S-,4,0.560561,0.142857,0.296565,0.20309,0.725
OpenDFM-ChemDFM-v1.5-8B,functional_group,9,amide,ambiguous,nitrogen,-CONH2,4,0.595044,0.39942,0.005576,0.401644,0.675
OpenDFM-ChemDFM-v1.5-8B,functional_group,9,nitro,ambiguous,nitrogen,-NO2,4,0.206334,0.006868,0.786823,0.032215,0.1
OpenDFM-ChemDFM-v1.5-8B,functional_group,9,sulfoxide,ambiguous,sulfur,>S=O,4,0.98241,0.011873,0.005715,0.011941,1.0
OpenDFM-ChemDFM-v1.5-8B,functional_group,9,sulfone,ambiguous,sulfur,>SO2,4,0.988892,0.005308,0.005803,0.005339,1.0
OpenDFM-ChemDFM-v1.5-8B,functional_group,9,amine,control,nitrogen,-NH2,8,0.304999,0.437105,0.2579,0.589008,0.35
OpenDFM-ChemDFM-v1.5-8B,functional_group,9,imine,control,nitrogen,-CH=NH,4,0.979102,0.008166,0.012731,0.008271,1.0
OpenDFM-ChemDFM-v1.5-8B,functional_group,9,nitrile,control,nitrogen,-C≡N,4,0.339745,0.224054,0.436207,0.3974,0.4
OpenDFM-ChemDFM-v1.5-8B,functional_group,9,thiol,control,sulfur,-SH,8,0.227594,0.29986,0.472538,0.568505,0.1625
OpenDFM-ChemDFM-v1.5-8B,functional_group,9,thioether,control,sulfur,-S-,4,0.490681,0.130964,0.37841,0.210673,0.575
OpenDFM-ChemDFM-v1.5-8B,functional_group,10,amide,ambiguous,nitrogen,-CONH2,4,0.70462,0.292089,0.003308,0.293054,0.85
OpenDFM-ChemDFM-v1.5-8B,functional_group,10,nitro,ambiguous,nitrogen,-NO2,4,0.228517,0.005817,0.765703,0.024822,0.125
OpenDFM-ChemDFM-v1.5-8B,functional_group,10,sulfoxide,ambiguous,sulfur,>S=O,4,0.944873,0.027783,0.027372,0.028564,1.0
OpenDFM-ChemDFM-v1.5-8B,functional_group,10,sulfone,ambiguous,sulfur,>SO2,4,0.955347,0.016852,0.027803,0.017333,1.0
OpenDFM-ChemDFM-v1.5-8B,functional_group,10,amine,control,nitrogen,-NH2,8,0.282533,0.453664,0.263793,0.616226,0.3
OpenDFM-ChemDFM-v1.5-8B,functional_group,10,imine,control,nitrogen,-CH=NH,4,0.956311,0.018602,0.025078,0.019081,1.0
OpenDFM-ChemDFM-v1.5-8B,functional_group,10,nitrile,control,nitrogen,-C≡N,4,0.410124,0.235006,0.354828,0.364277,0.55
OpenDFM-ChemDFM-v1.5-8B,functional_group,10,thiol,control,sulfur,-SH,8,0.244262,0.280659,0.475068,0.534669,0.175
OpenDFM-ChemDFM-v1.5-8B,functional_group,10,thioether,control,sulfur,-S-,4,0.619399,0.095143,0.285464,0.133152,0.675
OpenDFM-ChemDFM-v1.5-8B,functional_group,11,amide,ambiguous,nitrogen,-CONH2,4,0.626852,0.359973,0.013181,0.364779,0.775
OpenDFM-ChemDFM-v1.5-8B,functional_group,11,nitro,ambiguous,nitrogen,-NO2,4,0.20654,0.005483,0.787973,0.025858,0.1
OpenDFM-ChemDFM-v1.5-8B,functional_group,11,sulfoxide,ambiguous,sulfur,>S=O,4,0.988525,0.007018,0.004471,0.00705,1.0
OpenDFM-ChemDFM-v1.5-8B,functional_group,11,sulfone,ambiguous,sulfur,>SO2,4,0.942212,0.021358,0.036414,0.022166,1.0
OpenDFM-ChemDFM-v1.5-8B,functional_group,11,amine,control,nitrogen,-NH2,8,0.315975,0.477139,0.206873,0.601602,0.3375
OpenDFM-ChemDFM-v1.5-8B,functional_group,11,imine,control,nitrogen,-CH=NH,4,0.944031,0.021446,0.034496,0.022213,1.0
OpenDFM-ChemDFM-v1.5-8B,functional_group,11,nitrile,control,nitrogen,-C≡N,4,0.465399,0.238623,0.295976,0.338942,0.65
OpenDFM-ChemDFM-v1.5-8B,functional_group,11,thiol,control,sulfur,-SH,8,0.267373,0.212417,0.520216,0.442729,0.2625
OpenDFM-ChemDFM-v1.5-8B,functional_group,11,thioether,control,sulfur,-S-,4,0.519852,0.122516,0.357658,0.190726,0.625
OpenDFM-ChemDFM-v1.5-8B,functional_group,12,amide,ambiguous,nitrogen,-CONH2,4,0.571727,0.424574,0.003678,0.42615,0.5
OpenDFM-ChemDFM-v1.5-8B,functional_group,12,nitro,ambiguous,nitrogen,-NO2,4,0.293178,0.030941,0.675873,0.095461,0.175
OpenDFM-ChemDFM-v1.5-8B,functional_group,12,sulfoxide,ambiguous,sulfur,>S=O,4,0.987231,0.00821,0.004576,0.008247,1.0
OpenDFM-ChemDFM-v1.5-8B,functional_group,12,sulfone,ambiguous,sulfur,>SO2,4,0.936572,0.017696,0.045736,0.018544,1.0
OpenDFM-ChemDFM-v1.5-8B,functional_group,12,amine,control,nitrogen,-NH2,8,0.298131,0.380784,0.321086,0.560871,0.3625
OpenDFM-ChemDFM-v1.5-8B,functional_group,12,imine,control,nitrogen,-CH=NH,4,0.828192,0.040027,0.131763,0.046102,0.975
OpenDFM-ChemDFM-v1.5-8B,functional_group,12,nitrile,control,nitrogen,-C≡N,4,0.448575,0.292047,0.259369,0.394327,0.6
OpenDFM-ChemDFM-v1.5-8B,functional_group,12,thiol,control,sulfur,-SH,8,0.302553,0.199582,0.497868,0.397467,0.4125
OpenDFM-ChemDFM-v1.5-8B,functional_group,12,thioether,control,sulfur,-S-,4,0.571359,0.125508,0.303115,0.180104,0.725
OpenDFM-ChemDFM-v1.5-8B,functional_group,13,amide,ambiguous,nitrogen,-CONH2,4,0.51543,0.466632,0.017945,0.475156,0.5
OpenDFM-ChemDFM-v1.5-8B,functional_group,13,nitro,ambiguous,nitrogen,-NO2,4,0.204371,0.018282,0.777339,0.082112,0.1
OpenDFM-ChemDFM-v1.5-8B,functional_group,13,sulfoxide,ambiguous,sulfur,>S=O,4,0.98905,0.005755,0.005209,0.005785,1.0
OpenDFM-ChemDFM-v1.5-8B,functional_group,13,sulfone,ambiguous,sulfur,>SO2,4,0.989441,0.003245,0.007346,0.003269,1.0
OpenDFM-ChemDFM-v1.5-8B,functional_group,13,amine,control,nitrogen,-NH2,8,0.306107,0.374411,0.319472,0.550185,0.35
OpenDFM-ChemDFM-v1.5-8B,functional_group,13,imine,control,nitrogen,-CH=NH,4,0.92666,0.014193,0.059154,0.015085,1.0
OpenDFM-ChemDFM-v1.5-8B,functional_group,13,nitrile,control,nitrogen,-C≡N,4,0.481424,0.269809,0.248797,0.359155,0.8
OpenDFM-ChemDFM-v1.5-8B,functional_group,13,thiol,control,sulfur,-SH,8,0.284993,0.205801,0.509192,0.419322,0.2625
OpenDFM-ChemDFM-v1.5-8B,functional_group,13,thioether,control,sulfur,-S-,4,0.589291,0.118524,0.292139,0.16745,0.8
OpenDFM-ChemDFM-v1.5-8B,functional_group,14,amide,ambiguous,nitrogen,-CONH2,4,0.613614,0.369637,0.016732,0.375934,0.725
OpenDFM-ChemDFM-v1.5-8B,functional_group,14,nitro,ambiguous,nitrogen,-NO2,4,0.224409,0.01015,0.765438,0.043273,0.05
OpenDFM-ChemDFM-v1.5-8B,functional_group,14,sulfoxide,ambiguous,sulfur,>S=O,4,0.866699,0.050464,0.082841,0.055022,1.0
OpenDFM-ChemDFM-v1.5-8B,functional_group,14,sulfone,ambiguous,sulfur,>SO2,4,0.970569,0.008306,0.021132,0.008485,1.0
OpenDFM-ChemDFM-v1.5-8B,functional_group,14,amine,control,nitrogen,-NH2,8,0.351971,0.343347,0.304678,0.493799,0.4125
OpenDFM-ChemDFM-v1.5-8B,functional_group,14,imine,control,nitrogen,-CH=NH,4,0.970935,0.006577,0.022488,0.006728,1.0
OpenDFM-ChemDFM-v1.5-8B,functional_group,14,nitrile,control,nitrogen,-C≡N,4,0.46713,0.253389,0.279488,0.351676,0.725
OpenDFM-ChemDFM-v1.5-8B,functional_group,14,thiol,control,sulfur,-SH,8,0.286854,0.208254,0.504878,0.420623,0.3375
OpenDFM-ChemDFM-v1.5-8B,functional_group,14,thioether,control,sulfur,-S-,4,0.503043,0.138988,0.357956,0.216482,0.8
OpenDFM-ChemDFM-v1.5-8B,functional_group,15,amide,ambiguous,nitrogen,-CONH2,4,0.51673,0.466826,0.016459,0.474631,0.525
OpenDFM-ChemDFM-v1.5-8B,functional_group,15,nitro,ambiguous,nitrogen,-NO2,4,0.220643,0.057184,0.722153,0.205826,0.075
OpenDFM-ChemDFM-v1.5-8B,functional_group,15,sulfoxide,ambiguous,sulfur,>S=O,4,0.885522,0.042061,0.072447,0.045344,1.0
OpenDFM-ChemDFM-v1.5-8B,functional_group,15,sulfone,ambiguous,sulfur,>SO2,4,0.95387,0.010298,0.035863,0.010681,1.0
OpenDFM-ChemDFM-v1.5-8B,functional_group,15,amine,control,nitrogen,-NH2,8,0.481693,0.18977,0.328557,0.282621,0.65
OpenDFM-ChemDFM-v1.5-8B,functional_group,15,imine,control,nitrogen,-CH=NH,4,0.912354,0.029428,0.058239,0.031247,1.0
OpenDFM-ChemDFM-v1.5-8B,functional_group,15,nitrile,control,nitrogen,-C≡N,4,0.496658,0.226759,0.276583,0.313456,0.8
OpenDFM-ChemDFM-v1.5-8B,functional_group,15,thiol,control,sulfur,-SH,8,0.356495,0.200129,0.443382,0.359541,0.4625
OpenDFM-ChemDFM-v1.5-8B,functional_group,15,thioether,control,sulfur,-S-,4,0.739526,0.063335,0.197144,0.078886,0.975
OpenDFM-ChemDFM-v1.5-8B,functional_group,16,amide,ambiguous,nitrogen,-CONH2,4,0.56669,0.420068,0.013269,0.425705,0.625
OpenDFM-ChemDFM-v1.5-8B,functional_group,16,nitro,ambiguous,nitrogen,-NO2,4,0.264423,0.028356,0.70724,0.096853,0.175
OpenDFM-ChemDFM-v1.5-8B,functional_group,16,sulfoxide,ambiguous,sulfur,>S=O,4,0.998462,0.001109,0.000448,0.00111,1.0
OpenDFM-ChemDFM-v1.5-8B,functional_group,16,sulfone,ambiguous,sulfur,>SO2,4,0.984082,0.003232,0.0127,0.003274,1.0
OpenDFM-ChemDFM-v1.5-8B,functional_group,16,amine,control,nitrogen,-NH2,8,0.65356,0.13454,0.211879,0.170714,0.95
OpenDFM-ChemDFM-v1.5-8B,functional_group,16,imine,control,nitrogen,-CH=NH,4,0.985168,0.006284,0.008531,0.006338,1.0
OpenDFM-ChemDFM-v1.5-8B,functional_group,16,nitrile,control,nitrogen,-C≡N,4,0.628479,0.136144,0.235385,0.178054,1.0
OpenDFM-ChemDFM-v1.5-8B,functional_group,16,thiol,control,sulfur,-SH,8,0.514995,0.182927,0.302074,0.262102,0.7375
OpenDFM-ChemDFM-v1.5-8B,functional_group,16,thioether,control,sulfur,-S-,4,0.951013,0.007124,0.041837,0.007436,1.0
OpenDFM-ChemDFM-v1.5-8B,functional_group,17,amide,ambiguous,nitrogen,-CONH2,4,0.573331,0.391217,0.035467,0.405596,0.725
OpenDFM-ChemDFM-v1.5-8B,functional_group,17,nitro,ambiguous,nitrogen,-NO2,4,0.399469,0.039559,0.560937,0.090105,0.425
OpenDFM-ChemDFM-v1.5-8B,functional_group,17,sulfoxide,ambiguous,sulfur,>S=O,4,0.989514,0.004694,0.005787,0.004721,1.0
OpenDFM-ChemDFM-v1.5-8B,functional_group,17,sulfone,ambiguous,sulfur,>SO2,4,0.966858,0.010184,0.022921,0.010423,1.0
OpenDFM-ChemDFM-v1.5-8B,functional_group,17,amine,control,nitrogen,-NH2,8,0.449338,0.226905,0.323767,0.335538,0.7
OpenDFM-ChemDFM-v1.5-8B,functional_group,17,imine,control,nitrogen,-CH=NH,4,0.956226,0.025461,0.018331,0.025936,1.0
OpenDFM-ChemDFM-v1.5-8B,functional_group,17,nitrile,control,nitrogen,-C≡N,4,0.66958,0.112429,0.218013,0.143769,1.0
OpenDFM-ChemDFM-v1.5-8B,functional_group,17,thiol,control,sulfur,-SH,8,0.622795,0.179943,0.197254,0.224161,0.725
OpenDFM-ChemDFM-v1.5-8B,functional_group,17,thioether,control,sulfur,-S-,4,0.929126,0.016669,0.054216,0.017625,1.0
OpenDFM-ChemDFM-v1.5-8B,functional_group,18,amide,ambiguous,nitrogen,-CONH2,4,0.627643,0.264258,0.108106,0.296286,0.925
OpenDFM-ChemDFM-v1.5-8B,functional_group,18,nitro,ambiguous,nitrogen,-NO2,4,0.467743,0.089993,0.442312,0.161353,0.625
OpenDFM-ChemDFM-v1.5-8B,functional_group,18,sulfoxide,ambiguous,sulfur,>S=O,4,0.962341,0.022123,0.01553,0.022472,1.0
OpenDFM-ChemDFM-v1.5-8B,functional_group,18,sulfone,ambiguous,sulfur,>SO2,4,0.929138,0.02839,0.042488,0.029649,1.0
OpenDFM-ChemDFM-v1.5-8B,functional_group,18,amine,control,nitrogen,-NH2,8,0.359183,0.221669,0.419156,0.381628,0.8375
OpenDFM-ChemDFM-v1.5-8B,functional_group,18,imine,control,nitrogen,-CH=NH,4,0.839429,0.074667,0.085927,0.081684,1.0
OpenDFM-ChemDFM-v1.5-8B,functional_group,18,nitrile,control,nitrogen,-C≡N,4,0.482617,0.147554,0.369836,0.234149,1.0
OpenDFM-ChemDFM-v1.5-8B,functional_group,18,thiol,control,sulfur,-SH,8,0.296603,0.220071,0.483336,0.425937,0.5625
OpenDFM-ChemDFM-v1.5-8B,functional_group,18,thioether,control,sulfur,-S-,4,0.896082,0.028695,0.075235,0.03103,1.0
OpenDFM-ChemDFM-v1.5-8B,functional_group,19,amide,ambiguous,nitrogen,-CONH2,4,0.666162,0.253259,0.080571,0.275455,1.0
OpenDFM-ChemDFM-v1.5-8B,functional_group,19,nitro,ambiguous,nitrogen,-NO2,4,0.541254,0.158743,0.300015,0.226777,1.0
OpenDFM-ChemDFM-v1.5-8B,functional_group,19,sulfoxide,ambiguous,sulfur,>S=O,4,0.971448,0.017241,0.011314,0.017438,1.0
OpenDFM-ChemDFM-v1.5-8B,functional_group,19,sulfone,ambiguous,sulfur,>SO2,4,0.902795,0.040938,0.056232,0.043379,1.0
OpenDFM-ChemDFM-v1.5-8B,functional_group,19,amine,control,nitrogen,-NH2,8,0.490247,0.207379,0.302359,0.297264,0.9875
OpenDFM-ChemDFM-v1.5-8B,functional_group,19,imine,control,nitrogen,-CH=NH,4,0.869922,0.056456,0.073635,0.060942,1.0
OpenDFM-ChemDFM-v1.5-8B,functional_group,19,nitrile,control,nitrogen,-C≡N,4,0.562103,0.143881,0.294023,0.203802,1.0
OpenDFM-ChemDFM-v1.5-8B,functional_group,19,thiol,control,sulfur,-SH,8,0.454771,0.152035,0.393181,0.250549,0.9
OpenDFM-ChemDFM-v1.5-8B,functional_group,19,thioether,control,sulfur,-S-,4,0.896716,0.025842,0.077448,0.028011,1.0
OpenDFM-ChemDFM-v1.5-8B,functional_group,20,amide,ambiguous,nitrogen,-CONH2,4,0.670691,0.243933,0.085367,0.266703,1.0
OpenDFM-ChemDFM-v1.5-8B,functional_group,20,nitro,ambiguous,nitrogen,-NO2,4,0.786523,0.056387,0.157065,0.066896,1.0
OpenDFM-ChemDFM-v1.5-8B,functional_group,20,sulfoxide,ambiguous,sulfur,>S=O,4,0.994678,0.00388,0.001453,0.003885,1.0
OpenDFM-ChemDFM-v1.5-8B,functional_group,20,sulfone,ambiguous,sulfur,>SO2,4,0.971875,0.012185,0.015932,0.012382,1.0
OpenDFM-ChemDFM-v1.5-8B,functional_group,20,amine,control,nitrogen,-NH2,8,0.489764,0.196844,0.313374,0.28669,0.9625
OpenDFM-ChemDFM-v1.5-8B,functional_group,20,imine,control,nitrogen,-CH=NH,4,0.942847,0.028684,0.028463,0.029525,1.0
OpenDFM-ChemDFM-v1.5-8B,functional_group,20,nitrile,control,nitrogen,-C≡N,4,0.581805,0.134656,0.283548,0.187946,1.0
OpenDFM-ChemDFM-v1.5-8B,functional_group,20,thiol,control,sulfur,-SH,8,0.455115,0.150984,0.393893,0.249108,0.925
OpenDFM-ChemDFM-v1.5-8B,functional_group,20,thioether,control,sulfur,-S-,4,0.973669,0.005954,0.020364,0.006078,1.0
OpenDFM-ChemDFM-v1.5-8B,functional_group,21,amide,ambiguous,nitrogen,-CONH2,4,0.606036,0.292581,0.101406,0.32559,0.95
OpenDFM-ChemDFM-v1.5-8B,functional_group,21,nitro,ambiguous,nitrogen,-NO2,4,0.443567,0.183687,0.372763,0.292843,1.0
OpenDFM-ChemDFM-v1.5-8B,functional_group,21,sulfoxide,ambiguous,sulfur,>S=O,4,0.85271,0.075336,0.071972,0.081177,1.0
OpenDFM-ChemDFM-v1.5-8B,functional_group,21,sulfone,ambiguous,sulfur,>SO2,4,0.67522,0.135178,0.189585,0.166804,1.0
OpenDFM-ChemDFM-v1.5-8B,functional_group,21,amine,control,nitrogen,-NH2,8,0.558182,0.158681,0.283154,0.221354,0.9875
OpenDFM-ChemDFM-v1.5-8B,functional_group,21,imine,control,nitrogen,-CH=NH,4,0.647095,0.152585,0.200335,0.190807,1.0
OpenDFM-ChemDFM-v1.5-8B,functional_group,21,nitrile,control,nitrogen,-C≡N,4,0.643787,0.138083,0.218107,0.176606,1.0
OpenDFM-ChemDFM-v1.5-8B,functional_group,21,thiol,control,sulfur,-SH,8,0.574969,0.104226,0.320784,0.153455,0.975
OpenDFM-ChemDFM-v1.5-8B,functional_group,21,thioether,control,sulfur,-S-,4,0.7578,0.065302,0.176872,0.079336,1.0
OpenDFM-ChemDFM-v1.5-8B,functional_group,22,amide,ambiguous,nitrogen,-CONH2,4,0.464258,0.465244,0.070478,0.50053,0.525
OpenDFM-ChemDFM-v1.5-8B,functional_group,22,nitro,ambiguous,nitrogen,-NO2,4,0.666138,0.115086,0.218756,0.147315,1.0
OpenDFM-ChemDFM-v1.5-8B,functional_group,22,sulfoxide,ambiguous,sulfur,>S=O,4,0.973901,0.017179,0.008883,0.017333,1.0
OpenDFM-ChemDFM-v1.5-8B,functional_group,22,sulfone,ambiguous,sulfur,>SO2,4,0.890063,0.052115,0.057857,0.055313,1.0
OpenDFM-ChemDFM-v1.5-8B,functional_group,22,amine,control,nitrogen,-NH2,8,0.501575,0.17315,0.325272,0.256623,0.975
OpenDFM-ChemDFM-v1.5-8B,functional_group,22,imine,control,nitrogen,-CH=NH,4,0.80448,0.095594,0.099909,0.106207,1.0
OpenDFM-ChemDFM-v1.5-8B,functional_group,22,nitrile,control,nitrogen,-C≡N,4,0.668237,0.128934,0.202867,0.161739,1.0
OpenDFM-ChemDFM-v1.5-8B,functional_group,22,thiol,control,sulfur,-SH,8,0.547266,0.126605,0.326165,0.187877,0.975
OpenDFM-ChemDFM-v1.5-8B,functional_group,22,thioether,control,sulfur,-S-,4,0.913806,0.024295,0.061881,0.025898,1.0
OpenDFM-ChemDFM-v1.5-8B,functional_group,23,amide,ambiguous,nitrogen,-CONH2,4,0.451245,0.467908,0.080833,0.509064,0.475
OpenDFM-ChemDFM-v1.5-8B,functional_group,23,nitro,ambiguous,nitrogen,-NO2,4,0.435541,0.172415,0.392045,0.283598,1.0
OpenDFM-ChemDFM-v1.5-8B,functional_group,23,sulfoxide,ambiguous,sulfur,>S=O,4,0.846509,0.077785,0.075724,0.084157,1.0
OpenDFM-ChemDFM-v1.5-8B,functional_group,23,sulfone,ambiguous,sulfur,>SO2,4,0.673865,0.138972,0.187116,0.170972,1.0
OpenDFM-ChemDFM-v1.5-8B,functional_group,23,amine,control,nitrogen,-NH2,8,0.499997,0.164857,0.335136,0.24796,0.975
OpenDFM-ChemDFM-v1.5-8B,functional_group,23,imine,control,nitrogen,-CH=NH,4,0.567645,0.177565,0.254796,0.238275,1.0
OpenDFM-ChemDFM-v1.5-8B,functional_group,23,nitrile,control,nitrogen,-C≡N,4,0.650049,0.121982,0.227976,0.158001,1.0
OpenDFM-ChemDFM-v1.5-8B,functional_group,23,thiol,control,sulfur,-SH,8,0.761374,0.065091,0.173525,0.078758,0.9875
OpenDFM-ChemDFM-v1.5-8B,functional_group,23,thioether,control,sulfur,-S-,4,0.706415,0.08131,0.21229,0.103222,1.0
OpenDFM-ChemDFM-v1.5-8B,functional_group,24,amide,ambiguous,nitrogen,-CONH2,4,0.464398,0.446643,0.088968,0.490256,0.55
OpenDFM-ChemDFM-v1.5-8B,functional_group,24,nitro,ambiguous,nitrogen,-NO2,4,0.442407,0.178551,0.379025,0.287541,1.0
OpenDFM-ChemDFM-v1.5-8B,functional_group,24,sulfoxide,ambiguous,sulfur,>S=O,4,0.845508,0.082546,0.071948,0.088946,1.0
OpenDFM-ChemDFM-v1.5-8B,functional_group,24,sulfone,ambiguous,sulfur,>SO2,4,0.63999,0.158772,0.201238,0.198773,1.0
OpenDFM-ChemDFM-v1.5-8B,functional_group,24,amine,control,nitrogen,-NH2,8,0.51571,0.165519,0.318774,0.242971,0.9875
OpenDFM-ChemDFM-v1.5-8B,functional_group,24,imine,control,nitrogen,-CH=NH,4,0.549536,0.193808,0.25665,0.260724,1.0
OpenDFM-ChemDFM-v1.5-8B,functional_group,24,nitrile,control,nitrogen,-C≡N,4,0.605054,0.138416,0.256547,0.186175,1.0
OpenDFM-ChemDFM-v1.5-8B,functional_group,24,thiol,control,sulfur,-SH,8,0.530917,0.138867,0.330182,0.207331,0.975
OpenDFM-ChemDFM-v1.5-8B,functional_group,24,thioether,control,sulfur,-S-,4,0.762659,0.066797,0.170539,0.080531,1.0
OpenDFM-ChemDFM-v1.5-8B,functional_group,25,amide,ambiguous,nitrogen,-CONH2,4,0.454169,0.448425,0.09739,0.496818,0.575
OpenDFM-ChemDFM-v1.5-8B,functional_group,25,nitro,ambiguous,nitrogen,-NO2,4,0.449829,0.170854,0.379313,0.275268,1.0
OpenDFM-ChemDFM-v1.5-8B,functional_group,25,sulfoxide,ambiguous,sulfur,>S=O,4,0.846777,0.074419,0.078792,0.080785,1.0
OpenDFM-ChemDFM-v1.5-8B,functional_group,25,sulfone,ambiguous,sulfur,>SO2,4,0.639099,0.15041,0.210501,0.190511,1.0
OpenDFM-ChemDFM-v1.5-8B,functional_group,25,amine,control,nitrogen,-NH2,8,0.493857,0.176969,0.329171,0.263808,0.9875
OpenDFM-ChemDFM-v1.5-8B,functional_group,25,imine,control,nitrogen,-CH=NH,4,0.52323,0.20488,0.271901,0.281386,1.0
OpenDFM-ChemDFM-v1.5-8B,functional_group,25,nitrile,control,nitrogen,-C≡N,4,0.584485,0.149254,0.266247,0.203416,1.0
OpenDFM-ChemDFM-v1.5-8B,functional_group,25,thiol,control,sulfur,-SH,8,0.505482,0.154737,0.339772,0.234372,0.9875
OpenDFM-ChemDFM-v1.5-8B,functional_group,25,thioether,control,sulfur,-S-,4,0.767249,0.066159,0.16659,0.079384,1.0
OpenDFM-ChemDFM-v1.5-8B,functional_group,26,amide,ambiguous,nitrogen,-CONH2,4,0.427966,0.465497,0.106553,0.521003,0.525
OpenDFM-ChemDFM-v1.5-8B,functional_group,26,nitro,ambiguous,nitrogen,-NO2,4,0.462323,0.176576,0.361108,0.276376,1.0
OpenDFM-ChemDFM-v1.5-8B,functional_group,26,sulfoxide,ambiguous,sulfur,>S=O,4,0.8302,0.08185,0.087933,0.089743,1.0
OpenDFM-ChemDFM-v1.5-8B,functional_group,26,sulfone,ambiguous,sulfur,>SO2,4,0.603705,0.171054,0.225224,0.220784,1.0
OpenDFM-ChemDFM-v1.5-8B,functional_group,26,amine,control,nitrogen,-NH2,8,0.482965,0.172199,0.344855,0.262834,0.9875
OpenDFM-ChemDFM-v1.5-8B,functional_group,26,imine,control,nitrogen,-CH=NH,4,0.495349,0.204749,0.299935,0.292457,1.0
OpenDFM-ChemDFM-v1.5-8B,functional_group,26,nitrile,control,nitrogen,-C≡N,4,0.555157,0.16257,0.282264,0.226507,1.0
OpenDFM-ChemDFM-v1.5-8B,functional_group,26,thiol,control,sulfur,-SH,8,0.498727,0.157394,0.343899,0.239885,0.9875
OpenDFM-ChemDFM-v1.5-8B,functional_group,26,thioether,control,sulfur,-S-,4,0.755029,0.073907,0.171077,0.089159,1.0
OpenDFM-ChemDFM-v1.5-8B,functional_group,27,amide,ambiguous,nitrogen,-CONH2,4,0.406213,0.47298,0.120811,0.53797,0.45
OpenDFM-ChemDFM-v1.5-8B,functional_group,27,nitro,ambiguous,nitrogen,-NO2,4,0.445544,0.191606,0.362809,0.300723,1.0
OpenDFM-ChemDFM-v1.5-8B,functional_group,27,sulfoxide,ambiguous,sulfur,>S=O,4,0.830066,0.0792,0.090716,0.087103,1.0
OpenDFM-ChemDFM-v1.5-8B,functional_group,27,sulfone,ambiguous,sulfur,>SO2,4,0.589185,0.177333,0.233459,0.231349,1.0
OpenDFM-ChemDFM-v1.5-8B,functional_group,27,amine,control,nitrogen,-NH2,8,0.466608,0.184895,0.348506,0.283797,0.9875
OpenDFM-ChemDFM-v1.5-8B,functional_group,27,imine,control,nitrogen,-CH=NH,4,0.459644,0.226114,0.31427,0.329729,1.0
OpenDFM-ChemDFM-v1.5-8B,functional_group,27,nitrile,control,nitrogen,-C≡N,4,0.536725,0.168607,0.294688,0.239046,1.0
OpenDFM-ChemDFM-v1.5-8B,functional_group,27,thiol,control,sulfur,-SH,8,0.503728,0.153825,0.342457,0.233936,0.9875
OpenDFM-ChemDFM-v1.5-8B,functional_group,27,thioether,control,sulfur,-S-,4,0.755981,0.069888,0.174124,0.084624,1.0
OpenDFM-ChemDFM-v1.5-8B,functional_group,28,amide,ambiguous,nitrogen,-CONH2,4,0.392719,0.481274,0.125994,0.550662,0.3
OpenDFM-ChemDFM-v1.5-8B,functional_group,28,nitro,ambiguous,nitrogen,-NO2,4,0.45249,0.180449,0.367054,0.285097,1.0
OpenDFM-ChemDFM-v1.5-8B,functional_group,28,sulfoxide,ambiguous,sulfur,>S=O,4,0.818372,0.079243,0.102394,0.088281,1.0
OpenDFM-ChemDFM-v1.5-8B,functional_group,28,sulfone,ambiguous,sulfur,>SO2,4,0.562549,0.188684,0.248811,0.251166,1.0
OpenDFM-ChemDFM-v1.5-8B,functional_group,28,amine,control,nitrogen,-NH2,8,0.462558,0.187449,0.349997,0.28838,0.9875
OpenDFM-ChemDFM-v1.5-8B,functional_group,28,imine,control,nitrogen,-CH=NH,4,0.473944,0.211508,0.314536,0.308567,1.0
OpenDFM-ChemDFM-v1.5-8B,functional_group,28,nitrile,control,nitrogen,-C≡N,4,0.549939,0.148213,0.30183,0.212294,1.0
OpenDFM-ChemDFM-v1.5-8B,functional_group,28,thiol,control,sulfur,-SH,8,0.47681,0.165836,0.357323,0.258051,0.9875
OpenDFM-ChemDFM-v1.5-8B,functional_group,28,thioether,control,sulfur,-S-,4,0.754224,0.06859,0.177173,0.08336,1.0
OpenDFM-ChemDFM-v1.5-8B,functional_group,29,amide,ambiguous,nitrogen,-CONH2,4,0.370996,0.492102,0.136898,0.570158,0.275
OpenDFM-ChemDFM-v1.5-8B,functional_group,29,nitro,ambiguous,nitrogen,-NO2,4,0.41651,0.199017,0.384456,0.323328,1.0
OpenDFM-ChemDFM-v1.5-8B,functional_group,29,sulfoxide,ambiguous,sulfur,>S=O,4,0.823242,0.078754,0.09801,0.08731,1.0
OpenDFM-ChemDFM-v1.5-8B,functional_group,29,sulfone,ambiguous,sulfur,>SO2,4,0.557056,0.189383,0.253567,0.253715,1.0
OpenDFM-ChemDFM-v1.5-8B,functional_group,29,amine,control,nitrogen,-NH2,8,0.441541,0.206351,0.35213,0.318497,0.975
OpenDFM-ChemDFM-v1.5-8B,functional_group,29,imine,control,nitrogen,-CH=NH,4,0.443085,0.23671,0.320161,0.348208,1.0
OpenDFM-ChemDFM-v1.5-8B,functional_group,29,nitrile,control,nitrogen,-C≡N,4,0.545087,0.157127,0.297805,0.22376,1.0
OpenDFM-ChemDFM-v1.5-8B,functional_group,29,thiol,control,sulfur,-SH,8,0.478862,0.171049,0.350085,0.263189,0.9875
OpenDFM-ChemDFM-v1.5-8B,functional_group,29,thioether,control,sulfur,-S-,4,0.741345,0.074683,0.183946,0.09152,1.0
OpenDFM-ChemDFM-v1.5-8B,functional_group,30,amide,ambiguous,nitrogen,-CONH2,4,0.369208,0.486725,0.144046,0.568649,0.3
OpenDFM-ChemDFM-v1.5-8B,functional_group,30,nitro,ambiguous,nitrogen,-NO2,4,0.412506,0.19176,0.395743,0.317344,1.0
OpenDFM-ChemDFM-v1.5-8B,functional_group,30,sulfoxide,ambiguous,sulfur,>S=O,4,0.821045,0.07737,0.101609,0.086118,1.0
OpenDFM-ChemDFM-v1.5-8B,functional_group,30,sulfone,ambiguous,sulfur,>SO2,4,0.543567,0.186821,0.269607,0.255783,1.0
OpenDFM-ChemDFM-v1.5-8B,functional_group,30,amine,control,nitrogen,-NH2,8,0.445312,0.205952,0.348741,0.316235,1.0
OpenDFM-ChemDFM-v1.5-8B,functional_group,30,imine,control,nitrogen,-CH=NH,4,0.463049,0.229227,0.307716,0.33112,1.0
OpenDFM-ChemDFM-v1.5-8B,functional_group,30,nitrile,control,nitrogen,-C≡N,4,0.520551,0.173575,0.305839,0.250063,1.0
OpenDFM-ChemDFM-v1.5-8B,functional_group,30,thiol,control,sulfur,-SH,8,0.453033,0.183846,0.363123,0.288666,1.0
OpenDFM-ChemDFM-v1.5-8B,functional_group,30,thioether,control,sulfur,-S-,4,0.748657,0.070108,0.181256,0.085627,1.0
OpenDFM-ChemDFM-v1.5-8B,functional_group,31,amide,ambiguous,nitrogen,-CONH2,4,0.36127,0.476807,0.161886,0.56893,0.225
OpenDFM-ChemDFM-v1.5-8B,functional_group,31,nitro,ambiguous,nitrogen,-NO2,4,0.428485,0.194669,0.376842,0.312393,1.0
OpenDFM-ChemDFM-v1.5-8B,functional_group,31,sulfoxide,ambiguous,sulfur,>S=O,4,0.809619,0.087221,0.103171,0.097253,1.0
OpenDFM-ChemDFM-v1.5-8B,functional_group,31,sulfone,ambiguous,sulfur,>SO2,4,0.549805,0.183257,0.266953,0.249988,1.0
OpenDFM-ChemDFM-v1.5-8B,functional_group,31,amine,control,nitrogen,-NH2,8,0.484866,0.179445,0.335689,0.270122,1.0
OpenDFM-ChemDFM-v1.5-8B,functional_group,31,imine,control,nitrogen,-CH=NH,4,0.44621,0.232684,0.321124,0.34274,1.0
OpenDFM-ChemDFM-v1.5-8B,functional_group,31,nitrile,control,nitrogen,-C≡N,4,0.50531,0.173936,0.320759,0.256073,1.0
OpenDFM-ChemDFM-v1.5-8B,functional_group,31,thiol,control,sulfur,-SH,8,0.707294,0.109086,0.183601,0.133622,1.0
OpenDFM-ChemDFM-v1.5-8B,functional_group,31,thioether,control,sulfur,-S-,4,0.763147,0.068247,0.168625,0.082088,1.0
