model,entity_type,layer,group_a,group_b,cosine_sim,same_naming,same_reactivity
meta-llama-Llama-3.1-8B,functional_group,0,alcohol,aldehyde,0.397719,1,0
meta-llama-Llama-3.1-8B,functional_group,0,alcohol,alkyl bromide,0.65859,0,0
meta-llama-Llama-3.1-8B,functional_group,0,alcohol,alkyl chloride,0.662151,0,0
meta-llama-Llama-3.1-8B,functional_group,0,alcohol,alkyl fluoride,0.791347,0,0
meta-llama-Llama-3.1-8B,functional_group,0,alcohol,alkyl iodide,0.667117,0,0
meta-llama-Llama-3.1-8B,functional_group,0,alcohol,amide,0.393538,0,0
meta-llama-Llama-3.1-8B,functional_group,0,alcohol,amine,0.9462,0,0
meta-llama-Llama-3.1-8B,functional_group,0,alcohol,carboxylic acid,0.491542,1,0
meta-llama-Llama-3.1-8B,functional_group,0,alcohol,ester,0.497466,1,0
meta-llama-Llama-3.1-8B,functional_group,0,alcohol,ether,0.678082,1,1
meta-llama-Llama-3.1-8B,functional_group,0,alcohol,imine,0.5356,0,0
meta-llama-Llama-3.1-8B,functional_group,0,alcohol,ketone,0.503612,1,0
meta-llama-Llama-3.1-8B,functional_group,0,alcohol,nitrile,0.165678,0,0
meta-llama-Llama-3.1-8B,functional_group,0,alcohol,nitro,0.424686,0,0
meta-llama-Llama-3.1-8B,functional_group,0,alcohol,sulfone,0.574082,0,0
meta-llama-Llama-3.1-8B,functional_group,0,alcohol,sulfoxide,0.504025,0,0
meta-llama-Llama-3.1-8B,functional_group,0,alcohol,thioether,0.646723,0,1
meta-llama-Llama-3.1-8B,functional_group,0,alcohol,thiol,0.903746,0,1
meta-llama-Llama-3.1-8B,functional_group,0,aldehyde,alkyl bromide,0.319645,0,0
meta-llama-Llama-3.1-8B,functional_group,0,aldehyde,alkyl chloride,0.375689,0,0
meta-llama-Llama-3.1-8B,functional_group,0,aldehyde,alkyl fluoride,0.412761,0,0
meta-llama-Llama-3.1-8B,functional_group,0,aldehyde,alkyl iodide,0.354263,0,0
meta-llama-Llama-3.1-8B,functional_group,0,aldehyde,amide,0.735578,0,1
meta-llama-Llama-3.1-8B,functional_group,0,aldehyde,amine,0.42384,0,0
meta-llama-Llama-3.1-8B,functional_group,0,aldehyde,carboxylic acid,0.680199,1,1
meta-llama-Llama-3.1-8B,functional_group,0,aldehyde,ester,0.449618,1,1
meta-llama-Llama-3.1-8B,functional_group,0,aldehyde,ether,0.256975,1,0
meta-llama-Llama-3.1-8B,functional_group,0,aldehyde,imine,0.67255,0,0
meta-llama-Llama-3.1-8B,functional_group,0,aldehyde,ketone,0.471678,1,1
meta-llama-Llama-3.1-8B,functional_group,0,aldehyde,nitrile,0.24728,0,0
meta-llama-Llama-3.1-8B,functional_group,0,aldehyde,nitro,0.628651,0,0
meta-llama-Llama-3.1-8B,functional_group,0,aldehyde,sulfone,0.582377,0,0
meta-llama-Llama-3.1-8B,functional_group,0,aldehyde,sulfoxide,0.445707,0,0
meta-llama-Llama-3.1-8B,functional_group,0,aldehyde,thioether,0.245627,0,0
meta-llama-Llama-3.1-8B,functional_group,0,aldehyde,thiol,0.359982,0,0
meta-llama-Llama-3.1-8B,functional_group,0,alkyl bromide,alkyl chloride,0.886883,1,1
meta-llama-Llama-3.1-8B,functional_group,0,alkyl bromide,alkyl fluoride,0.879151,1,1
meta-llama-Llama-3.1-8B,functional_group,0,alkyl bromide,alkyl iodide,0.831686,1,1
meta-llama-Llama-3.1-8B,functional_group,0,alkyl bromide,amide,0.33122,0,0
meta-llama-Llama-3.1-8B,functional_group,0,alkyl bromide,amine,0.668985,0,0
meta-llama-Llama-3.1-8B,functional_group,0,alkyl bromide,carboxylic acid,0.382107,0,0
meta-llama-Llama-3.1-8B,functional_group,0,alkyl bromide,ester,0.424626,0,0
meta-llama-Llama-3.1-8B,functional_group,0,alkyl bromide,ether,0.808453,0,0
meta-llama-Llama-3.1-8B,functional_group,0,alkyl bromide,imine,0.448283,0,0
meta-llama-Llama-3.1-8B,functional_group,0,alkyl bromide,ketone,0.362493,0,0
meta-llama-Llama-3.1-8B,functional_group,0,alkyl bromide,nitrile,0.151913,0,0
meta-llama-Llama-3.1-8B,functional_group,0,alkyl bromide,nitro,0.338316,0,0
meta-llama-Llama-3.1-8B,functional_group,0,alkyl bromide,sulfone,0.488735,0,0
meta-llama-Llama-3.1-8B,functional_group,0,alkyl bromide,sulfoxide,0.442862,0,0
meta-llama-Llama-3.1-8B,functional_group,0,alkyl bromide,thioether,0.679242,0,0
meta-llama-Llama-3.1-8B,functional_group,0,alkyl bromide,thiol,0.671209,0,0
meta-llama-Llama-3.1-8B,functional_group,0,alkyl chloride,alkyl fluoride,0.889716,1,1
meta-llama-Llama-3.1-8B,functional_group,0,alkyl chloride,alkyl iodide,0.841374,1,1
meta-llama-Llama-3.1-8B,functional_group,0,alkyl chloride,amide,0.432841,0,0
meta-llama-Llama-3.1-8B,functional_group,0,alkyl chloride,amine,0.684162,0,0
meta-llama-Llama-3.1-8B,functional_group,0,alkyl chloride,carboxylic acid,0.515579,0,0
meta-llama-Llama-3.1-8B,functional_group,0,alkyl chloride,ester,0.515896,0,0
meta-llama-Llama-3.1-8B,functional_group,0,alkyl chloride,ether,0.841642,0,0
meta-llama-Llama-3.1-8B,functional_group,0,alkyl chloride,imine,0.529321,0,0
meta-llama-Llama-3.1-8B,functional_group,0,alkyl chloride,ketone,0.409761,0,0
meta-llama-Llama-3.1-8B,functional_group,0,alkyl chloride,nitrile,0.153406,0,0
meta-llama-Llama-3.1-8B,functional_group,0,alkyl chloride,nitro,0.40428,0,0
meta-llama-Llama-3.1-8B,functional_group,0,alkyl chloride,sulfone,0.599868,0,0
meta-llama-Llama-3.1-8B,functional_group,0,alkyl chloride,sulfoxide,0.537039,0,0
meta-llama-Llama-3.1-8B,functional_group,0,alkyl chloride,thioether,0.792413,0,0
meta-llama-Llama-3.1-8B,functional_group,0,alkyl chloride,thiol,0.653772,0,0
meta-llama-Llama-3.1-8B,functional_group,0,alkyl fluoride,alkyl iodide,0.892135,1,1
meta-llama-Llama-3.1-8B,functional_group,0,alkyl fluoride,amide,0.384289,0,0
meta-llama-Llama-3.1-8B,functional_group,0,alkyl fluoride,amine,0.795279,0,0
meta-llama-Llama-3.1-8B,functional_group,0,alkyl fluoride,carboxylic acid,0.436437,0,0
meta-llama-Llama-3.1-8B,functional_group,0,alkyl fluoride,ester,0.473871,0,0
meta-llama-Llama-3.1-8B,functional_group,0,alkyl fluoride,ether,0.824331,0,0
meta-llama-Llama-3.1-8B,functional_group,0,alkyl fluoride,imine,0.535576,0,0
meta-llama-Llama-3.1-8B,functional_group,0,alkyl fluoride,ketone,0.439145,0,0
meta-llama-Llama-3.1-8B,functional_group,0,alkyl fluoride,nitrile,0.178735,0,0
meta-llama-Llama-3.1-8B,functional_group,0,alkyl fluoride,nitro,0.462854,0,0
meta-llama-Llama-3.1-8B,functional_group,0,alkyl fluoride,sulfone,0.54717,0,0
meta-llama-Llama-3.1-8B,functional_group,0,alkyl fluoride,sulfoxide,0.494992,0,0
meta-llama-Llama-3.1-8B,functional_group,0,alkyl fluoride,thioether,0.690255,0,0
meta-llama-Llama-3.1-8B,functional_group,0,alkyl fluoride,thiol,0.741818,0,0
meta-llama-Llama-3.1-8B,functional_group,0,alkyl iodide,amide,0.334128,0,0
meta-llama-Llama-3.1-8B,functional_group,0,alkyl iodide,amine,0.679636,0,0
meta-llama-Llama-3.1-8B,functional_group,0,alkyl iodide,carboxylic acid,0.367551,0,0
meta-llama-Llama-3.1-8B,functional_group,0,alkyl iodide,ester,0.421077,0,0
meta-llama-Llama-3.1-8B,functional_group,0,alkyl iodide,ether,0.833795,0,0
meta-llama-Llama-3.1-8B,functional_group,0,alkyl iodide,imine,0.434785,0,0
meta-llama-Llama-3.1-8B,functional_group,0,alkyl iodide,ketone,0.361925,0,0
meta-llama-Llama-3.1-8B,functional_group,0,alkyl iodide,nitrile,0.167979,0,0
meta-llama-Llama-3.1-8B,functional_group,0,alkyl iodide,nitro,0.387307,0,0
meta-llama-Llama-3.1-8B,functional_group,0,alkyl iodide,sulfone,0.480517,0,0
meta-llama-Llama-3.1-8B,functional_group,0,alkyl iodide,sulfoxide,0.43848,0,0
meta-llama-Llama-3.1-8B,functional_group,0,alkyl iodide,thioether,0.656011,0,0
meta-llama-Llama-3.1-8B,functional_group,0,alkyl iodide,thiol,0.650388,0,0
meta-llama-Llama-3.1-8B,functional_group,0,amide,amine,0.498869,1,0
meta-llama-Llama-3.1-8B,functional_group,0,amide,carboxylic acid,0.909892,0,1
meta-llama-Llama-3.1-8B,functional_group,0,amide,ester,0.516177,0,1
meta-llama-Llama-3.1-8B,functional_group,0,amide,ether,0.307441,0,0
meta-llama-Llama-3.1-8B,functional_group,0,amide,imine,0.747964,1,0
meta-llama-Llama-3.1-8B,functional_group,0,amide,ketone,0.479334,0,1
meta-llama-Llama-3.1-8B,functional_group,0,amide,nitrile,0.178006,1,0
meta-llama-Llama-3.1-8B,functional_group,0,amide,nitro,0.592383,1,0
meta-llama-Llama-3.1-8B,functional_group,0,amide,sulfone,0.633653,0,0
meta-llama-Llama-3.1-8B,functional_group,0,amide,sulfoxide,0.527921,0,0
meta-llama-Llama-3.1-8B,functional_group,0,amide,thioether,0.418384,0,0
meta-llama-Llama-3.1-8B,functional_group,0,amide,thiol,0.440784,0,0
meta-llama-Llama-3.1-8B,functional_group,0,amine,carboxylic acid,0.516741,0,0
meta-llama-Llama-3.1-8B,functional_group,0,amine,ester,0.507817,0,0
meta-llama-Llama-3.1-8B,functional_group,0,amine,ether,0.691085,0,0
meta-llama-Llama-3.1-8B,functional_group,0,amine,imine,0.618503,1,1
meta-llama-Llama-3.1-8B,functional_group,0,amine,ketone,0.501051,0,0
meta-llama-Llama-3.1-8B,functional_group,0,amine,nitrile,0.153416,1,1
meta-llama-Llama-3.1-8B,functional_group,0,amine,nitro,0.470351,1,1
meta-llama-Llama-3.1-8B,functional_group,0,amine,sulfone,0.600812,0,0
meta-llama-Llama-3.1-8B,functional_group,0,amine,sulfoxide,0.524742,0,0
meta-llama-Llama-3.1-8B,functional_group,0,amine,thioether,0.682844,0,0
meta-llama-Llama-3.1-8B,functional_group,0,amine,thiol,0.905663,0,0
meta-llama-Llama-3.1-8B,functional_group,0,carboxylic acid,ester,0.560562,1,1
meta-llama-Llama-3.1-8B,functional_group,0,carboxylic acid,ether,0.427158,1,0
meta-llama-Llama-3.1-8B,functional_group,0,carboxylic acid,imine,0.66636,0,0
meta-llama-Llama-3.1-8B,functional_group,0,carboxylic acid,ketone,0.479329,1,1
meta-llama-Llama-3.1-8B,functional_group,0,carboxylic acid,nitrile,0.180468,0,0
meta-llama-Llama-3.1-8B,functional_group,0,carboxylic acid,nitro,0.50435,0,0
meta-llama-Llama-3.1-8B,functional_group,0,carboxylic acid,sulfone,0.681836,0,0
meta-llama-Llama-3.1-8B,functional_group,0,carboxylic acid,sulfoxide,0.571337,0,0
meta-llama-Llama-3.1-8B,functional_group,0,carboxylic acid,thioether,0.554929,0,0
meta-llama-Llama-3.1-8B,functional_group,0,carboxylic acid,thiol,0.487752,0,0
meta-llama-Llama-3.1-8B,functional_group,0,ester,ether,0.469234,1,0
meta-llama-Llama-3.1-8B,functional_group,0,ester,imine,0.533405,0,0
meta-llama-Llama-3.1-8B,functional_group,0,ester,ketone,0.948347,1,1
meta-llama-Llama-3.1-8B,functional_group,0,ester,nitrile,0.276648,0,0
meta-llama-Llama-3.1-8B,functional_group,0,ester,nitro,0.532956,0,0
meta-llama-Llama-3.1-8B,functional_group,0,ester,sulfone,0.950477,0,0
meta-llama-Llama-3.1-8B,functional_group,0,ester,sulfoxide,0.990384,0,0
meta-llama-Llama-3.1-8B,functional_group,0,ester,thioether,0.558745,0,0
meta-llama-Llama-3.1-8B,functional_group,0,ester,thiol,0.487891,0,0
meta-llama-Llama-3.1-8B,functional_group,0,ether,imine,0.340314,0,0
meta-llama-Llama-3.1-8B,functional_group,0,ether,ketone,0.323372,1,0
meta-llama-Llama-3.1-8B,functional_group,0,ether,nitrile,0.144723,0,0
meta-llama-Llama-3.1-8B,functional_group,0,ether,nitro,0.278216,0,0
meta-llama-Llama-3.1-8B,functional_group,0,ether,sulfone,0.540526,0,0
meta-llama-Llama-3.1-8B,functional_group,0,ether,sulfoxide,0.489239,0,0
meta-llama-Llama-3.1-8B,functional_group,0,ether,thioether,0.850946,0,1
meta-llama-Llama-3.1-8B,functional_group,0,ether,thiol,0.699981,0,1
meta-llama-Llama-3.1-8B,functional_group,0,imine,ketone,0.545935,0,0
meta-llama-Llama-3.1-8B,functional_group,0,imine,nitrile,0.271288,1,1
meta-llama-Llama-3.1-8B,functional_group,0,imine,nitro,0.639296,1,1
meta-llama-Llama-3.1-8B,functional_group,0,imine,sulfone,0.622992,0,0
meta-llama-Llama-3.1-8B,functional_group,0,imine,sulfoxide,0.552677,0,0
meta-llama-Llama-3.1-8B,functional_group,0,imine,thioether,0.399761,0,0
meta-llama-Llama-3.1-8B,functional_group,0,imine,thiol,0.530838,0,0
meta-llama-Llama-3.1-8B,functional_group,0,ketone,nitrile,0.25757,0,0
meta-llama-Llama-3.1-8B,functional_group,0,ketone,nitro,0.556,0,0
meta-llama-Llama-3.1-8B,functional_group,0,ketone,sulfone,0.886499,0,0
meta-llama-Llama-3.1-8B,functional_group,0,ketone,sulfoxide,0.935588,0,0
meta-llama-Llama-3.1-8B,functional_group,0,ketone,thioether,0.370049,0,0
meta-llama-Llama-3.1-8B,functional_group,0,ketone,thiol,0.463854,0,0
meta-llama-Llama-3.1-8B,functional_group,0,nitrile,nitro,0.352012,1,1
meta-llama-Llama-3.1-8B,functional_group,0,nitrile,sulfone,0.257553,0,0
meta-llama-Llama-3.1-8B,functional_group,0,nitrile,sulfoxide,0.269627,0,0
meta-llama-Llama-3.1-8B,functional_group,0,nitrile,thioether,0.125339,0,0
meta-llama-Llama-3.1-8B,functional_group,0,nitrile,thiol,0.164693,0,0
meta-llama-Llama-3.1-8B,functional_group,0,nitro,sulfone,0.600985,0,0
meta-llama-Llama-3.1-8B,functional_group,0,nitro,sulfoxide,0.532401,0,0
meta-llama-Llama-3.1-8B,functional_group,0,nitro,thioether,0.276877,0,0
meta-llama-Llama-3.1-8B,functional_group,0,nitro,thiol,0.394756,0,0
meta-llama-Llama-3.1-8B,functional_group,0,sulfone,sulfoxide,0.956158,1,1
meta-llama-Llama-3.1-8B,functional_group,0,sulfone,thioether,0.657671,1,0
meta-llama-Llama-3.1-8B,functional_group,0,sulfone,thiol,0.570659,1,0
meta-llama-Llama-3.1-8B,functional_group,0,sulfoxide,thioether,0.587162,1,0
meta-llama-Llama-3.1-8B,functional_group,0,sulfoxide,thiol,0.510125,1,0
meta-llama-Llama-3.1-8B,functional_group,0,thioether,thiol,0.687448,1,1
meta-llama-Llama-3.1-8B,functional_group,8,alcohol,aldehyde,0.604689,1,0
meta-llama-Llama-3.1-8B,functional_group,8,alcohol,alkyl bromide,0.628123,0,0
meta-llama-Llama-3.1-8B,functional_group,8,alcohol,alkyl chloride,0.589327,0,0
meta-llama-Llama-3.1-8B,functional_group,8,alcohol,alkyl fluoride,0.727339,0,0
meta-llama-Llama-3.1-8B,functional_group,8,alcohol,alkyl iodide,0.649178,0,0
meta-llama-Llama-3.1-8B,functional_group,8,alcohol,amide,0.600301,0,0
meta-llama-Llama-3.1-8B,functional_group,8,alcohol,amine,0.906235,0,0
meta-llama-Llama-3.1-8B,functional_group,8,alcohol,carboxylic acid,0.575489,1,0
meta-llama-Llama-3.1-8B,functional_group,8,alcohol,ester,0.672877,1,0
meta-llama-Llama-3.1-8B,functional_group,8,alcohol,ether,0.753472,1,1
meta-llama-Llama-3.1-8B,functional_group,8,alcohol,imine,0.78763,0,0
meta-llama-Llama-3.1-8B,functional_group,8,alcohol,ketone,0.788107,1,0
meta-llama-Llama-3.1-8B,functional_group,8,alcohol,nitrile,0.660082,0,0
meta-llama-Llama-3.1-8B,functional_group,8,alcohol,nitro,0.645538,0,0
meta-llama-Llama-3.1-8B,functional_group,8,alcohol,sulfone,0.623834,0,0
meta-llama-Llama-3.1-8B,functional_group,8,alcohol,sulfoxide,0.668639,0,0
meta-llama-Llama-3.1-8B,functional_group,8,alcohol,thioether,0.686145,0,1
meta-llama-Llama-3.1-8B,functional_group,8,alcohol,thiol,0.834619,0,1
meta-llama-Llama-3.1-8B,functional_group,8,aldehyde,alkyl bromide,0.414722,0,0
meta-llama-Llama-3.1-8B,functional_group,8,aldehyde,alkyl chloride,0.394352,0,0
meta-llama-Llama-3.1-8B,functional_group,8,aldehyde,alkyl fluoride,0.396594,0,0
meta-llama-Llama-3.1-8B,functional_group,8,aldehyde,alkyl iodide,0.394164,0,0
meta-llama-Llama-3.1-8B,functional_group,8,aldehyde,amide,0.81168,0,1
meta-llama-Llama-3.1-8B,functional_group,8,aldehyde,amine,0.604435,0,0
meta-llama-Llama-3.1-8B,functional_group,8,aldehyde,carboxylic acid,0.637071,1,1
meta-llama-Llama-3.1-8B,functional_group,8,aldehyde,ester,0.566751,1,1
meta-llama-Llama-3.1-8B,functional_group,8,aldehyde,ether,0.39738,1,0
meta-llama-Llama-3.1-8B,functional_group,8,aldehyde,imine,0.712484,0,0
meta-llama-Llama-3.1-8B,functional_group,8,aldehyde,ketone,0.559655,1,1
meta-llama-Llama-3.1-8B,functional_group,8,aldehyde,nitrile,0.561065,0,0
meta-llama-Llama-3.1-8B,functional_group,8,aldehyde,nitro,0.505146,0,0
meta-llama-Llama-3.1-8B,functional_group,8,aldehyde,sulfone,0.559007,0,0
meta-llama-Llama-3.1-8B,functional_group,8,aldehyde,sulfoxide,0.573742,0,0
meta-llama-Llama-3.1-8B,functional_group,8,aldehyde,thioether,0.446419,0,0
meta-llama-Llama-3.1-8B,functional_group,8,aldehyde,thiol,0.533102,0,0
meta-llama-Llama-3.1-8B,functional_group,8,alkyl bromide,alkyl chloride,0.941327,1,1
meta-llama-Llama-3.1-8B,functional_group,8,alkyl bromide,alkyl fluoride,0.842954,1,1
meta-llama-Llama-3.1-8B,functional_group,8,alkyl bromide,alkyl iodide,0.899548,1,1
meta-llama-Llama-3.1-8B,functional_group,8,alkyl bromide,amide,0.454964,0,0
meta-llama-Llama-3.1-8B,functional_group,8,alkyl bromide,amine,0.650927,0,0
meta-llama-Llama-3.1-8B,functional_group,8,alkyl bromide,carboxylic acid,0.440183,0,0
meta-llama-Llama-3.1-8B,functional_group,8,alkyl bromide,ester,0.433322,0,0
meta-llama-Llama-3.1-8B,functional_group,8,alkyl bromide,ether,0.837954,0,0
meta-llama-Llama-3.1-8B,functional_group,8,alkyl bromide,imine,0.585056,0,0
meta-llama-Llama-3.1-8B,functional_group,8,alkyl bromide,ketone,0.487599,0,0
meta-llama-Llama-3.1-8B,functional_group,8,alkyl bromide,nitrile,0.503723,0,0
meta-llama-Llama-3.1-8B,functional_group,8,alkyl bromide,nitro,0.776971,0,0
meta-llama-Llama-3.1-8B,functional_group,8,alkyl bromide,sulfone,0.391061,0,0
meta-llama-Llama-3.1-8B,functional_group,8,alkyl bromide,sulfoxide,0.438114,0,0
meta-llama-Llama-3.1-8B,functional_group,8,alkyl bromide,thioether,0.741075,0,0
meta-llama-Llama-3.1-8B,functional_group,8,alkyl bromide,thiol,0.594398,0,0
meta-llama-Llama-3.1-8B,functional_group,8,alkyl chloride,alkyl fluoride,0.821256,1,1
meta-llama-Llama-3.1-8B,functional_group,8,alkyl chloride,alkyl iodide,0.859368,1,1
meta-llama-Llama-3.1-8B,functional_group,8,alkyl chloride,amide,0.461089,0,0
meta-llama-Llama-3.1-8B,functional_group,8,alkyl chloride,amine,0.633608,0,0
meta-llama-Llama-3.1-8B,functional_group,8,alkyl chloride,carboxylic acid,0.496984,0,0
meta-llama-Llama-3.1-8B,functional_group,8,alkyl chloride,ester,0.460958,0,0
meta-llama-Llama-3.1-8B,functional_group,8,alkyl chloride,ether,0.827506,0,0
meta-llama-Llama-3.1-8B,functional_group,8,alkyl chloride,imine,0.525045,0,0
meta-llama-Llama-3.1-8B,functional_group,8,alkyl chloride,ketone,0.486857,0,0
meta-llama-Llama-3.1-8B,functional_group,8,alkyl chloride,nitrile,0.523776,0,0
meta-llama-Llama-3.1-8B,functional_group,8,alkyl chloride,nitro,0.787965,0,0
meta-llama-Llama-3.1-8B,functional_group,8,alkyl chloride,sulfone,0.407881,0,0
meta-llama-Llama-3.1-8B,functional_group,8,alkyl chloride,sulfoxide,0.443828,0,0
meta-llama-Llama-3.1-8B,functional_group,8,alkyl chloride,thioether,0.743953,0,0
meta-llama-Llama-3.1-8B,functional_group,8,alkyl chloride,thiol,0.564376,0,0
meta-llama-Llama-3.1-8B,functional_group,8,alkyl fluoride,alkyl iodide,0.904692,1,1
meta-llama-Llama-3.1-8B,functional_group,8,alkyl fluoride,amide,0.424975,0,0
meta-llama-Llama-3.1-8B,functional_group,8,alkyl fluoride,amine,0.739475,0,0
meta-llama-Llama-3.1-8B,functional_group,8,alkyl fluoride,carboxylic acid,0.370503,0,0
meta-llama-Llama-3.1-8B,functional_group,8,alkyl fluoride,ester,0.49974,0,0
meta-llama-Llama-3.1-8B,functional_group,8,alkyl fluoride,ether,0.905995,0,0
meta-llama-Llama-3.1-8B,functional_group,8,alkyl fluoride,imine,0.632276,0,0
meta-llama-Llama-3.1-8B,functional_group,8,alkyl fluoride,ketone,0.561766,0,0
meta-llama-Llama-3.1-8B,functional_group,8,alkyl fluoride,nitrile,0.586735,0,0
meta-llama-Llama-3.1-8B,functional_group,8,alkyl fluoride,nitro,0.759027,0,0
meta-llama-Llama-3.1-8B,functional_group,8,alkyl fluoride,sulfone,0.491663,0,0
meta-llama-Llama-3.1-8B,functional_group,8,alkyl fluoride,sulfoxide,0.526278,0,0
meta-llama-Llama-3.1-8B,functional_group,8,alkyl fluoride,thioether,0.847177,0,0
meta-llama-Llama-3.1-8B,functional_group,8,alkyl fluoride,thiol,0.763059,0,0
meta-llama-Llama-3.1-8B,functional_group,8,alkyl iodide,amide,0.411251,0,0
meta-llama-Llama-3.1-8B,functional_group,8,alkyl iodide,amine,0.683133,0,0
meta-llama-Llama-3.1-8B,functional_group,8,alkyl iodide,carboxylic acid,0.327085,0,0
meta-llama-Llama-3.1-8B,functional_group,8,alkyl iodide,ester,0.401544,0,0
meta-llama-Llama-3.1-8B,functional_group,8,alkyl iodide,ether,0.869503,0,0
meta-llama-Llama-3.1-8B,functional_group,8,alkyl iodide,imine,0.612197,0,0
meta-llama-Llama-3.1-8B,functional_group,8,alkyl iodide,ketone,0.471729,0,0
meta-llama-Llama-3.1-8B,functional_group,8,alkyl iodide,nitrile,0.492194,0,0
meta-llama-Llama-3.1-8B,functional_group,8,alkyl iodide,nitro,0.749345,0,0
meta-llama-Llama-3.1-8B,functional_group,8,alkyl iodide,sulfone,0.38135,0,0
meta-llama-Llama-3.1-8B,functional_group,8,alkyl iodide,sulfoxide,0.433131,0,0
meta-llama-Llama-3.1-8B,functional_group,8,alkyl iodide,thioether,0.770107,0,0
meta-llama-Llama-3.1-8B,functional_group,8,alkyl iodide,thiol,0.683229,0,0
meta-llama-Llama-3.1-8B,functional_group,8,amide,amine,0.686069,1,0
meta-llama-Llama-3.1-8B,functional_group,8,amide,carboxylic acid,0.808669,0,1
meta-llama-Llama-3.1-8B,functional_group,8,amide,ester,0.68611,0,1
meta-llama-Llama-3.1-8B,functional_group,8,amide,ether,0.444483,0,0
meta-llama-Llama-3.1-8B,functional_group,8,amide,imine,0.730575,1,0
meta-llama-Llama-3.1-8B,functional_group,8,amide,ketone,0.61796,0,1
meta-llama-Llama-3.1-8B,functional_group,8,amide,nitrile,0.625459,1,0
meta-llama-Llama-3.1-8B,functional_group,8,amide,nitro,0.594265,1,0
meta-llama-Llama-3.1-8B,functional_group,8,amide,sulfone,0.729903,0,0
meta-llama-Llama-3.1-8B,functional_group,8,amide,sulfoxide,0.738467,0,0
meta-llama-Llama-3.1-8B,functional_group,8,amide,thioether,0.528143,0,0
meta-llama-Llama-3.1-8B,functional_group,8,amide,thiol,0.556433,0,0
meta-llama-Llama-3.1-8B,functional_group,8,amine,carboxylic acid,0.611689,0,0
meta-llama-Llama-3.1-8B,functional_group,8,amine,ester,0.691607,0,0
meta-llama-Llama-3.1-8B,functional_group,8,amine,ether,0.753246,0,0
meta-llama-Llama-3.1-8B,functional_group,8,amine,imine,0.813573,1,1
meta-llama-Llama-3.1-8B,functional_group,8,amine,ketone,0.77386,0,0
meta-llama-Llama-3.1-8B,functional_group,8,amine,nitrile,0.71432,1,1
meta-llama-Llama-3.1-8B,functional_group,8,amine,nitro,0.686074,1,1
meta-llama-Llama-3.1-8B,functional_group,8,amine,sulfone,0.670729,0,0
meta-llama-Llama-3.1-8B,functional_group,8,amine,sulfoxide,0.716232,0,0
meta-llama-Llama-3.1-8B,functional_group,8,amine,thioether,0.73908,0,0
meta-llama-Llama-3.1-8B,functional_group,8,amine,thiol,0.85415,0,0
meta-llama-Llama-3.1-8B,functional_group,8,carboxylic acid,ester,0.760019,1,1
meta-llama-Llama-3.1-8B,functional_group,8,carboxylic acid,ether,0.440889,1,0
meta-llama-Llama-3.1-8B,functional_group,8,carboxylic acid,imine,0.513652,0,0
meta-llama-Llama-3.1-8B,functional_group,8,carboxylic acid,ketone,0.656471,1,1
meta-llama-Llama-3.1-8B,functional_group,8,carboxylic acid,nitrile,0.607503,0,0
meta-llama-Llama-3.1-8B,functional_group,8,carboxylic acid,nitro,0.576587,0,0
meta-llama-Llama-3.1-8B,functional_group,8,carboxylic acid,sulfone,0.706519,0,0
meta-llama-Llama-3.1-8B,functional_group,8,carboxylic acid,sulfoxide,0.70264,0,0
meta-llama-Llama-3.1-8B,functional_group,8,carboxylic acid,thioether,0.482943,0,0
meta-llama-Llama-3.1-8B,functional_group,8,carboxylic acid,thiol,0.473877,0,0
meta-llama-Llama-3.1-8B,functional_group,8,ester,ether,0.543809,1,0
meta-llama-Llama-3.1-8B,functional_group,8,ester,imine,0.571903,0,0
meta-llama-Llama-3.1-8B,functional_group,8,ester,ketone,0.881146,1,1
meta-llama-Llama-3.1-8B,functional_group,8,ester,nitrile,0.716175,0,0
meta-llama-Llama-3.1-8B,functional_group,8,ester,nitro,0.640109,0,0
meta-llama-Llama-3.1-8B,functional_group,8,ester,sulfone,0.881368,0,0
meta-llama-Llama-3.1-8B,functional_group,8,ester,sulfoxide,0.896739,0,0
meta-llama-Llama-3.1-8B,functional_group,8,ester,thioether,0.600934,0,0
meta-llama-Llama-3.1-8B,functional_group,8,ester,thiol,0.590094,0,0
meta-llama-Llama-3.1-8B,functional_group,8,ether,imine,0.619147,0,0
meta-llama-Llama-3.1-8B,functional_group,8,ether,ketone,0.58659,1,0
meta-llama-Llama-3.1-8B,functional_group,8,ether,nitrile,0.595077,0,0
meta-llama-Llama-3.1-8B,functional_group,8,ether,nitro,0.755947,0,0
meta-llama-Llama-3.1-8B,functional_group,8,ether,sulfone,0.503418,0,0
meta-llama-Llama-3.1-8B,functional_group,8,ether,sulfoxide,0.541423,0,0
meta-llama-Llama-3.1-8B,functional_group,8,ether,thioether,0.861904,0,1
meta-llama-Llama-3.1-8B,functional_group,8,ether,thiol,0.749202,0,1
meta-llama-Llama-3.1-8B,functional_group,8,imine,ketone,0.653168,0,0
meta-llama-Llama-3.1-8B,functional_group,8,imine,nitrile,0.609002,1,1
meta-llama-Llama-3.1-8B,functional_group,8,imine,nitro,0.596128,1,1
meta-llama-Llama-3.1-8B,functional_group,8,imine,sulfone,0.614154,0,0
meta-llama-Llama-3.1-8B,functional_group,8,imine,sulfoxide,0.663377,0,0
meta-llama-Llama-3.1-8B,functional_group,8,imine,thioether,0.653849,0,0
meta-llama-Llama-3.1-8B,functional_group,8,imine,thiol,0.754259,0,0
meta-llama-Llama-3.1-8B,functional_group,8,ketone,nitrile,0.713774,0,0
meta-llama-Llama-3.1-8B,functional_group,8,ketone,nitro,0.658486,0,0
meta-llama-Llama-3.1-8B,functional_group,8,ketone,sulfone,0.78539,0,0
meta-llama-Llama-3.1-8B,functional_group,8,ketone,sulfoxide,0.830725,0,0
meta-llama-Llama-3.1-8B,functional_group,8,ketone,thioether,0.59509,0,0
meta-llama-Llama-3.1-8B,functional_group,8,ketone,thiol,0.647306,0,0
meta-llama-Llama-3.1-8B,functional_group,8,nitrile,nitro,0.625952,1,1
meta-llama-Llama-3.1-8B,functional_group,8,nitrile,sulfone,0.675218,0,0
meta-llama-Llama-3.1-8B,functional_group,8,nitrile,sulfoxide,0.6982,0,0
meta-llama-Llama-3.1-8B,functional_group,8,nitrile,thioether,0.649702,0,0
meta-llama-Llama-3.1-8B,functional_group,8,nitrile,thiol,0.645017,0,0
meta-llama-Llama-3.1-8B,functional_group,8,nitro,sulfone,0.664883,0,0
meta-llama-Llama-3.1-8B,functional_group,8,nitro,sulfoxide,0.659177,0,0
meta-llama-Llama-3.1-8B,functional_group,8,nitro,thioether,0.744518,0,0
meta-llama-Llama-3.1-8B,functional_group,8,nitro,thiol,0.609103,0,0
meta-llama-Llama-3.1-8B,functional_group,8,sulfone,sulfoxide,0.959419,1,1
meta-llama-Llama-3.1-8B,functional_group,8,sulfone,thioether,0.639545,1,0
meta-llama-Llama-3.1-8B,functional_group,8,sulfone,thiol,0.62988,1,0
meta-llama-Llama-3.1-8B,functional_group,8,sulfoxide,thioether,0.641863,1,0
meta-llama-Llama-3.1-8B,functional_group,8,sulfoxide,thiol,0.654655,1,0
meta-llama-Llama-3.1-8B,functional_group,8,thioether,thiol,0.784143,1,1
meta-llama-Llama-3.1-8B,functional_group,16,alcohol,aldehyde,0.618078,1,0
meta-llama-Llama-3.1-8B,functional_group,16,alcohol,alkyl bromide,0.575616,0,0
meta-llama-Llama-3.1-8B,functional_group,16,alcohol,alkyl chloride,0.628441,0,0
meta-llama-Llama-3.1-8B,functional_group,16,alcohol,alkyl fluoride,0.604655,0,0
meta-llama-Llama-3.1-8B,functional_group,16,alcohol,alkyl iodide,0.550592,0,0
meta-llama-Llama-3.1-8B,functional_group,16,alcohol,amide,0.638859,0,0
meta-llama-Llama-3.1-8B,functional_group,16,alcohol,amine,0.768192,0,0
meta-llama-Llama-3.1-8B,functional_group,16,alcohol,carboxylic acid,0.673356,1,0
meta-llama-Llama-3.1-8B,functional_group,16,alcohol,ester,0.743277,1,0
meta-llama-Llama-3.1-8B,functional_group,16,alcohol,ether,0.760365,1,1
meta-llama-Llama-3.1-8B,functional_group,16,alcohol,imine,0.661884,0,0
meta-llama-Llama-3.1-8B,functional_group,16,alcohol,ketone,0.795932,1,0
meta-llama-Llama-3.1-8B,functional_group,16,alcohol,nitrile,0.631557,0,0
meta-llama-Llama-3.1-8B,functional_group,16,alcohol,nitro,0.667447,0,0
meta-llama-Llama-3.1-8B,functional_group,16,alcohol,sulfone,0.593495,0,0
meta-llama-Llama-3.1-8B,functional_group,16,alcohol,sulfoxide,0.658163,0,0
meta-llama-Llama-3.1-8B,functional_group,16,alcohol,thioether,0.639931,0,1
meta-llama-Llama-3.1-8B,functional_group,16,alcohol,thiol,0.723453,0,1
meta-llama-Llama-3.1-8B,functional_group,16,aldehyde,alkyl bromide,0.493424,0,0
meta-llama-Llama-3.1-8B,functional_group,16,aldehyde,alkyl chloride,0.433048,0,0
meta-llama-Llama-3.1-8B,functional_group,16,aldehyde,alkyl fluoride,0.293997,0,0
meta-llama-Llama-3.1-8B,functional_group,16,aldehyde,alkyl iodide,0.402063,0,0
meta-llama-Llama-3.1-8B,functional_group,16,aldehyde,amide,0.82811,0,1
meta-llama-Llama-3.1-8B,functional_group,16,aldehyde,amine,0.524559,0,0
meta-llama-Llama-3.1-8B,functional_group,16,aldehyde,carboxylic acid,0.782979,1,1
meta-llama-Llama-3.1-8B,functional_group,16,aldehyde,ester,0.639003,1,1
meta-llama-Llama-3.1-8B,functional_group,16,aldehyde,ether,0.372288,1,0
meta-llama-Llama-3.1-8B,functional_group,16,aldehyde,imine,0.733674,0,0
meta-llama-Llama-3.1-8B,functional_group,16,aldehyde,ketone,0.61695,1,1
meta-llama-Llama-3.1-8B,functional_group,16,aldehyde,nitrile,0.611323,0,0
meta-llama-Llama-3.1-8B,functional_group,16,aldehyde,nitro,0.526811,0,0
meta-llama-Llama-3.1-8B,functional_group,16,aldehyde,sulfone,0.583351,0,0
meta-llama-Llama-3.1-8B,functional_group,16,aldehyde,sulfoxide,0.644375,0,0
meta-llama-Llama-3.1-8B,functional_group,16,aldehyde,thioether,0.358197,0,0
meta-llama-Llama-3.1-8B,functional_group,16,aldehyde,thiol,0.507307,0,0
meta-llama-Llama-3.1-8B,functional_group,16,alkyl bromide,alkyl chloride,0.924844,1,1
meta-llama-Llama-3.1-8B,functional_group,16,alkyl bromide,alkyl fluoride,0.704186,1,1
meta-llama-Llama-3.1-8B,functional_group,16,alkyl bromide,alkyl iodide,0.893267,1,1
meta-llama-Llama-3.1-8B,functional_group,16,alkyl bromide,amide,0.555055,0,0
meta-llama-Llama-3.1-8B,functional_group,16,alkyl bromide,amine,0.593146,0,0
meta-llama-Llama-3.1-8B,functional_group,16,alkyl bromide,carboxylic acid,0.498238,0,0
meta-llama-Llama-3.1-8B,functional_group,16,alkyl bromide,ester,0.515826,0,0
meta-llama-Llama-3.1-8B,functional_group,16,alkyl bromide,ether,0.6655,0,0
meta-llama-Llama-3.1-8B,functional_group,16,alkyl bromide,imine,0.585504,0,0
meta-llama-Llama-3.1-8B,functional_group,16,alkyl bromide,ketone,0.452817,0,0
meta-llama-Llama-3.1-8B,functional_group,16,alkyl bromide,nitrile,0.572909,0,0
meta-llama-Llama-3.1-8B,functional_group,16,alkyl bromide,nitro,0.702258,0,0
meta-llama-Llama-3.1-8B,functional_group,16,alkyl bromide,sulfone,0.533425,0,0
meta-llama-Llama-3.1-8B,functional_group,16,alkyl bromide,sulfoxide,0.578595,0,0
meta-llama-Llama-3.1-8B,functional_group,16,alkyl bromide,thioether,0.630942,0,0
meta-llama-Llama-3.1-8B,functional_group,16,alkyl bromide,thiol,0.608189,0,0
meta-llama-Llama-3.1-8B,functional_group,16,alkyl chloride,alkyl fluoride,0.803276,1,1
meta-llama-Llama-3.1-8B,functional_group,16,alkyl chloride,alkyl iodide,0.859323,1,1
meta-llama-Llama-3.1-8B,functional_group,16,alkyl chloride,amide,0.525331,0,0
meta-llama-Llama-3.1-8B,functional_group,16,alkyl chloride,amine,0.657856,0,0
meta-llama-Llama-3.1-8B,functional_group,16,alkyl chloride,carboxylic acid,0.504951,0,0
meta-llama-Llama-3.1-8B,functional_group,16,alkyl chloride,ester,0.565045,0,0
meta-llama-Llama-3.1-8B,functional_group,16,alkyl chloride,ether,0.75348,0,0
meta-llama-Llama-3.1-8B,functional_group,16,alkyl chloride,imine,0.584787,0,0
meta-llama-Llama-3.1-8B,functional_group,16,alkyl chloride,ketone,0.530153,0,0
meta-llama-Llama-3.1-8B,functional_group,16,alkyl chloride,nitrile,0.617126,0,0
meta-llama-Llama-3.1-8B,functional_group,16,alkyl chloride,nitro,0.729748,0,0
meta-llama-Llama-3.1-8B,functional_group,16,alkyl chloride,sulfone,0.52682,0,0
meta-llama-Llama-3.1-8B,functional_group,16,alkyl chloride,sulfoxide,0.585767,0,0
meta-llama-Llama-3.1-8B,functional_group,16,alkyl chloride,thioether,0.715157,0,0
meta-llama-Llama-3.1-8B,functional_group,16,alkyl chloride,thiol,0.646912,0,0
meta-llama-Llama-3.1-8B,functional_group,16,alkyl fluoride,alkyl iodide,0.790947,1,1
meta-llama-Llama-3.1-8B,functional_group,16,alkyl fluoride,amide,0.423055,0,0
meta-llama-Llama-3.1-8B,functional_group,16,alkyl fluoride,amine,0.642344,0,0
meta-llama-Llama-3.1-8B,functional_group,16,alkyl fluoride,carboxylic acid,0.422613,0,0
meta-llama-Llama-3.1-8B,functional_group,16,alkyl fluoride,ester,0.596241,0,0
meta-llama-Llama-3.1-8B,functional_group,16,alkyl fluoride,ether,0.817313,0,0
meta-llama-Llama-3.1-8B,functional_group,16,alkyl fluoride,imine,0.534771,0,0
meta-llama-Llama-3.1-8B,functional_group,16,alkyl fluoride,ketone,0.583393,0,0
meta-llama-Llama-3.1-8B,functional_group,16,alkyl fluoride,nitrile,0.645072,0,0
meta-llama-Llama-3.1-8B,functional_group,16,alkyl fluoride,nitro,0.742717,0,0
meta-llama-Llama-3.1-8B,functional_group,16,alkyl fluoride,sulfone,0.612763,0,0
meta-llama-Llama-3.1-8B,functional_group,16,alkyl fluoride,sulfoxide,0.623103,0,0
meta-llama-Llama-3.1-8B,functional_group,16,alkyl fluoride,thioether,0.807062,0,0
meta-llama-Llama-3.1-8B,functional_group,16,alkyl fluoride,thiol,0.695261,0,0
meta-llama-Llama-3.1-8B,functional_group,16,alkyl iodide,amide,0.486314,0,0
meta-llama-Llama-3.1-8B,functional_group,16,alkyl iodide,amine,0.584843,0,0
meta-llama-Llama-3.1-8B,functional_group,16,alkyl iodide,carboxylic acid,0.430037,0,0
meta-llama-Llama-3.1-8B,functional_group,16,alkyl iodide,ester,0.49877,0,0
meta-llama-Llama-3.1-8B,functional_group,16,alkyl iodide,ether,0.711695,0,0
meta-llama-Llama-3.1-8B,functional_group,16,alkyl iodide,imine,0.578923,0,0
meta-llama-Llama-3.1-8B,functional_group,16,alkyl iodide,ketone,0.445858,0,0
meta-llama-Llama-3.1-8B,functional_group,16,alkyl iodide,nitrile,0.570365,0,0
meta-llama-Llama-3.1-8B,functional_group,16,alkyl iodide,nitro,0.722336,0,0
meta-llama-Llama-3.1-8B,functional_group,16,alkyl iodide,sulfone,0.57463,0,0
meta-llama-Llama-3.1-8B,functional_group,16,alkyl iodide,sulfoxide,0.608067,0,0
meta-llama-Llama-3.1-8B,functional_group,16,alkyl iodide,thioether,0.715947,0,0
meta-llama-Llama-3.1-8B,functional_group,16,alkyl iodide,thiol,0.68751,0,0
meta-llama-Llama-3.1-8B,functional_group,16,amide,amine,0.703276,1,0
meta-llama-Llama-3.1-8B,functional_group,16,amide,carboxylic acid,0.848408,0,1
meta-llama-Llama-3.1-8B,functional_group,16,amide,ester,0.741636,0,1
meta-llama-Llama-3.1-8B,functional_group,16,amide,ether,0.493266,0,0
meta-llama-Llama-3.1-8B,functional_group,16,amide,imine,0.845001,1,0
meta-llama-Llama-3.1-8B,functional_group,16,amide,ketone,0.667835,0,1
meta-llama-Llama-3.1-8B,functional_group,16,amide,nitrile,0.746645,1,0
meta-llama-Llama-3.1-8B,functional_group,16,amide,nitro,0.688126,1,0
meta-llama-Llama-3.1-8B,functional_group,16,amide,sulfone,0.763484,0,0
meta-llama-Llama-3.1-8B,functional_group,16,amide,sulfoxide,0.789522,0,0
meta-llama-Llama-3.1-8B,functional_group,16,amide,thioether,0.521909,0,0
meta-llama-Llama-3.1-8B,functional_group,16,amide,thiol,0.609173,0,0
meta-llama-Llama-3.1-8B,functional_group,16,amine,carboxylic acid,0.57889,0,0
meta-llama-Llama-3.1-8B,functional_group,16,amine,ester,0.616774,0,0
meta-llama-Llama-3.1-8B,functional_group,16,amine,ether,0.686722,0,0
meta-llama-Llama-3.1-8B,functional_group,16,amine,imine,0.821458,1,1
meta-llama-Llama-3.1-8B,functional_group,16,amine,ketone,0.677488,0,0
meta-llama-Llama-3.1-8B,functional_group,16,amine,nitrile,0.764583,1,1
meta-llama-Llama-3.1-8B,functional_group,16,amine,nitro,0.738377,1,1
meta-llama-Llama-3.1-8B,functional_group,16,amine,sulfone,0.62845,0,0
meta-llama-Llama-3.1-8B,functional_group,16,amine,sulfoxide,0.683428,0,0
meta-llama-Llama-3.1-8B,functional_group,16,amine,thioether,0.697904,0,0
meta-llama-Llama-3.1-8B,functional_group,16,amine,thiol,0.7409,0,0
meta-llama-Llama-3.1-8B,functional_group,16,carboxylic acid,ester,0.84788,1,1
meta-llama-Llama-3.1-8B,functional_group,16,carboxylic acid,ether,0.486875,1,0
meta-llama-Llama-3.1-8B,functional_group,16,carboxylic acid,imine,0.655261,0,0
meta-llama-Llama-3.1-8B,functional_group,16,carboxylic acid,ketone,0.723932,1,1
meta-llama-Llama-3.1-8B,functional_group,16,carboxylic acid,nitrile,0.651909,0,0
meta-llama-Llama-3.1-8B,functional_group,16,carboxylic acid,nitro,0.655407,0,0
meta-llama-Llama-3.1-8B,functional_group,16,carboxylic acid,sulfone,0.721409,0,0
meta-llama-Llama-3.1-8B,functional_group,16,carboxylic acid,sulfoxide,0.711188,0,0
meta-llama-Llama-3.1-8B,functional_group,16,carboxylic acid,thioether,0.500469,0,0
meta-llama-Llama-3.1-8B,functional_group,16,carboxylic acid,thiol,0.593073,0,0
meta-llama-Llama-3.1-8B,functional_group,16,ester,ether,0.715469,1,0
meta-llama-Llama-3.1-8B,functional_group,16,ester,imine,0.65108,0,0
meta-llama-Llama-3.1-8B,functional_group,16,ester,ketone,0.869678,1,1
meta-llama-Llama-3.1-8B,functional_group,16,ester,nitrile,0.689697,0,0
meta-llama-Llama-3.1-8B,functional_group,16,ester,nitro,0.749229,0,0
meta-llama-Llama-3.1-8B,functional_group,16,ester,sulfone,0.791489,0,0
meta-llama-Llama-3.1-8B,functional_group,16,ester,sulfoxide,0.787755,0,0
meta-llama-Llama-3.1-8B,functional_group,16,ester,thioether,0.657416,0,0
meta-llama-Llama-3.1-8B,functional_group,16,ester,thiol,0.667725,0,0
meta-llama-Llama-3.1-8B,functional_group,16,ether,imine,0.580114,0,0
meta-llama-Llama-3.1-8B,functional_group,16,ether,ketone,0.67138,1,0
meta-llama-Llama-3.1-8B,functional_group,16,ether,nitrile,0.621445,0,0
meta-llama-Llama-3.1-8B,functional_group,16,ether,nitro,0.758851,0,0
meta-llama-Llama-3.1-8B,functional_group,16,ether,sulfone,0.631196,0,0
meta-llama-Llama-3.1-8B,functional_group,16,ether,sulfoxide,0.658433,0,0
meta-llama-Llama-3.1-8B,functional_group,16,ether,thioether,0.813189,0,1
meta-llama-Llama-3.1-8B,functional_group,16,ether,thiol,0.703561,0,1
meta-llama-Llama-3.1-8B,functional_group,16,imine,ketone,0.674482,0,0
meta-llama-Llama-3.1-8B,functional_group,16,imine,nitrile,0.808878,1,1
meta-llama-Llama-3.1-8B,functional_group,16,imine,nitro,0.718208,1,1
meta-llama-Llama-3.1-8B,functional_group,16,imine,sulfone,0.698316,0,0
meta-llama-Llama-3.1-8B,functional_group,16,imine,sulfoxide,0.778137,0,0
meta-llama-Llama-3.1-8B,functional_group,16,imine,thioether,0.638279,0,0
meta-llama-Llama-3.1-8B,functional_group,16,imine,thiol,0.72087,0,0
meta-llama-Llama-3.1-8B,functional_group,16,ketone,nitrile,0.693238,0,0
meta-llama-Llama-3.1-8B,functional_group,16,ketone,nitro,0.72318,0,0
meta-llama-Llama-3.1-8B,functional_group,16,ketone,sulfone,0.731581,0,0
meta-llama-Llama-3.1-8B,functional_group,16,ketone,sulfoxide,0.756242,0,0
meta-llama-Llama-3.1-8B,functional_group,16,ketone,thioether,0.667266,0,0
meta-llama-Llama-3.1-8B,functional_group,16,ketone,thiol,0.718108,0,0
meta-llama-Llama-3.1-8B,functional_group,16,nitrile,nitro,0.726555,1,1
meta-llama-Llama-3.1-8B,functional_group,16,nitrile,sulfone,0.708282,0,0
meta-llama-Llama-3.1-8B,functional_group,16,nitrile,sulfoxide,0.725908,0,0
meta-llama-Llama-3.1-8B,functional_group,16,nitrile,thioether,0.683068,0,0
meta-llama-Llama-3.1-8B,functional_group,16,nitrile,thiol,0.708131,0,0
meta-llama-Llama-3.1-8B,functional_group,16,nitro,sulfone,0.790141,0,0
meta-llama-Llama-3.1-8B,functional_group,16,nitro,sulfoxide,0.779568,0,0
meta-llama-Llama-3.1-8B,functional_group,16,nitro,thioether,0.765372,0,0
meta-llama-Llama-3.1-8B,functional_group,16,nitro,thiol,0.730271,0,0
meta-llama-Llama-3.1-8B,functional_group,16,sulfone,sulfoxide,0.942675,1,1
meta-llama-Llama-3.1-8B,functional_group,16,sulfone,thioether,0.735414,1,0
meta-llama-Llama-3.1-8B,functional_group,16,sulfone,thiol,0.736516,1,0
meta-llama-Llama-3.1-8B,functional_group,16,sulfoxide,thioether,0.755633,1,0
meta-llama-Llama-3.1-8B,functional_group,16,sulfoxide,thiol,0.787131,1,0
meta-llama-Llama-3.1-8B,functional_group,16,thioether,thiol,0.861856,1,1
meta-llama-Llama-3.1-8B,functional_group,24,alcohol,aldehyde,0.662426,1,0
meta-llama-Llama-3.1-8B,functional_group,24,alcohol,alkyl bromide,0.461984,0,0
meta-llama-Llama-3.1-8B,functional_group,24,alcohol,alkyl chloride,0.490833,0,0
meta-llama-Llama-3.1-8B,functional_group,24,alcohol,alkyl fluoride,0.348175,0,0
meta-llama-Llama-3.1-8B,functional_group,24,alcohol,alkyl iodide,0.426477,0,0
meta-llama-Llama-3.1-8B,functional_group,24,alcohol,amide,0.536183,0,0
meta-llama-Llama-3.1-8B,functional_group,24,alcohol,amine,0.529741,0,0
meta-llama-Llama-3.1-8B,functional_group,24,alcohol,carboxylic acid,0.586289,1,0
meta-llama-Llama-3.1-8B,functional_group,24,alcohol,ester,0.675524,1,0
meta-llama-Llama-3.1-8B,functional_group,24,alcohol,ether,0.798685,1,1
meta-llama-Llama-3.1-8B,functional_group,24,alcohol,imine,0.415232,0,0
meta-llama-Llama-3.1-8B,functional_group,24,alcohol,ketone,0.719498,1,0
meta-llama-Llama-3.1-8B,functional_group,24,alcohol,nitrile,0.331546,0,0
meta-llama-Llama-3.1-8B,functional_group,24,alcohol,nitro,0.569525,0,0
meta-llama-Llama-3.1-8B,functional_group,24,alcohol,sulfone,0.507837,0,0
meta-llama-Llama-3.1-8B,functional_group,24,alcohol,sulfoxide,0.556472,0,0
meta-llama-Llama-3.1-8B,functional_group,24,alcohol,thioether,0.490689,0,1
meta-llama-Llama-3.1-8B,functional_group,24,alcohol,thiol,0.564675,0,1
meta-llama-Llama-3.1-8B,functional_group,24,aldehyde,alkyl bromide,0.35347,0,0
meta-llama-Llama-3.1-8B,functional_group,24,aldehyde,alkyl chloride,0.317922,0,0
meta-llama-Llama-3.1-8B,functional_group,24,aldehyde,alkyl fluoride,0.227795,0,0
meta-llama-Llama-3.1-8B,functional_group,24,aldehyde,alkyl iodide,0.299006,0,0
meta-llama-Llama-3.1-8B,functional_group,24,aldehyde,amide,0.791231,0,1
meta-llama-Llama-3.1-8B,functional_group,24,aldehyde,amine,0.468347,0,0
meta-llama-Llama-3.1-8B,functional_group,24,aldehyde,carboxylic acid,0.786964,1,1
meta-llama-Llama-3.1-8B,functional_group,24,aldehyde,ester,0.793934,1,1
meta-llama-Llama-3.1-8B,functional_group,24,aldehyde,ether,0.486095,1,0
meta-llama-Llama-3.1-8B,functional_group,24,aldehyde,imine,0.64042,0,0
meta-llama-Llama-3.1-8B,functional_group,24,aldehyde,ketone,0.835256,1,1
meta-llama-Llama-3.1-8B,functional_group,24,aldehyde,nitrile,0.617701,0,0
meta-llama-Llama-3.1-8B,functional_group,24,aldehyde,nitro,0.59772,0,0
meta-llama-Llama-3.1-8B,functional_group,24,aldehyde,sulfone,0.538412,0,0
meta-llama-Llama-3.1-8B,functional_group,24,aldehyde,sulfoxide,0.535145,0,0
meta-llama-Llama-3.1-8B,functional_group,24,aldehyde,thioether,0.338407,0,0
meta-llama-Llama-3.1-8B,functional_group,24,aldehyde,thiol,0.460193,0,0
meta-llama-Llama-3.1-8B,functional_group,24,alkyl bromide,alkyl chloride,0.878932,1,1
meta-llama-Llama-3.1-8B,functional_group,24,alkyl bromide,alkyl fluoride,0.658368,1,1
meta-llama-Llama-3.1-8B,functional_group,24,alkyl bromide,alkyl iodide,0.853478,1,1
meta-llama-Llama-3.1-8B,functional_group,24,alkyl bromide,amide,0.327259,0,0
meta-llama-Llama-3.1-8B,functional_group,24,alkyl bromide,amine,0.422565,0,0
meta-llama-Llama-3.1-8B,functional_group,24,alkyl bromide,carboxylic acid,0.285807,0,0
meta-llama-Llama-3.1-8B,functional_group,24,alkyl bromide,ester,0.380852,0,0
meta-llama-Llama-3.1-8B,functional_group,24,alkyl bromide,ether,0.532534,0,0
meta-llama-Llama-3.1-8B,functional_group,24,alkyl bromide,imine,0.365414,0,0
meta-llama-Llama-3.1-8B,functional_group,24,alkyl bromide,ketone,0.305911,0,0
meta-llama-Llama-3.1-8B,functional_group,24,alkyl bromide,nitrile,0.324047,0,0
meta-llama-Llama-3.1-8B,functional_group,24,alkyl bromide,nitro,0.496293,0,0
meta-llama-Llama-3.1-8B,functional_group,24,alkyl bromide,sulfone,0.394195,0,0
meta-llama-Llama-3.1-8B,functional_group,24,alkyl bromide,sulfoxide,0.421537,0,0
meta-llama-Llama-3.1-8B,functional_group,24,alkyl bromide,thioether,0.532302,0,0
meta-llama-Llama-3.1-8B,functional_group,24,alkyl bromide,thiol,0.488918,0,0
meta-llama-Llama-3.1-8B,functional_group,24,alkyl chloride,alkyl fluoride,0.725444,1,1
meta-llama-Llama-3.1-8B,functional_group,24,alkyl chloride,alkyl iodide,0.855083,1,1
meta-llama-Llama-3.1-8B,functional_group,24,alkyl chloride,amide,0.344684,0,0
meta-llama-Llama-3.1-8B,functional_group,24,alkyl chloride,amine,0.493223,0,0
meta-llama-Llama-3.1-8B,functional_group,24,alkyl chloride,carboxylic acid,0.283736,0,0
meta-llama-Llama-3.1-8B,functional_group,24,alkyl chloride,ester,0.384213,0,0
meta-llama-Llama-3.1-8B,functional_group,24,alkyl chloride,ether,0.589381,0,0
meta-llama-Llama-3.1-8B,functional_group,24,alkyl chloride,imine,0.392426,0,0
meta-llama-Llama-3.1-8B,functional_group,24,alkyl chloride,ketone,0.317232,0,0
meta-llama-Llama-3.1-8B,functional_group,24,alkyl chloride,nitrile,0.33964,0,0
meta-llama-Llama-3.1-8B,functional_group,24,alkyl chloride,nitro,0.545071,0,0
meta-llama-Llama-3.1-8B,functional_group,24,alkyl chloride,sulfone,0.39215,0,0
meta-llama-Llama-3.1-8B,functional_group,24,alkyl chloride,sulfoxide,0.428826,0,0
meta-llama-Llama-3.1-8B,functional_group,24,alkyl chloride,thioether,0.578664,0,0
meta-llama-Llama-3.1-8B,functional_group,24,alkyl chloride,thiol,0.497833,0,0
meta-llama-Llama-3.1-8B,functional_group,24,alkyl fluoride,alkyl iodide,0.763991,1,1
meta-llama-Llama-3.1-8B,functional_group,24,alkyl fluoride,amide,0.315712,0,0
meta-llama-Llama-3.1-8B,functional_group,24,alkyl fluoride,amine,0.424811,0,0
meta-llama-Llama-3.1-8B,functional_group,24,alkyl fluoride,carboxylic acid,0.25925,0,0
meta-llama-Llama-3.1-8B,functional_group,24,alkyl fluoride,ester,0.36718,0,0
meta-llama-Llama-3.1-8B,functional_group,24,alkyl fluoride,ether,0.55665,0,0
meta-llama-Llama-3.1-8B,functional_group,24,alkyl fluoride,imine,0.400459,0,0
meta-llama-Llama-3.1-8B,functional_group,24,alkyl fluoride,ketone,0.271941,0,0
meta-llama-Llama-3.1-8B,functional_group,24,alkyl fluoride,nitrile,0.380041,0,0
meta-llama-Llama-3.1-8B,functional_group,24,alkyl fluoride,nitro,0.571071,0,0
meta-llama-Llama-3.1-8B,functional_group,24,alkyl fluoride,sulfone,0.472831,0,0
meta-llama-Llama-3.1-8B,functional_group,24,alkyl fluoride,sulfoxide,0.453783,0,0
meta-llama-Llama-3.1-8B,functional_group,24,alkyl fluoride,thioether,0.595105,0,0
meta-llama-Llama-3.1-8B,functional_group,24,alkyl fluoride,thiol,0.45402,0,0
meta-llama-Llama-3.1-8B,functional_group,24,alkyl iodide,amide,0.335895,0,0
meta-llama-Llama-3.1-8B,functional_group,24,alkyl iodide,amine,0.446397,0,0
meta-llama-Llama-3.1-8B,functional_group,24,alkyl iodide,carboxylic acid,0.264165,0,0
meta-llama-Llama-3.1-8B,functional_group,24,alkyl iodide,ester,0.377598,0,0
meta-llama-Llama-3.1-8B,functional_group,24,alkyl iodide,ether,0.585709,0,0
meta-llama-Llama-3.1-8B,functional_group,24,alkyl iodide,imine,0.43661,0,0
meta-llama-Llama-3.1-8B,functional_group,24,alkyl iodide,ketone,0.285715,0,0
meta-llama-Llama-3.1-8B,functional_group,24,alkyl iodide,nitrile,0.353958,0,0
meta-llama-Llama-3.1-8B,functional_group,24,alkyl iodide,nitro,0.567526,0,0
meta-llama-Llama-3.1-8B,functional_group,24,alkyl iodide,sulfone,0.468471,0,0
meta-llama-Llama-3.1-8B,functional_group,24,alkyl iodide,sulfoxide,0.486638,0,0
meta-llama-Llama-3.1-8B,functional_group,24,alkyl iodide,thioether,0.634875,0,0
meta-llama-Llama-3.1-8B,functional_group,24,alkyl iodide,thiol,0.557967,0,0
meta-llama-Llama-3.1-8B,functional_group,24,amide,amine,0.726301,1,0
meta-llama-Llama-3.1-8B,functional_group,24,amide,carboxylic acid,0.775113,0,1
meta-llama-Llama-3.1-8B,functional_group,24,amide,ester,0.760081,0,1
meta-llama-Llama-3.1-8B,functional_group,24,amide,ether,0.466729,0,0
meta-llama-Llama-3.1-8B,functional_group,24,amide,imine,0.780687,1,0
meta-llama-Llama-3.1-8B,functional_group,24,amide,ketone,0.749822,0,1
meta-llama-Llama-3.1-8B,functional_group,24,amide,nitrile,0.753939,1,0
meta-llama-Llama-3.1-8B,functional_group,24,amide,nitro,0.771547,1,0
meta-llama-Llama-3.1-8B,functional_group,24,amide,sulfone,0.651014,0,0
meta-llama-Llama-3.1-8B,functional_group,24,amide,sulfoxide,0.611736,0,0
meta-llama-Llama-3.1-8B,functional_group,24,amide,thioether,0.462556,0,0
meta-llama-Llama-3.1-8B,functional_group,24,amide,thiol,0.510143,0,0
meta-llama-Llama-3.1-8B,functional_group,24,amine,carboxylic acid,0.385014,0,0
meta-llama-Llama-3.1-8B,functional_group,24,amine,ester,0.388507,0,0
meta-llama-Llama-3.1-8B,functional_group,24,amine,ether,0.464097,0,0
meta-llama-Llama-3.1-8B,functional_group,24,amine,imine,0.820769,1,1
meta-llama-Llama-3.1-8B,functional_group,24,amine,ketone,0.451046,0,0
meta-llama-Llama-3.1-8B,functional_group,24,amine,nitrile,0.648842,1,1
meta-llama-Llama-3.1-8B,functional_group,24,amine,nitro,0.728092,1,1
meta-llama-Llama-3.1-8B,functional_group,24,amine,sulfone,0.475799,0,0
meta-llama-Llama-3.1-8B,functional_group,24,amine,sulfoxide,0.498412,0,0
meta-llama-Llama-3.1-8B,functional_group,24,amine,thioether,0.551689,0,0
meta-llama-Llama-3.1-8B,functional_group,24,amine,thiol,0.566214,0,0
meta-llama-Llama-3.1-8B,functional_group,24,carboxylic acid,ester,0.885189,1,1
meta-llama-Llama-3.1-8B,functional_group,24,carboxylic acid,ether,0.433606,1,0
meta-llama-Llama-3.1-8B,functional_group,24,carboxylic acid,imine,0.438703,0,0
meta-llama-Llama-3.1-8B,functional_group,24,carboxylic acid,ketone,0.768525,1,1
meta-llama-Llama-3.1-8B,functional_group,24,carboxylic acid,nitrile,0.544476,0,0
meta-llama-Llama-3.1-8B,functional_group,24,carboxylic acid,nitro,0.601717,0,0
meta-llama-Llama-3.1-8B,functional_group,24,carboxylic acid,sulfone,0.575313,0,0
meta-llama-Llama-3.1-8B,functional_group,24,carboxylic acid,sulfoxide,0.512548,0,0
meta-llama-Llama-3.1-8B,functional_group,24,carboxylic acid,thioether,0.360347,0,0
meta-llama-Llama-3.1-8B,functional_group,24,carboxylic acid,thiol,0.451828,0,0
meta-llama-Llama-3.1-8B,functional_group,24,ester,ether,0.676073,1,0
meta-llama-Llama-3.1-8B,functional_group,24,ester,imine,0.486728,0,0
meta-llama-Llama-3.1-8B,functional_group,24,ester,ketone,0.880576,1,1
meta-llama-Llama-3.1-8B,functional_group,24,ester,nitrile,0.524754,0,0
meta-llama-Llama-3.1-8B,functional_group,24,ester,nitro,0.663208,0,0
meta-llama-Llama-3.1-8B,functional_group,24,ester,sulfone,0.693814,0,0
meta-llama-Llama-3.1-8B,functional_group,24,ester,sulfoxide,0.652826,0,0
meta-llama-Llama-3.1-8B,functional_group,24,ester,thioether,0.489046,0,0
meta-llama-Llama-3.1-8B,functional_group,24,ester,thiol,0.499004,0,0
meta-llama-Llama-3.1-8B,functional_group,24,ether,imine,0.413895,0,0
meta-llama-Llama-3.1-8B,functional_group,24,ether,ketone,0.623401,1,0
meta-llama-Llama-3.1-8B,functional_group,24,ether,nitrile,0.308106,0,0
meta-llama-Llama-3.1-8B,functional_group,24,ether,nitro,0.633413,0,0
meta-llama-Llama-3.1-8B,functional_group,24,ether,sulfone,0.619423,0,0
meta-llama-Llama-3.1-8B,functional_group,24,ether,sulfoxide,0.641309,0,0
meta-llama-Llama-3.1-8B,functional_group,24,ether,thioether,0.655769,0,1
meta-llama-Llama-3.1-8B,functional_group,24,ether,thiol,0.537177,0,1
meta-llama-Llama-3.1-8B,functional_group,24,imine,ketone,0.571039,0,0
meta-llama-Llama-3.1-8B,functional_group,24,imine,nitrile,0.790153,1,1
meta-llama-Llama-3.1-8B,functional_group,24,imine,nitro,0.740728,1,1
meta-llama-Llama-3.1-8B,functional_group,24,imine,sulfone,0.562494,0,0
meta-llama-Llama-3.1-8B,functional_group,24,imine,sulfoxide,0.580528,0,0
meta-llama-Llama-3.1-8B,functional_group,24,imine,thioether,0.532002,0,0
meta-llama-Llama-3.1-8B,functional_group,24,imine,thiol,0.559706,0,0
meta-llama-Llama-3.1-8B,functional_group,24,ketone,nitrile,0.534054,0,0
meta-llama-Llama-3.1-8B,functional_group,24,ketone,nitro,0.649122,0,0
meta-llama-Llama-3.1-8B,functional_group,24,ketone,sulfone,0.631362,0,0
meta-llama-Llama-3.1-8B,functional_group,24,ketone,sulfoxide,0.625376,0,0
meta-llama-Llama-3.1-8B,functional_group,24,ketone,thioether,0.457648,0,0
meta-llama-Llama-3.1-8B,functional_group,24,ketone,thiol,0.510163,0,0
meta-llama-Llama-3.1-8B,functional_group,24,nitrile,nitro,0.708642,1,1
meta-llama-Llama-3.1-8B,functional_group,24,nitrile,sulfone,0.502586,0,0
meta-llama-Llama-3.1-8B,functional_group,24,nitrile,sulfoxide,0.464119,0,0
meta-llama-Llama-3.1-8B,functional_group,24,nitrile,thioether,0.444803,0,0
meta-llama-Llama-3.1-8B,functional_group,24,nitrile,thiol,0.476636,0,0
meta-llama-Llama-3.1-8B,functional_group,24,nitro,sulfone,0.68457,0,0
meta-llama-Llama-3.1-8B,functional_group,24,nitro,sulfoxide,0.647971,0,0
meta-llama-Llama-3.1-8B,functional_group,24,nitro,thioether,0.603199,0,0
meta-llama-Llama-3.1-8B,functional_group,24,nitro,thiol,0.58539,0,0
meta-llama-Llama-3.1-8B,functional_group,24,sulfone,sulfoxide,0.950376,1,1
meta-llama-Llama-3.1-8B,functional_group,24,sulfone,thioether,0.76009,1,0
meta-llama-Llama-3.1-8B,functional_group,24,sulfone,thiol,0.721391,1,0
meta-llama-Llama-3.1-8B,functional_group,24,sulfoxide,thioether,0.788075,1,0
meta-llama-Llama-3.1-8B,functional_group,24,sulfoxide,thiol,0.778318,1,0
meta-llama-Llama-3.1-8B,functional_group,24,thioether,thiol,0.870324,1,1
meta-llama-Llama-3.1-8B,functional_group,31,alcohol,aldehyde,0.644797,1,0
meta-llama-Llama-3.1-8B,functional_group,31,alcohol,alkyl bromide,0.351027,0,0
meta-llama-Llama-3.1-8B,functional_group,31,alcohol,alkyl chloride,0.380599,0,0
meta-llama-Llama-3.1-8B,functional_group,31,alcohol,alkyl fluoride,0.310845,0,0
meta-llama-Llama-3.1-8B,functional_group,31,alcohol,alkyl iodide,0.321271,0,0
meta-llama-Llama-3.1-8B,functional_group,31,alcohol,amide,0.470673,0,0
meta-llama-Llama-3.1-8B,functional_group,31,alcohol,amine,0.443583,0,0
meta-llama-Llama-3.1-8B,functional_group,31,alcohol,carboxylic acid,0.572734,1,0
meta-llama-Llama-3.1-8B,functional_group,31,alcohol,ester,0.601171,1,0
meta-llama-Llama-3.1-8B,functional_group,31,alcohol,ether,0.708723,1,1
meta-llama-Llama-3.1-8B,functional_group,31,alcohol,imine,0.33033,0,0
meta-llama-Llama-3.1-8B,functional_group,31,alcohol,ketone,0.660781,1,0
meta-llama-Llama-3.1-8B,functional_group,31,alcohol,nitrile,0.286008,0,0
meta-llama-Llama-3.1-8B,functional_group,31,alcohol,nitro,0.505734,0,0
meta-llama-Llama-3.1-8B,functional_group,31,alcohol,sulfone,0.477295,0,0
meta-llama-Llama-3.1-8B,functional_group,31,alcohol,sulfoxide,0.507103,0,0
meta-llama-Llama-3.1-8B,functional_group,31,alcohol,thioether,0.375615,0,1
meta-llama-Llama-3.1-8B,functional_group,31,alcohol,thiol,0.488053,0,1
meta-llama-Llama-3.1-8B,functional_group,31,aldehyde,alkyl bromide,0.234056,0,0
meta-llama-Llama-3.1-8B,functional_group,31,aldehyde,alkyl chloride,0.200545,0,0
meta-llama-Llama-3.1-8B,functional_group,31,aldehyde,alkyl fluoride,0.169786,0,0
meta-llama-Llama-3.1-8B,functional_group,31,aldehyde,alkyl iodide,0.196882,0,0
meta-llama-Llama-3.1-8B,functional_group,31,aldehyde,amide,0.702919,0,1
meta-llama-Llama-3.1-8B,functional_group,31,aldehyde,amine,0.390634,0,0
meta-llama-Llama-3.1-8B,functional_group,31,aldehyde,carboxylic acid,0.761453,1,1
meta-llama-Llama-3.1-8B,functional_group,31,aldehyde,ester,0.707839,1,1
meta-llama-Llama-3.1-8B,functional_group,31,aldehyde,ether,0.420299,1,0
meta-llama-Llama-3.1-8B,functional_group,31,aldehyde,imine,0.501695,0,0
meta-llama-Llama-3.1-8B,functional_group,31,aldehyde,ketone,0.771103,1,1
meta-llama-Llama-3.1-8B,functional_group,31,aldehyde,nitrile,0.507721,0,0
meta-llama-Llama-3.1-8B,functional_group,31,aldehyde,nitro,0.497179,0,0
meta-llama-Llama-3.1-8B,functional_group,31,aldehyde,sulfone,0.4179,0,0
meta-llama-Llama-3.1-8B,functional_group,31,aldehyde,sulfoxide,0.421284,0,0
meta-llama-Llama-3.1-8B,functional_group,31,aldehyde,thioether,0.18918,0,0
meta-llama-Llama-3.1-8B,functional_group,31,aldehyde,thiol,0.348011,0,0
meta-llama-Llama-3.1-8B,functional_group,31,alkyl bromide,alkyl chloride,0.68445,1,1
meta-llama-Llama-3.1-8B,functional_group,31,alkyl bromide,alkyl fluoride,0.447156,1,1
meta-llama-Llama-3.1-8B,functional_group,31,alkyl bromide,alkyl iodide,0.657799,1,1
meta-llama-Llama-3.1-8B,functional_group,31,alkyl bromide,amide,0.180076,0,0
meta-llama-Llama-3.1-8B,functional_group,31,alkyl bromide,amine,0.267963,0,0
meta-llama-Llama-3.1-8B,functional_group,31,alkyl bromide,carboxylic acid,0.212802,0,0
meta-llama-Llama-3.1-8B,functional_group,31,alkyl bromide,ester,0.268841,0,0
meta-llama-Llama-3.1-8B,functional_group,31,alkyl bromide,ether,0.390393,0,0
meta-llama-Llama-3.1-8B,functional_group,31,alkyl bromide,imine,0.214475,0,0
meta-llama-Llama-3.1-8B,functional_group,31,alkyl bromide,ketone,0.172389,0,0
meta-llama-Llama-3.1-8B,functional_group,31,alkyl bromide,nitrile,0.192782,0,0
meta-llama-Llama-3.1-8B,functional_group,31,alkyl bromide,nitro,0.308427,0,0
meta-llama-Llama-3.1-8B,functional_group,31,alkyl bromide,sulfone,0.253074,0,0
meta-llama-Llama-3.1-8B,functional_group,31,alkyl bromide,sulfoxide,0.264136,0,0
meta-llama-Llama-3.1-8B,functional_group,31,alkyl bromide,thioether,0.3244,0,0
meta-llama-Llama-3.1-8B,functional_group,31,alkyl bromide,thiol,0.30764,0,0
meta-llama-Llama-3.1-8B,functional_group,31,alkyl chloride,alkyl fluoride,0.565062,1,1
meta-llama-Llama-3.1-8B,functional_group,31,alkyl chloride,alkyl iodide,0.640938,1,1
meta-llama-Llama-3.1-8B,functional_group,31,alkyl chloride,amide,0.182384,0,0
meta-llama-Llama-3.1-8B,functional_group,31,alkyl chloride,amine,0.319073,0,0
meta-llama-Llama-3.1-8B,functional_group,31,alkyl chloride,carboxylic acid,0.22129,0,0
meta-llama-Llama-3.1-8B,functional_group,31,alkyl chloride,ester,0.276218,0,0
meta-llama-Llama-3.1-8B,functional_group,31,alkyl chloride,ether,0.442834,0,0
meta-llama-Llama-3.1-8B,functional_group,31,alkyl chloride,imine,0.234736,0,0
meta-llama-Llama-3.1-8B,functional_group,31,alkyl chloride,ketone,0.19234,0,0
meta-llama-Llama-3.1-8B,functional_group,31,alkyl chloride,nitrile,0.210122,0,0
meta-llama-Llama-3.1-8B,functional_group,31,alkyl chloride,nitro,0.348184,0,0
meta-llama-Llama-3.1-8B,functional_group,31,alkyl chloride,sulfone,0.252763,0,0
meta-llama-Llama-3.1-8B,functional_group,31,alkyl chloride,sulfoxide,0.265775,0,0
meta-llama-Llama-3.1-8B,functional_group,31,alkyl chloride,thioether,0.390017,0,0
meta-llama-Llama-3.1-8B,functional_group,31,alkyl chloride,thiol,0.325512,0,0
meta-llama-Llama-3.1-8B,functional_group,31,alkyl fluoride,alkyl iodide,0.536845,1,1
meta-llama-Llama-3.1-8B,functional_group,31,alkyl fluoride,amide,0.236527,0,0
meta-llama-Llama-3.1-8B,functional_group,31,alkyl fluoride,amine,0.364809,0,0
meta-llama-Llama-3.1-8B,functional_group,31,alkyl fluoride,carboxylic acid,0.244047,0,0
meta-llama-Llama-3.1-8B,functional_group,31,alkyl fluoride,ester,0.341804,0,0
meta-llama-Llama-3.1-8B,functional_group,31,alkyl fluoride,ether,0.471952,0,0
meta-llama-Llama-3.1-8B,functional_group,31,alkyl fluoride,imine,0.296916,0,0
meta-llama-Llama-3.1-8B,functional_group,31,alkyl fluoride,ketone,0.260472,0,0
meta-llama-Llama-3.1-8B,functional_group,31,alkyl fluoride,nitrile,0.31717,0,0
meta-llama-Llama-3.1-8B,functional_group,31,alkyl fluoride,nitro,0.446503,0,0
meta-llama-Llama-3.1-8B,functional_group,31,alkyl fluoride,sulfone,0.392528,0,0
meta-llama-Llama-3.1-8B,functional_group,31,alkyl fluoride,sulfoxide,0.330061,0,0
meta-llama-Llama-3.1-8B,functional_group,31,alkyl fluoride,thioether,0.490141,0,0
meta-llama-Llama-3.1-8B,functional_group,31,alkyl fluoride,thiol,0.37326,0,0
meta-llama-Llama-3.1-8B,functional_group,31,alkyl iodide,amide,0.226496,0,0
meta-llama-Llama-3.1-8B,functional_group,31,alkyl iodide,amine,0.335487,0,0
meta-llama-Llama-3.1-8B,functional_group,31,alkyl iodide,carboxylic acid,0.219889,0,0
meta-llama-Llama-3.1-8B,functional_group,31,alkyl iodide,ester,0.290414,0,0
meta-llama-Llama-3.1-8B,functional_group,31,alkyl iodide,ether,0.419759,0,0
meta-llama-Llama-3.1-8B,functional_group,31,alkyl iodide,imine,0.38125,0,0
meta-llama-Llama-3.1-8B,functional_group,31,alkyl iodide,ketone,0.201868,0,0
meta-llama-Llama-3.1-8B,functional_group,31,alkyl iodide,nitrile,0.283575,0,0
meta-llama-Llama-3.1-8B,functional_group,31,alkyl iodide,nitro,0.367256,0,0
meta-llama-Llama-3.1-8B,functional_group,31,alkyl iodide,sulfone,0.330196,0,0
meta-llama-Llama-3.1-8B,functional_group,31,alkyl iodide,sulfoxide,0.32054,0,0
meta-llama-Llama-3.1-8B,functional_group,31,alkyl iodide,thioether,0.408304,0,0
meta-llama-Llama-3.1-8B,functional_group,31,alkyl iodide,thiol,0.409514,0,0
meta-llama-Llama-3.1-8B,functional_group,31,amide,amine,0.72828,1,0
meta-llama-Llama-3.1-8B,functional_group,31,amide,carboxylic acid,0.712795,0,1
meta-llama-Llama-3.1-8B,functional_group,31,amide,ester,0.635907,0,1
meta-llama-Llama-3.1-8B,functional_group,31,amide,ether,0.37396,0,0
meta-llama-Llama-3.1-8B,functional_group,31,amide,imine,0.714332,1,0
meta-llama-Llama-3.1-8B,functional_group,31,amide,ketone,0.648998,0,1
meta-llama-Llama-3.1-8B,functional_group,31,amide,nitrile,0.699288,1,0
meta-llama-Llama-3.1-8B,functional_group,31,amide,nitro,0.716158,1,0
meta-llama-Llama-3.1-8B,functional_group,31,amide,sulfone,0.491688,0,0
meta-llama-Llama-3.1-8B,functional_group,31,amide,sulfoxide,0.459363,0,0
meta-llama-Llama-3.1-8B,functional_group,31,amide,thioether,0.305421,0,0
meta-llama-Llama-3.1-8B,functional_group,31,amide,thiol,0.401565,0,0
meta-llama-Llama-3.1-8B,functional_group,31,amine,carboxylic acid,0.347063,0,0
meta-llama-Llama-3.1-8B,functional_group,31,amine,ester,0.338478,0,0
meta-llama-Llama-3.1-8B,functional_group,31,amine,ether,0.389413,0,0
meta-llama-Llama-3.1-8B,functional_group,31,amine,imine,0.791801,1,1
meta-llama-Llama-3.1-8B,functional_group,31,amine,ketone,0.420036,0,0
meta-llama-Llama-3.1-8B,functional_group,31,amine,nitrile,0.634669,1,1
meta-llama-Llama-3.1-8B,functional_group,31,amine,nitro,0.675848,1,1
meta-llama-Llama-3.1-8B,functional_group,31,amine,sulfone,0.425673,0,0
meta-llama-Llama-3.1-8B,functional_group,31,amine,sulfoxide,0.421399,0,0
meta-llama-Llama-3.1-8B,functional_group,31,amine,thioether,0.45674,0,0
meta-llama-Llama-3.1-8B,functional_group,31,amine,thiol,0.497831,0,0
meta-llama-Llama-3.1-8B,functional_group,31,carboxylic acid,ester,0.803861,1,1
meta-llama-Llama-3.1-8B,functional_group,31,carboxylic acid,ether,0.408249,1,0
meta-llama-Llama-3.1-8B,functional_group,31,carboxylic acid,imine,0.35654,0,0
meta-llama-Llama-3.1-8B,functional_group,31,carboxylic acid,ketone,0.694683,1,1
meta-llama-Llama-3.1-8B,functional_group,31,carboxylic acid,nitrile,0.451544,0,0
meta-llama-Llama-3.1-8B,functional_group,31,carboxylic acid,nitro,0.529283,0,0
meta-llama-Llama-3.1-8B,functional_group,31,carboxylic acid,sulfone,0.477748,0,0
meta-llama-Llama-3.1-8B,functional_group,31,carboxylic acid,sulfoxide,0.43863,0,0
meta-llama-Llama-3.1-8B,functional_group,31,carboxylic acid,thioether,0.266721,0,0
meta-llama-Llama-3.1-8B,functional_group,31,carboxylic acid,thiol,0.395563,0,0
meta-llama-Llama-3.1-8B,functional_group,31,ester,ether,0.702502,1,0
meta-llama-Llama-3.1-8B,functional_group,31,ester,imine,0.387406,0,0
meta-llama-Llama-3.1-8B,functional_group,31,ester,ketone,0.809487,1,1
meta-llama-Llama-3.1-8B,functional_group,31,ester,nitrile,0.450007,0,0
meta-llama-Llama-3.1-8B,functional_group,31,ester,nitro,0.561721,0,0
meta-llama-Llama-3.1-8B,functional_group,31,ester,sulfone,0.612872,0,0
meta-llama-Llama-3.1-8B,functional_group,31,ester,sulfoxide,0.570243,0,0
meta-llama-Llama-3.1-8B,functional_group,31,ester,thioether,0.446819,0,0
meta-llama-Llama-3.1-8B,functional_group,31,ester,thiol,0.434751,0,0
meta-llama-Llama-3.1-8B,functional_group,31,ether,imine,0.341583,0,0
meta-llama-Llama-3.1-8B,functional_group,31,ether,ketone,0.565029,1,0
meta-llama-Llama-3.1-8B,functional_group,31,ether,nitrile,0.280864,0,0
meta-llama-Llama-3.1-8B,functional_group,31,ether,nitro,0.526011,0,0
meta-llama-Llama-3.1-8B,functional_group,31,ether,sulfone,0.577414,0,0
meta-llama-Llama-3.1-8B,functional_group,31,ether,sulfoxide,0.579036,0,0
meta-llama-Llama-3.1-8B,functional_group,31,ether,thioether,0.613361,0,1
meta-llama-Llama-3.1-8B,functional_group,31,ether,thiol,0.470246,0,1
meta-llama-Llama-3.1-8B,functional_group,31,imine,ketone,0.460284,0,0
meta-llama-Llama-3.1-8B,functional_group,31,imine,nitrile,0.715364,1,1
meta-llama-Llama-3.1-8B,functional_group,31,imine,nitro,0.638404,1,1
meta-llama-Llama-3.1-8B,functional_group,31,imine,sulfone,0.423292,0,0
meta-llama-Llama-3.1-8B,functional_group,31,imine,sulfoxide,0.420286,0,0
meta-llama-Llama-3.1-8B,functional_group,31,imine,thioether,0.383602,0,0
meta-llama-Llama-3.1-8B,functional_group,31,imine,thiol,0.429089,0,0
meta-llama-Llama-3.1-8B,functional_group,31,ketone,nitrile,0.449824,0,0
meta-llama-Llama-3.1-8B,functional_group,31,ketone,nitro,0.576316,0,0
meta-llama-Llama-3.1-8B,functional_group,31,ketone,sulfone,0.578399,0,0
meta-llama-Llama-3.1-8B,functional_group,31,ketone,sulfoxide,0.556134,0,0
meta-llama-Llama-3.1-8B,functional_group,31,ketone,thioether,0.374865,0,0
meta-llama-Llama-3.1-8B,functional_group,31,ketone,thiol,0.45658,0,0
meta-llama-Llama-3.1-8B,functional_group,31,nitrile,nitro,0.697431,1,1
meta-llama-Llama-3.1-8B,functional_group,31,nitrile,sulfone,0.387908,0,0
meta-llama-Llama-3.1-8B,functional_group,31,nitrile,sulfoxide,0.343654,0,0
meta-llama-Llama-3.1-8B,functional_group,31,nitrile,thioether,0.327712,0,0
meta-llama-Llama-3.1-8B,functional_group,31,nitrile,thiol,0.374743,0,0
meta-llama-Llama-3.1-8B,functional_group,31,nitro,sulfone,0.555365,0,0
meta-llama-Llama-3.1-8B,functional_group,31,nitro,sulfoxide,0.506743,0,0
meta-llama-Llama-3.1-8B,functional_group,31,nitro,thioether,0.45518,0,0
meta-llama-Llama-3.1-8B,functional_group,31,nitro,thiol,0.469311,0,0
meta-llama-Llama-3.1-8B,functional_group,31,sulfone,sulfoxide,0.955948,1,1
meta-llama-Llama-3.1-8B,functional_group,31,sulfone,thioether,0.783342,1,0
meta-llama-Llama-3.1-8B,functional_group,31,sulfone,thiol,0.769598,1,0
meta-llama-Llama-3.1-8B,functional_group,31,sulfoxide,thioether,0.776133,1,0
meta-llama-Llama-3.1-8B,functional_group,31,sulfoxide,thiol,0.791786,1,0
meta-llama-Llama-3.1-8B,functional_group,31,thioether,thiol,0.824878,1,1
phenixace-Chem-R-Faithful,functional_group,0,alcohol,aldehyde,0.669862,1,0
phenixace-Chem-R-Faithful,functional_group,0,alcohol,alkyl bromide,0.746773,0,0
phenixace-Chem-R-Faithful,functional_group,0,alcohol,alkyl chloride,0.747758,0,0
phenixace-Chem-R-Faithful,functional_group,0,alcohol,alkyl fluoride,0.820334,0,0
phenixace-Chem-R-Faithful,functional_group,0,alcohol,alkyl iodide,0.729379,0,0
phenixace-Chem-R-Faithful,functional_group,0,alcohol,amide,0.57442,0,0
phenixace-Chem-R-Faithful,functional_group,0,alcohol,amine,0.924018,0,0
phenixace-Chem-R-Faithful,functional_group,0,alcohol,carboxylic acid,0.624202,1,0
phenixace-Chem-R-Faithful,functional_group,0,alcohol,ester,0.764424,1,0
phenixace-Chem-R-Faithful,functional_group,0,alcohol,ether,0.770416,1,1
phenixace-Chem-R-Faithful,functional_group,0,alcohol,imine,0.596773,0,0
phenixace-Chem-R-Faithful,functional_group,0,alcohol,ketone,0.799583,1,0
phenixace-Chem-R-Faithful,functional_group,0,alcohol,nitrile,0.173669,0,0
phenixace-Chem-R-Faithful,functional_group,0,alcohol,nitro,0.655142,0,0
phenixace-Chem-R-Faithful,functional_group,0,alcohol,sulfone,0.805348,0,0
phenixace-Chem-R-Faithful,functional_group,0,alcohol,sulfoxide,0.771585,0,0
phenixace-Chem-R-Faithful,functional_group,0,alcohol,thioether,0.771195,0,1
phenixace-Chem-R-Faithful,functional_group,0,alcohol,thiol,0.85695,0,1
phenixace-Chem-R-Faithful,functional_group,0,aldehyde,alkyl bromide,0.527647,0,0
phenixace-Chem-R-Faithful,functional_group,0,aldehyde,alkyl chloride,0.525309,0,0
phenixace-Chem-R-Faithful,functional_group,0,aldehyde,alkyl fluoride,0.56206,0,0
phenixace-Chem-R-Faithful,functional_group,0,aldehyde,alkyl iodide,0.508839,0,0
phenixace-Chem-R-Faithful,functional_group,0,aldehyde,amide,0.709318,0,1
phenixace-Chem-R-Faithful,functional_group,0,aldehyde,amine,0.626817,0,0
phenixace-Chem-R-Faithful,functional_group,0,aldehyde,carboxylic acid,0.6901,1,1
phenixace-Chem-R-Faithful,functional_group,0,aldehyde,ester,0.675299,1,1
phenixace-Chem-R-Faithful,functional_group,0,aldehyde,ether,0.527305,1,0
phenixace-Chem-R-Faithful,functional_group,0,aldehyde,imine,0.650851,0,0
phenixace-Chem-R-Faithful,functional_group,0,aldehyde,ketone,0.6897,1,1
phenixace-Chem-R-Faithful,functional_group,0,aldehyde,nitrile,0.266216,0,0
phenixace-Chem-R-Faithful,functional_group,0,aldehyde,nitro,0.71815,0,0
phenixace-Chem-R-Faithful,functional_group,0,aldehyde,sulfone,0.749604,0,0
phenixace-Chem-R-Faithful,functional_group,0,aldehyde,sulfoxide,0.631425,0,0
phenixace-Chem-R-Faithful,functional_group,0,aldehyde,thioether,0.462374,0,0
phenixace-Chem-R-Faithful,functional_group,0,aldehyde,thiol,0.512055,0,0
phenixace-Chem-R-Faithful,functional_group,0,alkyl bromide,alkyl chloride,0.88495,1,1
phenixace-Chem-R-Faithful,functional_group,0,alkyl bromide,alkyl fluoride,0.914423,1,1
phenixace-Chem-R-Faithful,functional_group,0,alkyl bromide,alkyl iodide,0.84404,1,1
phenixace-Chem-R-Faithful,functional_group,0,alkyl bromide,amide,0.465967,0,0
phenixace-Chem-R-Faithful,functional_group,0,alkyl bromide,amine,0.786995,0,0
phenixace-Chem-R-Faithful,functional_group,0,alkyl bromide,carboxylic acid,0.473871,0,0
phenixace-Chem-R-Faithful,functional_group,0,alkyl bromide,ester,0.629925,0,0
phenixace-Chem-R-Faithful,functional_group,0,alkyl bromide,ether,0.863053,0,0
phenixace-Chem-R-Faithful,functional_group,0,alkyl bromide,imine,0.539107,0,0
phenixace-Chem-R-Faithful,functional_group,0,alkyl bromide,ketone,0.591567,0,0
phenixace-Chem-R-Faithful,functional_group,0,alkyl bromide,nitrile,0.192827,0,0
phenixace-Chem-R-Faithful,functional_group,0,alkyl bromide,nitro,0.50371,0,0
phenixace-Chem-R-Faithful,functional_group,0,alkyl bromide,sulfone,0.665391,0,0
phenixace-Chem-R-Faithful,functional_group,0,alkyl bromide,sulfoxide,0.671996,0,0
phenixace-Chem-R-Faithful,functional_group,0,alkyl bromide,thioether,0.786833,0,0
phenixace-Chem-R-Faithful,functional_group,0,alkyl bromide,thiol,0.780566,0,0
phenixace-Chem-R-Faithful,functional_group,0,alkyl chloride,alkyl fluoride,0.898059,1,1
phenixace-Chem-R-Faithful,functional_group,0,alkyl chloride,alkyl iodide,0.752926,1,1
phenixace-Chem-R-Faithful,functional_group,0,alkyl chloride,amide,0.531154,0,0
phenixace-Chem-R-Faithful,functional_group,0,alkyl chloride,amine,0.763649,0,0
phenixace-Chem-R-Faithful,functional_group,0,alkyl chloride,carboxylic acid,0.570581,0,0
phenixace-Chem-R-Faithful,functional_group,0,alkyl chloride,ester,0.641347,0,0
phenixace-Chem-R-Faithful,functional_group,0,alkyl chloride,ether,0.801746,0,0
phenixace-Chem-R-Faithful,functional_group,0,alkyl chloride,imine,0.603073,0,0
phenixace-Chem-R-Faithful,functional_group,0,alkyl chloride,ketone,0.5913,0,0
phenixace-Chem-R-Faithful,functional_group,0,alkyl chloride,nitrile,0.164124,0,0
phenixace-Chem-R-Faithful,functional_group,0,alkyl chloride,nitro,0.54831,0,0
phenixace-Chem-R-Faithful,functional_group,0,alkyl chloride,sulfone,0.700231,0,0
phenixace-Chem-R-Faithful,functional_group,0,alkyl chloride,sulfoxide,0.686535,0,0
phenixace-Chem-R-Faithful,functional_group,0,alkyl chloride,thioether,0.8154,0,0
phenixace-Chem-R-Faithful,functional_group,0,alkyl chloride,thiol,0.725754,0,0
phenixace-Chem-R-Faithful,functional_group,0,alkyl fluoride,alkyl iodide,0.85297,1,1
phenixace-Chem-R-Faithful,functional_group,0,alkyl fluoride,amide,0.481905,0,0
phenixace-Chem-R-Faithful,functional_group,0,alkyl fluoride,amine,0.826565,0,0
phenixace-Chem-R-Faithful,functional_group,0,alkyl fluoride,carboxylic acid,0.498793,0,0
phenixace-Chem-R-Faithful,functional_group,0,alkyl fluoride,ester,0.645686,0,0
phenixace-Chem-R-Faithful,functional_group,0,alkyl fluoride,ether,0.845875,0,0
phenixace-Chem-R-Faithful,functional_group,0,alkyl fluoride,imine,0.576574,0,0
phenixace-Chem-R-Faithful,functional_group,0,alkyl fluoride,ketone,0.634617,0,0
phenixace-Chem-R-Faithful,functional_group,0,alkyl fluoride,nitrile,0.198289,0,0
phenixace-Chem-R-Faithful,functional_group,0,alkyl fluoride,nitro,0.57462,0,0
phenixace-Chem-R-Faithful,functional_group,0,alkyl fluoride,sulfone,0.691019,0,0
phenixace-Chem-R-Faithful,functional_group,0,alkyl fluoride,sulfoxide,0.685948,0,0
phenixace-Chem-R-Faithful,functional_group,0,alkyl fluoride,thioether,0.794777,0,0
phenixace-Chem-R-Faithful,functional_group,0,alkyl fluoride,thiol,0.784372,0,0
phenixace-Chem-R-Faithful,functional_group,0,alkyl iodide,amide,0.363242,0,0
phenixace-Chem-R-Faithful,functional_group,0,alkyl iodide,amine,0.730106,0,0
phenixace-Chem-R-Faithful,functional_group,0,alkyl iodide,carboxylic acid,0.361239,0,0
phenixace-Chem-R-Faithful,functional_group,0,alkyl iodide,ester,0.559979,0,0
phenixace-Chem-R-Faithful,functional_group,0,alkyl iodide,ether,0.86438,0,0
phenixace-Chem-R-Faithful,functional_group,0,alkyl iodide,imine,0.41515,0,0
phenixace-Chem-R-Faithful,functional_group,0,alkyl iodide,ketone,0.528365,0,0
phenixace-Chem-R-Faithful,functional_group,0,alkyl iodide,nitrile,0.217561,0,0
phenixace-Chem-R-Faithful,functional_group,0,alkyl iodide,nitro,0.506686,0,0
phenixace-Chem-R-Faithful,functional_group,0,alkyl iodide,sulfone,0.595192,0,0
phenixace-Chem-R-Faithful,functional_group,0,alkyl iodide,sulfoxide,0.573304,0,0
phenixace-Chem-R-Faithful,functional_group,0,alkyl iodide,thioether,0.711996,0,0
phenixace-Chem-R-Faithful,functional_group,0,alkyl iodide,thiol,0.692836,0,0
phenixace-Chem-R-Faithful,functional_group,0,amide,amine,0.613937,1,0
phenixace-Chem-R-Faithful,functional_group,0,amide,carboxylic acid,0.952444,0,1
phenixace-Chem-R-Faithful,functional_group,0,amide,ester,0.706502,0,1
phenixace-Chem-R-Faithful,functional_group,0,amide,ether,0.432286,0,0
phenixace-Chem-R-Faithful,functional_group,0,amide,imine,0.771796,1,0
phenixace-Chem-R-Faithful,functional_group,0,amide,ketone,0.694902,0,1
phenixace-Chem-R-Faithful,functional_group,0,amide,nitrile,0.196429,1,0
phenixace-Chem-R-Faithful,functional_group,0,amide,nitro,0.706483,1,0
phenixace-Chem-R-Faithful,functional_group,0,amide,sulfone,0.716053,0,0
phenixace-Chem-R-Faithful,functional_group,0,amide,sulfoxide,0.690749,0,0
phenixace-Chem-R-Faithful,functional_group,0,amide,thioether,0.515166,0,0
phenixace-Chem-R-Faithful,functional_group,0,amide,thiol,0.515681,0,0
phenixace-Chem-R-Faithful,functional_group,0,amine,carboxylic acid,0.605155,0,0
phenixace-Chem-R-Faithful,functional_group,0,amine,ester,0.756784,0,0
phenixace-Chem-R-Faithful,functional_group,0,amine,ether,0.802496,0,0
phenixace-Chem-R-Faithful,functional_group,0,amine,imine,0.625141,1,1
phenixace-Chem-R-Faithful,functional_group,0,amine,ketone,0.773266,0,0
phenixace-Chem-R-Faithful,functional_group,0,amine,nitrile,0.157235,1,1
phenixace-Chem-R-Faithful,functional_group,0,amine,nitro,0.639398,1,1
phenixace-Chem-R-Faithful,functional_group,0,amine,sulfone,0.805691,0,0
phenixace-Chem-R-Faithful,functional_group,0,amine,sulfoxide,0.788527,0,0
phenixace-Chem-R-Faithful,functional_group,0,amine,thioether,0.80936,0,0
phenixace-Chem-R-Faithful,functional_group,0,amine,thiol,0.880815,0,0
phenixace-Chem-R-Faithful,functional_group,0,carboxylic acid,ester,0.714402,1,1
phenixace-Chem-R-Faithful,functional_group,0,carboxylic acid,ether,0.45291,1,0
phenixace-Chem-R-Faithful,functional_group,0,carboxylic acid,imine,0.736294,0,0
phenixace-Chem-R-Faithful,functional_group,0,carboxylic acid,ketone,0.698635,1,1
phenixace-Chem-R-Faithful,functional_group,0,carboxylic acid,nitrile,0.169099,0,0
phenixace-Chem-R-Faithful,functional_group,0,carboxylic acid,nitro,0.653018,0,0
phenixace-Chem-R-Faithful,functional_group,0,carboxylic acid,sulfone,0.733875,0,0
phenixace-Chem-R-Faithful,functional_group,0,carboxylic acid,sulfoxide,0.70218,0,0
phenixace-Chem-R-Faithful,functional_group,0,carboxylic acid,thioether,0.559727,0,0
phenixace-Chem-R-Faithful,functional_group,0,carboxylic acid,thiol,0.530849,0,0
phenixace-Chem-R-Faithful,functional_group,0,ester,ether,0.679087,1,0
phenixace-Chem-R-Faithful,functional_group,0,ester,imine,0.610622,0,0
phenixace-Chem-R-Faithful,functional_group,0,ester,ketone,0.951238,1,1
phenixace-Chem-R-Faithful,functional_group,0,ester,nitrile,0.155023,0,0
phenixace-Chem-R-Faithful,functional_group,0,ester,nitro,0.690685,0,0
phenixace-Chem-R-Faithful,functional_group,0,ester,sulfone,0.943421,0,0
phenixace-Chem-R-Faithful,functional_group,0,ester,sulfoxide,0.974038,0,0
phenixace-Chem-R-Faithful,functional_group,0,ester,thioether,0.760916,0,0
phenixace-Chem-R-Faithful,functional_group,0,ester,thiol,0.685093,0,0
phenixace-Chem-R-Faithful,functional_group,0,ether,imine,0.444899,0,0
phenixace-Chem-R-Faithful,functional_group,0,ether,ketone,0.614602,1,0
phenixace-Chem-R-Faithful,functional_group,0,ether,nitrile,0.165298,0,0
phenixace-Chem-R-Faithful,functional_group,0,ether,nitro,0.500598,0,0
phenixace-Chem-R-Faithful,functional_group,0,ether,sulfone,0.719734,0,0
phenixace-Chem-R-Faithful,functional_group,0,ether,sulfoxide,0.703886,0,0
phenixace-Chem-R-Faithful,functional_group,0,ether,thioether,0.840618,0,1
phenixace-Chem-R-Faithful,functional_group,0,ether,thiol,0.76304,0,1
phenixace-Chem-R-Faithful,functional_group,0,imine,ketone,0.622037,0,0
phenixace-Chem-R-Faithful,functional_group,0,imine,nitrile,0.247417,1,1
phenixace-Chem-R-Faithful,functional_group,0,imine,nitro,0.655721,1,1
phenixace-Chem-R-Faithful,functional_group,0,imine,sulfone,0.61995,0,0
phenixace-Chem-R-Faithful,functional_group,0,imine,sulfoxide,0.612775,0,0
phenixace-Chem-R-Faithful,functional_group,0,imine,thioether,0.51996,0,0
phenixace-Chem-R-Faithful,functional_group,0,imine,thiol,0.519206,0,0
phenixace-Chem-R-Faithful,functional_group,0,ketone,nitrile,0.130678,0,0
phenixace-Chem-R-Faithful,functional_group,0,ketone,nitro,0.689972,0,0
phenixace-Chem-R-Faithful,functional_group,0,ketone,sulfone,0.899863,0,0
phenixace-Chem-R-Faithful,functional_group,0,ketone,sulfoxide,0.9232,0,0
phenixace-Chem-R-Faithful,functional_group,0,ketone,thioether,0.669922,0,0
phenixace-Chem-R-Faithful,functional_group,0,ketone,thiol,0.684214,0,0
phenixace-Chem-R-Faithful,functional_group,0,nitrile,nitro,0.338657,1,1
phenixace-Chem-R-Faithful,functional_group,0,nitrile,sulfone,0.176237,0,0
phenixace-Chem-R-Faithful,functional_group,0,nitrile,sulfoxide,0.151105,0,0
phenixace-Chem-R-Faithful,functional_group,0,nitrile,thioether,0.138452,0,0
phenixace-Chem-R-Faithful,functional_group,0,nitrile,thiol,0.14887,0,0
phenixace-Chem-R-Faithful,functional_group,0,nitro,sulfone,0.74526,0,0
phenixace-Chem-R-Faithful,functional_group,0,nitro,sulfoxide,0.6598,0,0
phenixace-Chem-R-Faithful,functional_group,0,nitro,thioether,0.522807,0,0
phenixace-Chem-R-Faithful,functional_group,0,nitro,thiol,0.526759,0,0
phenixace-Chem-R-Faithful,functional_group,0,sulfone,sulfoxide,0.940469,1,1
phenixace-Chem-R-Faithful,functional_group,0,sulfone,thioether,0.800777,1,0
phenixace-Chem-R-Faithful,functional_group,0,sulfone,thiol,0.721346,1,0
phenixace-Chem-R-Faithful,functional_group,0,sulfoxide,thioether,0.805703,1,0
phenixace-Chem-R-Faithful,functional_group,0,sulfoxide,thiol,0.748685,1,0
phenixace-Chem-R-Faithful,functional_group,0,thioether,thiol,0.788745,1,1
phenixace-Chem-R-Faithful,functional_group,8,alcohol,aldehyde,0.593902,1,0
phenixace-Chem-R-Faithful,functional_group,8,alcohol,alkyl bromide,0.586957,0,0
phenixace-Chem-R-Faithful,functional_group,8,alcohol,alkyl chloride,0.569297,0,0
phenixace-Chem-R-Faithful,functional_group,8,alcohol,alkyl fluoride,0.603776,0,0
phenixace-Chem-R-Faithful,functional_group,8,alcohol,alkyl iodide,0.526382,0,0
phenixace-Chem-R-Faithful,functional_group,8,alcohol,amide,0.638988,0,0
phenixace-Chem-R-Faithful,functional_group,8,alcohol,amine,0.843951,0,0
phenixace-Chem-R-Faithful,functional_group,8,alcohol,carboxylic acid,0.682211,1,0
phenixace-Chem-R-Faithful,functional_group,8,alcohol,ester,0.737203,1,0
phenixace-Chem-R-Faithful,functional_group,8,alcohol,ether,0.662293,1,1
phenixace-Chem-R-Faithful,functional_group,8,alcohol,imine,0.644908,0,0
phenixace-Chem-R-Faithful,functional_group,8,alcohol,ketone,0.826625,1,0
phenixace-Chem-R-Faithful,functional_group,8,alcohol,nitrile,0.606957,0,0
phenixace-Chem-R-Faithful,functional_group,8,alcohol,nitro,0.541209,0,0
phenixace-Chem-R-Faithful,functional_group,8,alcohol,sulfone,0.666507,0,0
phenixace-Chem-R-Faithful,functional_group,8,alcohol,sulfoxide,0.676782,0,0
phenixace-Chem-R-Faithful,functional_group,8,alcohol,thioether,0.634641,0,1
phenixace-Chem-R-Faithful,functional_group,8,alcohol,thiol,0.823131,0,1
phenixace-Chem-R-Faithful,functional_group,8,aldehyde,alkyl bromide,0.442338,0,0
phenixace-Chem-R-Faithful,functional_group,8,aldehyde,alkyl chloride,0.441222,0,0
phenixace-Chem-R-Faithful,functional_group,8,aldehyde,alkyl fluoride,0.411288,0,0
phenixace-Chem-R-Faithful,functional_group,8,aldehyde,alkyl iodide,0.451958,0,0
phenixace-Chem-R-Faithful,functional_group,8,aldehyde,amide,0.734573,0,1
phenixace-Chem-R-Faithful,functional_group,8,aldehyde,amine,0.545998,0,0
phenixace-Chem-R-Faithful,functional_group,8,aldehyde,carboxylic acid,0.728161,1,1
phenixace-Chem-R-Faithful,functional_group,8,aldehyde,ester,0.601046,1,1
phenixace-Chem-R-Faithful,functional_group,8,aldehyde,ether,0.384879,1,0
phenixace-Chem-R-Faithful,functional_group,8,aldehyde,imine,0.707149,0,0
phenixace-Chem-R-Faithful,functional_group,8,aldehyde,ketone,0.642734,1,1
phenixace-Chem-R-Faithful,functional_group,8,aldehyde,nitrile,0.630947,0,0
phenixace-Chem-R-Faithful,functional_group,8,aldehyde,nitro,0.437497,0,0
phenixace-Chem-R-Faithful,functional_group,8,aldehyde,sulfone,0.512937,0,0
phenixace-Chem-R-Faithful,functional_group,8,aldehyde,sulfoxide,0.526246,0,0
phenixace-Chem-R-Faithful,functional_group,8,aldehyde,thioether,0.40989,0,0
phenixace-Chem-R-Faithful,functional_group,8,aldehyde,thiol,0.537525,0,0
phenixace-Chem-R-Faithful,functional_group,8,alkyl bromide,alkyl chloride,0.934625,1,1
phenixace-Chem-R-Faithful,functional_group,8,alkyl bromide,alkyl fluoride,0.908105,1,1
phenixace-Chem-R-Faithful,functional_group,8,alkyl bromide,alkyl iodide,0.889607,1,1
phenixace-Chem-R-Faithful,functional_group,8,alkyl bromide,amide,0.4651,0,0
phenixace-Chem-R-Faithful,functional_group,8,alkyl bromide,amine,0.568557,0,0
phenixace-Chem-R-Faithful,functional_group,8,alkyl bromide,carboxylic acid,0.482956,0,0
phenixace-Chem-R-Faithful,functional_group,8,alkyl bromide,ester,0.515118,0,0
phenixace-Chem-R-Faithful,functional_group,8,alkyl bromide,ether,0.795826,0,0
phenixace-Chem-R-Faithful,functional_group,8,alkyl bromide,imine,0.589204,0,0
phenixace-Chem-R-Faithful,functional_group,8,alkyl bromide,ketone,0.548235,0,0
phenixace-Chem-R-Faithful,functional_group,8,alkyl bromide,nitrile,0.529203,0,0
phenixace-Chem-R-Faithful,functional_group,8,alkyl bromide,nitro,0.743439,0,0
phenixace-Chem-R-Faithful,functional_group,8,alkyl bromide,sulfone,0.535013,0,0
phenixace-Chem-R-Faithful,functional_group,8,alkyl bromide,sulfoxide,0.559586,0,0
phenixace-Chem-R-Faithful,functional_group,8,alkyl bromide,thioether,0.758497,0,0
phenixace-Chem-R-Faithful,functional_group,8,alkyl bromide,thiol,0.642335,0,0
phenixace-Chem-R-Faithful,functional_group,8,alkyl chloride,alkyl fluoride,0.913221,1,1
phenixace-Chem-R-Faithful,functional_group,8,alkyl chloride,alkyl iodide,0.868391,1,1
phenixace-Chem-R-Faithful,functional_group,8,alkyl chloride,amide,0.47492,0,0
phenixace-Chem-R-Faithful,functional_group,8,alkyl chloride,amine,0.556154,0,0
phenixace-Chem-R-Faithful,functional_group,8,alkyl chloride,carboxylic acid,0.48868,0,0
phenixace-Chem-R-Faithful,functional_group,8,alkyl chloride,ester,0.481576,0,0
phenixace-Chem-R-Faithful,functional_group,8,alkyl chloride,ether,0.799788,0,0
phenixace-Chem-R-Faithful,functional_group,8,alkyl chloride,imine,0.567211,0,0
phenixace-Chem-R-Faithful,functional_group,8,alkyl chloride,ketone,0.545718,0,0
phenixace-Chem-R-Faithful,functional_group,8,alkyl chloride,nitrile,0.519451,0,0
phenixace-Chem-R-Faithful,functional_group,8,alkyl chloride,nitro,0.740964,0,0
phenixace-Chem-R-Faithful,functional_group,8,alkyl chloride,sulfone,0.518176,0,0
phenixace-Chem-R-Faithful,functional_group,8,alkyl chloride,sulfoxide,0.533698,0,0
phenixace-Chem-R-Faithful,functional_group,8,alkyl chloride,thioether,0.765085,0,0
phenixace-Chem-R-Faithful,functional_group,8,alkyl chloride,thiol,0.608764,0,0
phenixace-Chem-R-Faithful,functional_group,8,alkyl fluoride,alkyl iodide,0.86516,1,1
phenixace-Chem-R-Faithful,functional_group,8,alkyl fluoride,amide,0.456948,0,0
phenixace-Chem-R-Faithful,functional_group,8,alkyl fluoride,amine,0.582225,0,0
phenixace-Chem-R-Faithful,functional_group,8,alkyl fluoride,carboxylic acid,0.458211,0,0
phenixace-Chem-R-Faithful,functional_group,8,alkyl fluoride,ester,0.498858,0,0
phenixace-Chem-R-Faithful,functional_group,8,alkyl fluoride,ether,0.846533,0,0
phenixace-Chem-R-Faithful,functional_group,8,alkyl fluoride,imine,0.557632,0,0
phenixace-Chem-R-Faithful,functional_group,8,alkyl fluoride,ketone,0.555003,0,0
phenixace-Chem-R-Faithful,functional_group,8,alkyl fluoride,nitrile,0.525542,0,0
phenixace-Chem-R-Faithful,functional_group,8,alkyl fluoride,nitro,0.744614,0,0
phenixace-Chem-R-Faithful,functional_group,8,alkyl fluoride,sulfone,0.568964,0,0
phenixace-Chem-R-Faithful,functional_group,8,alkyl fluoride,sulfoxide,0.585692,0,0
phenixace-Chem-R-Faithful,functional_group,8,alkyl fluoride,thioether,0.818215,0,0
phenixace-Chem-R-Faithful,functional_group,8,alkyl fluoride,thiol,0.65902,0,0
phenixace-Chem-R-Faithful,functional_group,8,alkyl iodide,amide,0.427488,0,0
phenixace-Chem-R-Faithful,functional_group,8,alkyl iodide,amine,0.541438,0,0
phenixace-Chem-R-Faithful,functional_group,8,alkyl iodide,carboxylic acid,0.430457,0,0
phenixace-Chem-R-Faithful,functional_group,8,alkyl iodide,ester,0.446714,0,0
phenixace-Chem-R-Faithful,functional_group,8,alkyl iodide,ether,0.756563,0,0
phenixace-Chem-R-Faithful,functional_group,8,alkyl iodide,imine,0.574419,0,0
phenixace-Chem-R-Faithful,functional_group,8,alkyl iodide,ketone,0.471012,0,0
phenixace-Chem-R-Faithful,functional_group,8,alkyl iodide,nitrile,0.460229,0,0
phenixace-Chem-R-Faithful,functional_group,8,alkyl iodide,nitro,0.735191,0,0
phenixace-Chem-R-Faithful,functional_group,8,alkyl iodide,sulfone,0.490433,0,0
phenixace-Chem-R-Faithful,functional_group,8,alkyl iodide,sulfoxide,0.516978,0,0
phenixace-Chem-R-Faithful,functional_group,8,alkyl iodide,thioether,0.69341,0,0
phenixace-Chem-R-Faithful,functional_group,8,alkyl iodide,thiol,0.613248,0,0
phenixace-Chem-R-Faithful,functional_group,8,amide,amine,0.67567,1,0
phenixace-Chem-R-Faithful,functional_group,8,amide,carboxylic acid,0.838102,0,1
phenixace-Chem-R-Faithful,functional_group,8,amide,ester,0.750064,0,1
phenixace-Chem-R-Faithful,functional_group,8,amide,ether,0.470347,0,0
phenixace-Chem-R-Faithful,functional_group,8,amide,imine,0.715744,1,0
phenixace-Chem-R-Faithful,functional_group,8,amide,ketone,0.717098,0,1
phenixace-Chem-R-Faithful,functional_group,8,amide,nitrile,0.68198,1,0
phenixace-Chem-R-Faithful,functional_group,8,amide,nitro,0.540596,1,0
phenixace-Chem-R-Faithful,functional_group,8,amide,sulfone,0.667858,0,0
phenixace-Chem-R-Faithful,functional_group,8,amide,sulfoxide,0.6683,0,0
phenixace-Chem-R-Faithful,functional_group,8,amide,thioether,0.502443,0,0
phenixace-Chem-R-Faithful,functional_group,8,amide,thiol,0.597103,0,0
phenixace-Chem-R-Faithful,functional_group,8,amine,carboxylic acid,0.614686,0,0
phenixace-Chem-R-Faithful,functional_group,8,amine,ester,0.652034,0,0
phenixace-Chem-R-Faithful,functional_group,8,amine,ether,0.629388,0,0
phenixace-Chem-R-Faithful,functional_group,8,amine,imine,0.72396,1,1
phenixace-Chem-R-Faithful,functional_group,8,amine,ketone,0.756015,0,0
phenixace-Chem-R-Faithful,functional_group,8,amine,nitrile,0.605291,1,1
phenixace-Chem-R-Faithful,functional_group,8,amine,nitro,0.54796,1,1
phenixace-Chem-R-Faithful,functional_group,8,amine,sulfone,0.665077,0,0
phenixace-Chem-R-Faithful,functional_group,8,amine,sulfoxide,0.680443,0,0
phenixace-Chem-R-Faithful,functional_group,8,amine,thioether,0.640393,0,0
phenixace-Chem-R-Faithful,functional_group,8,amine,thiol,0.803738,0,0
phenixace-Chem-R-Faithful,functional_group,8,carboxylic acid,ester,0.730875,1,1
phenixace-Chem-R-Faithful,functional_group,8,carboxylic acid,ether,0.428948,1,0
phenixace-Chem-R-Faithful,functional_group,8,carboxylic acid,imine,0.633733,0,0
phenixace-Chem-R-Faithful,functional_group,8,carboxylic acid,ketone,0.732435,1,1
phenixace-Chem-R-Faithful,functional_group,8,carboxylic acid,nitrile,0.65059,0,0
phenixace-Chem-R-Faithful,functional_group,8,carboxylic acid,nitro,0.551633,0,0
phenixace-Chem-R-Faithful,functional_group,8,carboxylic acid,sulfone,0.624389,0,0
phenixace-Chem-R-Faithful,functional_group,8,carboxylic acid,sulfoxide,0.606938,0,0
phenixace-Chem-R-Faithful,functional_group,8,carboxylic acid,thioether,0.452632,0,0
phenixace-Chem-R-Faithful,functional_group,8,carboxylic acid,thiol,0.617313,0,0
phenixace-Chem-R-Faithful,functional_group,8,ester,ether,0.599017,1,0
phenixace-Chem-R-Faithful,functional_group,8,ester,imine,0.668788,0,0
phenixace-Chem-R-Faithful,functional_group,8,ester,ketone,0.782466,1,1
phenixace-Chem-R-Faithful,functional_group,8,ester,nitrile,0.6259,0,0
phenixace-Chem-R-Faithful,functional_group,8,ester,nitro,0.533747,0,0
phenixace-Chem-R-Faithful,functional_group,8,ester,sulfone,0.762263,0,0
phenixace-Chem-R-Faithful,functional_group,8,ester,sulfoxide,0.753165,0,0
phenixace-Chem-R-Faithful,functional_group,8,ester,thioether,0.595536,0,0
phenixace-Chem-R-Faithful,functional_group,8,ester,thiol,0.68598,0,0
phenixace-Chem-R-Faithful,functional_group,8,ether,imine,0.583107,0,0
phenixace-Chem-R-Faithful,functional_group,8,ether,ketone,0.600156,1,0
phenixace-Chem-R-Faithful,functional_group,8,ether,nitrile,0.471746,0,0
phenixace-Chem-R-Faithful,functional_group,8,ether,nitro,0.686118,0,0
phenixace-Chem-R-Faithful,functional_group,8,ether,sulfone,0.610463,0,0
phenixace-Chem-R-Faithful,functional_group,8,ether,sulfoxide,0.623321,0,0
phenixace-Chem-R-Faithful,functional_group,8,ether,thioether,0.857089,0,1
phenixace-Chem-R-Faithful,functional_group,8,ether,thiol,0.677695,0,1
phenixace-Chem-R-Faithful,functional_group,8,imine,ketone,0.669189,0,0
phenixace-Chem-R-Faithful,functional_group,8,imine,nitrile,0.666623,1,1
phenixace-Chem-R-Faithful,functional_group,8,imine,nitro,0.553877,1,1
phenixace-Chem-R-Faithful,functional_group,8,imine,sulfone,0.653957,0,0
phenixace-Chem-R-Faithful,functional_group,8,imine,sulfoxide,0.678917,0,0
phenixace-Chem-R-Faithful,functional_group,8,imine,thioether,0.59893,0,0
phenixace-Chem-R-Faithful,functional_group,8,imine,thiol,0.687972,0,0
phenixace-Chem-R-Faithful,functional_group,8,ketone,nitrile,0.647706,0,0
phenixace-Chem-R-Faithful,functional_group,8,ketone,nitro,0.586951,0,0
phenixace-Chem-R-Faithful,functional_group,8,ketone,sulfone,0.723123,0,0
phenixace-Chem-R-Faithful,functional_group,8,ketone,sulfoxide,0.714522,0,0
phenixace-Chem-R-Faithful,functional_group,8,ketone,thioether,0.617053,0,0
phenixace-Chem-R-Faithful,functional_group,8,ketone,thiol,0.720395,0,0
phenixace-Chem-R-Faithful,functional_group,8,nitrile,nitro,0.510444,1,1
phenixace-Chem-R-Faithful,functional_group,8,nitrile,sulfone,0.580011,0,0
phenixace-Chem-R-Faithful,functional_group,8,nitrile,sulfoxide,0.574389,0,0
phenixace-Chem-R-Faithful,functional_group,8,nitrile,thioether,0.522699,0,0
phenixace-Chem-R-Faithful,functional_group,8,nitrile,thiol,0.613708,0,0
phenixace-Chem-R-Faithful,functional_group,8,nitro,sulfone,0.615466,0,0
phenixace-Chem-R-Faithful,functional_group,8,nitro,sulfoxide,0.595877,0,0
phenixace-Chem-R-Faithful,functional_group,8,nitro,thioether,0.694421,0,0
phenixace-Chem-R-Faithful,functional_group,8,nitro,thiol,0.567616,0,0
phenixace-Chem-R-Faithful,functional_group,8,sulfone,sulfoxide,0.945914,1,1
phenixace-Chem-R-Faithful,functional_group,8,sulfone,thioether,0.69301,1,0
phenixace-Chem-R-Faithful,functional_group,8,sulfone,thiol,0.736528,1,0
phenixace-Chem-R-Faithful,functional_group,8,sulfoxide,thioether,0.697537,1,0
phenixace-Chem-R-Faithful,functional_group,8,sulfoxide,thiol,0.757199,1,0
phenixace-Chem-R-Faithful,functional_group,8,thioether,thiol,0.695789,1,1
phenixace-Chem-R-Faithful,functional_group,16,alcohol,aldehyde,0.702272,1,0
phenixace-Chem-R-Faithful,functional_group,16,alcohol,alkyl bromide,0.601799,0,0
phenixace-Chem-R-Faithful,functional_group,16,alcohol,alkyl chloride,0.609515,0,0
phenixace-Chem-R-Faithful,functional_group,16,alcohol,alkyl fluoride,0.618843,0,0
phenixace-Chem-R-Faithful,functional_group,16,alcohol,alkyl iodide,0.613942,0,0
phenixace-Chem-R-Faithful,functional_group,16,alcohol,amide,0.680019,0,0
phenixace-Chem-R-Faithful,functional_group,16,alcohol,amine,0.7829,0,0
phenixace-Chem-R-Faithful,functional_group,16,alcohol,carboxylic acid,0.713027,1,0
phenixace-Chem-R-Faithful,functional_group,16,alcohol,ester,0.636183,1,0
phenixace-Chem-R-Faithful,functional_group,16,alcohol,ether,0.686763,1,1
phenixace-Chem-R-Faithful,functional_group,16,alcohol,imine,0.572408,0,0
phenixace-Chem-R-Faithful,functional_group,16,alcohol,ketone,0.693121,1,0
phenixace-Chem-R-Faithful,functional_group,16,alcohol,nitrile,0.646407,0,0
phenixace-Chem-R-Faithful,functional_group,16,alcohol,nitro,0.625163,0,0
phenixace-Chem-R-Faithful,functional_group,16,alcohol,sulfone,0.588767,0,0
phenixace-Chem-R-Faithful,functional_group,16,alcohol,sulfoxide,0.641762,0,0
phenixace-Chem-R-Faithful,functional_group,16,alcohol,thioether,0.609303,0,1
phenixace-Chem-R-Faithful,functional_group,16,alcohol,thiol,0.773634,0,1
phenixace-Chem-R-Faithful,functional_group,16,aldehyde,alkyl bromide,0.623491,0,0
phenixace-Chem-R-Faithful,functional_group,16,aldehyde,alkyl chloride,0.593131,0,0
phenixace-Chem-R-Faithful,functional_group,16,aldehyde,alkyl fluoride,0.56642,0,0
phenixace-Chem-R-Faithful,functional_group,16,aldehyde,alkyl iodide,0.61266,0,0
phenixace-Chem-R-Faithful,functional_group,16,aldehyde,amide,0.751416,0,1
phenixace-Chem-R-Faithful,functional_group,16,aldehyde,amine,0.639711,0,0
phenixace-Chem-R-Faithful,functional_group,16,aldehyde,carboxylic acid,0.774445,1,1
phenixace-Chem-R-Faithful,functional_group,16,aldehyde,ester,0.630387,1,1
phenixace-Chem-R-Faithful,functional_group,16,aldehyde,ether,0.547151,1,0
phenixace-Chem-R-Faithful,functional_group,16,aldehyde,imine,0.736304,0,0
phenixace-Chem-R-Faithful,functional_group,16,aldehyde,ketone,0.724572,1,1
phenixace-Chem-R-Faithful,functional_group,16,aldehyde,nitrile,0.76773,0,0
phenixace-Chem-R-Faithful,functional_group,16,aldehyde,nitro,0.620507,0,0
phenixace-Chem-R-Faithful,functional_group,16,aldehyde,sulfone,0.59591,0,0
phenixace-Chem-R-Faithful,functional_group,16,aldehyde,sulfoxide,0.656439,0,0
phenixace-Chem-R-Faithful,functional_group,16,aldehyde,thioether,0.564301,0,0
phenixace-Chem-R-Faithful,functional_group,16,aldehyde,thiol,0.662418,0,0
phenixace-Chem-R-Faithful,functional_group,16,alkyl bromide,alkyl chloride,0.952228,1,1
phenixace-Chem-R-Faithful,functional_group,16,alkyl bromide,alkyl fluoride,0.893989,1,1
phenixace-Chem-R-Faithful,functional_group,16,alkyl bromide,alkyl iodide,0.937714,1,1
phenixace-Chem-R-Faithful,functional_group,16,alkyl bromide,amide,0.534066,0,0
phenixace-Chem-R-Faithful,functional_group,16,alkyl bromide,amine,0.590359,0,0
phenixace-Chem-R-Faithful,functional_group,16,alkyl bromide,carboxylic acid,0.553256,0,0
phenixace-Chem-R-Faithful,functional_group,16,alkyl bromide,ester,0.520422,0,0
phenixace-Chem-R-Faithful,functional_group,16,alkyl bromide,ether,0.693531,0,0
phenixace-Chem-R-Faithful,functional_group,16,alkyl bromide,imine,0.586231,0,0
phenixace-Chem-R-Faithful,functional_group,16,alkyl bromide,ketone,0.468782,0,0
phenixace-Chem-R-Faithful,functional_group,16,alkyl bromide,nitrile,0.672451,0,0
phenixace-Chem-R-Faithful,functional_group,16,alkyl bromide,nitro,0.731261,0,0
phenixace-Chem-R-Faithful,functional_group,16,alkyl bromide,sulfone,0.593052,0,0
phenixace-Chem-R-Faithful,functional_group,16,alkyl bromide,sulfoxide,0.623848,0,0
phenixace-Chem-R-Faithful,functional_group,16,alkyl bromide,thioether,0.795268,0,0
phenixace-Chem-R-Faithful,functional_group,16,alkyl bromide,thiol,0.714595,0,0
phenixace-Chem-R-Faithful,functional_group,16,alkyl chloride,alkyl fluoride,0.924463,1,1
phenixace-Chem-R-Faithful,functional_group,16,alkyl chloride,alkyl iodide,0.920491,1,1
phenixace-Chem-R-Faithful,functional_group,16,alkyl chloride,amide,0.518673,0,0
phenixace-Chem-R-Faithful,functional_group,16,alkyl chloride,amine,0.58542,0,0
phenixace-Chem-R-Faithful,functional_group,16,alkyl chloride,carboxylic acid,0.529432,0,0
phenixace-Chem-R-Faithful,functional_group,16,alkyl chloride,ester,0.487088,0,0
phenixace-Chem-R-Faithful,functional_group,16,alkyl chloride,ether,0.705883,0,0
phenixace-Chem-R-Faithful,functional_group,16,alkyl chloride,imine,0.542605,0,0
phenixace-Chem-R-Faithful,functional_group,16,alkyl chloride,ketone,0.460775,0,0
phenixace-Chem-R-Faithful,functional_group,16,alkyl chloride,nitrile,0.63995,0,0
phenixace-Chem-R-Faithful,functional_group,16,alkyl chloride,nitro,0.726894,0,0
phenixace-Chem-R-Faithful,functional_group,16,alkyl chloride,sulfone,0.57928,0,0
phenixace-Chem-R-Faithful,functional_group,16,alkyl chloride,sulfoxide,0.60969,0,0
phenixace-Chem-R-Faithful,functional_group,16,alkyl chloride,thioether,0.778362,0,0
phenixace-Chem-R-Faithful,functional_group,16,alkyl chloride,thiol,0.689738,0,0
phenixace-Chem-R-Faithful,functional_group,16,alkyl fluoride,alkyl iodide,0.902328,1,1
phenixace-Chem-R-Faithful,functional_group,16,alkyl fluoride,amide,0.508416,0,0
phenixace-Chem-R-Faithful,functional_group,16,alkyl fluoride,amine,0.586645,0,0
phenixace-Chem-R-Faithful,functional_group,16,alkyl fluoride,carboxylic acid,0.511716,0,0
phenixace-Chem-R-Faithful,functional_group,16,alkyl fluoride,ester,0.480226,0,0
phenixace-Chem-R-Faithful,functional_group,16,alkyl fluoride,ether,0.74744,0,0
phenixace-Chem-R-Faithful,functional_group,16,alkyl fluoride,imine,0.531181,0,0
phenixace-Chem-R-Faithful,functional_group,16,alkyl fluoride,ketone,0.436017,0,0
phenixace-Chem-R-Faithful,functional_group,16,alkyl fluoride,nitrile,0.62474,0,0
phenixace-Chem-R-Faithful,functional_group,16,alkyl fluoride,nitro,0.709922,0,0
phenixace-Chem-R-Faithful,functional_group,16,alkyl fluoride,sulfone,0.557273,0,0
phenixace-Chem-R-Faithful,functional_group,16,alkyl fluoride,sulfoxide,0.602242,0,0
phenixace-Chem-R-Faithful,functional_group,16,alkyl fluoride,thioether,0.795461,0,0
phenixace-Chem-R-Faithful,functional_group,16,alkyl fluoride,thiol,0.687076,0,0
phenixace-Chem-R-Faithful,functional_group,16,alkyl iodide,amide,0.504709,0,0
phenixace-Chem-R-Faithful,functional_group,16,alkyl iodide,amine,0.583403,0,0
phenixace-Chem-R-Faithful,functional_group,16,alkyl iodide,carboxylic acid,0.530471,0,0
phenixace-Chem-R-Faithful,functional_group,16,alkyl iodide,ester,0.487058,0,0
phenixace-Chem-R-Faithful,functional_group,16,alkyl iodide,ether,0.693771,0,0
phenixace-Chem-R-Faithful,functional_group,16,alkyl iodide,imine,0.577321,0,0
phenixace-Chem-R-Faithful,functional_group,16,alkyl iodide,ketone,0.450061,0,0
phenixace-Chem-R-Faithful,functional_group,16,alkyl iodide,nitrile,0.638503,0,0
phenixace-Chem-R-Faithful,functional_group,16,alkyl iodide,nitro,0.738615,0,0
phenixace-Chem-R-Faithful,functional_group,16,alkyl iodide,sulfone,0.582487,0,0
phenixace-Chem-R-Faithful,functional_group,16,alkyl iodide,sulfoxide,0.624636,0,0
phenixace-Chem-R-Faithful,functional_group,16,alkyl iodide,thioether,0.796029,0,0
phenixace-Chem-R-Faithful,functional_group,16,alkyl iodide,thiol,0.728038,0,0
phenixace-Chem-R-Faithful,functional_group,16,amide,amine,0.736155,1,0
phenixace-Chem-R-Faithful,functional_group,16,amide,carboxylic acid,0.848611,0,1
phenixace-Chem-R-Faithful,functional_group,16,amide,ester,0.757639,0,1
phenixace-Chem-R-Faithful,functional_group,16,amide,ether,0.547009,0,0
phenixace-Chem-R-Faithful,functional_group,16,amide,imine,0.695418,1,0
phenixace-Chem-R-Faithful,functional_group,16,amide,ketone,0.711163,0,1
phenixace-Chem-R-Faithful,functional_group,16,amide,nitrile,0.758694,1,0
phenixace-Chem-R-Faithful,functional_group,16,amide,nitro,0.63979,1,0
phenixace-Chem-R-Faithful,functional_group,16,amide,sulfone,0.676285,0,0
phenixace-Chem-R-Faithful,functional_group,16,amide,sulfoxide,0.670832,0,0
phenixace-Chem-R-Faithful,functional_group,16,amide,thioether,0.578661,0,0
phenixace-Chem-R-Faithful,functional_group,16,amide,thiol,0.632385,0,0
phenixace-Chem-R-Faithful,functional_group,16,amine,carboxylic acid,0.592518,0,0
phenixace-Chem-R-Faithful,functional_group,16,amine,ester,0.495246,0,0
phenixace-Chem-R-Faithful,functional_group,16,amine,ether,0.582564,0,0
phenixace-Chem-R-Faithful,functional_group,16,amine,imine,0.678998,1,1
phenixace-Chem-R-Faithful,functional_group,16,amine,ketone,0.571003,0,0
phenixace-Chem-R-Faithful,functional_group,16,amine,nitrile,0.695357,1,1
phenixace-Chem-R-Faithful,functional_group,16,amine,nitro,0.635308,1,1
phenixace-Chem-R-Faithful,functional_group,16,amine,sulfone,0.603355,0,0
phenixace-Chem-R-Faithful,functional_group,16,amine,sulfoxide,0.633124,0,0
phenixace-Chem-R-Faithful,functional_group,16,amine,thioether,0.62232,0,0
phenixace-Chem-R-Faithful,functional_group,16,amine,thiol,0.757249,0,0
phenixace-Chem-R-Faithful,functional_group,16,carboxylic acid,ester,0.805919,1,1
phenixace-Chem-R-Faithful,functional_group,16,carboxylic acid,ether,0.502378,1,0
phenixace-Chem-R-Faithful,functional_group,16,carboxylic acid,imine,0.586096,0,0
phenixace-Chem-R-Faithful,functional_group,16,carboxylic acid,ketone,0.724841,1,1
phenixace-Chem-R-Faithful,functional_group,16,carboxylic acid,nitrile,0.688528,0,0
phenixace-Chem-R-Faithful,functional_group,16,carboxylic acid,nitro,0.622968,0,0
phenixace-Chem-R-Faithful,functional_group,16,carboxylic acid,sulfone,0.659462,0,0
phenixace-Chem-R-Faithful,functional_group,16,carboxylic acid,sulfoxide,0.612696,0,0
phenixace-Chem-R-Faithful,functional_group,16,carboxylic acid,thioether,0.522479,0,0
phenixace-Chem-R-Faithful,functional_group,16,carboxylic acid,thiol,0.626185,0,0
phenixace-Chem-R-Faithful,functional_group,16,ester,ether,0.646607,1,0
phenixace-Chem-R-Faithful,functional_group,16,ester,imine,0.562416,0,0
phenixace-Chem-R-Faithful,functional_group,16,ester,ketone,0.717591,1,1
phenixace-Chem-R-Faithful,functional_group,16,ester,nitrile,0.630924,0,0
phenixace-Chem-R-Faithful,functional_group,16,ester,nitro,0.582495,0,0
phenixace-Chem-R-Faithful,functional_group,16,ester,sulfone,0.661176,0,0
phenixace-Chem-R-Faithful,functional_group,16,ester,sulfoxide,0.645496,0,0
phenixace-Chem-R-Faithful,functional_group,16,ester,thioether,0.59586,0,0
phenixace-Chem-R-Faithful,functional_group,16,ester,thiol,0.552913,0,0
phenixace-Chem-R-Faithful,functional_group,16,ether,imine,0.551067,0,0
phenixace-Chem-R-Faithful,functional_group,16,ether,ketone,0.474464,1,0
phenixace-Chem-R-Faithful,functional_group,16,ether,nitrile,0.585671,0,0
phenixace-Chem-R-Faithful,functional_group,16,ether,nitro,0.642201,0,0
phenixace-Chem-R-Faithful,functional_group,16,ether,sulfone,0.57247,0,0
phenixace-Chem-R-Faithful,functional_group,16,ether,sulfoxide,0.643653,0,0
phenixace-Chem-R-Faithful,functional_group,16,ether,thioether,0.815567,0,1
phenixace-Chem-R-Faithful,functional_group,16,ether,thiol,0.603884,0,1
phenixace-Chem-R-Faithful,functional_group,16,imine,ketone,0.642604,0,0
phenixace-Chem-R-Faithful,functional_group,16,imine,nitrile,0.731079,1,1
phenixace-Chem-R-Faithful,functional_group,16,imine,nitro,0.576942,1,1
phenixace-Chem-R-Faithful,functional_group,16,imine,sulfone,0.579237,0,0
phenixace-Chem-R-Faithful,functional_group,16,imine,sulfoxide,0.710689,0,0
phenixace-Chem-R-Faithful,functional_group,16,imine,thioether,0.639667,0,0
phenixace-Chem-R-Faithful,functional_group,16,imine,thiol,0.670089,0,0
phenixace-Chem-R-Faithful,functional_group,16,ketone,nitrile,0.623589,0,0
phenixace-Chem-R-Faithful,functional_group,16,ketone,nitro,0.542243,0,0
phenixace-Chem-R-Faithful,functional_group,16,ketone,sulfone,0.603753,0,0
phenixace-Chem-R-Faithful,functional_group,16,ketone,sulfoxide,0.669517,0,0
phenixace-Chem-R-Faithful,functional_group,16,ketone,thioether,0.489702,0,0
phenixace-Chem-R-Faithful,functional_group,16,ketone,thiol,0.63023,0,0
phenixace-Chem-R-Faithful,functional_group,16,nitrile,nitro,0.643437,1,1
phenixace-Chem-R-Faithful,functional_group,16,nitrile,sulfone,0.642943,0,0
phenixace-Chem-R-Faithful,functional_group,16,nitrile,sulfoxide,0.634894,0,0
phenixace-Chem-R-Faithful,functional_group,16,nitrile,thioether,0.631706,0,0
phenixace-Chem-R-Faithful,functional_group,16,nitrile,thiol,0.662628,0,0
phenixace-Chem-R-Faithful,functional_group,16,nitro,sulfone,0.749202,0,0
phenixace-Chem-R-Faithful,functional_group,16,nitro,sulfoxide,0.714298,0,0
phenixace-Chem-R-Faithful,functional_group,16,nitro,thioether,0.678304,0,0
phenixace-Chem-R-Faithful,functional_group,16,nitro,thiol,0.638063,0,0
phenixace-Chem-R-Faithful,functional_group,16,sulfone,sulfoxide,0.838703,1,1
phenixace-Chem-R-Faithful,functional_group,16,sulfone,thioether,0.632586,1,0
phenixace-Chem-R-Faithful,functional_group,16,sulfone,thiol,0.622206,1,0
phenixace-Chem-R-Faithful,functional_group,16,sulfoxide,thioether,0.750951,1,0
phenixace-Chem-R-Faithful,functional_group,16,sulfoxide,thiol,0.748001,1,0
phenixace-Chem-R-Faithful,functional_group,16,thioether,thiol,0.781261,1,1
phenixace-Chem-R-Faithful,functional_group,24,alcohol,aldehyde,0.504589,1,0
phenixace-Chem-R-Faithful,functional_group,24,alcohol,alkyl bromide,0.356409,0,0
phenixace-Chem-R-Faithful,functional_group,24,alcohol,alkyl chloride,0.381997,0,0
phenixace-Chem-R-Faithful,functional_group,24,alcohol,alkyl fluoride,0.406365,0,0
phenixace-Chem-R-Faithful,functional_group,24,alcohol,alkyl iodide,0.348126,0,0
phenixace-Chem-R-Faithful,functional_group,24,alcohol,amide,0.434656,0,0
phenixace-Chem-R-Faithful,functional_group,24,alcohol,amine,0.621553,0,0
phenixace-Chem-R-Faithful,functional_group,24,alcohol,carboxylic acid,0.52148,1,0
phenixace-Chem-R-Faithful,functional_group,24,alcohol,ester,0.43004,1,0
phenixace-Chem-R-Faithful,functional_group,24,alcohol,ether,0.573398,1,1
phenixace-Chem-R-Faithful,functional_group,24,alcohol,imine,0.328295,0,0
phenixace-Chem-R-Faithful,functional_group,24,alcohol,ketone,0.485299,1,0
phenixace-Chem-R-Faithful,functional_group,24,alcohol,nitrile,0.360339,0,0
phenixace-Chem-R-Faithful,functional_group,24,alcohol,nitro,0.437563,0,0
phenixace-Chem-R-Faithful,functional_group,24,alcohol,sulfone,0.40479,0,0
phenixace-Chem-R-Faithful,functional_group,24,alcohol,sulfoxide,0.491574,0,0
phenixace-Chem-R-Faithful,functional_group,24,alcohol,thioether,0.421913,0,1
phenixace-Chem-R-Faithful,functional_group,24,alcohol,thiol,0.615568,0,1
phenixace-Chem-R-Faithful,functional_group,24,aldehyde,alkyl bromide,0.352914,0,0
phenixace-Chem-R-Faithful,functional_group,24,aldehyde,alkyl chloride,0.337681,0,0
phenixace-Chem-R-Faithful,functional_group,24,aldehyde,alkyl fluoride,0.337856,0,0
phenixace-Chem-R-Faithful,functional_group,24,aldehyde,alkyl iodide,0.349759,0,0
phenixace-Chem-R-Faithful,functional_group,24,aldehyde,amide,0.664206,0,1
phenixace-Chem-R-Faithful,functional_group,24,aldehyde,amine,0.458998,0,0
phenixace-Chem-R-Faithful,functional_group,24,aldehyde,carboxylic acid,0.657269,1,1
phenixace-Chem-R-Faithful,functional_group,24,aldehyde,ester,0.563811,1,1
phenixace-Chem-R-Faithful,functional_group,24,aldehyde,ether,0.390694,1,0
phenixace-Chem-R-Faithful,functional_group,24,aldehyde,imine,0.620389,0,0
phenixace-Chem-R-Faithful,functional_group,24,aldehyde,ketone,0.660428,1,1
phenixace-Chem-R-Faithful,functional_group,24,aldehyde,nitrile,0.574826,0,0
phenixace-Chem-R-Faithful,functional_group,24,aldehyde,nitro,0.443776,0,0
phenixace-Chem-R-Faithful,functional_group,24,aldehyde,sulfone,0.383449,0,0
phenixace-Chem-R-Faithful,functional_group,24,aldehyde,sulfoxide,0.481211,0,0
phenixace-Chem-R-Faithful,functional_group,24,aldehyde,thioether,0.369935,0,0
phenixace-Chem-R-Faithful,functional_group,24,aldehyde,thiol,0.407924,0,0
phenixace-Chem-R-Faithful,functional_group,24,alkyl bromide,alkyl chloride,0.812824,1,1
phenixace-Chem-R-Faithful,functional_group,24,alkyl bromide,alkyl fluoride,0.710028,1,1
phenixace-Chem-R-Faithful,functional_group,24,alkyl bromide,alkyl iodide,0.782356,1,1
phenixace-Chem-R-Faithful,functional_group,24,alkyl bromide,amide,0.293003,0,0
phenixace-Chem-R-Faithful,functional_group,24,alkyl bromide,amine,0.38062,0,0
phenixace-Chem-R-Faithful,functional_group,24,alkyl bromide,carboxylic acid,0.308109,0,0
phenixace-Chem-R-Faithful,functional_group,24,alkyl bromide,ester,0.312181,0,0
phenixace-Chem-R-Faithful,functional_group,24,alkyl bromide,ether,0.474345,0,0
phenixace-Chem-R-Faithful,functional_group,24,alkyl bromide,imine,0.325599,0,0
phenixace-Chem-R-Faithful,functional_group,24,alkyl bromide,ketone,0.220116,0,0
phenixace-Chem-R-Faithful,functional_group,24,alkyl bromide,nitrile,0.410496,0,0
phenixace-Chem-R-Faithful,functional_group,24,alkyl bromide,nitro,0.498929,0,0
phenixace-Chem-R-Faithful,functional_group,24,alkyl bromide,sulfone,0.399539,0,0
phenixace-Chem-R-Faithful,functional_group,24,alkyl bromide,sulfoxide,0.419267,0,0
phenixace-Chem-R-Faithful,functional_group,24,alkyl bromide,thioether,0.606625,0,0
phenixace-Chem-R-Faithful,functional_group,24,alkyl bromide,thiol,0.502397,0,0
phenixace-Chem-R-Faithful,functional_group,24,alkyl chloride,alkyl fluoride,0.771233,1,1
phenixace-Chem-R-Faithful,functional_group,24,alkyl chloride,alkyl iodide,0.776963,1,1
phenixace-Chem-R-Faithful,functional_group,24,alkyl chloride,amide,0.279677,0,0
phenixace-Chem-R-Faithful,functional_group,24,alkyl chloride,amine,0.408219,0,0
phenixace-Chem-R-Faithful,functional_group,24,alkyl chloride,carboxylic acid,0.2885,0,0
phenixace-Chem-R-Faithful,functional_group,24,alkyl chloride,ester,0.285799,0,0
phenixace-Chem-R-Faithful,functional_group,24,alkyl chloride,ether,0.474434,0,0
phenixace-Chem-R-Faithful,functional_group,24,alkyl chloride,imine,0.317782,0,0
phenixace-Chem-R-Faithful,functional_group,24,alkyl chloride,ketone,0.204973,0,0
phenixace-Chem-R-Faithful,functional_group,24,alkyl chloride,nitrile,0.396403,0,0
phenixace-Chem-R-Faithful,functional_group,24,alkyl chloride,nitro,0.460602,0,0
phenixace-Chem-R-Faithful,functional_group,24,alkyl chloride,sulfone,0.366716,0,0
phenixace-Chem-R-Faithful,functional_group,24,alkyl chloride,sulfoxide,0.413882,0,0
phenixace-Chem-R-Faithful,functional_group,24,alkyl chloride,thioether,0.587192,0,0
phenixace-Chem-R-Faithful,functional_group,24,alkyl chloride,thiol,0.494337,0,0
phenixace-Chem-R-Faithful,functional_group,24,alkyl fluoride,alkyl iodide,0.742044,1,1
phenixace-Chem-R-Faithful,functional_group,24,alkyl fluoride,amide,0.293887,0,0
phenixace-Chem-R-Faithful,functional_group,24,alkyl fluoride,amine,0.414264,0,0
phenixace-Chem-R-Faithful,functional_group,24,alkyl fluoride,carboxylic acid,0.309111,0,0
phenixace-Chem-R-Faithful,functional_group,24,alkyl fluoride,ester,0.301784,0,0
phenixace-Chem-R-Faithful,functional_group,24,alkyl fluoride,ether,0.539743,0,0
phenixace-Chem-R-Faithful,functional_group,24,alkyl fluoride,imine,0.321111,0,0
phenixace-Chem-R-Faithful,functional_group,24,alkyl fluoride,ketone,0.210618,0,0
phenixace-Chem-R-Faithful,functional_group,24,alkyl fluoride,nitrile,0.39878,0,0
phenixace-Chem-R-Faithful,functional_group,24,alkyl fluoride,nitro,0.450986,0,0
phenixace-Chem-R-Faithful,functional_group,24,alkyl fluoride,sulfone,0.379638,0,0
phenixace-Chem-R-Faithful,functional_group,24,alkyl fluoride,sulfoxide,0.416393,0,0
phenixace-Chem-R-Faithful,functional_group,24,alkyl fluoride,thioether,0.575978,0,0
phenixace-Chem-R-Faithful,functional_group,24,alkyl fluoride,thiol,0.457859,0,0
phenixace-Chem-R-Faithful,functional_group,24,alkyl iodide,amide,0.2754,0,0
phenixace-Chem-R-Faithful,functional_group,24,alkyl iodide,amine,0.381078,0,0
phenixace-Chem-R-Faithful,functional_group,24,alkyl iodide,carboxylic acid,0.291942,0,0
phenixace-Chem-R-Faithful,functional_group,24,alkyl iodide,ester,0.274979,0,0
phenixace-Chem-R-Faithful,functional_group,24,alkyl iodide,ether,0.443806,0,0
phenixace-Chem-R-Faithful,functional_group,24,alkyl iodide,imine,0.369826,0,0
phenixace-Chem-R-Faithful,functional_group,24,alkyl iodide,ketone,0.210522,0,0
phenixace-Chem-R-Faithful,functional_group,24,alkyl iodide,nitrile,0.425325,0,0
phenixace-Chem-R-Faithful,functional_group,24,alkyl iodide,nitro,0.483638,0,0
phenixace-Chem-R-Faithful,functional_group,24,alkyl iodide,sulfone,0.357771,0,0
phenixace-Chem-R-Faithful,functional_group,24,alkyl iodide,sulfoxide,0.417323,0,0
phenixace-Chem-R-Faithful,functional_group,24,alkyl iodide,thioether,0.577815,0,0
phenixace-Chem-R-Faithful,functional_group,24,alkyl iodide,thiol,0.498629,0,0
phenixace-Chem-R-Faithful,functional_group,24,amide,amine,0.564356,1,0
phenixace-Chem-R-Faithful,functional_group,24,amide,carboxylic acid,0.71379,0,1
phenixace-Chem-R-Faithful,functional_group,24,amide,ester,0.671975,0,1
phenixace-Chem-R-Faithful,functional_group,24,amide,ether,0.369306,0,0
phenixace-Chem-R-Faithful,functional_group,24,amide,imine,0.58063,1,0
phenixace-Chem-R-Faithful,functional_group,24,amide,ketone,0.659245,0,1
phenixace-Chem-R-Faithful,functional_group,24,amide,nitrile,0.529377,1,0
phenixace-Chem-R-Faithful,functional_group,24,amide,nitro,0.461407,1,0
phenixace-Chem-R-Faithful,functional_group,24,amide,sulfone,0.422137,0,0
phenixace-Chem-R-Faithful,functional_group,24,amide,sulfoxide,0.475073,0,0
phenixace-Chem-R-Faithful,functional_group,24,amide,thioether,0.378033,0,0
phenixace-Chem-R-Faithful,functional_group,24,amide,thiol,0.402387,0,0
phenixace-Chem-R-Faithful,functional_group,24,amine,carboxylic acid,0.368303,0,0
phenixace-Chem-R-Faithful,functional_group,24,amine,ester,0.290238,0,0
phenixace-Chem-R-Faithful,functional_group,24,amine,ether,0.442105,0,0
phenixace-Chem-R-Faithful,functional_group,24,amine,imine,0.540192,1,1
phenixace-Chem-R-Faithful,functional_group,24,amine,ketone,0.377256,0,0
phenixace-Chem-R-Faithful,functional_group,24,amine,nitrile,0.468279,1,1
phenixace-Chem-R-Faithful,functional_group,24,amine,nitro,0.460647,1,1
phenixace-Chem-R-Faithful,functional_group,24,amine,sulfone,0.347398,0,0
phenixace-Chem-R-Faithful,functional_group,24,amine,sulfoxide,0.406444,0,0
phenixace-Chem-R-Faithful,functional_group,24,amine,thioether,0.436586,0,0
phenixace-Chem-R-Faithful,functional_group,24,amine,thiol,0.587553,0,0
phenixace-Chem-R-Faithful,functional_group,24,carboxylic acid,ester,0.757163,1,1
phenixace-Chem-R-Faithful,functional_group,24,carboxylic acid,ether,0.335109,1,0
phenixace-Chem-R-Faithful,functional_group,24,carboxylic acid,imine,0.384613,0,0
phenixace-Chem-R-Faithful,functional_group,24,carboxylic acid,ketone,0.650007,1,1
phenixace-Chem-R-Faithful,functional_group,24,carboxylic acid,nitrile,0.45076,0,0
phenixace-Chem-R-Faithful,functional_group,24,carboxylic acid,nitro,0.433102,0,0
phenixace-Chem-R-Faithful,functional_group,24,carboxylic acid,sulfone,0.462598,0,0
phenixace-Chem-R-Faithful,functional_group,24,carboxylic acid,sulfoxide,0.444204,0,0
phenixace-Chem-R-Faithful,functional_group,24,carboxylic acid,thioether,0.330026,0,0
phenixace-Chem-R-Faithful,functional_group,24,carboxylic acid,thiol,0.41355,0,0
phenixace-Chem-R-Faithful,functional_group,24,ester,ether,0.547969,1,0
phenixace-Chem-R-Faithful,functional_group,24,ester,imine,0.384359,0,0
phenixace-Chem-R-Faithful,functional_group,24,ester,ketone,0.705706,1,1
phenixace-Chem-R-Faithful,functional_group,24,ester,nitrile,0.446513,0,0
phenixace-Chem-R-Faithful,functional_group,24,ester,nitro,0.429239,0,0
phenixace-Chem-R-Faithful,functional_group,24,ester,sulfone,0.518171,0,0
phenixace-Chem-R-Faithful,functional_group,24,ester,sulfoxide,0.513483,0,0
phenixace-Chem-R-Faithful,functional_group,24,ester,thioether,0.414097,0,0
phenixace-Chem-R-Faithful,functional_group,24,ester,thiol,0.315741,0,0
phenixace-Chem-R-Faithful,functional_group,24,ether,imine,0.369626,0,0
phenixace-Chem-R-Faithful,functional_group,24,ether,ketone,0.345075,1,0
phenixace-Chem-R-Faithful,functional_group,24,ether,nitrile,0.374672,0,0
phenixace-Chem-R-Faithful,functional_group,24,ether,nitro,0.468437,0,0
phenixace-Chem-R-Faithful,functional_group,24,ether,sulfone,0.477292,0,0
phenixace-Chem-R-Faithful,functional_group,24,ether,sulfoxide,0.544931,0,0
phenixace-Chem-R-Faithful,functional_group,24,ether,thioether,0.621218,0,1
phenixace-Chem-R-Faithful,functional_group,24,ether,thiol,0.397942,0,1
phenixace-Chem-R-Faithful,functional_group,24,imine,ketone,0.489271,0,0
phenixace-Chem-R-Faithful,functional_group,24,imine,nitrile,0.574754,1,1
phenixace-Chem-R-Faithful,functional_group,24,imine,nitro,0.414818,1,1
phenixace-Chem-R-Faithful,functional_group,24,imine,sulfone,0.330028,0,0
phenixace-Chem-R-Faithful,functional_group,24,imine,sulfoxide,0.477303,0,0
phenixace-Chem-R-Faithful,functional_group,24,imine,thioether,0.399444,0,0
phenixace-Chem-R-Faithful,functional_group,24,imine,thiol,0.386405,0,0
phenixace-Chem-R-Faithful,functional_group,24,ketone,nitrile,0.422785,0,0
phenixace-Chem-R-Faithful,functional_group,24,ketone,nitro,0.386777,0,0
phenixace-Chem-R-Faithful,functional_group,24,ketone,sulfone,0.441472,0,0
phenixace-Chem-R-Faithful,functional_group,24,ketone,sulfoxide,0.529801,0,0
phenixace-Chem-R-Faithful,functional_group,24,ketone,thioether,0.321149,0,0
phenixace-Chem-R-Faithful,functional_group,24,ketone,thiol,0.384312,0,0
phenixace-Chem-R-Faithful,functional_group,24,nitrile,nitro,0.476938,1,1
phenixace-Chem-R-Faithful,functional_group,24,nitrile,sulfone,0.396,0,0
phenixace-Chem-R-Faithful,functional_group,24,nitrile,sulfoxide,0.414344,0,0
phenixace-Chem-R-Faithful,functional_group,24,nitrile,thioether,0.42636,0,0
phenixace-Chem-R-Faithful,functional_group,24,nitrile,thiol,0.403157,0,0
phenixace-Chem-R-Faithful,functional_group,24,nitro,sulfone,0.574813,0,0
phenixace-Chem-R-Faithful,functional_group,24,nitro,sulfoxide,0.536104,0,0
phenixace-Chem-R-Faithful,functional_group,24,nitro,thioether,0.420121,0,0
phenixace-Chem-R-Faithful,functional_group,24,nitro,thiol,0.385808,0,0
phenixace-Chem-R-Faithful,functional_group,24,sulfone,sulfoxide,0.76922,1,1
phenixace-Chem-R-Faithful,functional_group,24,sulfone,thioether,0.57503,1,0
phenixace-Chem-R-Faithful,functional_group,24,sulfone,thiol,0.50411,1,0
phenixace-Chem-R-Faithful,functional_group,24,sulfoxide,thioether,0.705469,1,0
phenixace-Chem-R-Faithful,functional_group,24,sulfoxide,thiol,0.630742,1,0
phenixace-Chem-R-Faithful,functional_group,24,thioether,thiol,0.756208,1,1
phenixace-Chem-R-Faithful,functional_group,31,alcohol,aldehyde,0.483079,1,0
phenixace-Chem-R-Faithful,functional_group,31,alcohol,alkyl bromide,0.322984,0,0
phenixace-Chem-R-Faithful,functional_group,31,alcohol,alkyl chloride,0.339083,0,0
phenixace-Chem-R-Faithful,functional_group,31,alcohol,alkyl fluoride,0.330202,0,0
phenixace-Chem-R-Faithful,functional_group,31,alcohol,alkyl iodide,0.26475,0,0
phenixace-Chem-R-Faithful,functional_group,31,alcohol,amide,0.352598,0,0
phenixace-Chem-R-Faithful,functional_group,31,alcohol,amine,0.552382,0,0
phenixace-Chem-R-Faithful,functional_group,31,alcohol,carboxylic acid,0.454939,1,0
phenixace-Chem-R-Faithful,functional_group,31,alcohol,ester,0.33952,1,0
phenixace-Chem-R-Faithful,functional_group,31,alcohol,ether,0.467764,1,1
phenixace-Chem-R-Faithful,functional_group,31,alcohol,imine,0.271934,0,0
phenixace-Chem-R-Faithful,functional_group,31,alcohol,ketone,0.32538,1,0
phenixace-Chem-R-Faithful,functional_group,31,alcohol,nitrile,0.285524,0,0
phenixace-Chem-R-Faithful,functional_group,31,alcohol,nitro,0.364905,0,0
phenixace-Chem-R-Faithful,functional_group,31,alcohol,sulfone,0.330508,0,0
phenixace-Chem-R-Faithful,functional_group,31,alcohol,sulfoxide,0.405966,0,0
phenixace-Chem-R-Faithful,functional_group,31,alcohol,thioether,0.267634,0,1
phenixace-Chem-R-Faithful,functional_group,31,alcohol,thiol,0.479721,0,1
phenixace-Chem-R-Faithful,functional_group,31,aldehyde,alkyl bromide,0.335015,0,0
phenixace-Chem-R-Faithful,functional_group,31,aldehyde,alkyl chloride,0.307843,0,0
phenixace-Chem-R-Faithful,functional_group,31,aldehyde,alkyl fluoride,0.29905,0,0
phenixace-Chem-R-Faithful,functional_group,31,aldehyde,alkyl iodide,0.292716,0,0
phenixace-Chem-R-Faithful,functional_group,31,aldehyde,amide,0.586054,0,1
phenixace-Chem-R-Faithful,functional_group,31,aldehyde,amine,0.45177,0,0
phenixace-Chem-R-Faithful,functional_group,31,aldehyde,carboxylic acid,0.596544,1,1
phenixace-Chem-R-Faithful,functional_group,31,aldehyde,ester,0.480958,1,1
phenixace-Chem-R-Faithful,functional_group,31,aldehyde,ether,0.38033,1,0
phenixace-Chem-R-Faithful,functional_group,31,aldehyde,imine,0.484555,0,0
phenixace-Chem-R-Faithful,functional_group,31,aldehyde,ketone,0.528348,1,1
phenixace-Chem-R-Faithful,functional_group,31,aldehyde,nitrile,0.413865,0,0
phenixace-Chem-R-Faithful,functional_group,31,aldehyde,nitro,0.387152,0,0
phenixace-Chem-R-Faithful,functional_group,31,aldehyde,sulfone,0.342762,0,0
phenixace-Chem-R-Faithful,functional_group,31,aldehyde,sulfoxide,0.413519,0,0
phenixace-Chem-R-Faithful,functional_group,31,aldehyde,thioether,0.301026,0,0
phenixace-Chem-R-Faithful,functional_group,31,aldehyde,thiol,0.364098,0,0
phenixace-Chem-R-Faithful,functional_group,31,alkyl bromide,alkyl chloride,0.710518,1,1
phenixace-Chem-R-Faithful,functional_group,31,alkyl bromide,alkyl fluoride,0.62117,1,1
phenixace-Chem-R-Faithful,functional_group,31,alkyl bromide,alkyl iodide,0.659186,1,1
phenixace-Chem-R-Faithful,functional_group,31,alkyl bromide,amide,0.327947,0,0
phenixace-Chem-R-Faithful,functional_group,31,alkyl bromide,amine,0.393066,0,0
phenixace-Chem-R-Faithful,functional_group,31,alkyl bromide,carboxylic acid,0.281108,0,0
phenixace-Chem-R-Faithful,functional_group,31,alkyl bromide,ester,0.349288,0,0
phenixace-Chem-R-Faithful,functional_group,31,alkyl bromide,ether,0.455574,0,0
phenixace-Chem-R-Faithful,functional_group,31,alkyl bromide,imine,0.323937,0,0
phenixace-Chem-R-Faithful,functional_group,31,alkyl bromide,ketone,0.294109,0,0
phenixace-Chem-R-Faithful,functional_group,31,alkyl bromide,nitrile,0.444534,0,0
phenixace-Chem-R-Faithful,functional_group,31,alkyl bromide,nitro,0.440603,0,0
phenixace-Chem-R-Faithful,functional_group,31,alkyl bromide,sulfone,0.337163,0,0
phenixace-Chem-R-Faithful,functional_group,31,alkyl bromide,sulfoxide,0.335377,0,0
phenixace-Chem-R-Faithful,functional_group,31,alkyl bromide,thioether,0.501632,0,0
phenixace-Chem-R-Faithful,functional_group,31,alkyl bromide,thiol,0.440002,0,0
phenixace-Chem-R-Faithful,functional_group,31,alkyl chloride,alkyl fluoride,0.65989,1,1
phenixace-Chem-R-Faithful,functional_group,31,alkyl chloride,alkyl iodide,0.645287,1,1
phenixace-Chem-R-Faithful,functional_group,31,alkyl chloride,amide,0.298753,0,0
phenixace-Chem-R-Faithful,functional_group,31,alkyl chloride,amine,0.40346,0,0
phenixace-Chem-R-Faithful,functional_group,31,alkyl chloride,carboxylic acid,0.280295,0,0
phenixace-Chem-R-Faithful,functional_group,31,alkyl chloride,ester,0.306662,0,0
phenixace-Chem-R-Faithful,functional_group,31,alkyl chloride,ether,0.438054,0,0
phenixace-Chem-R-Faithful,functional_group,31,alkyl chloride,imine,0.310261,0,0
phenixace-Chem-R-Faithful,functional_group,31,alkyl chloride,ketone,0.261763,0,0
phenixace-Chem-R-Faithful,functional_group,31,alkyl chloride,nitrile,0.422921,0,0
phenixace-Chem-R-Faithful,functional_group,31,alkyl chloride,nitro,0.405869,0,0
phenixace-Chem-R-Faithful,functional_group,31,alkyl chloride,sulfone,0.305833,0,0
phenixace-Chem-R-Faithful,functional_group,31,alkyl chloride,sulfoxide,0.313207,0,0
phenixace-Chem-R-Faithful,functional_group,31,alkyl chloride,thioether,0.485051,0,0
phenixace-Chem-R-Faithful,functional_group,31,alkyl chloride,thiol,0.428339,0,0
phenixace-Chem-R-Faithful,functional_group,31,alkyl fluoride,alkyl iodide,0.604477,1,1
phenixace-Chem-R-Faithful,functional_group,31,alkyl fluoride,amide,0.304648,0,0
phenixace-Chem-R-Faithful,functional_group,31,alkyl fluoride,amine,0.398455,0,0
phenixace-Chem-R-Faithful,functional_group,31,alkyl fluoride,carboxylic acid,0.286427,0,0
phenixace-Chem-R-Faithful,functional_group,31,alkyl fluoride,ester,0.293118,0,0
phenixace-Chem-R-Faithful,functional_group,31,alkyl fluoride,ether,0.465581,0,0
phenixace-Chem-R-Faithful,functional_group,31,alkyl fluoride,imine,0.295748,0,0
phenixace-Chem-R-Faithful,functional_group,31,alkyl fluoride,ketone,0.244521,0,0
phenixace-Chem-R-Faithful,functional_group,31,alkyl fluoride,nitrile,0.405441,0,0
phenixace-Chem-R-Faithful,functional_group,31,alkyl fluoride,nitro,0.377334,0,0
phenixace-Chem-R-Faithful,functional_group,31,alkyl fluoride,sulfone,0.294877,0,0
phenixace-Chem-R-Faithful,functional_group,31,alkyl fluoride,sulfoxide,0.303993,0,0
phenixace-Chem-R-Faithful,functional_group,31,alkyl fluoride,thioether,0.451388,0,0
phenixace-Chem-R-Faithful,functional_group,31,alkyl fluoride,thiol,0.385966,0,0
phenixace-Chem-R-Faithful,functional_group,31,alkyl iodide,amide,0.294914,0,0
phenixace-Chem-R-Faithful,functional_group,31,alkyl iodide,amine,0.365546,0,0
phenixace-Chem-R-Faithful,functional_group,31,alkyl iodide,carboxylic acid,0.22545,0,0
phenixace-Chem-R-Faithful,functional_group,31,alkyl iodide,ester,0.270473,0,0
phenixace-Chem-R-Faithful,functional_group,31,alkyl iodide,ether,0.387003,0,0
phenixace-Chem-R-Faithful,functional_group,31,alkyl iodide,imine,0.3879,0,0
phenixace-Chem-R-Faithful,functional_group,31,alkyl iodide,ketone,0.232429,0,0
phenixace-Chem-R-Faithful,functional_group,31,alkyl iodide,nitrile,0.397286,0,0
phenixace-Chem-R-Faithful,functional_group,31,alkyl iodide,nitro,0.385929,0,0
phenixace-Chem-R-Faithful,functional_group,31,alkyl iodide,sulfone,0.27237,0,0
phenixace-Chem-R-Faithful,functional_group,31,alkyl iodide,sulfoxide,0.305923,0,0
phenixace-Chem-R-Faithful,functional_group,31,alkyl iodide,thioether,0.448863,0,0
phenixace-Chem-R-Faithful,functional_group,31,alkyl iodide,thiol,0.389194,0,0
phenixace-Chem-R-Faithful,functional_group,31,amide,amine,0.568159,1,0
phenixace-Chem-R-Faithful,functional_group,31,amide,carboxylic acid,0.610355,0,1
phenixace-Chem-R-Faithful,functional_group,31,amide,ester,0.58398,0,1
phenixace-Chem-R-Faithful,functional_group,31,amide,ether,0.378972,0,0
phenixace-Chem-R-Faithful,functional_group,31,amide,imine,0.512601,1,0
phenixace-Chem-R-Faithful,functional_group,31,amide,ketone,0.578641,0,1
phenixace-Chem-R-Faithful,functional_group,31,amide,nitrile,0.493099,1,0
phenixace-Chem-R-Faithful,functional_group,31,amide,nitro,0.432493,1,0
phenixace-Chem-R-Faithful,functional_group,31,amide,sulfone,0.336166,0,0
phenixace-Chem-R-Faithful,functional_group,31,amide,sulfoxide,0.37888,0,0
phenixace-Chem-R-Faithful,functional_group,31,amide,thioether,0.340263,0,0
phenixace-Chem-R-Faithful,functional_group,31,amide,thiol,0.363375,0,0
phenixace-Chem-R-Faithful,functional_group,31,amine,carboxylic acid,0.358156,0,0
phenixace-Chem-R-Faithful,functional_group,31,amine,ester,0.354075,0,0
phenixace-Chem-R-Faithful,functional_group,31,amine,ether,0.453555,0,0
phenixace-Chem-R-Faithful,functional_group,31,amine,imine,0.497652,1,1
phenixace-Chem-R-Faithful,functional_group,31,amine,ketone,0.390393,0,0
phenixace-Chem-R-Faithful,functional_group,31,amine,nitrile,0.474938,1,1
phenixace-Chem-R-Faithful,functional_group,31,amine,nitro,0.476172,1,1
phenixace-Chem-R-Faithful,functional_group,31,amine,sulfone,0.356523,0,0
phenixace-Chem-R-Faithful,functional_group,31,amine,sulfoxide,0.359895,0,0
phenixace-Chem-R-Faithful,functional_group,31,amine,thioether,0.387773,0,0
phenixace-Chem-R-Faithful,functional_group,31,amine,thiol,0.509209,0,0
phenixace-Chem-R-Faithful,functional_group,31,carboxylic acid,ester,0.618436,1,1
phenixace-Chem-R-Faithful,functional_group,31,carboxylic acid,ether,0.301059,1,0
phenixace-Chem-R-Faithful,functional_group,31,carboxylic acid,imine,0.311724,0,0
phenixace-Chem-R-Faithful,functional_group,31,carboxylic acid,ketone,0.550644,1,1
phenixace-Chem-R-Faithful,functional_group,31,carboxylic acid,nitrile,0.339031,0,0
phenixace-Chem-R-Faithful,functional_group,31,carboxylic acid,nitro,0.324729,0,0
phenixace-Chem-R-Faithful,functional_group,31,carboxylic acid,sulfone,0.36329,0,0
phenixace-Chem-R-Faithful,functional_group,31,carboxylic acid,sulfoxide,0.379339,0,0
phenixace-Chem-R-Faithful,functional_group,31,carboxylic acid,thioether,0.264861,0,0
phenixace-Chem-R-Faithful,functional_group,31,carboxylic acid,thiol,0.362532,0,0
phenixace-Chem-R-Faithful,functional_group,31,ester,ether,0.523289,1,0
phenixace-Chem-R-Faithful,functional_group,31,ester,imine,0.386809,0,0
phenixace-Chem-R-Faithful,functional_group,31,ester,ketone,0.628188,1,1
phenixace-Chem-R-Faithful,functional_group,31,ester,nitrile,0.423292,0,0
phenixace-Chem-R-Faithful,functional_group,31,ester,nitro,0.412658,0,0
phenixace-Chem-R-Faithful,functional_group,31,ester,sulfone,0.392619,0,0
phenixace-Chem-R-Faithful,functional_group,31,ester,sulfoxide,0.402906,0,0
phenixace-Chem-R-Faithful,functional_group,31,ester,thioether,0.408105,0,0
phenixace-Chem-R-Faithful,functional_group,31,ester,thiol,0.308176,0,0
phenixace-Chem-R-Faithful,functional_group,31,ether,imine,0.393916,0,0
phenixace-Chem-R-Faithful,functional_group,31,ether,ketone,0.369059,1,0
phenixace-Chem-R-Faithful,functional_group,31,ether,nitrile,0.394557,0,0
phenixace-Chem-R-Faithful,functional_group,31,ether,nitro,0.424462,0,0
phenixace-Chem-R-Faithful,functional_group,31,ether,sulfone,0.379349,0,0
phenixace-Chem-R-Faithful,functional_group,31,ether,sulfoxide,0.445747,0,0
phenixace-Chem-R-Faithful,functional_group,31,ether,thioether,0.505186,0,1
phenixace-Chem-R-Faithful,functional_group,31,ether,thiol,0.344253,0,1
phenixace-Chem-R-Faithful,functional_group,31,imine,ketone,0.440925,0,0
phenixace-Chem-R-Faithful,functional_group,31,imine,nitrile,0.499145,1,1
phenixace-Chem-R-Faithful,functional_group,31,imine,nitro,0.40578,1,1
phenixace-Chem-R-Faithful,functional_group,31,imine,sulfone,0.31054,0,0
phenixace-Chem-R-Faithful,functional_group,31,imine,sulfoxide,0.39405,0,0
phenixace-Chem-R-Faithful,functional_group,31,imine,thioether,0.331411,0,0
phenixace-Chem-R-Faithful,functional_group,31,imine,thiol,0.304385,0,0
phenixace-Chem-R-Faithful,functional_group,31,ketone,nitrile,0.408548,0,0
phenixace-Chem-R-Faithful,functional_group,31,ketone,nitro,0.36764,0,0
phenixace-Chem-R-Faithful,functional_group,31,ketone,sulfone,0.391988,0,0
phenixace-Chem-R-Faithful,functional_group,31,ketone,sulfoxide,0.444436,0,0
phenixace-Chem-R-Faithful,functional_group,31,ketone,thioether,0.337305,0,0
phenixace-Chem-R-Faithful,functional_group,31,ketone,thiol,0.359415,0,0
phenixace-Chem-R-Faithful,functional_group,31,nitrile,nitro,0.521122,1,1
phenixace-Chem-R-Faithful,functional_group,31,nitrile,sulfone,0.333965,0,0
phenixace-Chem-R-Faithful,functional_group,31,nitrile,sulfoxide,0.311233,0,0
phenixace-Chem-R-Faithful,functional_group,31,nitrile,thioether,0.383218,0,0
phenixace-Chem-R-Faithful,functional_group,31,nitrile,thiol,0.357579,0,0
phenixace-Chem-R-Faithful,functional_group,31,nitro,sulfone,0.40175,0,0
phenixace-Chem-R-Faithful,functional_group,31,nitro,sulfoxide,0.378953,0,0
phenixace-Chem-R-Faithful,functional_group,31,nitro,thioether,0.362187,0,0
phenixace-Chem-R-Faithful,functional_group,31,nitro,thiol,0.321102,0,0
phenixace-Chem-R-Faithful,functional_group,31,sulfone,sulfoxide,0.741896,1,1
phenixace-Chem-R-Faithful,functional_group,31,sulfone,thioether,0.498172,1,0
phenixace-Chem-R-Faithful,functional_group,31,sulfone,thiol,0.490605,1,0
phenixace-Chem-R-Faithful,functional_group,31,sulfoxide,thioether,0.544117,1,0
phenixace-Chem-R-Faithful,functional_group,31,sulfoxide,thiol,0.54705,1,0
phenixace-Chem-R-Faithful,functional_group,31,thioether,thiol,0.663988,1,1
deepseek-ai-DeepSeek-R1-Distill-Llama-8B,functional_group,0,alcohol,aldehyde,0.372267,1,0
deepseek-ai-DeepSeek-R1-Distill-Llama-8B,functional_group,0,alcohol,alkyl bromide,0.583367,0,0
deepseek-ai-DeepSeek-R1-Distill-Llama-8B,functional_group,0,alcohol,alkyl chloride,0.594214,0,0
deepseek-ai-DeepSeek-R1-Distill-Llama-8B,functional_group,0,alcohol,alkyl fluoride,0.778771,0,0
deepseek-ai-DeepSeek-R1-Distill-Llama-8B,functional_group,0,alcohol,alkyl iodide,0.555083,0,0
deepseek-ai-DeepSeek-R1-Distill-Llama-8B,functional_group,0,alcohol,amide,0.395227,0,0
deepseek-ai-DeepSeek-R1-Distill-Llama-8B,functional_group,0,alcohol,amine,0.951021,0,0
deepseek-ai-DeepSeek-R1-Distill-Llama-8B,functional_group,0,alcohol,carboxylic acid,0.449299,1,0
deepseek-ai-DeepSeek-R1-Distill-Llama-8B,functional_group,0,alcohol,ester,0.524163,1,0
deepseek-ai-DeepSeek-R1-Distill-Llama-8B,functional_group,0,alcohol,ether,0.575161,1,1
deepseek-ai-DeepSeek-R1-Distill-Llama-8B,functional_group,0,alcohol,imine,0.704553,0,0
deepseek-ai-DeepSeek-R1-Distill-Llama-8B,functional_group,0,alcohol,ketone,0.641915,1,0
deepseek-ai-DeepSeek-R1-Distill-Llama-8B,functional_group,0,alcohol,nitrile,0.120034,0,0
deepseek-ai-DeepSeek-R1-Distill-Llama-8B,functional_group,0,alcohol,nitro,0.497069,0,0
deepseek-ai-DeepSeek-R1-Distill-Llama-8B,functional_group,0,alcohol,sulfone,0.571168,0,0
deepseek-ai-DeepSeek-R1-Distill-Llama-8B,functional_group,0,alcohol,sulfoxide,0.520478,0,0
deepseek-ai-DeepSeek-R1-Distill-Llama-8B,functional_group,0,alcohol,thioether,0.559099,0,1
deepseek-ai-DeepSeek-R1-Distill-Llama-8B,functional_group,0,alcohol,thiol,0.877359,0,1
deepseek-ai-DeepSeek-R1-Distill-Llama-8B,functional_group,0,aldehyde,alkyl bromide,0.351929,0,0
deepseek-ai-DeepSeek-R1-Distill-Llama-8B,functional_group,0,aldehyde,alkyl chloride,0.3403,0,0
deepseek-ai-DeepSeek-R1-Distill-Llama-8B,functional_group,0,aldehyde,alkyl fluoride,0.421047,0,0
deepseek-ai-DeepSeek-R1-Distill-Llama-8B,functional_group,0,aldehyde,alkyl iodide,0.398449,0,0
deepseek-ai-DeepSeek-R1-Distill-Llama-8B,functional_group,0,aldehyde,amide,0.738084,0,1
deepseek-ai-DeepSeek-R1-Distill-Llama-8B,functional_group,0,aldehyde,amine,0.378565,0,0
deepseek-ai-DeepSeek-R1-Distill-Llama-8B,functional_group,0,aldehyde,carboxylic acid,0.653292,1,1
deepseek-ai-DeepSeek-R1-Distill-Llama-8B,functional_group,0,aldehyde,ester,0.396418,1,1
deepseek-ai-DeepSeek-R1-Distill-Llama-8B,functional_group,0,aldehyde,ether,0.365646,1,0
deepseek-ai-DeepSeek-R1-Distill-Llama-8B,functional_group,0,aldehyde,imine,0.49922,0,0
deepseek-ai-DeepSeek-R1-Distill-Llama-8B,functional_group,0,aldehyde,ketone,0.442349,1,1
deepseek-ai-DeepSeek-R1-Distill-Llama-8B,functional_group,0,aldehyde,nitrile,0.162959,0,0
deepseek-ai-DeepSeek-R1-Distill-Llama-8B,functional_group,0,aldehyde,nitro,0.562,0,0
deepseek-ai-DeepSeek-R1-Distill-Llama-8B,functional_group,0,aldehyde,sulfone,0.570153,0,0
deepseek-ai-DeepSeek-R1-Distill-Llama-8B,functional_group,0,aldehyde,sulfoxide,0.381952,0,0
deepseek-ai-DeepSeek-R1-Distill-Llama-8B,functional_group,0,aldehyde,thioether,0.210597,0,0
deepseek-ai-DeepSeek-R1-Distill-Llama-8B,functional_group,0,aldehyde,thiol,0.384774,0,0
deepseek-ai-DeepSeek-R1-Distill-Llama-8B,functional_group,0,alkyl bromide,alkyl chloride,0.826903,1,1
deepseek-ai-DeepSeek-R1-Distill-Llama-8B,functional_group,0,alkyl bromide,alkyl fluoride,0.827747,1,1
deepseek-ai-DeepSeek-R1-Distill-Llama-8B,functional_group,0,alkyl bromide,alkyl iodide,0.79655,1,1
deepseek-ai-DeepSeek-R1-Distill-Llama-8B,functional_group,0,alkyl bromide,amide,0.303717,0,0
deepseek-ai-DeepSeek-R1-Distill-Llama-8B,functional_group,0,alkyl bromide,amine,0.588977,0,0
deepseek-ai-DeepSeek-R1-Distill-Llama-8B,functional_group,0,alkyl bromide,carboxylic acid,0.305854,0,0
deepseek-ai-DeepSeek-R1-Distill-Llama-8B,functional_group,0,alkyl bromide,ester,0.442356,0,0
deepseek-ai-DeepSeek-R1-Distill-Llama-8B,functional_group,0,alkyl bromide,ether,0.816857,0,0
deepseek-ai-DeepSeek-R1-Distill-Llama-8B,functional_group,0,alkyl bromide,imine,0.480071,0,0
deepseek-ai-DeepSeek-R1-Distill-Llama-8B,functional_group,0,alkyl bromide,ketone,0.4167,0,0
deepseek-ai-DeepSeek-R1-Distill-Llama-8B,functional_group,0,alkyl bromide,nitrile,0.251,0,0
deepseek-ai-DeepSeek-R1-Distill-Llama-8B,functional_group,0,alkyl bromide,nitro,0.364213,0,0
deepseek-ai-DeepSeek-R1-Distill-Llama-8B,functional_group,0,alkyl bromide,sulfone,0.488925,0,0
deepseek-ai-DeepSeek-R1-Distill-Llama-8B,functional_group,0,alkyl bromide,sulfoxide,0.463451,0,0
deepseek-ai-DeepSeek-R1-Distill-Llama-8B,functional_group,0,alkyl bromide,thioether,0.603697,0,0
deepseek-ai-DeepSeek-R1-Distill-Llama-8B,functional_group,0,alkyl bromide,thiol,0.605843,0,0
deepseek-ai-DeepSeek-R1-Distill-Llama-8B,functional_group,0,alkyl chloride,alkyl fluoride,0.837323,1,1
deepseek-ai-DeepSeek-R1-Distill-Llama-8B,functional_group,0,alkyl chloride,alkyl iodide,0.775014,1,1
deepseek-ai-DeepSeek-R1-Distill-Llama-8B,functional_group,0,alkyl chloride,amide,0.354076,0,0
deepseek-ai-DeepSeek-R1-Distill-Llama-8B,functional_group,0,alkyl chloride,amine,0.568645,0,0
deepseek-ai-DeepSeek-R1-Distill-Llama-8B,functional_group,0,alkyl chloride,carboxylic acid,0.4155,0,0
deepseek-ai-DeepSeek-R1-Distill-Llama-8B,functional_group,0,alkyl chloride,ester,0.484667,0,0
deepseek-ai-DeepSeek-R1-Distill-Llama-8B,functional_group,0,alkyl chloride,ether,0.769181,0,0
deepseek-ai-DeepSeek-R1-Distill-Llama-8B,functional_group,0,alkyl chloride,imine,0.538836,0,0
deepseek-ai-DeepSeek-R1-Distill-Llama-8B,functional_group,0,alkyl chloride,ketone,0.432261,0,0
deepseek-ai-DeepSeek-R1-Distill-Llama-8B,functional_group,0,alkyl chloride,nitrile,0.165954,0,0
deepseek-ai-DeepSeek-R1-Distill-Llama-8B,functional_group,0,alkyl chloride,nitro,0.406503,0,0
deepseek-ai-DeepSeek-R1-Distill-Llama-8B,functional_group,0,alkyl chloride,sulfone,0.548307,0,0
deepseek-ai-DeepSeek-R1-Distill-Llama-8B,functional_group,0,alkyl chloride,sulfoxide,0.518851,0,0
deepseek-ai-DeepSeek-R1-Distill-Llama-8B,functional_group,0,alkyl chloride,thioether,0.645003,0,0
deepseek-ai-DeepSeek-R1-Distill-Llama-8B,functional_group,0,alkyl chloride,thiol,0.595162,0,0
deepseek-ai-DeepSeek-R1-Distill-Llama-8B,functional_group,0,alkyl fluoride,alkyl iodide,0.819623,1,1
deepseek-ai-DeepSeek-R1-Distill-Llama-8B,functional_group,0,alkyl fluoride,amide,0.340775,0,0
deepseek-ai-DeepSeek-R1-Distill-Llama-8B,functional_group,0,alkyl fluoride,amine,0.780774,0,0
deepseek-ai-DeepSeek-R1-Distill-Llama-8B,functional_group,0,alkyl fluoride,carboxylic acid,0.330921,0,0
deepseek-ai-DeepSeek-R1-Distill-Llama-8B,functional_group,0,alkyl fluoride,ester,0.467551,0,0
deepseek-ai-DeepSeek-R1-Distill-Llama-8B,functional_group,0,alkyl fluoride,ether,0.790508,0,0
deepseek-ai-DeepSeek-R1-Distill-Llama-8B,functional_group,0,alkyl fluoride,imine,0.622072,0,0
deepseek-ai-DeepSeek-R1-Distill-Llama-8B,functional_group,0,alkyl fluoride,ketone,0.533055,0,0
deepseek-ai-DeepSeek-R1-Distill-Llama-8B,functional_group,0,alkyl fluoride,nitrile,0.219584,0,0
deepseek-ai-DeepSeek-R1-Distill-Llama-8B,functional_group,0,alkyl fluoride,nitro,0.49706,0,0
deepseek-ai-DeepSeek-R1-Distill-Llama-8B,functional_group,0,alkyl fluoride,sulfone,0.519355,0,0
deepseek-ai-DeepSeek-R1-Distill-Llama-8B,functional_group,0,alkyl fluoride,sulfoxide,0.489927,0,0
deepseek-ai-DeepSeek-R1-Distill-Llama-8B,functional_group,0,alkyl fluoride,thioether,0.570665,0,0
deepseek-ai-DeepSeek-R1-Distill-Llama-8B,functional_group,0,alkyl fluoride,thiol,0.732296,0,0
deepseek-ai-DeepSeek-R1-Distill-Llama-8B,functional_group,0,alkyl iodide,amide,0.285171,0,0
deepseek-ai-DeepSeek-R1-Distill-Llama-8B,functional_group,0,alkyl iodide,amine,0.555286,0,0
deepseek-ai-DeepSeek-R1-Distill-Llama-8B,functional_group,0,alkyl iodide,carboxylic acid,0.296048,0,0
deepseek-ai-DeepSeek-R1-Distill-Llama-8B,functional_group,0,alkyl iodide,ester,0.423218,0,0
deepseek-ai-DeepSeek-R1-Distill-Llama-8B,functional_group,0,alkyl iodide,ether,0.841172,0,0
deepseek-ai-DeepSeek-R1-Distill-Llama-8B,functional_group,0,alkyl iodide,imine,0.416756,0,0
deepseek-ai-DeepSeek-R1-Distill-Llama-8B,functional_group,0,alkyl iodide,ketone,0.423016,0,0
deepseek-ai-DeepSeek-R1-Distill-Llama-8B,functional_group,0,alkyl iodide,nitrile,0.246109,0,0
deepseek-ai-DeepSeek-R1-Distill-Llama-8B,functional_group,0,alkyl iodide,nitro,0.393511,0,0
deepseek-ai-DeepSeek-R1-Distill-Llama-8B,functional_group,0,alkyl iodide,sulfone,0.461801,0,0
deepseek-ai-DeepSeek-R1-Distill-Llama-8B,functional_group,0,alkyl iodide,sulfoxide,0.459578,0,0
deepseek-ai-DeepSeek-R1-Distill-Llama-8B,functional_group,0,alkyl iodide,thioether,0.547051,0,0
deepseek-ai-DeepSeek-R1-Distill-Llama-8B,functional_group,0,alkyl iodide,thiol,0.599392,0,0
deepseek-ai-DeepSeek-R1-Distill-Llama-8B,functional_group,0,amide,amine,0.438749,1,0
deepseek-ai-DeepSeek-R1-Distill-Llama-8B,functional_group,0,amide,carboxylic acid,0.854893,0,1
deepseek-ai-DeepSeek-R1-Distill-Llama-8B,functional_group,0,amide,ester,0.479467,0,1
deepseek-ai-DeepSeek-R1-Distill-Llama-8B,functional_group,0,amide,ether,0.288206,0,0
deepseek-ai-DeepSeek-R1-Distill-Llama-8B,functional_group,0,amide,imine,0.643321,1,0
deepseek-ai-DeepSeek-R1-Distill-Llama-8B,functional_group,0,amide,ketone,0.50447,0,1
deepseek-ai-DeepSeek-R1-Distill-Llama-8B,functional_group,0,amide,nitrile,0.096233,1,0
deepseek-ai-DeepSeek-R1-Distill-Llama-8B,functional_group,0,amide,nitro,0.616283,1,0
deepseek-ai-DeepSeek-R1-Distill-Llama-8B,functional_group,0,amide,sulfone,0.623333,0,0
deepseek-ai-DeepSeek-R1-Distill-Llama-8B,functional_group,0,amide,sulfoxide,0.46633,0,0
deepseek-ai-DeepSeek-R1-Distill-Llama-8B,functional_group,0,amide,thioether,0.27345,0,0
deepseek-ai-DeepSeek-R1-Distill-Llama-8B,functional_group,0,amide,thiol,0.449101,0,0
deepseek-ai-DeepSeek-R1-Distill-Llama-8B,functional_group,0,amine,carboxylic acid,0.399011,0,0
deepseek-ai-DeepSeek-R1-Distill-Llama-8B,functional_group,0,amine,ester,0.499808,0,0
deepseek-ai-DeepSeek-R1-Distill-Llama-8B,functional_group,0,amine,ether,0.577324,0,0
deepseek-ai-DeepSeek-R1-Distill-Llama-8B,functional_group,0,amine,imine,0.749291,1,1
deepseek-ai-DeepSeek-R1-Distill-Llama-8B,functional_group,0,amine,ketone,0.633529,0,0
deepseek-ai-DeepSeek-R1-Distill-Llama-8B,functional_group,0,amine,nitrile,0.128143,1,1
deepseek-ai-DeepSeek-R1-Distill-Llama-8B,functional_group,0,amine,nitro,0.521235,1,1
deepseek-ai-DeepSeek-R1-Distill-Llama-8B,functional_group,0,amine,sulfone,0.559504,0,0
deepseek-ai-DeepSeek-R1-Distill-Llama-8B,functional_group,0,amine,sulfoxide,0.503506,0,0
deepseek-ai-DeepSeek-R1-Distill-Llama-8B,functional_group,0,amine,thioether,0.536258,0,0
deepseek-ai-DeepSeek-R1-Distill-Llama-8B,functional_group,0,amine,thiol,0.871466,0,0
deepseek-ai-DeepSeek-R1-Distill-Llama-8B,functional_group,0,carboxylic acid,ester,0.540059,1,1
deepseek-ai-DeepSeek-R1-Distill-Llama-8B,functional_group,0,carboxylic acid,ether,0.359462,1,0
deepseek-ai-DeepSeek-R1-Distill-Llama-8B,functional_group,0,carboxylic acid,imine,0.542755,0,0
deepseek-ai-DeepSeek-R1-Distill-Llama-8B,functional_group,0,carboxylic acid,ketone,0.491457,1,1
deepseek-ai-DeepSeek-R1-Distill-Llama-8B,functional_group,0,carboxylic acid,nitrile,0.070967,0,0
deepseek-ai-DeepSeek-R1-Distill-Llama-8B,functional_group,0,carboxylic acid,nitro,0.46054,0,0
deepseek-ai-DeepSeek-R1-Distill-Llama-8B,functional_group,0,carboxylic acid,sulfone,0.666732,0,0
deepseek-ai-DeepSeek-R1-Distill-Llama-8B,functional_group,0,carboxylic acid,sulfoxide,0.536539,0,0
deepseek-ai-DeepSeek-R1-Distill-Llama-8B,functional_group,0,carboxylic acid,thioether,0.435347,0,0
deepseek-ai-DeepSeek-R1-Distill-Llama-8B,functional_group,0,carboxylic acid,thiol,0.437643,0,0
deepseek-ai-DeepSeek-R1-Distill-Llama-8B,functional_group,0,ester,ether,0.528828,1,0
deepseek-ai-DeepSeek-R1-Distill-Llama-8B,functional_group,0,ester,imine,0.460898,0,0
deepseek-ai-DeepSeek-R1-Distill-Llama-8B,functional_group,0,ester,ketone,0.92109,1,1
deepseek-ai-DeepSeek-R1-Distill-Llama-8B,functional_group,0,ester,nitrile,0.225737,0,0
deepseek-ai-DeepSeek-R1-Distill-Llama-8B,functional_group,0,ester,nitro,0.459348,0,0
deepseek-ai-DeepSeek-R1-Distill-Llama-8B,functional_group,0,ester,sulfone,0.919434,0,0
deepseek-ai-DeepSeek-R1-Distill-Llama-8B,functional_group,0,ester,sulfoxide,0.976086,0,0
deepseek-ai-DeepSeek-R1-Distill-Llama-8B,functional_group,0,ester,thioether,0.67343,0,0
deepseek-ai-DeepSeek-R1-Distill-Llama-8B,functional_group,0,ester,thiol,0.535766,0,0
deepseek-ai-DeepSeek-R1-Distill-Llama-8B,functional_group,0,ether,imine,0.397571,0,0
deepseek-ai-DeepSeek-R1-Distill-Llama-8B,functional_group,0,ether,ketone,0.468697,1,0
deepseek-ai-DeepSeek-R1-Distill-Llama-8B,functional_group,0,ether,nitrile,0.222596,0,0
deepseek-ai-DeepSeek-R1-Distill-Llama-8B,functional_group,0,ether,nitro,0.356972,0,0
deepseek-ai-DeepSeek-R1-Distill-Llama-8B,functional_group,0,ether,sulfone,0.562658,0,0
deepseek-ai-DeepSeek-R1-Distill-Llama-8B,functional_group,0,ether,sulfoxide,0.558138,0,0
deepseek-ai-DeepSeek-R1-Distill-Llama-8B,functional_group,0,ether,thioether,0.704055,0,1
deepseek-ai-DeepSeek-R1-Distill-Llama-8B,functional_group,0,ether,thiol,0.633812,0,1
deepseek-ai-DeepSeek-R1-Distill-Llama-8B,functional_group,0,imine,ketone,0.541863,0,0
deepseek-ai-DeepSeek-R1-Distill-Llama-8B,functional_group,0,imine,nitrile,0.156025,1,1
deepseek-ai-DeepSeek-R1-Distill-Llama-8B,functional_group,0,imine,nitro,0.603431,1,1
deepseek-ai-DeepSeek-R1-Distill-Llama-8B,functional_group,0,imine,sulfone,0.529488,0,0
deepseek-ai-DeepSeek-R1-Distill-Llama-8B,functional_group,0,imine,sulfoxide,0.456828,0,0
deepseek-ai-DeepSeek-R1-Distill-Llama-8B,functional_group,0,imine,thioether,0.364669,0,0
deepseek-ai-DeepSeek-R1-Distill-Llama-8B,functional_group,0,imine,thiol,0.670075,0,0
deepseek-ai-DeepSeek-R1-Distill-Llama-8B,functional_group,0,ketone,nitrile,0.188904,0,0
deepseek-ai-DeepSeek-R1-Distill-Llama-8B,functional_group,0,ketone,nitro,0.524002,0,0
deepseek-ai-DeepSeek-R1-Distill-Llama-8B,functional_group,0,ketone,sulfone,0.859123,0,0
deepseek-ai-DeepSeek-R1-Distill-Llama-8B,functional_group,0,ketone,sulfoxide,0.890783,0,0
deepseek-ai-DeepSeek-R1-Distill-Llama-8B,functional_group,0,ketone,thioether,0.516433,0,0
deepseek-ai-DeepSeek-R1-Distill-Llama-8B,functional_group,0,ketone,thiol,0.604458,0,0
deepseek-ai-DeepSeek-R1-Distill-Llama-8B,functional_group,0,nitrile,nitro,0.255636,1,1
deepseek-ai-DeepSeek-R1-Distill-Llama-8B,functional_group,0,nitrile,sulfone,0.203087,0,0
deepseek-ai-DeepSeek-R1-Distill-Llama-8B,functional_group,0,nitrile,sulfoxide,0.241629,0,0
deepseek-ai-DeepSeek-R1-Distill-Llama-8B,functional_group,0,nitrile,thioether,0.170001,0,0
deepseek-ai-DeepSeek-R1-Distill-Llama-8B,functional_group,0,nitrile,thiol,0.173952,0,0
deepseek-ai-DeepSeek-R1-Distill-Llama-8B,functional_group,0,nitro,sulfone,0.564481,0,0
deepseek-ai-DeepSeek-R1-Distill-Llama-8B,functional_group,0,nitro,sulfoxide,0.450808,0,0
deepseek-ai-DeepSeek-R1-Distill-Llama-8B,functional_group,0,nitro,thioether,0.253918,0,0
deepseek-ai-DeepSeek-R1-Distill-Llama-8B,functional_group,0,nitro,thiol,0.535391,0,0
deepseek-ai-DeepSeek-R1-Distill-Llama-8B,functional_group,0,sulfone,sulfoxide,0.924012,1,1
deepseek-ai-DeepSeek-R1-Distill-Llama-8B,functional_group,0,sulfone,thioether,0.712456,1,0
deepseek-ai-DeepSeek-R1-Distill-Llama-8B,functional_group,0,sulfone,thiol,0.600822,1,0
deepseek-ai-DeepSeek-R1-Distill-Llama-8B,functional_group,0,sulfoxide,thioether,0.72292,1,0
deepseek-ai-DeepSeek-R1-Distill-Llama-8B,functional_group,0,sulfoxide,thiol,0.568832,1,0
deepseek-ai-DeepSeek-R1-Distill-Llama-8B,functional_group,0,thioether,thiol,0.634809,1,1
deepseek-ai-DeepSeek-R1-Distill-Llama-8B,functional_group,8,alcohol,aldehyde,0.625488,1,0
deepseek-ai-DeepSeek-R1-Distill-Llama-8B,functional_group,8,alcohol,alkyl bromide,0.63777,0,0
deepseek-ai-DeepSeek-R1-Distill-Llama-8B,functional_group,8,alcohol,alkyl chloride,0.603793,0,0
deepseek-ai-DeepSeek-R1-Distill-Llama-8B,functional_group,8,alcohol,alkyl fluoride,0.625363,0,0
deepseek-ai-DeepSeek-R1-Distill-Llama-8B,functional_group,8,alcohol,alkyl iodide,0.578718,0,0
deepseek-ai-DeepSeek-R1-Distill-Llama-8B,functional_group,8,alcohol,amide,0.671092,0,0
deepseek-ai-DeepSeek-R1-Distill-Llama-8B,functional_group,8,alcohol,amine,0.911008,0,0
deepseek-ai-DeepSeek-R1-Distill-Llama-8B,functional_group,8,alcohol,carboxylic acid,0.697729,1,0
deepseek-ai-DeepSeek-R1-Distill-Llama-8B,functional_group,8,alcohol,ester,0.732371,1,0
deepseek-ai-DeepSeek-R1-Distill-Llama-8B,functional_group,8,alcohol,ether,0.734514,1,1
deepseek-ai-DeepSeek-R1-Distill-Llama-8B,functional_group,8,alcohol,imine,0.758113,0,0
deepseek-ai-DeepSeek-R1-Distill-Llama-8B,functional_group,8,alcohol,ketone,0.841531,1,0
deepseek-ai-DeepSeek-R1-Distill-Llama-8B,functional_group,8,alcohol,nitrile,0.663064,0,0
deepseek-ai-DeepSeek-R1-Distill-Llama-8B,functional_group,8,alcohol,nitro,0.603633,0,0
deepseek-ai-DeepSeek-R1-Distill-Llama-8B,functional_group,8,alcohol,sulfone,0.708238,0,0
deepseek-ai-DeepSeek-R1-Distill-Llama-8B,functional_group,8,alcohol,sulfoxide,0.709554,0,0
deepseek-ai-DeepSeek-R1-Distill-Llama-8B,functional_group,8,alcohol,thioether,0.682581,0,1
deepseek-ai-DeepSeek-R1-Distill-Llama-8B,functional_group,8,alcohol,thiol,0.860276,0,1
deepseek-ai-DeepSeek-R1-Distill-Llama-8B,functional_group,8,aldehyde,alkyl bromide,0.446569,0,0
deepseek-ai-DeepSeek-R1-Distill-Llama-8B,functional_group,8,aldehyde,alkyl chloride,0.389042,0,0
deepseek-ai-DeepSeek-R1-Distill-Llama-8B,functional_group,8,aldehyde,alkyl fluoride,0.399127,0,0
deepseek-ai-DeepSeek-R1-Distill-Llama-8B,functional_group,8,aldehyde,alkyl iodide,0.429036,0,0
deepseek-ai-DeepSeek-R1-Distill-Llama-8B,functional_group,8,aldehyde,amide,0.815041,0,1
deepseek-ai-DeepSeek-R1-Distill-Llama-8B,functional_group,8,aldehyde,amine,0.578789,0,0
deepseek-ai-DeepSeek-R1-Distill-Llama-8B,functional_group,8,aldehyde,carboxylic acid,0.698338,1,1
deepseek-ai-DeepSeek-R1-Distill-Llama-8B,functional_group,8,aldehyde,ester,0.66204,1,1
deepseek-ai-DeepSeek-R1-Distill-Llama-8B,functional_group,8,aldehyde,ether,0.51508,1,0
deepseek-ai-DeepSeek-R1-Distill-Llama-8B,functional_group,8,aldehyde,imine,0.700134,0,0
deepseek-ai-DeepSeek-R1-Distill-Llama-8B,functional_group,8,aldehyde,ketone,0.675383,1,1
deepseek-ai-DeepSeek-R1-Distill-Llama-8B,functional_group,8,aldehyde,nitrile,0.648356,0,0
deepseek-ai-DeepSeek-R1-Distill-Llama-8B,functional_group,8,aldehyde,nitro,0.463325,0,0
deepseek-ai-DeepSeek-R1-Distill-Llama-8B,functional_group,8,aldehyde,sulfone,0.563192,0,0
deepseek-ai-DeepSeek-R1-Distill-Llama-8B,functional_group,8,aldehyde,sulfoxide,0.560528,0,0
deepseek-ai-DeepSeek-R1-Distill-Llama-8B,functional_group,8,aldehyde,thioether,0.431038,0,0
deepseek-ai-DeepSeek-R1-Distill-Llama-8B,functional_group,8,aldehyde,thiol,0.5634,0,0
deepseek-ai-DeepSeek-R1-Distill-Llama-8B,functional_group,8,alkyl bromide,alkyl chloride,0.922773,1,1
deepseek-ai-DeepSeek-R1-Distill-Llama-8B,functional_group,8,alkyl bromide,alkyl fluoride,0.819638,1,1
deepseek-ai-DeepSeek-R1-Distill-Llama-8B,functional_group,8,alkyl bromide,alkyl iodide,0.854626,1,1
deepseek-ai-DeepSeek-R1-Distill-Llama-8B,functional_group,8,alkyl bromide,amide,0.512013,0,0
deepseek-ai-DeepSeek-R1-Distill-Llama-8B,functional_group,8,alkyl bromide,amine,0.66085,0,0
deepseek-ai-DeepSeek-R1-Distill-Llama-8B,functional_group,8,alkyl bromide,carboxylic acid,0.462005,0,0
deepseek-ai-DeepSeek-R1-Distill-Llama-8B,functional_group,8,alkyl bromide,ester,0.521292,0,0
deepseek-ai-DeepSeek-R1-Distill-Llama-8B,functional_group,8,alkyl bromide,ether,0.810935,0,0
deepseek-ai-DeepSeek-R1-Distill-Llama-8B,functional_group,8,alkyl bromide,imine,0.665389,0,0
deepseek-ai-DeepSeek-R1-Distill-Llama-8B,functional_group,8,alkyl bromide,ketone,0.569668,0,0
deepseek-ai-DeepSeek-R1-Distill-Llama-8B,functional_group,8,alkyl bromide,nitrile,0.55184,0,0
deepseek-ai-DeepSeek-R1-Distill-Llama-8B,functional_group,8,alkyl bromide,nitro,0.754679,0,0
deepseek-ai-DeepSeek-R1-Distill-Llama-8B,functional_group,8,alkyl bromide,sulfone,0.522916,0,0
deepseek-ai-DeepSeek-R1-Distill-Llama-8B,functional_group,8,alkyl bromide,sulfoxide,0.537969,0,0
deepseek-ai-DeepSeek-R1-Distill-Llama-8B,functional_group,8,alkyl bromide,thioether,0.75499,0,0
deepseek-ai-DeepSeek-R1-Distill-Llama-8B,functional_group,8,alkyl bromide,thiol,0.64691,0,0
deepseek-ai-DeepSeek-R1-Distill-Llama-8B,functional_group,8,alkyl chloride,alkyl fluoride,0.83478,1,1
deepseek-ai-DeepSeek-R1-Distill-Llama-8B,functional_group,8,alkyl chloride,alkyl iodide,0.840847,1,1
deepseek-ai-DeepSeek-R1-Distill-Llama-8B,functional_group,8,alkyl chloride,amide,0.463222,0,0
deepseek-ai-DeepSeek-R1-Distill-Llama-8B,functional_group,8,alkyl chloride,amine,0.631706,0,0
deepseek-ai-DeepSeek-R1-Distill-Llama-8B,functional_group,8,alkyl chloride,carboxylic acid,0.43205,0,0
deepseek-ai-DeepSeek-R1-Distill-Llama-8B,functional_group,8,alkyl chloride,ester,0.471257,0,0
deepseek-ai-DeepSeek-R1-Distill-Llama-8B,functional_group,8,alkyl chloride,ether,0.79717,0,0
deepseek-ai-DeepSeek-R1-Distill-Llama-8B,functional_group,8,alkyl chloride,imine,0.618724,0,0
deepseek-ai-DeepSeek-R1-Distill-Llama-8B,functional_group,8,alkyl chloride,ketone,0.514866,0,0
deepseek-ai-DeepSeek-R1-Distill-Llama-8B,functional_group,8,alkyl chloride,nitrile,0.507449,0,0
deepseek-ai-DeepSeek-R1-Distill-Llama-8B,functional_group,8,alkyl chloride,nitro,0.762114,0,0
deepseek-ai-DeepSeek-R1-Distill-Llama-8B,functional_group,8,alkyl chloride,sulfone,0.50747,0,0
deepseek-ai-DeepSeek-R1-Distill-Llama-8B,functional_group,8,alkyl chloride,sulfoxide,0.527322,0,0
deepseek-ai-DeepSeek-R1-Distill-Llama-8B,functional_group,8,alkyl chloride,thioether,0.768711,0,0
deepseek-ai-DeepSeek-R1-Distill-Llama-8B,functional_group,8,alkyl chloride,thiol,0.628777,0,0
deepseek-ai-DeepSeek-R1-Distill-Llama-8B,functional_group,8,alkyl fluoride,alkyl iodide,0.885247,1,1
deepseek-ai-DeepSeek-R1-Distill-Llama-8B,functional_group,8,alkyl fluoride,amide,0.490625,0,0
deepseek-ai-DeepSeek-R1-Distill-Llama-8B,functional_group,8,alkyl fluoride,amine,0.688708,0,0
deepseek-ai-DeepSeek-R1-Distill-Llama-8B,functional_group,8,alkyl fluoride,carboxylic acid,0.42486,0,0
deepseek-ai-DeepSeek-R1-Distill-Llama-8B,functional_group,8,alkyl fluoride,ester,0.520759,0,0
deepseek-ai-DeepSeek-R1-Distill-Llama-8B,functional_group,8,alkyl fluoride,ether,0.836834,0,0
deepseek-ai-DeepSeek-R1-Distill-Llama-8B,functional_group,8,alkyl fluoride,imine,0.639099,0,0
deepseek-ai-DeepSeek-R1-Distill-Llama-8B,functional_group,8,alkyl fluoride,ketone,0.544938,0,0
deepseek-ai-DeepSeek-R1-Distill-Llama-8B,functional_group,8,alkyl fluoride,nitrile,0.549368,0,0
deepseek-ai-DeepSeek-R1-Distill-Llama-8B,functional_group,8,alkyl fluoride,nitro,0.749065,0,0
deepseek-ai-DeepSeek-R1-Distill-Llama-8B,functional_group,8,alkyl fluoride,sulfone,0.562937,0,0
deepseek-ai-DeepSeek-R1-Distill-Llama-8B,functional_group,8,alkyl fluoride,sulfoxide,0.592761,0,0
deepseek-ai-DeepSeek-R1-Distill-Llama-8B,functional_group,8,alkyl fluoride,thioether,0.828341,0,0
deepseek-ai-DeepSeek-R1-Distill-Llama-8B,functional_group,8,alkyl fluoride,thiol,0.697396,0,0
deepseek-ai-DeepSeek-R1-Distill-Llama-8B,functional_group,8,alkyl iodide,amide,0.470668,0,0
deepseek-ai-DeepSeek-R1-Distill-Llama-8B,functional_group,8,alkyl iodide,amine,0.621181,0,0
deepseek-ai-DeepSeek-R1-Distill-Llama-8B,functional_group,8,alkyl iodide,carboxylic acid,0.383394,0,0
deepseek-ai-DeepSeek-R1-Distill-Llama-8B,functional_group,8,alkyl iodide,ester,0.439661,0,0
deepseek-ai-DeepSeek-R1-Distill-Llama-8B,functional_group,8,alkyl iodide,ether,0.793218,0,0
deepseek-ai-DeepSeek-R1-Distill-Llama-8B,functional_group,8,alkyl iodide,imine,0.622472,0,0
deepseek-ai-DeepSeek-R1-Distill-Llama-8B,functional_group,8,alkyl iodide,ketone,0.48843,0,0
deepseek-ai-DeepSeek-R1-Distill-Llama-8B,functional_group,8,alkyl iodide,nitrile,0.516628,0,0
deepseek-ai-DeepSeek-R1-Distill-Llama-8B,functional_group,8,alkyl iodide,nitro,0.728862,0,0
deepseek-ai-DeepSeek-R1-Distill-Llama-8B,functional_group,8,alkyl iodide,sulfone,0.448995,0,0
deepseek-ai-DeepSeek-R1-Distill-Llama-8B,functional_group,8,alkyl iodide,sulfoxide,0.482556,0,0
deepseek-ai-DeepSeek-R1-Distill-Llama-8B,functional_group,8,alkyl iodide,thioether,0.724159,0,0
deepseek-ai-DeepSeek-R1-Distill-Llama-8B,functional_group,8,alkyl iodide,thiol,0.625251,0,0
deepseek-ai-DeepSeek-R1-Distill-Llama-8B,functional_group,8,amide,amine,0.702406,1,0
deepseek-ai-DeepSeek-R1-Distill-Llama-8B,functional_group,8,amide,carboxylic acid,0.806453,0,1
deepseek-ai-DeepSeek-R1-Distill-Llama-8B,functional_group,8,amide,ester,0.782692,0,1
deepseek-ai-DeepSeek-R1-Distill-Llama-8B,functional_group,8,amide,ether,0.613511,0,0
deepseek-ai-DeepSeek-R1-Distill-Llama-8B,functional_group,8,amide,imine,0.751966,1,0
deepseek-ai-DeepSeek-R1-Distill-Llama-8B,functional_group,8,amide,ketone,0.750571,0,1
deepseek-ai-DeepSeek-R1-Distill-Llama-8B,functional_group,8,amide,nitrile,0.708005,1,0
deepseek-ai-DeepSeek-R1-Distill-Llama-8B,functional_group,8,amide,nitro,0.565248,1,0
deepseek-ai-DeepSeek-R1-Distill-Llama-8B,functional_group,8,amide,sulfone,0.72445,0,0
deepseek-ai-DeepSeek-R1-Distill-Llama-8B,functional_group,8,amide,sulfoxide,0.709071,0,0
deepseek-ai-DeepSeek-R1-Distill-Llama-8B,functional_group,8,amide,thioether,0.575264,0,0
deepseek-ai-DeepSeek-R1-Distill-Llama-8B,functional_group,8,amide,thiol,0.664453,0,0
deepseek-ai-DeepSeek-R1-Distill-Llama-8B,functional_group,8,amine,carboxylic acid,0.638892,0,0
deepseek-ai-DeepSeek-R1-Distill-Llama-8B,functional_group,8,amine,ester,0.720401,0,0
deepseek-ai-DeepSeek-R1-Distill-Llama-8B,functional_group,8,amine,ether,0.759933,0,0
deepseek-ai-DeepSeek-R1-Distill-Llama-8B,functional_group,8,amine,imine,0.802499,1,1
deepseek-ai-DeepSeek-R1-Distill-Llama-8B,functional_group,8,amine,ketone,0.819318,0,0
deepseek-ai-DeepSeek-R1-Distill-Llama-8B,functional_group,8,amine,nitrile,0.683218,1,1
deepseek-ai-DeepSeek-R1-Distill-Llama-8B,functional_group,8,amine,nitro,0.637546,1,1
deepseek-ai-DeepSeek-R1-Distill-Llama-8B,functional_group,8,amine,sulfone,0.730149,0,0
deepseek-ai-DeepSeek-R1-Distill-Llama-8B,functional_group,8,amine,sulfoxide,0.744353,0,0
deepseek-ai-DeepSeek-R1-Distill-Llama-8B,functional_group,8,amine,thioether,0.72545,0,0
deepseek-ai-DeepSeek-R1-Distill-Llama-8B,functional_group,8,amine,thiol,0.874597,0,0
deepseek-ai-DeepSeek-R1-Distill-Llama-8B,functional_group,8,carboxylic acid,ester,0.773098,1,1
deepseek-ai-DeepSeek-R1-Distill-Llama-8B,functional_group,8,carboxylic acid,ether,0.526614,1,0
deepseek-ai-DeepSeek-R1-Distill-Llama-8B,functional_group,8,carboxylic acid,imine,0.616588,0,0
deepseek-ai-DeepSeek-R1-Distill-Llama-8B,functional_group,8,carboxylic acid,ketone,0.705185,1,1
deepseek-ai-DeepSeek-R1-Distill-Llama-8B,functional_group,8,carboxylic acid,nitrile,0.65313,0,0
deepseek-ai-DeepSeek-R1-Distill-Llama-8B,functional_group,8,carboxylic acid,nitro,0.500747,0,0
deepseek-ai-DeepSeek-R1-Distill-Llama-8B,functional_group,8,carboxylic acid,sulfone,0.670722,0,0
deepseek-ai-DeepSeek-R1-Distill-Llama-8B,functional_group,8,carboxylic acid,sulfoxide,0.651848,0,0
deepseek-ai-DeepSeek-R1-Distill-Llama-8B,functional_group,8,carboxylic acid,thioether,0.501106,0,0
deepseek-ai-DeepSeek-R1-Distill-Llama-8B,functional_group,8,carboxylic acid,thiol,0.643394,0,0
deepseek-ai-DeepSeek-R1-Distill-Llama-8B,functional_group,8,ester,ether,0.674055,1,0
deepseek-ai-DeepSeek-R1-Distill-Llama-8B,functional_group,8,ester,imine,0.682763,0,0
deepseek-ai-DeepSeek-R1-Distill-Llama-8B,functional_group,8,ester,ketone,0.831568,1,1
deepseek-ai-DeepSeek-R1-Distill-Llama-8B,functional_group,8,ester,nitrile,0.714957,0,0
deepseek-ai-DeepSeek-R1-Distill-Llama-8B,functional_group,8,ester,nitro,0.54474,0,0
deepseek-ai-DeepSeek-R1-Distill-Llama-8B,functional_group,8,ester,sulfone,0.854214,0,0
deepseek-ai-DeepSeek-R1-Distill-Llama-8B,functional_group,8,ester,sulfoxide,0.853082,0,0
deepseek-ai-DeepSeek-R1-Distill-Llama-8B,functional_group,8,ester,thioether,0.628696,0,0
deepseek-ai-DeepSeek-R1-Distill-Llama-8B,functional_group,8,ester,thiol,0.706654,0,0
deepseek-ai-DeepSeek-R1-Distill-Llama-8B,functional_group,8,ether,imine,0.705425,0,0
deepseek-ai-DeepSeek-R1-Distill-Llama-8B,functional_group,8,ether,ketone,0.662961,1,0
deepseek-ai-DeepSeek-R1-Distill-Llama-8B,functional_group,8,ether,nitrile,0.614046,0,0
deepseek-ai-DeepSeek-R1-Distill-Llama-8B,functional_group,8,ether,nitro,0.726361,0,0
deepseek-ai-DeepSeek-R1-Distill-Llama-8B,functional_group,8,ether,sulfone,0.668753,0,0
deepseek-ai-DeepSeek-R1-Distill-Llama-8B,functional_group,8,ether,sulfoxide,0.705645,0,0
deepseek-ai-DeepSeek-R1-Distill-Llama-8B,functional_group,8,ether,thioether,0.845506,0,1
deepseek-ai-DeepSeek-R1-Distill-Llama-8B,functional_group,8,ether,thiol,0.761553,0,1
deepseek-ai-DeepSeek-R1-Distill-Llama-8B,functional_group,8,imine,ketone,0.777767,0,0
deepseek-ai-DeepSeek-R1-Distill-Llama-8B,functional_group,8,imine,nitrile,0.70874,1,1
deepseek-ai-DeepSeek-R1-Distill-Llama-8B,functional_group,8,imine,nitro,0.641959,1,1
deepseek-ai-DeepSeek-R1-Distill-Llama-8B,functional_group,8,imine,sulfone,0.698038,0,0
deepseek-ai-DeepSeek-R1-Distill-Llama-8B,functional_group,8,imine,sulfoxide,0.704419,0,0
deepseek-ai-DeepSeek-R1-Distill-Llama-8B,functional_group,8,imine,thioether,0.702213,0,0
deepseek-ai-DeepSeek-R1-Distill-Llama-8B,functional_group,8,imine,thiol,0.768367,0,0
deepseek-ai-DeepSeek-R1-Distill-Llama-8B,functional_group,8,ketone,nitrile,0.675126,0,0
deepseek-ai-DeepSeek-R1-Distill-Llama-8B,functional_group,8,ketone,nitro,0.612572,0,0
deepseek-ai-DeepSeek-R1-Distill-Llama-8B,functional_group,8,ketone,sulfone,0.80987,0,0
deepseek-ai-DeepSeek-R1-Distill-Llama-8B,functional_group,8,ketone,sulfoxide,0.803767,0,0
deepseek-ai-DeepSeek-R1-Distill-Llama-8B,functional_group,8,ketone,thioether,0.62469,0,0
deepseek-ai-DeepSeek-R1-Distill-Llama-8B,functional_group,8,ketone,thiol,0.749306,0,0
deepseek-ai-DeepSeek-R1-Distill-Llama-8B,functional_group,8,nitrile,nitro,0.5239,1,1
deepseek-ai-DeepSeek-R1-Distill-Llama-8B,functional_group,8,nitrile,sulfone,0.685528,0,0
deepseek-ai-DeepSeek-R1-Distill-Llama-8B,functional_group,8,nitrile,sulfoxide,0.693507,0,0
deepseek-ai-DeepSeek-R1-Distill-Llama-8B,functional_group,8,nitrile,thioether,0.590249,0,0
deepseek-ai-DeepSeek-R1-Distill-Llama-8B,functional_group,8,nitrile,thiol,0.699789,0,0
deepseek-ai-DeepSeek-R1-Distill-Llama-8B,functional_group,8,nitro,sulfone,0.628149,0,0
deepseek-ai-DeepSeek-R1-Distill-Llama-8B,functional_group,8,nitro,sulfoxide,0.60197,0,0
deepseek-ai-DeepSeek-R1-Distill-Llama-8B,functional_group,8,nitro,thioether,0.733788,0,0
deepseek-ai-DeepSeek-R1-Distill-Llama-8B,functional_group,8,nitro,thiol,0.616384,0,0
deepseek-ai-DeepSeek-R1-Distill-Llama-8B,functional_group,8,sulfone,sulfoxide,0.947767,1,1
deepseek-ai-DeepSeek-R1-Distill-Llama-8B,functional_group,8,sulfone,thioether,0.722621,1,0
deepseek-ai-DeepSeek-R1-Distill-Llama-8B,functional_group,8,sulfone,thiol,0.736923,1,0
deepseek-ai-DeepSeek-R1-Distill-Llama-8B,functional_group,8,sulfoxide,thioether,0.727339,1,0
deepseek-ai-DeepSeek-R1-Distill-Llama-8B,functional_group,8,sulfoxide,thiol,0.742924,1,0
deepseek-ai-DeepSeek-R1-Distill-Llama-8B,functional_group,8,thioether,thiol,0.769468,1,1
deepseek-ai-DeepSeek-R1-Distill-Llama-8B,functional_group,16,alcohol,aldehyde,0.594972,1,0
deepseek-ai-DeepSeek-R1-Distill-Llama-8B,functional_group,16,alcohol,alkyl bromide,0.567966,0,0
deepseek-ai-DeepSeek-R1-Distill-Llama-8B,functional_group,16,alcohol,alkyl chloride,0.548639,0,0
deepseek-ai-DeepSeek-R1-Distill-Llama-8B,functional_group,16,alcohol,alkyl fluoride,0.50174,0,0
deepseek-ai-DeepSeek-R1-Distill-Llama-8B,functional_group,16,alcohol,alkyl iodide,0.473367,0,0
deepseek-ai-DeepSeek-R1-Distill-Llama-8B,functional_group,16,alcohol,amide,0.58711,0,0
deepseek-ai-DeepSeek-R1-Distill-Llama-8B,functional_group,16,alcohol,amine,0.672904,0,0
deepseek-ai-DeepSeek-R1-Distill-Llama-8B,functional_group,16,alcohol,carboxylic acid,0.581561,1,0
deepseek-ai-DeepSeek-R1-Distill-Llama-8B,functional_group,16,alcohol,ester,0.613623,1,0
deepseek-ai-DeepSeek-R1-Distill-Llama-8B,functional_group,16,alcohol,ether,0.649671,1,1
deepseek-ai-DeepSeek-R1-Distill-Llama-8B,functional_group,16,alcohol,imine,0.520774,0,0
deepseek-ai-DeepSeek-R1-Distill-Llama-8B,functional_group,16,alcohol,ketone,0.630435,1,0
deepseek-ai-DeepSeek-R1-Distill-Llama-8B,functional_group,16,alcohol,nitrile,0.54262,0,0
deepseek-ai-DeepSeek-R1-Distill-Llama-8B,functional_group,16,alcohol,nitro,0.533306,0,0
deepseek-ai-DeepSeek-R1-Distill-Llama-8B,functional_group,16,alcohol,sulfone,0.439821,0,0
deepseek-ai-DeepSeek-R1-Distill-Llama-8B,functional_group,16,alcohol,sulfoxide,0.506343,0,0
deepseek-ai-DeepSeek-R1-Distill-Llama-8B,functional_group,16,alcohol,thioether,0.480302,0,1
deepseek-ai-DeepSeek-R1-Distill-Llama-8B,functional_group,16,alcohol,thiol,0.64367,0,1
deepseek-ai-DeepSeek-R1-Distill-Llama-8B,functional_group,16,aldehyde,alkyl bromide,0.423411,0,0
deepseek-ai-DeepSeek-R1-Distill-Llama-8B,functional_group,16,aldehyde,alkyl chloride,0.425967,0,0
deepseek-ai-DeepSeek-R1-Distill-Llama-8B,functional_group,16,aldehyde,alkyl fluoride,0.344867,0,0
deepseek-ai-DeepSeek-R1-Distill-Llama-8B,functional_group,16,aldehyde,alkyl iodide,0.389261,0,0
deepseek-ai-DeepSeek-R1-Distill-Llama-8B,functional_group,16,aldehyde,amide,0.784477,0,1
deepseek-ai-DeepSeek-R1-Distill-Llama-8B,functional_group,16,aldehyde,amine,0.44462,0,0
deepseek-ai-DeepSeek-R1-Distill-Llama-8B,functional_group,16,aldehyde,carboxylic acid,0.709489,1,1
deepseek-ai-DeepSeek-R1-Distill-Llama-8B,functional_group,16,aldehyde,ester,0.675964,1,1
deepseek-ai-DeepSeek-R1-Distill-Llama-8B,functional_group,16,aldehyde,ether,0.454353,1,0
deepseek-ai-DeepSeek-R1-Distill-Llama-8B,functional_group,16,aldehyde,imine,0.663408,0,0
deepseek-ai-DeepSeek-R1-Distill-Llama-8B,functional_group,16,aldehyde,ketone,0.75956,1,1
deepseek-ai-DeepSeek-R1-Distill-Llama-8B,functional_group,16,aldehyde,nitrile,0.65439,0,0
deepseek-ai-DeepSeek-R1-Distill-Llama-8B,functional_group,16,aldehyde,nitro,0.536333,0,0
deepseek-ai-DeepSeek-R1-Distill-Llama-8B,functional_group,16,aldehyde,sulfone,0.525893,0,0
deepseek-ai-DeepSeek-R1-Distill-Llama-8B,functional_group,16,aldehyde,sulfoxide,0.557816,0,0
deepseek-ai-DeepSeek-R1-Distill-Llama-8B,functional_group,16,aldehyde,thioether,0.462147,0,0
deepseek-ai-DeepSeek-R1-Distill-Llama-8B,functional_group,16,aldehyde,thiol,0.566027,0,0
deepseek-ai-DeepSeek-R1-Distill-Llama-8B,functional_group,16,alkyl bromide,alkyl chloride,0.937322,1,1
deepseek-ai-DeepSeek-R1-Distill-Llama-8B,functional_group,16,alkyl bromide,alkyl fluoride,0.783194,1,1
deepseek-ai-DeepSeek-R1-Distill-Llama-8B,functional_group,16,alkyl bromide,alkyl iodide,0.852689,1,1
deepseek-ai-DeepSeek-R1-Distill-Llama-8B,functional_group,16,alkyl bromide,amide,0.507008,0,0
deepseek-ai-DeepSeek-R1-Distill-Llama-8B,functional_group,16,alkyl bromide,amine,0.551426,0,0
deepseek-ai-DeepSeek-R1-Distill-Llama-8B,functional_group,16,alkyl bromide,carboxylic acid,0.438667,0,0
deepseek-ai-DeepSeek-R1-Distill-Llama-8B,functional_group,16,alkyl bromide,ester,0.476278,0,0
deepseek-ai-DeepSeek-R1-Distill-Llama-8B,functional_group,16,alkyl bromide,ether,0.657992,0,0
deepseek-ai-DeepSeek-R1-Distill-Llama-8B,functional_group,16,alkyl bromide,imine,0.489601,0,0
deepseek-ai-DeepSeek-R1-Distill-Llama-8B,functional_group,16,alkyl bromide,ketone,0.418212,0,0
deepseek-ai-DeepSeek-R1-Distill-Llama-8B,functional_group,16,alkyl bromide,nitrile,0.5639,0,0
deepseek-ai-DeepSeek-R1-Distill-Llama-8B,functional_group,16,alkyl bromide,nitro,0.629012,0,0
deepseek-ai-DeepSeek-R1-Distill-Llama-8B,functional_group,16,alkyl bromide,sulfone,0.455397,0,0
deepseek-ai-DeepSeek-R1-Distill-Llama-8B,functional_group,16,alkyl bromide,sulfoxide,0.487329,0,0
deepseek-ai-DeepSeek-R1-Distill-Llama-8B,functional_group,16,alkyl bromide,thioether,0.615181,0,0
deepseek-ai-DeepSeek-R1-Distill-Llama-8B,functional_group,16,alkyl bromide,thiol,0.556585,0,0
deepseek-ai-DeepSeek-R1-Distill-Llama-8B,functional_group,16,alkyl chloride,alkyl fluoride,0.828992,1,1
deepseek-ai-DeepSeek-R1-Distill-Llama-8B,functional_group,16,alkyl chloride,alkyl iodide,0.848043,1,1
deepseek-ai-DeepSeek-R1-Distill-Llama-8B,functional_group,16,alkyl chloride,amide,0.515962,0,0
deepseek-ai-DeepSeek-R1-Distill-Llama-8B,functional_group,16,alkyl chloride,amine,0.540939,0,0
deepseek-ai-DeepSeek-R1-Distill-Llama-8B,functional_group,16,alkyl chloride,carboxylic acid,0.438562,0,0
deepseek-ai-DeepSeek-R1-Distill-Llama-8B,functional_group,16,alkyl chloride,ester,0.491601,0,0
deepseek-ai-DeepSeek-R1-Distill-Llama-8B,functional_group,16,alkyl chloride,ether,0.695665,0,0
deepseek-ai-DeepSeek-R1-Distill-Llama-8B,functional_group,16,alkyl chloride,imine,0.490384,0,0
deepseek-ai-DeepSeek-R1-Distill-Llama-8B,functional_group,16,alkyl chloride,ketone,0.446676,0,0
deepseek-ai-DeepSeek-R1-Distill-Llama-8B,functional_group,16,alkyl chloride,nitrile,0.57845,0,0
deepseek-ai-DeepSeek-R1-Distill-Llama-8B,functional_group,16,alkyl chloride,nitro,0.639036,0,0
deepseek-ai-DeepSeek-R1-Distill-Llama-8B,functional_group,16,alkyl chloride,sulfone,0.482503,0,0
deepseek-ai-DeepSeek-R1-Distill-Llama-8B,functional_group,16,alkyl chloride,sulfoxide,0.522471,0,0
deepseek-ai-DeepSeek-R1-Distill-Llama-8B,functional_group,16,alkyl chloride,thioether,0.668745,0,0
deepseek-ai-DeepSeek-R1-Distill-Llama-8B,functional_group,16,alkyl chloride,thiol,0.583484,0,0
deepseek-ai-DeepSeek-R1-Distill-Llama-8B,functional_group,16,alkyl fluoride,alkyl iodide,0.827244,1,1
deepseek-ai-DeepSeek-R1-Distill-Llama-8B,functional_group,16,alkyl fluoride,amide,0.472865,0,0
deepseek-ai-DeepSeek-R1-Distill-Llama-8B,functional_group,16,alkyl fluoride,amine,0.529302,0,0
deepseek-ai-DeepSeek-R1-Distill-Llama-8B,functional_group,16,alkyl fluoride,carboxylic acid,0.360924,0,0
deepseek-ai-DeepSeek-R1-Distill-Llama-8B,functional_group,16,alkyl fluoride,ester,0.47123,0,0
deepseek-ai-DeepSeek-R1-Distill-Llama-8B,functional_group,16,alkyl fluoride,ether,0.742101,0,0
deepseek-ai-DeepSeek-R1-Distill-Llama-8B,functional_group,16,alkyl fluoride,imine,0.488198,0,0
deepseek-ai-DeepSeek-R1-Distill-Llama-8B,functional_group,16,alkyl fluoride,ketone,0.392851,0,0
deepseek-ai-DeepSeek-R1-Distill-Llama-8B,functional_group,16,alkyl fluoride,nitrile,0.524472,0,0
deepseek-ai-DeepSeek-R1-Distill-Llama-8B,functional_group,16,alkyl fluoride,nitro,0.637502,0,0
deepseek-ai-DeepSeek-R1-Distill-Llama-8B,functional_group,16,alkyl fluoride,sulfone,0.484089,0,0
deepseek-ai-DeepSeek-R1-Distill-Llama-8B,functional_group,16,alkyl fluoride,sulfoxide,0.525042,0,0
deepseek-ai-DeepSeek-R1-Distill-Llama-8B,functional_group,16,alkyl fluoride,thioether,0.67467,0,0
deepseek-ai-DeepSeek-R1-Distill-Llama-8B,functional_group,16,alkyl fluoride,thiol,0.537983,0,0
deepseek-ai-DeepSeek-R1-Distill-Llama-8B,functional_group,16,alkyl iodide,amide,0.469281,0,0
deepseek-ai-DeepSeek-R1-Distill-Llama-8B,functional_group,16,alkyl iodide,amine,0.463284,0,0
deepseek-ai-DeepSeek-R1-Distill-Llama-8B,functional_group,16,alkyl iodide,carboxylic acid,0.392048,0,0
deepseek-ai-DeepSeek-R1-Distill-Llama-8B,functional_group,16,alkyl iodide,ester,0.432036,0,0
deepseek-ai-DeepSeek-R1-Distill-Llama-8B,functional_group,16,alkyl iodide,ether,0.667096,0,0
deepseek-ai-DeepSeek-R1-Distill-Llama-8B,functional_group,16,alkyl iodide,imine,0.487116,0,0
deepseek-ai-DeepSeek-R1-Distill-Llama-8B,functional_group,16,alkyl iodide,ketone,0.356062,0,0
deepseek-ai-DeepSeek-R1-Distill-Llama-8B,functional_group,16,alkyl iodide,nitrile,0.551952,0,0
deepseek-ai-DeepSeek-R1-Distill-Llama-8B,functional_group,16,alkyl iodide,nitro,0.638529,0,0
deepseek-ai-DeepSeek-R1-Distill-Llama-8B,functional_group,16,alkyl iodide,sulfone,0.467666,0,0
deepseek-ai-DeepSeek-R1-Distill-Llama-8B,functional_group,16,alkyl iodide,sulfoxide,0.494174,0,0
deepseek-ai-DeepSeek-R1-Distill-Llama-8B,functional_group,16,alkyl iodide,thioether,0.683938,0,0
deepseek-ai-DeepSeek-R1-Distill-Llama-8B,functional_group,16,alkyl iodide,thiol,0.59033,0,0
deepseek-ai-DeepSeek-R1-Distill-Llama-8B,functional_group,16,amide,amine,0.574546,1,0
deepseek-ai-DeepSeek-R1-Distill-Llama-8B,functional_group,16,amide,carboxylic acid,0.80128,0,1
deepseek-ai-DeepSeek-R1-Distill-Llama-8B,functional_group,16,amide,ester,0.824593,0,1
deepseek-ai-DeepSeek-R1-Distill-Llama-8B,functional_group,16,amide,ether,0.585648,0,0
deepseek-ai-DeepSeek-R1-Distill-Llama-8B,functional_group,16,amide,imine,0.714994,1,0
deepseek-ai-DeepSeek-R1-Distill-Llama-8B,functional_group,16,amide,ketone,0.780205,0,1
deepseek-ai-DeepSeek-R1-Distill-Llama-8B,functional_group,16,amide,nitrile,0.760158,1,0
deepseek-ai-DeepSeek-R1-Distill-Llama-8B,functional_group,16,amide,nitro,0.680878,1,0
deepseek-ai-DeepSeek-R1-Distill-Llama-8B,functional_group,16,amide,sulfone,0.717682,0,0
deepseek-ai-DeepSeek-R1-Distill-Llama-8B,functional_group,16,amide,sulfoxide,0.716361,0,0
deepseek-ai-DeepSeek-R1-Distill-Llama-8B,functional_group,16,amide,thioether,0.567625,0,0
deepseek-ai-DeepSeek-R1-Distill-Llama-8B,functional_group,16,amide,thiol,0.606511,0,0
deepseek-ai-DeepSeek-R1-Distill-Llama-8B,functional_group,16,amine,carboxylic acid,0.425459,0,0
deepseek-ai-DeepSeek-R1-Distill-Llama-8B,functional_group,16,amine,ester,0.450136,0,0
deepseek-ai-DeepSeek-R1-Distill-Llama-8B,functional_group,16,amine,ether,0.519887,0,0
deepseek-ai-DeepSeek-R1-Distill-Llama-8B,functional_group,16,amine,imine,0.698549,1,1
deepseek-ai-DeepSeek-R1-Distill-Llama-8B,functional_group,16,amine,ketone,0.473872,0,0
deepseek-ai-DeepSeek-R1-Distill-Llama-8B,functional_group,16,amine,nitrile,0.627218,1,1
deepseek-ai-DeepSeek-R1-Distill-Llama-8B,functional_group,16,amine,nitro,0.534719,1,1
deepseek-ai-DeepSeek-R1-Distill-Llama-8B,functional_group,16,amine,sulfone,0.426946,0,0
deepseek-ai-DeepSeek-R1-Distill-Llama-8B,functional_group,16,amine,sulfoxide,0.487083,0,0
deepseek-ai-DeepSeek-R1-Distill-Llama-8B,functional_group,16,amine,thioether,0.460487,0,0
deepseek-ai-DeepSeek-R1-Distill-Llama-8B,functional_group,16,amine,thiol,0.579123,0,0
deepseek-ai-DeepSeek-R1-Distill-Llama-8B,functional_group,16,carboxylic acid,ester,0.779807,1,1
deepseek-ai-DeepSeek-R1-Distill-Llama-8B,functional_group,16,carboxylic acid,ether,0.424574,1,0
deepseek-ai-DeepSeek-R1-Distill-Llama-8B,functional_group,16,carboxylic acid,imine,0.481318,0,0
deepseek-ai-DeepSeek-R1-Distill-Llama-8B,functional_group,16,carboxylic acid,ketone,0.682768,1,1
deepseek-ai-DeepSeek-R1-Distill-Llama-8B,functional_group,16,carboxylic acid,nitrile,0.633412,0,0
deepseek-ai-DeepSeek-R1-Distill-Llama-8B,functional_group,16,carboxylic acid,nitro,0.591403,0,0
deepseek-ai-DeepSeek-R1-Distill-Llama-8B,functional_group,16,carboxylic acid,sulfone,0.617552,0,0
deepseek-ai-DeepSeek-R1-Distill-Llama-8B,functional_group,16,carboxylic acid,sulfoxide,0.56012,0,0
deepseek-ai-DeepSeek-R1-Distill-Llama-8B,functional_group,16,carboxylic acid,thioether,0.426966,0,0
deepseek-ai-DeepSeek-R1-Distill-Llama-8B,functional_group,16,carboxylic acid,thiol,0.609965,0,0
deepseek-ai-DeepSeek-R1-Distill-Llama-8B,functional_group,16,ester,ether,0.670088,1,0
deepseek-ai-DeepSeek-R1-Distill-Llama-8B,functional_group,16,ester,imine,0.581766,0,0
deepseek-ai-DeepSeek-R1-Distill-Llama-8B,functional_group,16,ester,ketone,0.792176,1,1
deepseek-ai-DeepSeek-R1-Distill-Llama-8B,functional_group,16,ester,nitrile,0.622093,0,0
deepseek-ai-DeepSeek-R1-Distill-Llama-8B,functional_group,16,ester,nitro,0.657093,0,0
deepseek-ai-DeepSeek-R1-Distill-Llama-8B,functional_group,16,ester,sulfone,0.708163,0,0
deepseek-ai-DeepSeek-R1-Distill-Llama-8B,functional_group,16,ester,sulfoxide,0.692112,0,0
deepseek-ai-DeepSeek-R1-Distill-Llama-8B,functional_group,16,ester,thioether,0.563664,0,0
deepseek-ai-DeepSeek-R1-Distill-Llama-8B,functional_group,16,ester,thiol,0.572187,0,0
deepseek-ai-DeepSeek-R1-Distill-Llama-8B,functional_group,16,ether,imine,0.523239,0,0
deepseek-ai-DeepSeek-R1-Distill-Llama-8B,functional_group,16,ether,ketone,0.491408,1,0
deepseek-ai-DeepSeek-R1-Distill-Llama-8B,functional_group,16,ether,nitrile,0.541934,0,0
deepseek-ai-DeepSeek-R1-Distill-Llama-8B,functional_group,16,ether,nitro,0.623217,0,0
deepseek-ai-DeepSeek-R1-Distill-Llama-8B,functional_group,16,ether,sulfone,0.540085,0,0
deepseek-ai-DeepSeek-R1-Distill-Llama-8B,functional_group,16,ether,sulfoxide,0.591067,0,0
deepseek-ai-DeepSeek-R1-Distill-Llama-8B,functional_group,16,ether,thioether,0.68536,0,1
deepseek-ai-DeepSeek-R1-Distill-Llama-8B,functional_group,16,ether,thiol,0.5404,0,1
deepseek-ai-DeepSeek-R1-Distill-Llama-8B,functional_group,16,imine,ketone,0.619487,0,0
deepseek-ai-DeepSeek-R1-Distill-Llama-8B,functional_group,16,imine,nitrile,0.749701,1,1
deepseek-ai-DeepSeek-R1-Distill-Llama-8B,functional_group,16,imine,nitro,0.669983,1,1
deepseek-ai-DeepSeek-R1-Distill-Llama-8B,functional_group,16,imine,sulfone,0.60125,0,0
deepseek-ai-DeepSeek-R1-Distill-Llama-8B,functional_group,16,imine,sulfoxide,0.636884,0,0
deepseek-ai-DeepSeek-R1-Distill-Llama-8B,functional_group,16,imine,thioether,0.62828,0,0
deepseek-ai-DeepSeek-R1-Distill-Llama-8B,functional_group,16,imine,thiol,0.60432,0,0
deepseek-ai-DeepSeek-R1-Distill-Llama-8B,functional_group,16,ketone,nitrile,0.633462,0,0
deepseek-ai-DeepSeek-R1-Distill-Llama-8B,functional_group,16,ketone,nitro,0.616204,0,0
deepseek-ai-DeepSeek-R1-Distill-Llama-8B,functional_group,16,ketone,sulfone,0.696305,0,0
deepseek-ai-DeepSeek-R1-Distill-Llama-8B,functional_group,16,ketone,sulfoxide,0.718584,0,0
deepseek-ai-DeepSeek-R1-Distill-Llama-8B,functional_group,16,ketone,thioether,0.529647,0,0
deepseek-ai-DeepSeek-R1-Distill-Llama-8B,functional_group,16,ketone,thiol,0.588843,0,0
deepseek-ai-DeepSeek-R1-Distill-Llama-8B,functional_group,16,nitrile,nitro,0.62547,1,1
deepseek-ai-DeepSeek-R1-Distill-Llama-8B,functional_group,16,nitrile,sulfone,0.654511,0,0
deepseek-ai-DeepSeek-R1-Distill-Llama-8B,functional_group,16,nitrile,sulfoxide,0.676015,0,0
deepseek-ai-DeepSeek-R1-Distill-Llama-8B,functional_group,16,nitrile,thioether,0.595504,0,0
deepseek-ai-DeepSeek-R1-Distill-Llama-8B,functional_group,16,nitrile,thiol,0.658824,0,0
deepseek-ai-DeepSeek-R1-Distill-Llama-8B,functional_group,16,nitro,sulfone,0.720136,0,0
deepseek-ai-DeepSeek-R1-Distill-Llama-8B,functional_group,16,nitro,sulfoxide,0.669851,0,0
deepseek-ai-DeepSeek-R1-Distill-Llama-8B,functional_group,16,nitro,thioether,0.667873,0,0
deepseek-ai-DeepSeek-R1-Distill-Llama-8B,functional_group,16,nitro,thiol,0.581221,0,0
deepseek-ai-DeepSeek-R1-Distill-Llama-8B,functional_group,16,sulfone,sulfoxide,0.89297,1,1
deepseek-ai-DeepSeek-R1-Distill-Llama-8B,functional_group,16,sulfone,thioether,0.696145,1,0
deepseek-ai-DeepSeek-R1-Distill-Llama-8B,functional_group,16,sulfone,thiol,0.630767,1,0
deepseek-ai-DeepSeek-R1-Distill-Llama-8B,functional_group,16,sulfoxide,thioether,0.75088,1,0
deepseek-ai-DeepSeek-R1-Distill-Llama-8B,functional_group,16,sulfoxide,thiol,0.68282,1,0
deepseek-ai-DeepSeek-R1-Distill-Llama-8B,functional_group,16,thioether,thiol,0.789656,1,1
deepseek-ai-DeepSeek-R1-Distill-Llama-8B,functional_group,24,alcohol,aldehyde,0.405727,1,0
deepseek-ai-DeepSeek-R1-Distill-Llama-8B,functional_group,24,alcohol,alkyl bromide,0.392605,0,0
deepseek-ai-DeepSeek-R1-Distill-Llama-8B,functional_group,24,alcohol,alkyl chloride,0.349529,0,0
deepseek-ai-DeepSeek-R1-Distill-Llama-8B,functional_group,24,alcohol,alkyl fluoride,0.291972,0,0
deepseek-ai-DeepSeek-R1-Distill-Llama-8B,functional_group,24,alcohol,alkyl iodide,0.388253,0,0
deepseek-ai-DeepSeek-R1-Distill-Llama-8B,functional_group,24,alcohol,amide,0.343686,0,0
deepseek-ai-DeepSeek-R1-Distill-Llama-8B,functional_group,24,alcohol,amine,0.453607,0,0
deepseek-ai-DeepSeek-R1-Distill-Llama-8B,functional_group,24,alcohol,carboxylic acid,0.375359,1,0
deepseek-ai-DeepSeek-R1-Distill-Llama-8B,functional_group,24,alcohol,ester,0.451302,1,0
deepseek-ai-DeepSeek-R1-Distill-Llama-8B,functional_group,24,alcohol,ether,0.642005,1,1
deepseek-ai-DeepSeek-R1-Distill-Llama-8B,functional_group,24,alcohol,imine,0.287658,0,0
deepseek-ai-DeepSeek-R1-Distill-Llama-8B,functional_group,24,alcohol,ketone,0.444067,1,0
deepseek-ai-DeepSeek-R1-Distill-Llama-8B,functional_group,24,alcohol,nitrile,0.274834,0,0
deepseek-ai-DeepSeek-R1-Distill-Llama-8B,functional_group,24,alcohol,nitro,0.428889,0,0
deepseek-ai-DeepSeek-R1-Distill-Llama-8B,functional_group,24,alcohol,sulfone,0.346648,0,0
deepseek-ai-DeepSeek-R1-Distill-Llama-8B,functional_group,24,alcohol,sulfoxide,0.437176,0,0
deepseek-ai-DeepSeek-R1-Distill-Llama-8B,functional_group,24,alcohol,thioether,0.353462,0,1
deepseek-ai-DeepSeek-R1-Distill-Llama-8B,functional_group,24,alcohol,thiol,0.401838,0,1
deepseek-ai-DeepSeek-R1-Distill-Llama-8B,functional_group,24,aldehyde,alkyl bromide,0.262084,0,0
deepseek-ai-DeepSeek-R1-Distill-Llama-8B,functional_group,24,aldehyde,alkyl chloride,0.218474,0,0
deepseek-ai-DeepSeek-R1-Distill-Llama-8B,functional_group,24,aldehyde,alkyl fluoride,0.178221,0,0
deepseek-ai-DeepSeek-R1-Distill-Llama-8B,functional_group,24,aldehyde,alkyl iodide,0.2365,0,0
deepseek-ai-DeepSeek-R1-Distill-Llama-8B,functional_group,24,aldehyde,amide,0.75422,0,1
deepseek-ai-DeepSeek-R1-Distill-Llama-8B,functional_group,24,aldehyde,amine,0.331301,0,0
deepseek-ai-DeepSeek-R1-Distill-Llama-8B,functional_group,24,aldehyde,carboxylic acid,0.644012,1,1
deepseek-ai-DeepSeek-R1-Distill-Llama-8B,functional_group,24,aldehyde,ester,0.606232,1,1
deepseek-ai-DeepSeek-R1-Distill-Llama-8B,functional_group,24,aldehyde,ether,0.36478,1,0
deepseek-ai-DeepSeek-R1-Distill-Llama-8B,functional_group,24,aldehyde,imine,0.597738,0,0
deepseek-ai-DeepSeek-R1-Distill-Llama-8B,functional_group,24,aldehyde,ketone,0.749279,1,1
deepseek-ai-DeepSeek-R1-Distill-Llama-8B,functional_group,24,aldehyde,nitrile,0.555825,0,0
deepseek-ai-DeepSeek-R1-Distill-Llama-8B,functional_group,24,aldehyde,nitro,0.520576,0,0
deepseek-ai-DeepSeek-R1-Distill-Llama-8B,functional_group,24,aldehyde,sulfone,0.409614,0,0
deepseek-ai-DeepSeek-R1-Distill-Llama-8B,functional_group,24,aldehyde,sulfoxide,0.418971,0,0
deepseek-ai-DeepSeek-R1-Distill-Llama-8B,functional_group,24,aldehyde,thioether,0.350589,0,0
deepseek-ai-DeepSeek-R1-Distill-Llama-8B,functional_group,24,aldehyde,thiol,0.338396,0,0
deepseek-ai-DeepSeek-R1-Distill-Llama-8B,functional_group,24,alkyl bromide,alkyl chloride,0.842615,1,1
deepseek-ai-DeepSeek-R1-Distill-Llama-8B,functional_group,24,alkyl bromide,alkyl fluoride,0.631044,1,1
deepseek-ai-DeepSeek-R1-Distill-Llama-8B,functional_group,24,alkyl bromide,alkyl iodide,0.817751,1,1
deepseek-ai-DeepSeek-R1-Distill-Llama-8B,functional_group,24,alkyl bromide,amide,0.295247,0,0
deepseek-ai-DeepSeek-R1-Distill-Llama-8B,functional_group,24,alkyl bromide,amine,0.389657,0,0
deepseek-ai-DeepSeek-R1-Distill-Llama-8B,functional_group,24,alkyl bromide,carboxylic acid,0.262897,0,0
deepseek-ai-DeepSeek-R1-Distill-Llama-8B,functional_group,24,alkyl bromide,ester,0.334635,0,0
deepseek-ai-DeepSeek-R1-Distill-Llama-8B,functional_group,24,alkyl bromide,ether,0.476124,0,0
deepseek-ai-DeepSeek-R1-Distill-Llama-8B,functional_group,24,alkyl bromide,imine,0.298391,0,0
deepseek-ai-DeepSeek-R1-Distill-Llama-8B,functional_group,24,alkyl bromide,ketone,0.207278,0,0
deepseek-ai-DeepSeek-R1-Distill-Llama-8B,functional_group,24,alkyl bromide,nitrile,0.298353,0,0
deepseek-ai-DeepSeek-R1-Distill-Llama-8B,functional_group,24,alkyl bromide,nitro,0.42847,0,0
deepseek-ai-DeepSeek-R1-Distill-Llama-8B,functional_group,24,alkyl bromide,sulfone,0.341428,0,0
deepseek-ai-DeepSeek-R1-Distill-Llama-8B,functional_group,24,alkyl bromide,sulfoxide,0.366354,0,0
deepseek-ai-DeepSeek-R1-Distill-Llama-8B,functional_group,24,alkyl bromide,thioether,0.474712,0,0
deepseek-ai-DeepSeek-R1-Distill-Llama-8B,functional_group,24,alkyl bromide,thiol,0.367869,0,0
deepseek-ai-DeepSeek-R1-Distill-Llama-8B,functional_group,24,alkyl chloride,alkyl fluoride,0.717576,1,1
deepseek-ai-DeepSeek-R1-Distill-Llama-8B,functional_group,24,alkyl chloride,alkyl iodide,0.776296,1,1
deepseek-ai-DeepSeek-R1-Distill-Llama-8B,functional_group,24,alkyl chloride,amide,0.287842,0,0
deepseek-ai-DeepSeek-R1-Distill-Llama-8B,functional_group,24,alkyl chloride,amine,0.393078,0,0
deepseek-ai-DeepSeek-R1-Distill-Llama-8B,functional_group,24,alkyl chloride,carboxylic acid,0.218681,0,0
deepseek-ai-DeepSeek-R1-Distill-Llama-8B,functional_group,24,alkyl chloride,ester,0.301073,0,0
deepseek-ai-DeepSeek-R1-Distill-Llama-8B,functional_group,24,alkyl chloride,ether,0.481533,0,0
deepseek-ai-DeepSeek-R1-Distill-Llama-8B,functional_group,24,alkyl chloride,imine,0.309157,0,0
deepseek-ai-DeepSeek-R1-Distill-Llama-8B,functional_group,24,alkyl chloride,ketone,0.187031,0,0
deepseek-ai-DeepSeek-R1-Distill-Llama-8B,functional_group,24,alkyl chloride,nitrile,0.309217,0,0
deepseek-ai-DeepSeek-R1-Distill-Llama-8B,functional_group,24,alkyl chloride,nitro,0.436664,0,0
deepseek-ai-DeepSeek-R1-Distill-Llama-8B,functional_group,24,alkyl chloride,sulfone,0.356868,0,0
deepseek-ai-DeepSeek-R1-Distill-Llama-8B,functional_group,24,alkyl chloride,sulfoxide,0.365636,0,0
deepseek-ai-DeepSeek-R1-Distill-Llama-8B,functional_group,24,alkyl chloride,thioether,0.455963,0,0
deepseek-ai-DeepSeek-R1-Distill-Llama-8B,functional_group,24,alkyl chloride,thiol,0.324765,0,0
deepseek-ai-DeepSeek-R1-Distill-Llama-8B,functional_group,24,alkyl fluoride,alkyl iodide,0.685433,1,1
deepseek-ai-DeepSeek-R1-Distill-Llama-8B,functional_group,24,alkyl fluoride,amide,0.262345,0,0
deepseek-ai-DeepSeek-R1-Distill-Llama-8B,functional_group,24,alkyl fluoride,amine,0.323901,0,0
deepseek-ai-DeepSeek-R1-Distill-Llama-8B,functional_group,24,alkyl fluoride,carboxylic acid,0.233856,0,0
deepseek-ai-DeepSeek-R1-Distill-Llama-8B,functional_group,24,alkyl fluoride,ester,0.292167,0,0
deepseek-ai-DeepSeek-R1-Distill-Llama-8B,functional_group,24,alkyl fluoride,ether,0.462588,0,0
deepseek-ai-DeepSeek-R1-Distill-Llama-8B,functional_group,24,alkyl fluoride,imine,0.279495,0,0
deepseek-ai-DeepSeek-R1-Distill-Llama-8B,functional_group,24,alkyl fluoride,ketone,0.159436,0,0
deepseek-ai-DeepSeek-R1-Distill-Llama-8B,functional_group,24,alkyl fluoride,nitrile,0.303193,0,0
deepseek-ai-DeepSeek-R1-Distill-Llama-8B,functional_group,24,alkyl fluoride,nitro,0.42676,0,0
deepseek-ai-DeepSeek-R1-Distill-Llama-8B,functional_group,24,alkyl fluoride,sulfone,0.364342,0,0
deepseek-ai-DeepSeek-R1-Distill-Llama-8B,functional_group,24,alkyl fluoride,sulfoxide,0.341008,0,0
deepseek-ai-DeepSeek-R1-Distill-Llama-8B,functional_group,24,alkyl fluoride,thioether,0.411679,0,0
deepseek-ai-DeepSeek-R1-Distill-Llama-8B,functional_group,24,alkyl fluoride,thiol,0.273276,0,0
deepseek-ai-DeepSeek-R1-Distill-Llama-8B,functional_group,24,alkyl iodide,amide,0.285852,0,0
deepseek-ai-DeepSeek-R1-Distill-Llama-8B,functional_group,24,alkyl iodide,amine,0.38005,0,0
deepseek-ai-DeepSeek-R1-Distill-Llama-8B,functional_group,24,alkyl iodide,carboxylic acid,0.224239,0,0
deepseek-ai-DeepSeek-R1-Distill-Llama-8B,functional_group,24,alkyl iodide,ester,0.331948,0,0
deepseek-ai-DeepSeek-R1-Distill-Llama-8B,functional_group,24,alkyl iodide,ether,0.531495,0,0
deepseek-ai-DeepSeek-R1-Distill-Llama-8B,functional_group,24,alkyl iodide,imine,0.349045,0,0
deepseek-ai-DeepSeek-R1-Distill-Llama-8B,functional_group,24,alkyl iodide,ketone,0.188073,0,0
deepseek-ai-DeepSeek-R1-Distill-Llama-8B,functional_group,24,alkyl iodide,nitrile,0.311675,0,0
deepseek-ai-DeepSeek-R1-Distill-Llama-8B,functional_group,24,alkyl iodide,nitro,0.456111,0,0
deepseek-ai-DeepSeek-R1-Distill-Llama-8B,functional_group,24,alkyl iodide,sulfone,0.369474,0,0
deepseek-ai-DeepSeek-R1-Distill-Llama-8B,functional_group,24,alkyl iodide,sulfoxide,0.383053,0,0
deepseek-ai-DeepSeek-R1-Distill-Llama-8B,functional_group,24,alkyl iodide,thioether,0.506709,0,0
deepseek-ai-DeepSeek-R1-Distill-Llama-8B,functional_group,24,alkyl iodide,thiol,0.395661,0,0
deepseek-ai-DeepSeek-R1-Distill-Llama-8B,functional_group,24,amide,amine,0.503411,1,0
deepseek-ai-DeepSeek-R1-Distill-Llama-8B,functional_group,24,amide,carboxylic acid,0.688474,0,1
deepseek-ai-DeepSeek-R1-Distill-Llama-8B,functional_group,24,amide,ester,0.741,0,1
deepseek-ai-DeepSeek-R1-Distill-Llama-8B,functional_group,24,amide,ether,0.453567,0,0
deepseek-ai-DeepSeek-R1-Distill-Llama-8B,functional_group,24,amide,imine,0.638876,1,0
deepseek-ai-DeepSeek-R1-Distill-Llama-8B,functional_group,24,amide,ketone,0.736275,0,1
deepseek-ai-DeepSeek-R1-Distill-Llama-8B,functional_group,24,amide,nitrile,0.600293,1,0
deepseek-ai-DeepSeek-R1-Distill-Llama-8B,functional_group,24,amide,nitro,0.641346,1,0
deepseek-ai-DeepSeek-R1-Distill-Llama-8B,functional_group,24,amide,sulfone,0.537327,0,0
deepseek-ai-DeepSeek-R1-Distill-Llama-8B,functional_group,24,amide,sulfoxide,0.520439,0,0
deepseek-ai-DeepSeek-R1-Distill-Llama-8B,functional_group,24,amide,thioether,0.439634,0,0
deepseek-ai-DeepSeek-R1-Distill-Llama-8B,functional_group,24,amide,thiol,0.341869,0,0
deepseek-ai-DeepSeek-R1-Distill-Llama-8B,functional_group,24,amine,carboxylic acid,0.254915,0,0
deepseek-ai-DeepSeek-R1-Distill-Llama-8B,functional_group,24,amine,ester,0.267887,0,0
deepseek-ai-DeepSeek-R1-Distill-Llama-8B,functional_group,24,amine,ether,0.413964,0,0
deepseek-ai-DeepSeek-R1-Distill-Llama-8B,functional_group,24,amine,imine,0.662235,1,1
deepseek-ai-DeepSeek-R1-Distill-Llama-8B,functional_group,24,amine,ketone,0.278182,0,0
deepseek-ai-DeepSeek-R1-Distill-Llama-8B,functional_group,24,amine,nitrile,0.438088,1,1
deepseek-ai-DeepSeek-R1-Distill-Llama-8B,functional_group,24,amine,nitro,0.524232,1,1
deepseek-ai-DeepSeek-R1-Distill-Llama-8B,functional_group,24,amine,sulfone,0.300085,0,0
deepseek-ai-DeepSeek-R1-Distill-Llama-8B,functional_group,24,amine,sulfoxide,0.35139,0,0
deepseek-ai-DeepSeek-R1-Distill-Llama-8B,functional_group,24,amine,thioether,0.385167,0,0
deepseek-ai-DeepSeek-R1-Distill-Llama-8B,functional_group,24,amine,thiol,0.321903,0,0
deepseek-ai-DeepSeek-R1-Distill-Llama-8B,functional_group,24,carboxylic acid,ester,0.654574,1,1
deepseek-ai-DeepSeek-R1-Distill-Llama-8B,functional_group,24,carboxylic acid,ether,0.277971,1,0
deepseek-ai-DeepSeek-R1-Distill-Llama-8B,functional_group,24,carboxylic acid,imine,0.330869,0,0
deepseek-ai-DeepSeek-R1-Distill-Llama-8B,functional_group,24,carboxylic acid,ketone,0.564829,1,1
deepseek-ai-DeepSeek-R1-Distill-Llama-8B,functional_group,24,carboxylic acid,nitrile,0.452173,0,0
deepseek-ai-DeepSeek-R1-Distill-Llama-8B,functional_group,24,carboxylic acid,nitro,0.497855,0,0
deepseek-ai-DeepSeek-R1-Distill-Llama-8B,functional_group,24,carboxylic acid,sulfone,0.427316,0,0
deepseek-ai-DeepSeek-R1-Distill-Llama-8B,functional_group,24,carboxylic acid,sulfoxide,0.362292,0,0
deepseek-ai-DeepSeek-R1-Distill-Llama-8B,functional_group,24,carboxylic acid,thioether,0.305066,0,0
deepseek-ai-DeepSeek-R1-Distill-Llama-8B,functional_group,24,carboxylic acid,thiol,0.392712,0,0
deepseek-ai-DeepSeek-R1-Distill-Llama-8B,functional_group,24,ester,ether,0.684991,1,0
deepseek-ai-DeepSeek-R1-Distill-Llama-8B,functional_group,24,ester,imine,0.394849,0,0
deepseek-ai-DeepSeek-R1-Distill-Llama-8B,functional_group,24,ester,ketone,0.744429,1,1
deepseek-ai-DeepSeek-R1-Distill-Llama-8B,functional_group,24,ester,nitrile,0.415614,0,0
deepseek-ai-DeepSeek-R1-Distill-Llama-8B,functional_group,24,ester,nitro,0.59856,0,0
deepseek-ai-DeepSeek-R1-Distill-Llama-8B,functional_group,24,ester,sulfone,0.605899,0,0
deepseek-ai-DeepSeek-R1-Distill-Llama-8B,functional_group,24,ester,sulfoxide,0.5744,0,0
deepseek-ai-DeepSeek-R1-Distill-Llama-8B,functional_group,24,ester,thioether,0.449289,0,0
deepseek-ai-DeepSeek-R1-Distill-Llama-8B,functional_group,24,ester,thiol,0.310066,0,0
deepseek-ai-DeepSeek-R1-Distill-Llama-8B,functional_group,24,ether,imine,0.405055,0,0
deepseek-ai-DeepSeek-R1-Distill-Llama-8B,functional_group,24,ether,ketone,0.465092,1,0
deepseek-ai-DeepSeek-R1-Distill-Llama-8B,functional_group,24,ether,nitrile,0.334834,0,0
deepseek-ai-DeepSeek-R1-Distill-Llama-8B,functional_group,24,ether,nitro,0.582012,0,0
deepseek-ai-DeepSeek-R1-Distill-Llama-8B,functional_group,24,ether,sulfone,0.539896,0,0
deepseek-ai-DeepSeek-R1-Distill-Llama-8B,functional_group,24,ether,sulfoxide,0.588146,0,0
deepseek-ai-DeepSeek-R1-Distill-Llama-8B,functional_group,24,ether,thioether,0.530556,0,1
deepseek-ai-DeepSeek-R1-Distill-Llama-8B,functional_group,24,ether,thiol,0.327969,0,1
deepseek-ai-DeepSeek-R1-Distill-Llama-8B,functional_group,24,imine,ketone,0.462148,0,0
deepseek-ai-DeepSeek-R1-Distill-Llama-8B,functional_group,24,imine,nitrile,0.656204,1,1
deepseek-ai-DeepSeek-R1-Distill-Llama-8B,functional_group,24,imine,nitro,0.639878,1,1
deepseek-ai-DeepSeek-R1-Distill-Llama-8B,functional_group,24,imine,sulfone,0.460975,0,0
deepseek-ai-DeepSeek-R1-Distill-Llama-8B,functional_group,24,imine,sulfoxide,0.479456,0,0
deepseek-ai-DeepSeek-R1-Distill-Llama-8B,functional_group,24,imine,thioether,0.479986,0,0
deepseek-ai-DeepSeek-R1-Distill-Llama-8B,functional_group,24,imine,thiol,0.34596,0,0
deepseek-ai-DeepSeek-R1-Distill-Llama-8B,functional_group,24,ketone,nitrile,0.420525,0,0
deepseek-ai-DeepSeek-R1-Distill-Llama-8B,functional_group,24,ketone,nitro,0.551743,0,0
deepseek-ai-DeepSeek-R1-Distill-Llama-8B,functional_group,24,ketone,sulfone,0.571651,0,0
deepseek-ai-DeepSeek-R1-Distill-Llama-8B,functional_group,24,ketone,sulfoxide,0.568464,0,0
deepseek-ai-DeepSeek-R1-Distill-Llama-8B,functional_group,24,ketone,thioether,0.395197,0,0
deepseek-ai-DeepSeek-R1-Distill-Llama-8B,functional_group,24,ketone,thiol,0.316806,0,0
deepseek-ai-DeepSeek-R1-Distill-Llama-8B,functional_group,24,nitrile,nitro,0.557717,1,1
deepseek-ai-DeepSeek-R1-Distill-Llama-8B,functional_group,24,nitrile,sulfone,0.408391,0,0
deepseek-ai-DeepSeek-R1-Distill-Llama-8B,functional_group,24,nitrile,sulfoxide,0.397004,0,0
deepseek-ai-DeepSeek-R1-Distill-Llama-8B,functional_group,24,nitrile,thioether,0.4068,0,0
deepseek-ai-DeepSeek-R1-Distill-Llama-8B,functional_group,24,nitrile,thiol,0.351627,0,0
deepseek-ai-DeepSeek-R1-Distill-Llama-8B,functional_group,24,nitro,sulfone,0.608713,0,0
deepseek-ai-DeepSeek-R1-Distill-Llama-8B,functional_group,24,nitro,sulfoxide,0.539807,0,0
deepseek-ai-DeepSeek-R1-Distill-Llama-8B,functional_group,24,nitro,thioether,0.486082,0,0
deepseek-ai-DeepSeek-R1-Distill-Llama-8B,functional_group,24,nitro,thiol,0.343817,0,0
deepseek-ai-DeepSeek-R1-Distill-Llama-8B,functional_group,24,sulfone,sulfoxide,0.896017,1,1
deepseek-ai-DeepSeek-R1-Distill-Llama-8B,functional_group,24,sulfone,thioether,0.741987,1,0
deepseek-ai-DeepSeek-R1-Distill-Llama-8B,functional_group,24,sulfone,thiol,0.553273,1,0
deepseek-ai-DeepSeek-R1-Distill-Llama-8B,functional_group,24,sulfoxide,thioether,0.821888,1,0
deepseek-ai-DeepSeek-R1-Distill-Llama-8B,functional_group,24,sulfoxide,thiol,0.637617,1,0
deepseek-ai-DeepSeek-R1-Distill-Llama-8B,functional_group,24,thioether,thiol,0.821073,1,1
deepseek-ai-DeepSeek-R1-Distill-Llama-8B,functional_group,31,alcohol,aldehyde,0.432263,1,0
deepseek-ai-DeepSeek-R1-Distill-Llama-8B,functional_group,31,alcohol,alkyl bromide,0.370944,0,0
deepseek-ai-DeepSeek-R1-Distill-Llama-8B,functional_group,31,alcohol,alkyl chloride,0.35526,0,0
deepseek-ai-DeepSeek-R1-Distill-Llama-8B,functional_group,31,alcohol,alkyl fluoride,0.370992,0,0
deepseek-ai-DeepSeek-R1-Distill-Llama-8B,functional_group,31,alcohol,alkyl iodide,0.399406,0,0
deepseek-ai-DeepSeek-R1-Distill-Llama-8B,functional_group,31,alcohol,amide,0.382361,0,0
deepseek-ai-DeepSeek-R1-Distill-Llama-8B,functional_group,31,alcohol,amine,0.427563,0,0
deepseek-ai-DeepSeek-R1-Distill-Llama-8B,functional_group,31,alcohol,carboxylic acid,0.427256,1,0
deepseek-ai-DeepSeek-R1-Distill-Llama-8B,functional_group,31,alcohol,ester,0.454948,1,0
deepseek-ai-DeepSeek-R1-Distill-Llama-8B,functional_group,31,alcohol,ether,0.623816,1,1
deepseek-ai-DeepSeek-R1-Distill-Llama-8B,functional_group,31,alcohol,imine,0.271595,0,0
deepseek-ai-DeepSeek-R1-Distill-Llama-8B,functional_group,31,alcohol,ketone,0.474822,1,0
deepseek-ai-DeepSeek-R1-Distill-Llama-8B,functional_group,31,alcohol,nitrile,0.247783,0,0
deepseek-ai-DeepSeek-R1-Distill-Llama-8B,functional_group,31,alcohol,nitro,0.463132,0,0
deepseek-ai-DeepSeek-R1-Distill-Llama-8B,functional_group,31,alcohol,sulfone,0.366879,0,0
deepseek-ai-DeepSeek-R1-Distill-Llama-8B,functional_group,31,alcohol,sulfoxide,0.421619,0,0
deepseek-ai-DeepSeek-R1-Distill-Llama-8B,functional_group,31,alcohol,thioether,0.33101,0,1
deepseek-ai-DeepSeek-R1-Distill-Llama-8B,functional_group,31,alcohol,thiol,0.38924,0,1
deepseek-ai-DeepSeek-R1-Distill-Llama-8B,functional_group,31,aldehyde,alkyl bromide,0.238514,0,0
deepseek-ai-DeepSeek-R1-Distill-Llama-8B,functional_group,31,aldehyde,alkyl chloride,0.241481,0,0
deepseek-ai-DeepSeek-R1-Distill-Llama-8B,functional_group,31,aldehyde,alkyl fluoride,0.27305,0,0
deepseek-ai-DeepSeek-R1-Distill-Llama-8B,functional_group,31,aldehyde,alkyl iodide,0.280617,0,0
deepseek-ai-DeepSeek-R1-Distill-Llama-8B,functional_group,31,aldehyde,amide,0.695811,0,1
deepseek-ai-DeepSeek-R1-Distill-Llama-8B,functional_group,31,aldehyde,amine,0.339631,0,0
deepseek-ai-DeepSeek-R1-Distill-Llama-8B,functional_group,31,aldehyde,carboxylic acid,0.629901,1,1
deepseek-ai-DeepSeek-R1-Distill-Llama-8B,functional_group,31,aldehyde,ester,0.570864,1,1
deepseek-ai-DeepSeek-R1-Distill-Llama-8B,functional_group,31,aldehyde,ether,0.391919,1,0
deepseek-ai-DeepSeek-R1-Distill-Llama-8B,functional_group,31,aldehyde,imine,0.511254,0,0
deepseek-ai-DeepSeek-R1-Distill-Llama-8B,functional_group,31,aldehyde,ketone,0.72781,1,1
deepseek-ai-DeepSeek-R1-Distill-Llama-8B,functional_group,31,aldehyde,nitrile,0.428866,0,0
deepseek-ai-DeepSeek-R1-Distill-Llama-8B,functional_group,31,aldehyde,nitro,0.502474,0,0
deepseek-ai-DeepSeek-R1-Distill-Llama-8B,functional_group,31,aldehyde,sulfone,0.376355,0,0
deepseek-ai-DeepSeek-R1-Distill-Llama-8B,functional_group,31,aldehyde,sulfoxide,0.383173,0,0
deepseek-ai-DeepSeek-R1-Distill-Llama-8B,functional_group,31,aldehyde,thioether,0.296499,0,0
deepseek-ai-DeepSeek-R1-Distill-Llama-8B,functional_group,31,aldehyde,thiol,0.296348,0,0
deepseek-ai-DeepSeek-R1-Distill-Llama-8B,functional_group,31,alkyl bromide,alkyl chloride,0.76601,1,1
deepseek-ai-DeepSeek-R1-Distill-Llama-8B,functional_group,31,alkyl bromide,alkyl fluoride,0.505876,1,1
deepseek-ai-DeepSeek-R1-Distill-Llama-8B,functional_group,31,alkyl bromide,alkyl iodide,0.706937,1,1
deepseek-ai-DeepSeek-R1-Distill-Llama-8B,functional_group,31,alkyl bromide,amide,0.267941,0,0
deepseek-ai-DeepSeek-R1-Distill-Llama-8B,functional_group,31,alkyl bromide,amine,0.350641,0,0
deepseek-ai-DeepSeek-R1-Distill-Llama-8B,functional_group,31,alkyl bromide,carboxylic acid,0.245059,0,0
deepseek-ai-DeepSeek-R1-Distill-Llama-8B,functional_group,31,alkyl bromide,ester,0.315977,0,0
deepseek-ai-DeepSeek-R1-Distill-Llama-8B,functional_group,31,alkyl bromide,ether,0.406567,0,0
deepseek-ai-DeepSeek-R1-Distill-Llama-8B,functional_group,31,alkyl bromide,imine,0.260851,0,0
deepseek-ai-DeepSeek-R1-Distill-Llama-8B,functional_group,31,alkyl bromide,ketone,0.224927,0,0
deepseek-ai-DeepSeek-R1-Distill-Llama-8B,functional_group,31,alkyl bromide,nitrile,0.281462,0,0
deepseek-ai-DeepSeek-R1-Distill-Llama-8B,functional_group,31,alkyl bromide,nitro,0.350102,0,0
deepseek-ai-DeepSeek-R1-Distill-Llama-8B,functional_group,31,alkyl bromide,sulfone,0.316354,0,0
deepseek-ai-DeepSeek-R1-Distill-Llama-8B,functional_group,31,alkyl bromide,sulfoxide,0.312097,0,0
deepseek-ai-DeepSeek-R1-Distill-Llama-8B,functional_group,31,alkyl bromide,thioether,0.384529,0,0
deepseek-ai-DeepSeek-R1-Distill-Llama-8B,functional_group,31,alkyl bromide,thiol,0.326451,0,0
deepseek-ai-DeepSeek-R1-Distill-Llama-8B,functional_group,31,alkyl chloride,alkyl fluoride,0.616187,1,1
deepseek-ai-DeepSeek-R1-Distill-Llama-8B,functional_group,31,alkyl chloride,alkyl iodide,0.676652,1,1
deepseek-ai-DeepSeek-R1-Distill-Llama-8B,functional_group,31,alkyl chloride,amide,0.274561,0,0
deepseek-ai-DeepSeek-R1-Distill-Llama-8B,functional_group,31,alkyl chloride,amine,0.350691,0,0
deepseek-ai-DeepSeek-R1-Distill-Llama-8B,functional_group,31,alkyl chloride,carboxylic acid,0.24609,0,0
deepseek-ai-DeepSeek-R1-Distill-Llama-8B,functional_group,31,alkyl chloride,ester,0.308243,0,0
deepseek-ai-DeepSeek-R1-Distill-Llama-8B,functional_group,31,alkyl chloride,ether,0.427393,0,0
deepseek-ai-DeepSeek-R1-Distill-Llama-8B,functional_group,31,alkyl chloride,imine,0.283349,0,0
deepseek-ai-DeepSeek-R1-Distill-Llama-8B,functional_group,31,alkyl chloride,ketone,0.237513,0,0
deepseek-ai-DeepSeek-R1-Distill-Llama-8B,functional_group,31,alkyl chloride,nitrile,0.296098,0,0
deepseek-ai-DeepSeek-R1-Distill-Llama-8B,functional_group,31,alkyl chloride,nitro,0.377991,0,0
deepseek-ai-DeepSeek-R1-Distill-Llama-8B,functional_group,31,alkyl chloride,sulfone,0.339273,0,0
deepseek-ai-DeepSeek-R1-Distill-Llama-8B,functional_group,31,alkyl chloride,sulfoxide,0.337791,0,0
deepseek-ai-DeepSeek-R1-Distill-Llama-8B,functional_group,31,alkyl chloride,thioether,0.388213,0,0
deepseek-ai-DeepSeek-R1-Distill-Llama-8B,functional_group,31,alkyl chloride,thiol,0.310282,0,0
deepseek-ai-DeepSeek-R1-Distill-Llama-8B,functional_group,31,alkyl fluoride,alkyl iodide,0.62809,1,1
deepseek-ai-DeepSeek-R1-Distill-Llama-8B,functional_group,31,alkyl fluoride,amide,0.283363,0,0
deepseek-ai-DeepSeek-R1-Distill-Llama-8B,functional_group,31,alkyl fluoride,amine,0.315816,0,0
deepseek-ai-DeepSeek-R1-Distill-Llama-8B,functional_group,31,alkyl fluoride,carboxylic acid,0.305,0,0
deepseek-ai-DeepSeek-R1-Distill-Llama-8B,functional_group,31,alkyl fluoride,ester,0.348012,0,0
deepseek-ai-DeepSeek-R1-Distill-Llama-8B,functional_group,31,alkyl fluoride,ether,0.459726,0,0
deepseek-ai-DeepSeek-R1-Distill-Llama-8B,functional_group,31,alkyl fluoride,imine,0.324889,0,0
deepseek-ai-DeepSeek-R1-Distill-Llama-8B,functional_group,31,alkyl fluoride,ketone,0.304467,0,0
deepseek-ai-DeepSeek-R1-Distill-Llama-8B,functional_group,31,alkyl fluoride,nitrile,0.234063,0,0
deepseek-ai-DeepSeek-R1-Distill-Llama-8B,functional_group,31,alkyl fluoride,nitro,0.463101,0,0
deepseek-ai-DeepSeek-R1-Distill-Llama-8B,functional_group,31,alkyl fluoride,sulfone,0.374629,0,0
deepseek-ai-DeepSeek-R1-Distill-Llama-8B,functional_group,31,alkyl fluoride,sulfoxide,0.356736,0,0
deepseek-ai-DeepSeek-R1-Distill-Llama-8B,functional_group,31,alkyl fluoride,thioether,0.367514,0,0
deepseek-ai-DeepSeek-R1-Distill-Llama-8B,functional_group,31,alkyl fluoride,thiol,0.27173,0,0
deepseek-ai-DeepSeek-R1-Distill-Llama-8B,functional_group,31,alkyl iodide,amide,0.27118,0,0
deepseek-ai-DeepSeek-R1-Distill-Llama-8B,functional_group,31,alkyl iodide,amine,0.320746,0,0
deepseek-ai-DeepSeek-R1-Distill-Llama-8B,functional_group,31,alkyl iodide,carboxylic acid,0.257197,0,0
deepseek-ai-DeepSeek-R1-Distill-Llama-8B,functional_group,31,alkyl iodide,ester,0.334764,0,0
deepseek-ai-DeepSeek-R1-Distill-Llama-8B,functional_group,31,alkyl iodide,ether,0.471119,0,0
deepseek-ai-DeepSeek-R1-Distill-Llama-8B,functional_group,31,alkyl iodide,imine,0.371262,0,0
deepseek-ai-DeepSeek-R1-Distill-Llama-8B,functional_group,31,alkyl iodide,ketone,0.247333,0,0
deepseek-ai-DeepSeek-R1-Distill-Llama-8B,functional_group,31,alkyl iodide,nitrile,0.268121,0,0
deepseek-ai-DeepSeek-R1-Distill-Llama-8B,functional_group,31,alkyl iodide,nitro,0.423545,0,0
deepseek-ai-DeepSeek-R1-Distill-Llama-8B,functional_group,31,alkyl iodide,sulfone,0.340939,0,0
deepseek-ai-DeepSeek-R1-Distill-Llama-8B,functional_group,31,alkyl iodide,sulfoxide,0.339827,0,0
deepseek-ai-DeepSeek-R1-Distill-Llama-8B,functional_group,31,alkyl iodide,thioether,0.391549,0,0
deepseek-ai-DeepSeek-R1-Distill-Llama-8B,functional_group,31,alkyl iodide,thiol,0.302759,0,0
deepseek-ai-DeepSeek-R1-Distill-Llama-8B,functional_group,31,amide,amine,0.55744,1,0
deepseek-ai-DeepSeek-R1-Distill-Llama-8B,functional_group,31,amide,carboxylic acid,0.668915,0,1
deepseek-ai-DeepSeek-R1-Distill-Llama-8B,functional_group,31,amide,ester,0.64868,0,1
deepseek-ai-DeepSeek-R1-Distill-Llama-8B,functional_group,31,amide,ether,0.432041,0,0
deepseek-ai-DeepSeek-R1-Distill-Llama-8B,functional_group,31,amide,imine,0.576333,1,0
deepseek-ai-DeepSeek-R1-Distill-Llama-8B,functional_group,31,amide,ketone,0.664029,0,1
deepseek-ai-DeepSeek-R1-Distill-Llama-8B,functional_group,31,amide,nitrile,0.547137,1,0
deepseek-ai-DeepSeek-R1-Distill-Llama-8B,functional_group,31,amide,nitro,0.580622,1,0
deepseek-ai-DeepSeek-R1-Distill-Llama-8B,functional_group,31,amide,sulfone,0.441229,0,0
deepseek-ai-DeepSeek-R1-Distill-Llama-8B,functional_group,31,amide,sulfoxide,0.451726,0,0
deepseek-ai-DeepSeek-R1-Distill-Llama-8B,functional_group,31,amide,thioether,0.392803,0,0
deepseek-ai-DeepSeek-R1-Distill-Llama-8B,functional_group,31,amide,thiol,0.344919,0,0
deepseek-ai-DeepSeek-R1-Distill-Llama-8B,functional_group,31,amine,carboxylic acid,0.341064,0,0
deepseek-ai-DeepSeek-R1-Distill-Llama-8B,functional_group,31,amine,ester,0.310023,0,0
deepseek-ai-DeepSeek-R1-Distill-Llama-8B,functional_group,31,amine,ether,0.3678,0,0
deepseek-ai-DeepSeek-R1-Distill-Llama-8B,functional_group,31,amine,imine,0.631642,1,1
deepseek-ai-DeepSeek-R1-Distill-Llama-8B,functional_group,31,amine,ketone,0.32352,0,0
deepseek-ai-DeepSeek-R1-Distill-Llama-8B,functional_group,31,amine,nitrile,0.478633,1,1
deepseek-ai-DeepSeek-R1-Distill-Llama-8B,functional_group,31,amine,nitro,0.475012,1,1
deepseek-ai-DeepSeek-R1-Distill-Llama-8B,functional_group,31,amine,sulfone,0.317102,0,0
deepseek-ai-DeepSeek-R1-Distill-Llama-8B,functional_group,31,amine,sulfoxide,0.357277,0,0
deepseek-ai-DeepSeek-R1-Distill-Llama-8B,functional_group,31,amine,thioether,0.388017,0,0
deepseek-ai-DeepSeek-R1-Distill-Llama-8B,functional_group,31,amine,thiol,0.366343,0,0
deepseek-ai-DeepSeek-R1-Distill-Llama-8B,functional_group,31,carboxylic acid,ester,0.625822,1,1
deepseek-ai-DeepSeek-R1-Distill-Llama-8B,functional_group,31,carboxylic acid,ether,0.350516,1,0
deepseek-ai-DeepSeek-R1-Distill-Llama-8B,functional_group,31,carboxylic acid,imine,0.340628,0,0
deepseek-ai-DeepSeek-R1-Distill-Llama-8B,functional_group,31,carboxylic acid,ketone,0.591738,1,1
deepseek-ai-DeepSeek-R1-Distill-Llama-8B,functional_group,31,carboxylic acid,nitrile,0.398141,0,0
deepseek-ai-DeepSeek-R1-Distill-Llama-8B,functional_group,31,carboxylic acid,nitro,0.510706,0,0
deepseek-ai-DeepSeek-R1-Distill-Llama-8B,functional_group,31,carboxylic acid,sulfone,0.399761,0,0
deepseek-ai-DeepSeek-R1-Distill-Llama-8B,functional_group,31,carboxylic acid,sulfoxide,0.386438,0,0
deepseek-ai-DeepSeek-R1-Distill-Llama-8B,functional_group,31,carboxylic acid,thioether,0.301588,0,0
deepseek-ai-DeepSeek-R1-Distill-Llama-8B,functional_group,31,carboxylic acid,thiol,0.366967,0,0
deepseek-ai-DeepSeek-R1-Distill-Llama-8B,functional_group,31,ester,ether,0.665407,1,0
deepseek-ai-DeepSeek-R1-Distill-Llama-8B,functional_group,31,ester,imine,0.357327,0,0
deepseek-ai-DeepSeek-R1-Distill-Llama-8B,functional_group,31,ester,ketone,0.690341,1,1
deepseek-ai-DeepSeek-R1-Distill-Llama-8B,functional_group,31,ester,nitrile,0.347756,0,0
deepseek-ai-DeepSeek-R1-Distill-Llama-8B,functional_group,31,ester,nitro,0.553266,0,0
deepseek-ai-DeepSeek-R1-Distill-Llama-8B,functional_group,31,ester,sulfone,0.528824,0,0
deepseek-ai-DeepSeek-R1-Distill-Llama-8B,functional_group,31,ester,sulfoxide,0.51663,0,0
deepseek-ai-DeepSeek-R1-Distill-Llama-8B,functional_group,31,ester,thioether,0.421267,0,0
deepseek-ai-DeepSeek-R1-Distill-Llama-8B,functional_group,31,ester,thiol,0.3218,0,0
deepseek-ai-DeepSeek-R1-Distill-Llama-8B,functional_group,31,ether,imine,0.391948,0,0
deepseek-ai-DeepSeek-R1-Distill-Llama-8B,functional_group,31,ether,ketone,0.472743,1,0
deepseek-ai-DeepSeek-R1-Distill-Llama-8B,functional_group,31,ether,nitrile,0.295255,0,0
deepseek-ai-DeepSeek-R1-Distill-Llama-8B,functional_group,31,ether,nitro,0.556894,0,0
deepseek-ai-DeepSeek-R1-Distill-Llama-8B,functional_group,31,ether,sulfone,0.520033,0,0
deepseek-ai-DeepSeek-R1-Distill-Llama-8B,functional_group,31,ether,sulfoxide,0.550225,0,0
deepseek-ai-DeepSeek-R1-Distill-Llama-8B,functional_group,31,ether,thioether,0.50576,0,1
deepseek-ai-DeepSeek-R1-Distill-Llama-8B,functional_group,31,ether,thiol,0.348811,0,1
deepseek-ai-DeepSeek-R1-Distill-Llama-8B,functional_group,31,imine,ketone,0.391816,0,0
deepseek-ai-DeepSeek-R1-Distill-Llama-8B,functional_group,31,imine,nitrile,0.576177,1,1
deepseek-ai-DeepSeek-R1-Distill-Llama-8B,functional_group,31,imine,nitro,0.528608,1,1
deepseek-ai-DeepSeek-R1-Distill-Llama-8B,functional_group,31,imine,sulfone,0.393742,0,0
deepseek-ai-DeepSeek-R1-Distill-Llama-8B,functional_group,31,imine,sulfoxide,0.433357,0,0
deepseek-ai-DeepSeek-R1-Distill-Llama-8B,functional_group,31,imine,thioether,0.430371,0,0
deepseek-ai-DeepSeek-R1-Distill-Llama-8B,functional_group,31,imine,thiol,0.326636,0,0
deepseek-ai-DeepSeek-R1-Distill-Llama-8B,functional_group,31,ketone,nitrile,0.352666,0,0
deepseek-ai-DeepSeek-R1-Distill-Llama-8B,functional_group,31,ketone,nitro,0.542699,0,0
deepseek-ai-DeepSeek-R1-Distill-Llama-8B,functional_group,31,ketone,sulfone,0.533256,0,0
deepseek-ai-DeepSeek-R1-Distill-Llama-8B,functional_group,31,ketone,sulfoxide,0.522451,0,0
deepseek-ai-DeepSeek-R1-Distill-Llama-8B,functional_group,31,ketone,thioether,0.355109,0,0
deepseek-ai-DeepSeek-R1-Distill-Llama-8B,functional_group,31,ketone,thiol,0.334868,0,0
deepseek-ai-DeepSeek-R1-Distill-Llama-8B,functional_group,31,nitrile,nitro,0.445929,1,1
deepseek-ai-DeepSeek-R1-Distill-Llama-8B,functional_group,31,nitrile,sulfone,0.312775,0,0
deepseek-ai-DeepSeek-R1-Distill-Llama-8B,functional_group,31,nitrile,sulfoxide,0.325535,0,0
deepseek-ai-DeepSeek-R1-Distill-Llama-8B,functional_group,31,nitrile,thioether,0.367344,0,0
deepseek-ai-DeepSeek-R1-Distill-Llama-8B,functional_group,31,nitrile,thiol,0.36121,0,0
deepseek-ai-DeepSeek-R1-Distill-Llama-8B,functional_group,31,nitro,sulfone,0.533799,0,0
deepseek-ai-DeepSeek-R1-Distill-Llama-8B,functional_group,31,nitro,sulfoxide,0.470925,0,0
deepseek-ai-DeepSeek-R1-Distill-Llama-8B,functional_group,31,nitro,thioether,0.401399,0,0
deepseek-ai-DeepSeek-R1-Distill-Llama-8B,functional_group,31,nitro,thiol,0.299222,0,0
deepseek-ai-DeepSeek-R1-Distill-Llama-8B,functional_group,31,sulfone,sulfoxide,0.891698,1,1
deepseek-ai-DeepSeek-R1-Distill-Llama-8B,functional_group,31,sulfone,thioether,0.739577,1,0
deepseek-ai-DeepSeek-R1-Distill-Llama-8B,functional_group,31,sulfone,thiol,0.580158,1,0
deepseek-ai-DeepSeek-R1-Distill-Llama-8B,functional_group,31,sulfoxide,thioether,0.789809,1,0
deepseek-ai-DeepSeek-R1-Distill-Llama-8B,functional_group,31,sulfoxide,thiol,0.652321,1,0
deepseek-ai-DeepSeek-R1-Distill-Llama-8B,functional_group,31,thioether,thiol,0.796677,1,1
weidawang-Chem-R-8B,functional_group,0,alcohol,aldehyde,0.676437,1,0
weidawang-Chem-R-8B,functional_group,0,alcohol,alkyl bromide,0.737807,0,0
weidawang-Chem-R-8B,functional_group,0,alcohol,alkyl chloride,0.735752,0,0
weidawang-Chem-R-8B,functional_group,0,alcohol,alkyl fluoride,0.809883,0,0
weidawang-Chem-R-8B,functional_group,0,alcohol,alkyl iodide,0.727569,0,0
weidawang-Chem-R-8B,functional_group,0,alcohol,amide,0.551048,0,0
weidawang-Chem-R-8B,functional_group,0,alcohol,amine,0.921311,0,0
weidawang-Chem-R-8B,functional_group,0,alcohol,carboxylic acid,0.600407,1,0
weidawang-Chem-R-8B,functional_group,0,alcohol,ester,0.765425,1,0
weidawang-Chem-R-8B,functional_group,0,alcohol,ether,0.769537,1,1
weidawang-Chem-R-8B,functional_group,0,alcohol,imine,0.578689,0,0
weidawang-Chem-R-8B,functional_group,0,alcohol,ketone,0.797379,1,0
weidawang-Chem-R-8B,functional_group,0,alcohol,nitrile,0.174237,0,0
weidawang-Chem-R-8B,functional_group,0,alcohol,nitro,0.65504,0,0
weidawang-Chem-R-8B,functional_group,0,alcohol,sulfone,0.81172,0,0
weidawang-Chem-R-8B,functional_group,0,alcohol,sulfoxide,0.768629,0,0
weidawang-Chem-R-8B,functional_group,0,alcohol,thioether,0.771682,0,1
weidawang-Chem-R-8B,functional_group,0,alcohol,thiol,0.845689,0,1
weidawang-Chem-R-8B,functional_group,0,aldehyde,alkyl bromide,0.527166,0,0
weidawang-Chem-R-8B,functional_group,0,aldehyde,alkyl chloride,0.528251,0,0
weidawang-Chem-R-8B,functional_group,0,aldehyde,alkyl fluoride,0.56447,0,0
weidawang-Chem-R-8B,functional_group,0,aldehyde,alkyl iodide,0.504829,0,0
weidawang-Chem-R-8B,functional_group,0,aldehyde,amide,0.707176,0,1
weidawang-Chem-R-8B,functional_group,0,aldehyde,amine,0.622737,0,0
weidawang-Chem-R-8B,functional_group,0,aldehyde,carboxylic acid,0.700626,1,1
weidawang-Chem-R-8B,functional_group,0,aldehyde,ester,0.671183,1,1
weidawang-Chem-R-8B,functional_group,0,aldehyde,ether,0.522134,1,0
weidawang-Chem-R-8B,functional_group,0,aldehyde,imine,0.646065,0,0
weidawang-Chem-R-8B,functional_group,0,aldehyde,ketone,0.685273,1,1
weidawang-Chem-R-8B,functional_group,0,aldehyde,nitrile,0.267593,0,0
weidawang-Chem-R-8B,functional_group,0,aldehyde,nitro,0.720928,0,0
weidawang-Chem-R-8B,functional_group,0,aldehyde,sulfone,0.745465,0,0
weidawang-Chem-R-8B,functional_group,0,aldehyde,sulfoxide,0.629655,0,0
weidawang-Chem-R-8B,functional_group,0,aldehyde,thioether,0.463663,0,0
weidawang-Chem-R-8B,functional_group,0,aldehyde,thiol,0.504149,0,0
weidawang-Chem-R-8B,functional_group,0,alkyl bromide,alkyl chloride,0.883119,1,1
weidawang-Chem-R-8B,functional_group,0,alkyl bromide,alkyl fluoride,0.913773,1,1
weidawang-Chem-R-8B,functional_group,0,alkyl bromide,alkyl iodide,0.838209,1,1
weidawang-Chem-R-8B,functional_group,0,alkyl bromide,amide,0.438765,0,0
weidawang-Chem-R-8B,functional_group,0,alkyl bromide,amine,0.78278,0,0
weidawang-Chem-R-8B,functional_group,0,alkyl bromide,carboxylic acid,0.452936,0,0
weidawang-Chem-R-8B,functional_group,0,alkyl bromide,ester,0.623141,0,0
weidawang-Chem-R-8B,functional_group,0,alkyl bromide,ether,0.858957,0,0
weidawang-Chem-R-8B,functional_group,0,alkyl bromide,imine,0.537421,0,0
weidawang-Chem-R-8B,functional_group,0,alkyl bromide,ketone,0.580257,0,0
weidawang-Chem-R-8B,functional_group,0,alkyl bromide,nitrile,0.189058,0,0
weidawang-Chem-R-8B,functional_group,0,alkyl bromide,nitro,0.498466,0,0
weidawang-Chem-R-8B,functional_group,0,alkyl bromide,sulfone,0.660332,0,0
weidawang-Chem-R-8B,functional_group,0,alkyl bromide,sulfoxide,0.661481,0,0
weidawang-Chem-R-8B,functional_group,0,alkyl bromide,thioether,0.786956,0,0
weidawang-Chem-R-8B,functional_group,0,alkyl bromide,thiol,0.773059,0,0
weidawang-Chem-R-8B,functional_group,0,alkyl chloride,alkyl fluoride,0.900325,1,1
weidawang-Chem-R-8B,functional_group,0,alkyl chloride,alkyl iodide,0.743861,1,1
weidawang-Chem-R-8B,functional_group,0,alkyl chloride,amide,0.511882,0,0
weidawang-Chem-R-8B,functional_group,0,alkyl chloride,amine,0.7577,0,0
weidawang-Chem-R-8B,functional_group,0,alkyl chloride,carboxylic acid,0.55149,0,0
weidawang-Chem-R-8B,functional_group,0,alkyl chloride,ester,0.637467,0,0
weidawang-Chem-R-8B,functional_group,0,alkyl chloride,ether,0.793707,0,0
weidawang-Chem-R-8B,functional_group,0,alkyl chloride,imine,0.606754,0,0
weidawang-Chem-R-8B,functional_group,0,alkyl chloride,ketone,0.583957,0,0
weidawang-Chem-R-8B,functional_group,0,alkyl chloride,nitrile,0.160558,0,0
weidawang-Chem-R-8B,functional_group,0,alkyl chloride,nitro,0.553078,0,0
weidawang-Chem-R-8B,functional_group,0,alkyl chloride,sulfone,0.696773,0,0
weidawang-Chem-R-8B,functional_group,0,alkyl chloride,sulfoxide,0.678611,0,0
weidawang-Chem-R-8B,functional_group,0,alkyl chloride,thioether,0.80831,0,0
weidawang-Chem-R-8B,functional_group,0,alkyl chloride,thiol,0.714536,0,0
weidawang-Chem-R-8B,functional_group,0,alkyl fluoride,alkyl iodide,0.848168,1,1
weidawang-Chem-R-8B,functional_group,0,alkyl fluoride,amide,0.460109,0,0
weidawang-Chem-R-8B,functional_group,0,alkyl fluoride,amine,0.818647,0,0
weidawang-Chem-R-8B,functional_group,0,alkyl fluoride,carboxylic acid,0.482187,0,0
weidawang-Chem-R-8B,functional_group,0,alkyl fluoride,ester,0.643274,0,0
weidawang-Chem-R-8B,functional_group,0,alkyl fluoride,ether,0.843961,0,0
weidawang-Chem-R-8B,functional_group,0,alkyl fluoride,imine,0.576148,0,0
weidawang-Chem-R-8B,functional_group,0,alkyl fluoride,ketone,0.626149,0,0
weidawang-Chem-R-8B,functional_group,0,alkyl fluoride,nitrile,0.194412,0,0
weidawang-Chem-R-8B,functional_group,0,alkyl fluoride,nitro,0.577068,0,0
weidawang-Chem-R-8B,functional_group,0,alkyl fluoride,sulfone,0.689478,0,0
weidawang-Chem-R-8B,functional_group,0,alkyl fluoride,sulfoxide,0.679249,0,0
weidawang-Chem-R-8B,functional_group,0,alkyl fluoride,thioether,0.795915,0,0
weidawang-Chem-R-8B,functional_group,0,alkyl fluoride,thiol,0.774202,0,0
weidawang-Chem-R-8B,functional_group,0,alkyl iodide,amide,0.336755,0,0
weidawang-Chem-R-8B,functional_group,0,alkyl iodide,amine,0.725055,0,0
weidawang-Chem-R-8B,functional_group,0,alkyl iodide,carboxylic acid,0.344473,0,0
weidawang-Chem-R-8B,functional_group,0,alkyl iodide,ester,0.548947,0,0
weidawang-Chem-R-8B,functional_group,0,alkyl iodide,ether,0.86243,0,0
weidawang-Chem-R-8B,functional_group,0,alkyl iodide,imine,0.405112,0,0
weidawang-Chem-R-8B,functional_group,0,alkyl iodide,ketone,0.514915,0,0
weidawang-Chem-R-8B,functional_group,0,alkyl iodide,nitrile,0.214478,0,0
weidawang-Chem-R-8B,functional_group,0,alkyl iodide,nitro,0.498423,0,0
weidawang-Chem-R-8B,functional_group,0,alkyl iodide,sulfone,0.587405,0,0
weidawang-Chem-R-8B,functional_group,0,alkyl iodide,sulfoxide,0.560273,0,0
weidawang-Chem-R-8B,functional_group,0,alkyl iodide,thioether,0.712422,0,0
weidawang-Chem-R-8B,functional_group,0,alkyl iodide,thiol,0.683038,0,0
weidawang-Chem-R-8B,functional_group,0,amide,amine,0.590228,1,0
weidawang-Chem-R-8B,functional_group,0,amide,carboxylic acid,0.962559,0,1
weidawang-Chem-R-8B,functional_group,0,amide,ester,0.69869,0,1
weidawang-Chem-R-8B,functional_group,0,amide,ether,0.408196,0,0
weidawang-Chem-R-8B,functional_group,0,amide,imine,0.751294,1,0
weidawang-Chem-R-8B,functional_group,0,amide,ketone,0.69049,0,1
weidawang-Chem-R-8B,functional_group,0,amide,nitrile,0.191828,1,0
weidawang-Chem-R-8B,functional_group,0,amide,nitro,0.709373,1,0
weidawang-Chem-R-8B,functional_group,0,amide,sulfone,0.710445,0,0
weidawang-Chem-R-8B,functional_group,0,amide,sulfoxide,0.680561,0,0
weidawang-Chem-R-8B,functional_group,0,amide,thioether,0.490042,0,0
weidawang-Chem-R-8B,functional_group,0,amide,thiol,0.485507,0,0
weidawang-Chem-R-8B,functional_group,0,amine,carboxylic acid,0.592266,0,0
weidawang-Chem-R-8B,functional_group,0,amine,ester,0.754758,0,0
weidawang-Chem-R-8B,functional_group,0,amine,ether,0.801468,0,0
weidawang-Chem-R-8B,functional_group,0,amine,imine,0.610111,1,1
weidawang-Chem-R-8B,functional_group,0,amine,ketone,0.763456,0,0
weidawang-Chem-R-8B,functional_group,0,amine,nitrile,0.154869,1,1
weidawang-Chem-R-8B,functional_group,0,amine,nitro,0.625381,1,1
weidawang-Chem-R-8B,functional_group,0,amine,sulfone,0.807657,0,0
weidawang-Chem-R-8B,functional_group,0,amine,sulfoxide,0.78542,0,0
weidawang-Chem-R-8B,functional_group,0,amine,thioether,0.815517,0,0
weidawang-Chem-R-8B,functional_group,0,amine,thiol,0.877388,0,0
weidawang-Chem-R-8B,functional_group,0,carboxylic acid,ester,0.714608,1,1
weidawang-Chem-R-8B,functional_group,0,carboxylic acid,ether,0.437515,1,0
weidawang-Chem-R-8B,functional_group,0,carboxylic acid,imine,0.720937,0,0
weidawang-Chem-R-8B,functional_group,0,carboxylic acid,ketone,0.702059,1,1
weidawang-Chem-R-8B,functional_group,0,carboxylic acid,nitrile,0.170429,0,0
weidawang-Chem-R-8B,functional_group,0,carboxylic acid,nitro,0.669761,0,0
weidawang-Chem-R-8B,functional_group,0,carboxylic acid,sulfone,0.736492,0,0
weidawang-Chem-R-8B,functional_group,0,carboxylic acid,sulfoxide,0.697983,0,0
weidawang-Chem-R-8B,functional_group,0,carboxylic acid,thioether,0.536246,0,0
weidawang-Chem-R-8B,functional_group,0,carboxylic acid,thiol,0.505021,0,0
weidawang-Chem-R-8B,functional_group,0,ester,ether,0.67106,1,0
weidawang-Chem-R-8B,functional_group,0,ester,imine,0.607581,0,0
weidawang-Chem-R-8B,functional_group,0,ester,ketone,0.951349,1,1
weidawang-Chem-R-8B,functional_group,0,ester,nitrile,0.151509,0,0
weidawang-Chem-R-8B,functional_group,0,ester,nitro,0.677219,0,0
weidawang-Chem-R-8B,functional_group,0,ester,sulfone,0.94421,0,0
weidawang-Chem-R-8B,functional_group,0,ester,sulfoxide,0.975486,0,0
weidawang-Chem-R-8B,functional_group,0,ester,thioether,0.761825,0,0
weidawang-Chem-R-8B,functional_group,0,ester,thiol,0.679256,0,0
weidawang-Chem-R-8B,functional_group,0,ether,imine,0.436746,0,0
weidawang-Chem-R-8B,functional_group,0,ether,ketone,0.602359,1,0
weidawang-Chem-R-8B,functional_group,0,ether,nitrile,0.162841,0,0
weidawang-Chem-R-8B,functional_group,0,ether,nitro,0.487892,0,0
weidawang-Chem-R-8B,functional_group,0,ether,sulfone,0.713575,0,0
weidawang-Chem-R-8B,functional_group,0,ether,sulfoxide,0.692443,0,0
weidawang-Chem-R-8B,functional_group,0,ether,thioether,0.842922,0,1
weidawang-Chem-R-8B,functional_group,0,ether,thiol,0.755646,0,1
weidawang-Chem-R-8B,functional_group,0,imine,ketone,0.617096,0,0
weidawang-Chem-R-8B,functional_group,0,imine,nitrile,0.246281,1,1
weidawang-Chem-R-8B,functional_group,0,imine,nitro,0.662711,1,1
weidawang-Chem-R-8B,functional_group,0,imine,sulfone,0.614645,0,0
weidawang-Chem-R-8B,functional_group,0,imine,sulfoxide,0.610389,0,0
weidawang-Chem-R-8B,functional_group,0,imine,thioether,0.511405,0,0
weidawang-Chem-R-8B,functional_group,0,imine,thiol,0.512442,0,0
weidawang-Chem-R-8B,functional_group,0,ketone,nitrile,0.12658,0,0
weidawang-Chem-R-8B,functional_group,0,ketone,nitro,0.677026,0,0
weidawang-Chem-R-8B,functional_group,0,ketone,sulfone,0.899541,0,0
weidawang-Chem-R-8B,functional_group,0,ketone,sulfoxide,0.923663,0,0
weidawang-Chem-R-8B,functional_group,0,ketone,thioether,0.667517,0,0
weidawang-Chem-R-8B,functional_group,0,ketone,thiol,0.67121,0,0
weidawang-Chem-R-8B,functional_group,0,nitrile,nitro,0.340383,1,1
weidawang-Chem-R-8B,functional_group,0,nitrile,sulfone,0.174548,0,0
weidawang-Chem-R-8B,functional_group,0,nitrile,sulfoxide,0.147865,0,0
weidawang-Chem-R-8B,functional_group,0,nitrile,thioether,0.136872,0,0
weidawang-Chem-R-8B,functional_group,0,nitrile,thiol,0.144457,0,0
weidawang-Chem-R-8B,functional_group,0,nitro,sulfone,0.732341,0,0
weidawang-Chem-R-8B,functional_group,0,nitro,sulfoxide,0.649851,0,0
weidawang-Chem-R-8B,functional_group,0,nitro,thioether,0.515488,0,0
weidawang-Chem-R-8B,functional_group,0,nitro,thiol,0.510323,0,0
weidawang-Chem-R-8B,functional_group,0,sulfone,sulfoxide,0.941682,1,1
weidawang-Chem-R-8B,functional_group,0,sulfone,thioether,0.803129,1,0
weidawang-Chem-R-8B,functional_group,0,sulfone,thiol,0.715279,1,0
weidawang-Chem-R-8B,functional_group,0,sulfoxide,thioether,0.802977,1,0
weidawang-Chem-R-8B,functional_group,0,sulfoxide,thiol,0.739903,1,0
weidawang-Chem-R-8B,functional_group,0,thioether,thiol,0.788574,1,1
weidawang-Chem-R-8B,functional_group,8,alcohol,aldehyde,0.596688,1,0
weidawang-Chem-R-8B,functional_group,8,alcohol,alkyl bromide,0.579049,0,0
weidawang-Chem-R-8B,functional_group,8,alcohol,alkyl chloride,0.560027,0,0
weidawang-Chem-R-8B,functional_group,8,alcohol,alkyl fluoride,0.595886,0,0
weidawang-Chem-R-8B,functional_group,8,alcohol,alkyl iodide,0.511877,0,0
weidawang-Chem-R-8B,functional_group,8,alcohol,amide,0.635912,0,0
weidawang-Chem-R-8B,functional_group,8,alcohol,amine,0.846376,0,0
weidawang-Chem-R-8B,functional_group,8,alcohol,carboxylic acid,0.677684,1,0
weidawang-Chem-R-8B,functional_group,8,alcohol,ester,0.727197,1,0
weidawang-Chem-R-8B,functional_group,8,alcohol,ether,0.657375,1,1
weidawang-Chem-R-8B,functional_group,8,alcohol,imine,0.648736,0,0
weidawang-Chem-R-8B,functional_group,8,alcohol,ketone,0.830275,1,0
weidawang-Chem-R-8B,functional_group,8,alcohol,nitrile,0.613675,0,0
weidawang-Chem-R-8B,functional_group,8,alcohol,nitro,0.531806,0,0
weidawang-Chem-R-8B,functional_group,8,alcohol,sulfone,0.648746,0,0
weidawang-Chem-R-8B,functional_group,8,alcohol,sulfoxide,0.660821,0,0
weidawang-Chem-R-8B,functional_group,8,alcohol,thioether,0.622896,0,1
weidawang-Chem-R-8B,functional_group,8,alcohol,thiol,0.810397,0,1
weidawang-Chem-R-8B,functional_group,8,aldehyde,alkyl bromide,0.434124,0,0
weidawang-Chem-R-8B,functional_group,8,aldehyde,alkyl chloride,0.429628,0,0
weidawang-Chem-R-8B,functional_group,8,aldehyde,alkyl fluoride,0.403821,0,0
weidawang-Chem-R-8B,functional_group,8,aldehyde,alkyl iodide,0.442665,0,0
weidawang-Chem-R-8B,functional_group,8,aldehyde,amide,0.732789,0,1
weidawang-Chem-R-8B,functional_group,8,aldehyde,amine,0.544652,0,0
weidawang-Chem-R-8B,functional_group,8,aldehyde,carboxylic acid,0.729144,1,1
weidawang-Chem-R-8B,functional_group,8,aldehyde,ester,0.590793,1,1
weidawang-Chem-R-8B,functional_group,8,aldehyde,ether,0.382421,1,0
weidawang-Chem-R-8B,functional_group,8,aldehyde,imine,0.70467,0,0
weidawang-Chem-R-8B,functional_group,8,aldehyde,ketone,0.636227,1,1
weidawang-Chem-R-8B,functional_group,8,aldehyde,nitrile,0.62301,0,0
weidawang-Chem-R-8B,functional_group,8,aldehyde,nitro,0.43207,0,0
weidawang-Chem-R-8B,functional_group,8,aldehyde,sulfone,0.503342,0,0
weidawang-Chem-R-8B,functional_group,8,aldehyde,sulfoxide,0.518592,0,0
weidawang-Chem-R-8B,functional_group,8,aldehyde,thioether,0.39949,0,0
weidawang-Chem-R-8B,functional_group,8,aldehyde,thiol,0.533533,0,0
weidawang-Chem-R-8B,functional_group,8,alkyl bromide,alkyl chloride,0.93044,1,1
weidawang-Chem-R-8B,functional_group,8,alkyl bromide,alkyl fluoride,0.905689,1,1
weidawang-Chem-R-8B,functional_group,8,alkyl bromide,alkyl iodide,0.88548,1,1
weidawang-Chem-R-8B,functional_group,8,alkyl bromide,amide,0.455232,0,0
weidawang-Chem-R-8B,functional_group,8,alkyl bromide,amine,0.559905,0,0
weidawang-Chem-R-8B,functional_group,8,alkyl bromide,carboxylic acid,0.470697,0,0
weidawang-Chem-R-8B,functional_group,8,alkyl bromide,ester,0.509462,0,0
weidawang-Chem-R-8B,functional_group,8,alkyl bromide,ether,0.792381,0,0
weidawang-Chem-R-8B,functional_group,8,alkyl bromide,imine,0.578933,0,0
weidawang-Chem-R-8B,functional_group,8,alkyl bromide,ketone,0.54256,0,0
weidawang-Chem-R-8B,functional_group,8,alkyl bromide,nitrile,0.526693,0,0
weidawang-Chem-R-8B,functional_group,8,alkyl bromide,nitro,0.740169,0,0
weidawang-Chem-R-8B,functional_group,8,alkyl bromide,sulfone,0.515049,0,0
weidawang-Chem-R-8B,functional_group,8,alkyl bromide,sulfoxide,0.544636,0,0
weidawang-Chem-R-8B,functional_group,8,alkyl bromide,thioether,0.744943,0,0
weidawang-Chem-R-8B,functional_group,8,alkyl bromide,thiol,0.629078,0,0
weidawang-Chem-R-8B,functional_group,8,alkyl chloride,alkyl fluoride,0.909991,1,1
weidawang-Chem-R-8B,functional_group,8,alkyl chloride,alkyl iodide,0.859982,1,1
weidawang-Chem-R-8B,functional_group,8,alkyl chloride,amide,0.461615,0,0
weidawang-Chem-R-8B,functional_group,8,alkyl chloride,amine,0.547252,0,0
weidawang-Chem-R-8B,functional_group,8,alkyl chloride,carboxylic acid,0.471613,0,0
weidawang-Chem-R-8B,functional_group,8,alkyl chloride,ester,0.469927,0,0
weidawang-Chem-R-8B,functional_group,8,alkyl chloride,ether,0.796165,0,0
weidawang-Chem-R-8B,functional_group,8,alkyl chloride,imine,0.553203,0,0
weidawang-Chem-R-8B,functional_group,8,alkyl chloride,ketone,0.537206,0,0
weidawang-Chem-R-8B,functional_group,8,alkyl chloride,nitrile,0.51349,0,0
weidawang-Chem-R-8B,functional_group,8,alkyl chloride,nitro,0.738847,0,0
weidawang-Chem-R-8B,functional_group,8,alkyl chloride,sulfone,0.494781,0,0
weidawang-Chem-R-8B,functional_group,8,alkyl chloride,sulfoxide,0.516066,0,0
weidawang-Chem-R-8B,functional_group,8,alkyl chloride,thioether,0.753201,0,0
weidawang-Chem-R-8B,functional_group,8,alkyl chloride,thiol,0.591313,0,0
weidawang-Chem-R-8B,functional_group,8,alkyl fluoride,alkyl iodide,0.858274,1,1
weidawang-Chem-R-8B,functional_group,8,alkyl fluoride,amide,0.451681,0,0
weidawang-Chem-R-8B,functional_group,8,alkyl fluoride,amine,0.576558,0,0
weidawang-Chem-R-8B,functional_group,8,alkyl fluoride,carboxylic acid,0.446484,0,0
weidawang-Chem-R-8B,functional_group,8,alkyl fluoride,ester,0.495339,0,0
weidawang-Chem-R-8B,functional_group,8,alkyl fluoride,ether,0.842321,0,0
weidawang-Chem-R-8B,functional_group,8,alkyl fluoride,imine,0.551057,0,0
weidawang-Chem-R-8B,functional_group,8,alkyl fluoride,ketone,0.547759,0,0
weidawang-Chem-R-8B,functional_group,8,alkyl fluoride,nitrile,0.525303,0,0
weidawang-Chem-R-8B,functional_group,8,alkyl fluoride,nitro,0.739908,0,0
weidawang-Chem-R-8B,functional_group,8,alkyl fluoride,sulfone,0.552037,0,0
weidawang-Chem-R-8B,functional_group,8,alkyl fluoride,sulfoxide,0.57317,0,0
weidawang-Chem-R-8B,functional_group,8,alkyl fluoride,thioether,0.80803,0,0
weidawang-Chem-R-8B,functional_group,8,alkyl fluoride,thiol,0.647925,0,0
weidawang-Chem-R-8B,functional_group,8,alkyl iodide,amide,0.413466,0,0
weidawang-Chem-R-8B,functional_group,8,alkyl iodide,amine,0.527746,0,0
weidawang-Chem-R-8B,functional_group,8,alkyl iodide,carboxylic acid,0.414041,0,0
weidawang-Chem-R-8B,functional_group,8,alkyl iodide,ester,0.43594,0,0
weidawang-Chem-R-8B,functional_group,8,alkyl iodide,ether,0.745164,0,0
weidawang-Chem-R-8B,functional_group,8,alkyl iodide,imine,0.562371,0,0
weidawang-Chem-R-8B,functional_group,8,alkyl iodide,ketone,0.461935,0,0
weidawang-Chem-R-8B,functional_group,8,alkyl iodide,nitrile,0.455005,0,0
weidawang-Chem-R-8B,functional_group,8,alkyl iodide,nitro,0.735793,0,0
weidawang-Chem-R-8B,functional_group,8,alkyl iodide,sulfone,0.473032,0,0
weidawang-Chem-R-8B,functional_group,8,alkyl iodide,sulfoxide,0.503182,0,0
weidawang-Chem-R-8B,functional_group,8,alkyl iodide,thioether,0.67173,0,0
weidawang-Chem-R-8B,functional_group,8,alkyl iodide,thiol,0.600452,0,0
weidawang-Chem-R-8B,functional_group,8,amide,amine,0.670388,1,0
weidawang-Chem-R-8B,functional_group,8,amide,carboxylic acid,0.838426,0,1
weidawang-Chem-R-8B,functional_group,8,amide,ester,0.740068,0,1
weidawang-Chem-R-8B,functional_group,8,amide,ether,0.469803,0,0
weidawang-Chem-R-8B,functional_group,8,amide,imine,0.718372,1,0
weidawang-Chem-R-8B,functional_group,8,amide,ketone,0.709591,0,1
weidawang-Chem-R-8B,functional_group,8,amide,nitrile,0.67965,1,0
weidawang-Chem-R-8B,functional_group,8,amide,nitro,0.528387,1,0
weidawang-Chem-R-8B,functional_group,8,amide,sulfone,0.655404,0,0
weidawang-Chem-R-8B,functional_group,8,amide,sulfoxide,0.65461,0,0
weidawang-Chem-R-8B,functional_group,8,amide,thioether,0.493853,0,0
weidawang-Chem-R-8B,functional_group,8,amide,thiol,0.583584,0,0
weidawang-Chem-R-8B,functional_group,8,amine,carboxylic acid,0.61246,0,0
weidawang-Chem-R-8B,functional_group,8,amine,ester,0.646753,0,0
weidawang-Chem-R-8B,functional_group,8,amine,ether,0.626042,0,0
weidawang-Chem-R-8B,functional_group,8,amine,imine,0.732689,1,1
weidawang-Chem-R-8B,functional_group,8,amine,ketone,0.758614,0,0
weidawang-Chem-R-8B,functional_group,8,amine,nitrile,0.614259,1,1
weidawang-Chem-R-8B,functional_group,8,amine,nitro,0.54138,1,1
weidawang-Chem-R-8B,functional_group,8,amine,sulfone,0.655065,0,0
weidawang-Chem-R-8B,functional_group,8,amine,sulfoxide,0.673424,0,0
weidawang-Chem-R-8B,functional_group,8,amine,thioether,0.6315,0,0
weidawang-Chem-R-8B,functional_group,8,amine,thiol,0.799746,0,0
weidawang-Chem-R-8B,functional_group,8,carboxylic acid,ester,0.717615,1,1
weidawang-Chem-R-8B,functional_group,8,carboxylic acid,ether,0.423506,1,0
weidawang-Chem-R-8B,functional_group,8,carboxylic acid,imine,0.635672,0,0
weidawang-Chem-R-8B,functional_group,8,carboxylic acid,ketone,0.727371,1,1
weidawang-Chem-R-8B,functional_group,8,carboxylic acid,nitrile,0.648712,0,0
weidawang-Chem-R-8B,functional_group,8,carboxylic acid,nitro,0.538313,0,0
weidawang-Chem-R-8B,functional_group,8,carboxylic acid,sulfone,0.609295,0,0
weidawang-Chem-R-8B,functional_group,8,carboxylic acid,sulfoxide,0.589965,0,0
weidawang-Chem-R-8B,functional_group,8,carboxylic acid,thioether,0.441309,0,0
weidawang-Chem-R-8B,functional_group,8,carboxylic acid,thiol,0.598789,0,0
weidawang-Chem-R-8B,functional_group,8,ester,ether,0.597366,1,0
weidawang-Chem-R-8B,functional_group,8,ester,imine,0.663891,0,0
weidawang-Chem-R-8B,functional_group,8,ester,ketone,0.771959,1,1
weidawang-Chem-R-8B,functional_group,8,ester,nitrile,0.61601,0,0
weidawang-Chem-R-8B,functional_group,8,ester,nitro,0.512124,0,0
weidawang-Chem-R-8B,functional_group,8,ester,sulfone,0.751621,0,0
weidawang-Chem-R-8B,functional_group,8,ester,sulfoxide,0.741896,0,0
weidawang-Chem-R-8B,functional_group,8,ester,thioether,0.586326,0,0
weidawang-Chem-R-8B,functional_group,8,ester,thiol,0.676334,0,0
weidawang-Chem-R-8B,functional_group,8,ether,imine,0.579113,0,0
weidawang-Chem-R-8B,functional_group,8,ether,ketone,0.600087,1,0
weidawang-Chem-R-8B,functional_group,8,ether,nitrile,0.482055,0,0
weidawang-Chem-R-8B,functional_group,8,ether,nitro,0.680542,0,0
weidawang-Chem-R-8B,functional_group,8,ether,sulfone,0.596914,0,0
weidawang-Chem-R-8B,functional_group,8,ether,sulfoxide,0.612692,0,0
weidawang-Chem-R-8B,functional_group,8,ether,thioether,0.843663,0,1
weidawang-Chem-R-8B,functional_group,8,ether,thiol,0.669588,0,1
weidawang-Chem-R-8B,functional_group,8,imine,ketone,0.667294,0,0
weidawang-Chem-R-8B,functional_group,8,imine,nitrile,0.668071,1,1
weidawang-Chem-R-8B,functional_group,8,imine,nitro,0.54821,1,1
weidawang-Chem-R-8B,functional_group,8,imine,sulfone,0.646253,0,0
weidawang-Chem-R-8B,functional_group,8,imine,sulfoxide,0.673843,0,0
weidawang-Chem-R-8B,functional_group,8,imine,thioether,0.588799,0,0
weidawang-Chem-R-8B,functional_group,8,imine,thiol,0.685454,0,0
weidawang-Chem-R-8B,functional_group,8,ketone,nitrile,0.645412,0,0
weidawang-Chem-R-8B,functional_group,8,ketone,nitro,0.574274,0,0
weidawang-Chem-R-8B,functional_group,8,ketone,sulfone,0.702202,0,0
weidawang-Chem-R-8B,functional_group,8,ketone,sulfoxide,0.697345,0,0
weidawang-Chem-R-8B,functional_group,8,ketone,thioether,0.604614,0,0
weidawang-Chem-R-8B,functional_group,8,ketone,thiol,0.707741,0,0
weidawang-Chem-R-8B,functional_group,8,nitrile,nitro,0.501095,1,1
weidawang-Chem-R-8B,functional_group,8,nitrile,sulfone,0.569265,0,0
weidawang-Chem-R-8B,functional_group,8,nitrile,sulfoxide,0.562754,0,0
weidawang-Chem-R-8B,functional_group,8,nitrile,thioether,0.521773,0,0
weidawang-Chem-R-8B,functional_group,8,nitrile,thiol,0.613178,0,0
weidawang-Chem-R-8B,functional_group,8,nitro,sulfone,0.591373,0,0
weidawang-Chem-R-8B,functional_group,8,nitro,sulfoxide,0.575407,0,0
weidawang-Chem-R-8B,functional_group,8,nitro,thioether,0.681569,0,0
weidawang-Chem-R-8B,functional_group,8,nitro,thiol,0.546781,0,0
weidawang-Chem-R-8B,functional_group,8,sulfone,sulfoxide,0.942024,1,1
weidawang-Chem-R-8B,functional_group,8,sulfone,thioether,0.676975,1,0
weidawang-Chem-R-8B,functional_group,8,sulfone,thiol,0.723039,1,0
weidawang-Chem-R-8B,functional_group,8,sulfoxide,thioether,0.686083,1,0
weidawang-Chem-R-8B,functional_group,8,sulfoxide,thiol,0.745653,1,0
weidawang-Chem-R-8B,functional_group,8,thioether,thiol,0.683185,1,1
weidawang-Chem-R-8B,functional_group,16,alcohol,aldehyde,0.709863,1,0
weidawang-Chem-R-8B,functional_group,16,alcohol,alkyl bromide,0.590707,0,0
weidawang-Chem-R-8B,functional_group,16,alcohol,alkyl chloride,0.594543,0,0
weidawang-Chem-R-8B,functional_group,16,alcohol,alkyl fluoride,0.596903,0,0
weidawang-Chem-R-8B,functional_group,16,alcohol,alkyl iodide,0.601794,0,0
weidawang-Chem-R-8B,functional_group,16,alcohol,amide,0.683744,0,0
weidawang-Chem-R-8B,functional_group,16,alcohol,amine,0.777661,0,0
weidawang-Chem-R-8B,functional_group,16,alcohol,carboxylic acid,0.7163,1,0
weidawang-Chem-R-8B,functional_group,16,alcohol,ester,0.64489,1,0
weidawang-Chem-R-8B,functional_group,16,alcohol,ether,0.676367,1,1
weidawang-Chem-R-8B,functional_group,16,alcohol,imine,0.59405,0,0
weidawang-Chem-R-8B,functional_group,16,alcohol,ketone,0.711536,1,0
weidawang-Chem-R-8B,functional_group,16,alcohol,nitrile,0.644771,0,0
weidawang-Chem-R-8B,functional_group,16,alcohol,nitro,0.617537,0,0
weidawang-Chem-R-8B,functional_group,16,alcohol,sulfone,0.601948,0,0
weidawang-Chem-R-8B,functional_group,16,alcohol,sulfoxide,0.652977,0,0
weidawang-Chem-R-8B,functional_group,16,alcohol,thioether,0.601512,0,1
weidawang-Chem-R-8B,functional_group,16,alcohol,thiol,0.769397,0,1
weidawang-Chem-R-8B,functional_group,16,aldehyde,alkyl bromide,0.61645,0,0
weidawang-Chem-R-8B,functional_group,16,aldehyde,alkyl chloride,0.583233,0,0
weidawang-Chem-R-8B,functional_group,16,aldehyde,alkyl fluoride,0.551576,0,0
weidawang-Chem-R-8B,functional_group,16,aldehyde,alkyl iodide,0.607104,0,0
weidawang-Chem-R-8B,functional_group,16,aldehyde,amide,0.755426,0,1
weidawang-Chem-R-8B,functional_group,16,aldehyde,amine,0.650195,0,0
weidawang-Chem-R-8B,functional_group,16,aldehyde,carboxylic acid,0.784434,1,1
weidawang-Chem-R-8B,functional_group,16,aldehyde,ester,0.629596,1,1
weidawang-Chem-R-8B,functional_group,16,aldehyde,ether,0.543374,1,0
weidawang-Chem-R-8B,functional_group,16,aldehyde,imine,0.745108,0,0
weidawang-Chem-R-8B,functional_group,16,aldehyde,ketone,0.728115,1,1
weidawang-Chem-R-8B,functional_group,16,aldehyde,nitrile,0.760149,0,0
weidawang-Chem-R-8B,functional_group,16,aldehyde,nitro,0.615273,0,0
weidawang-Chem-R-8B,functional_group,16,aldehyde,sulfone,0.610718,0,0
weidawang-Chem-R-8B,functional_group,16,aldehyde,sulfoxide,0.656202,0,0
weidawang-Chem-R-8B,functional_group,16,aldehyde,thioether,0.560687,0,0
weidawang-Chem-R-8B,functional_group,16,aldehyde,thiol,0.672171,0,0
weidawang-Chem-R-8B,functional_group,16,alkyl bromide,alkyl chloride,0.948552,1,1
weidawang-Chem-R-8B,functional_group,16,alkyl bromide,alkyl fluoride,0.889978,1,1
weidawang-Chem-R-8B,functional_group,16,alkyl bromide,alkyl iodide,0.935088,1,1
weidawang-Chem-R-8B,functional_group,16,alkyl bromide,amide,0.525825,0,0
weidawang-Chem-R-8B,functional_group,16,alkyl bromide,amine,0.583331,0,0
weidawang-Chem-R-8B,functional_group,16,alkyl bromide,carboxylic acid,0.544104,0,0
weidawang-Chem-R-8B,functional_group,16,alkyl bromide,ester,0.518407,0,0
weidawang-Chem-R-8B,functional_group,16,alkyl bromide,ether,0.689406,0,0
weidawang-Chem-R-8B,functional_group,16,alkyl bromide,imine,0.590754,0,0
weidawang-Chem-R-8B,functional_group,16,alkyl bromide,ketone,0.473927,0,0
weidawang-Chem-R-8B,functional_group,16,alkyl bromide,nitrile,0.660953,0,0
weidawang-Chem-R-8B,functional_group,16,alkyl bromide,nitro,0.729296,0,0
weidawang-Chem-R-8B,functional_group,16,alkyl bromide,sulfone,0.591681,0,0
weidawang-Chem-R-8B,functional_group,16,alkyl bromide,sulfoxide,0.611865,0,0
weidawang-Chem-R-8B,functional_group,16,alkyl bromide,thioether,0.787014,0,0
weidawang-Chem-R-8B,functional_group,16,alkyl bromide,thiol,0.707078,0,0
weidawang-Chem-R-8B,functional_group,16,alkyl chloride,alkyl fluoride,0.920794,1,1
weidawang-Chem-R-8B,functional_group,16,alkyl chloride,alkyl iodide,0.915671,1,1
weidawang-Chem-R-8B,functional_group,16,alkyl chloride,amide,0.506743,0,0
weidawang-Chem-R-8B,functional_group,16,alkyl chloride,amine,0.574261,0,0
weidawang-Chem-R-8B,functional_group,16,alkyl chloride,carboxylic acid,0.518372,0,0
weidawang-Chem-R-8B,functional_group,16,alkyl chloride,ester,0.479452,0,0
weidawang-Chem-R-8B,functional_group,16,alkyl chloride,ether,0.69868,0,0
weidawang-Chem-R-8B,functional_group,16,alkyl chloride,imine,0.547102,0,0
weidawang-Chem-R-8B,functional_group,16,alkyl chloride,ketone,0.462935,0,0
weidawang-Chem-R-8B,functional_group,16,alkyl chloride,nitrile,0.625911,0,0
weidawang-Chem-R-8B,functional_group,16,alkyl chloride,nitro,0.727497,0,0
weidawang-Chem-R-8B,functional_group,16,alkyl chloride,sulfone,0.57688,0,0
weidawang-Chem-R-8B,functional_group,16,alkyl chloride,sulfoxide,0.597106,0,0
weidawang-Chem-R-8B,functional_group,16,alkyl chloride,thioether,0.769835,0,0
weidawang-Chem-R-8B,functional_group,16,alkyl chloride,thiol,0.67992,0,0
weidawang-Chem-R-8B,functional_group,16,alkyl fluoride,alkyl iodide,0.895417,1,1
weidawang-Chem-R-8B,functional_group,16,alkyl fluoride,amide,0.49262,0,0
weidawang-Chem-R-8B,functional_group,16,alkyl fluoride,amine,0.567658,0,0
weidawang-Chem-R-8B,functional_group,16,alkyl fluoride,carboxylic acid,0.496688,0,0
weidawang-Chem-R-8B,functional_group,16,alkyl fluoride,ester,0.473336,0,0
weidawang-Chem-R-8B,functional_group,16,alkyl fluoride,ether,0.735489,0,0
weidawang-Chem-R-8B,functional_group,16,alkyl fluoride,imine,0.533669,0,0
weidawang-Chem-R-8B,functional_group,16,alkyl fluoride,ketone,0.432882,0,0
weidawang-Chem-R-8B,functional_group,16,alkyl fluoride,nitrile,0.610873,0,0
weidawang-Chem-R-8B,functional_group,16,alkyl fluoride,nitro,0.707955,0,0
weidawang-Chem-R-8B,functional_group,16,alkyl fluoride,sulfone,0.555265,0,0
weidawang-Chem-R-8B,functional_group,16,alkyl fluoride,sulfoxide,0.587619,0,0
weidawang-Chem-R-8B,functional_group,16,alkyl fluoride,thioether,0.785887,0,0
weidawang-Chem-R-8B,functional_group,16,alkyl fluoride,thiol,0.671518,0,0
weidawang-Chem-R-8B,functional_group,16,alkyl iodide,amide,0.497695,0,0
weidawang-Chem-R-8B,functional_group,16,alkyl iodide,amine,0.573269,0,0
weidawang-Chem-R-8B,functional_group,16,alkyl iodide,carboxylic acid,0.523186,0,0
weidawang-Chem-R-8B,functional_group,16,alkyl iodide,ester,0.484913,0,0
weidawang-Chem-R-8B,functional_group,16,alkyl iodide,ether,0.681948,0,0
weidawang-Chem-R-8B,functional_group,16,alkyl iodide,imine,0.577926,0,0
weidawang-Chem-R-8B,functional_group,16,alkyl iodide,ketone,0.451891,0,0
weidawang-Chem-R-8B,functional_group,16,alkyl iodide,nitrile,0.627786,0,0
weidawang-Chem-R-8B,functional_group,16,alkyl iodide,nitro,0.73879,0,0
weidawang-Chem-R-8B,functional_group,16,alkyl iodide,sulfone,0.579098,0,0
weidawang-Chem-R-8B,functional_group,16,alkyl iodide,sulfoxide,0.606831,0,0
weidawang-Chem-R-8B,functional_group,16,alkyl iodide,thioether,0.782651,0,0
weidawang-Chem-R-8B,functional_group,16,alkyl iodide,thiol,0.715348,0,0
weidawang-Chem-R-8B,functional_group,16,amide,amine,0.749393,1,0
weidawang-Chem-R-8B,functional_group,16,amide,carboxylic acid,0.847273,0,1
weidawang-Chem-R-8B,functional_group,16,amide,ester,0.749619,0,1
weidawang-Chem-R-8B,functional_group,16,amide,ether,0.539647,0,0
weidawang-Chem-R-8B,functional_group,16,amide,imine,0.721339,1,0
weidawang-Chem-R-8B,functional_group,16,amide,ketone,0.709911,0,1
weidawang-Chem-R-8B,functional_group,16,amide,nitrile,0.761069,1,0
weidawang-Chem-R-8B,functional_group,16,amide,nitro,0.636304,1,0
weidawang-Chem-R-8B,functional_group,16,amide,sulfone,0.699016,0,0
weidawang-Chem-R-8B,functional_group,16,amide,sulfoxide,0.688475,0,0
weidawang-Chem-R-8B,functional_group,16,amide,thioether,0.583273,0,0
weidawang-Chem-R-8B,functional_group,16,amide,thiol,0.649117,0,0
weidawang-Chem-R-8B,functional_group,16,amine,carboxylic acid,0.599328,0,0
weidawang-Chem-R-8B,functional_group,16,amine,ester,0.506905,0,0
weidawang-Chem-R-8B,functional_group,16,amine,ether,0.568434,0,0
weidawang-Chem-R-8B,functional_group,16,amine,imine,0.705502,1,1
weidawang-Chem-R-8B,functional_group,16,amine,ketone,0.594247,0,0
weidawang-Chem-R-8B,functional_group,16,amine,nitrile,0.697362,1,1
weidawang-Chem-R-8B,functional_group,16,amine,nitro,0.627524,1,1
weidawang-Chem-R-8B,functional_group,16,amine,sulfone,0.617575,0,0
weidawang-Chem-R-8B,functional_group,16,amine,sulfoxide,0.643682,0,0
weidawang-Chem-R-8B,functional_group,16,amine,thioether,0.619332,0,0
weidawang-Chem-R-8B,functional_group,16,amine,thiol,0.758024,0,0
weidawang-Chem-R-8B,functional_group,16,carboxylic acid,ester,0.79463,1,1
weidawang-Chem-R-8B,functional_group,16,carboxylic acid,ether,0.496563,1,0
weidawang-Chem-R-8B,functional_group,16,carboxylic acid,imine,0.608282,0,0
weidawang-Chem-R-8B,functional_group,16,carboxylic acid,ketone,0.729111,1,1
weidawang-Chem-R-8B,functional_group,16,carboxylic acid,nitrile,0.688233,0,0
weidawang-Chem-R-8B,functional_group,16,carboxylic acid,nitro,0.609975,0,0
weidawang-Chem-R-8B,functional_group,16,carboxylic acid,sulfone,0.66439,0,0
weidawang-Chem-R-8B,functional_group,16,carboxylic acid,sulfoxide,0.626129,0,0
weidawang-Chem-R-8B,functional_group,16,carboxylic acid,thioether,0.522472,0,0
weidawang-Chem-R-8B,functional_group,16,carboxylic acid,thiol,0.637156,0,0
weidawang-Chem-R-8B,functional_group,16,ester,ether,0.655385,1,0
weidawang-Chem-R-8B,functional_group,16,ester,imine,0.582389,0,0
weidawang-Chem-R-8B,functional_group,16,ester,ketone,0.710822,1,1
weidawang-Chem-R-8B,functional_group,16,ester,nitrile,0.626676,0,0
weidawang-Chem-R-8B,functional_group,16,ester,nitro,0.574332,0,0
weidawang-Chem-R-8B,functional_group,16,ester,sulfone,0.68358,0,0
weidawang-Chem-R-8B,functional_group,16,ester,sulfoxide,0.666417,0,0
weidawang-Chem-R-8B,functional_group,16,ester,thioether,0.604513,0,0
weidawang-Chem-R-8B,functional_group,16,ester,thiol,0.570823,0,0
weidawang-Chem-R-8B,functional_group,16,ether,imine,0.560795,0,0
weidawang-Chem-R-8B,functional_group,16,ether,ketone,0.479266,1,0
weidawang-Chem-R-8B,functional_group,16,ether,nitrile,0.575424,0,0
weidawang-Chem-R-8B,functional_group,16,ether,nitro,0.641164,0,0
weidawang-Chem-R-8B,functional_group,16,ether,sulfone,0.585928,0,0
weidawang-Chem-R-8B,functional_group,16,ether,sulfoxide,0.642327,0,0
weidawang-Chem-R-8B,functional_group,16,ether,thioether,0.808145,0,1
weidawang-Chem-R-8B,functional_group,16,ether,thiol,0.595237,0,1
weidawang-Chem-R-8B,functional_group,16,imine,ketone,0.646037,0,0
weidawang-Chem-R-8B,functional_group,16,imine,nitrile,0.740664,1,1
weidawang-Chem-R-8B,functional_group,16,imine,nitro,0.58812,1,1
weidawang-Chem-R-8B,functional_group,16,imine,sulfone,0.618783,0,0
weidawang-Chem-R-8B,functional_group,16,imine,sulfoxide,0.714501,0,0
weidawang-Chem-R-8B,functional_group,16,imine,thioether,0.65094,0,0
weidawang-Chem-R-8B,functional_group,16,imine,thiol,0.68963,0,0
weidawang-Chem-R-8B,functional_group,16,ketone,nitrile,0.627282,0,0
weidawang-Chem-R-8B,functional_group,16,ketone,nitro,0.539552,0,0
weidawang-Chem-R-8B,functional_group,16,ketone,sulfone,0.623363,0,0
weidawang-Chem-R-8B,functional_group,16,ketone,sulfoxide,0.67877,0,0
weidawang-Chem-R-8B,functional_group,16,ketone,thioether,0.49473,0,0
weidawang-Chem-R-8B,functional_group,16,ketone,thiol,0.646103,0,0
weidawang-Chem-R-8B,functional_group,16,nitrile,nitro,0.63677,1,1
weidawang-Chem-R-8B,functional_group,16,nitrile,sulfone,0.647243,0,0
weidawang-Chem-R-8B,functional_group,16,nitrile,sulfoxide,0.631296,0,0
weidawang-Chem-R-8B,functional_group,16,nitrile,thioether,0.623635,0,0
weidawang-Chem-R-8B,functional_group,16,nitrile,thiol,0.666482,0,0
weidawang-Chem-R-8B,functional_group,16,nitro,sulfone,0.742658,0,0
weidawang-Chem-R-8B,functional_group,16,nitro,sulfoxide,0.706729,0,0
weidawang-Chem-R-8B,functional_group,16,nitro,thioether,0.673957,0,0
weidawang-Chem-R-8B,functional_group,16,nitro,thiol,0.634669,0,0
weidawang-Chem-R-8B,functional_group,16,sulfone,sulfoxide,0.865704,1,1
weidawang-Chem-R-8B,functional_group,16,sulfone,thioether,0.648169,1,0
weidawang-Chem-R-8B,functional_group,16,sulfone,thiol,0.643474,1,0
weidawang-Chem-R-8B,functional_group,16,sulfoxide,thioether,0.736915,1,0
weidawang-Chem-R-8B,functional_group,16,sulfoxide,thiol,0.743932,1,0
weidawang-Chem-R-8B,functional_group,16,thioether,thiol,0.776269,1,1
weidawang-Chem-R-8B,functional_group,24,alcohol,aldehyde,0.542004,1,0
weidawang-Chem-R-8B,functional_group,24,alcohol,alkyl bromide,0.369508,0,0
weidawang-Chem-R-8B,functional_group,24,alcohol,alkyl chloride,0.393777,0,0
weidawang-Chem-R-8B,functional_group,24,alcohol,alkyl fluoride,0.420607,0,0
weidawang-Chem-R-8B,functional_group,24,alcohol,alkyl iodide,0.370183,0,0
weidawang-Chem-R-8B,functional_group,24,alcohol,amide,0.469668,0,0
weidawang-Chem-R-8B,functional_group,24,alcohol,amine,0.63535,0,0
weidawang-Chem-R-8B,functional_group,24,alcohol,carboxylic acid,0.547335,1,0
weidawang-Chem-R-8B,functional_group,24,alcohol,ester,0.47307,1,0
weidawang-Chem-R-8B,functional_group,24,alcohol,ether,0.575862,1,1
weidawang-Chem-R-8B,functional_group,24,alcohol,imine,0.358318,0,0
weidawang-Chem-R-8B,functional_group,24,alcohol,ketone,0.528981,1,0
weidawang-Chem-R-8B,functional_group,24,alcohol,nitrile,0.370025,0,0
weidawang-Chem-R-8B,functional_group,24,alcohol,nitro,0.443524,0,0
weidawang-Chem-R-8B,functional_group,24,alcohol,sulfone,0.419331,0,0
weidawang-Chem-R-8B,functional_group,24,alcohol,sulfoxide,0.512508,0,0
weidawang-Chem-R-8B,functional_group,24,alcohol,thioether,0.436074,0,1
weidawang-Chem-R-8B,functional_group,24,alcohol,thiol,0.62301,0,1
weidawang-Chem-R-8B,functional_group,24,aldehyde,alkyl bromide,0.363308,0,0
weidawang-Chem-R-8B,functional_group,24,aldehyde,alkyl chloride,0.347844,0,0
weidawang-Chem-R-8B,functional_group,24,aldehyde,alkyl fluoride,0.349735,0,0
weidawang-Chem-R-8B,functional_group,24,aldehyde,alkyl iodide,0.369055,0,0
weidawang-Chem-R-8B,functional_group,24,aldehyde,amide,0.669447,0,1
weidawang-Chem-R-8B,functional_group,24,aldehyde,amine,0.497296,0,0
weidawang-Chem-R-8B,functional_group,24,aldehyde,carboxylic acid,0.663462,1,1
weidawang-Chem-R-8B,functional_group,24,aldehyde,ester,0.553037,1,1
weidawang-Chem-R-8B,functional_group,24,aldehyde,ether,0.392166,1,0
weidawang-Chem-R-8B,functional_group,24,aldehyde,imine,0.638365,0,0
weidawang-Chem-R-8B,functional_group,24,aldehyde,ketone,0.662278,1,1
weidawang-Chem-R-8B,functional_group,24,aldehyde,nitrile,0.568021,0,0
weidawang-Chem-R-8B,functional_group,24,aldehyde,nitro,0.444903,0,0
weidawang-Chem-R-8B,functional_group,24,aldehyde,sulfone,0.385832,0,0
weidawang-Chem-R-8B,functional_group,24,aldehyde,sulfoxide,0.481565,0,0
weidawang-Chem-R-8B,functional_group,24,aldehyde,thioether,0.376321,0,0
weidawang-Chem-R-8B,functional_group,24,aldehyde,thiol,0.440797,0,0
weidawang-Chem-R-8B,functional_group,24,alkyl bromide,alkyl chloride,0.808197,1,1
weidawang-Chem-R-8B,functional_group,24,alkyl bromide,alkyl fluoride,0.705137,1,1
weidawang-Chem-R-8B,functional_group,24,alkyl bromide,alkyl iodide,0.780098,1,1
weidawang-Chem-R-8B,functional_group,24,alkyl bromide,amide,0.311961,0,0
weidawang-Chem-R-8B,functional_group,24,alkyl bromide,amine,0.391779,0,0
weidawang-Chem-R-8B,functional_group,24,alkyl bromide,carboxylic acid,0.323909,0,0
weidawang-Chem-R-8B,functional_group,24,alkyl bromide,ester,0.326729,0,0
weidawang-Chem-R-8B,functional_group,24,alkyl bromide,ether,0.465084,0,0
weidawang-Chem-R-8B,functional_group,24,alkyl bromide,imine,0.339683,0,0
weidawang-Chem-R-8B,functional_group,24,alkyl bromide,ketone,0.229377,0,0
weidawang-Chem-R-8B,functional_group,24,alkyl bromide,nitrile,0.406291,0,0
weidawang-Chem-R-8B,functional_group,24,alkyl bromide,nitro,0.5181,0,0
weidawang-Chem-R-8B,functional_group,24,alkyl bromide,sulfone,0.398608,0,0
weidawang-Chem-R-8B,functional_group,24,alkyl bromide,sulfoxide,0.411786,0,0
weidawang-Chem-R-8B,functional_group,24,alkyl bromide,thioether,0.591112,0,0
weidawang-Chem-R-8B,functional_group,24,alkyl bromide,thiol,0.500244,0,0
weidawang-Chem-R-8B,functional_group,24,alkyl chloride,alkyl fluoride,0.766106,1,1
weidawang-Chem-R-8B,functional_group,24,alkyl chloride,alkyl iodide,0.776647,1,1
weidawang-Chem-R-8B,functional_group,24,alkyl chloride,amide,0.297698,0,0
weidawang-Chem-R-8B,functional_group,24,alkyl chloride,amine,0.416327,0,0
weidawang-Chem-R-8B,functional_group,24,alkyl chloride,carboxylic acid,0.30381,0,0
weidawang-Chem-R-8B,functional_group,24,alkyl chloride,ester,0.300057,0,0
weidawang-Chem-R-8B,functional_group,24,alkyl chloride,ether,0.463579,0,0
weidawang-Chem-R-8B,functional_group,24,alkyl chloride,imine,0.328883,0,0
weidawang-Chem-R-8B,functional_group,24,alkyl chloride,ketone,0.21794,0,0
weidawang-Chem-R-8B,functional_group,24,alkyl chloride,nitrile,0.386574,0,0
weidawang-Chem-R-8B,functional_group,24,alkyl chloride,nitro,0.472945,0,0
weidawang-Chem-R-8B,functional_group,24,alkyl chloride,sulfone,0.363755,0,0
weidawang-Chem-R-8B,functional_group,24,alkyl chloride,sulfoxide,0.403647,0,0
weidawang-Chem-R-8B,functional_group,24,alkyl chloride,thioether,0.570707,0,0
weidawang-Chem-R-8B,functional_group,24,alkyl chloride,thiol,0.49147,0,0
weidawang-Chem-R-8B,functional_group,24,alkyl fluoride,alkyl iodide,0.741054,1,1
weidawang-Chem-R-8B,functional_group,24,alkyl fluoride,amide,0.309495,0,0
weidawang-Chem-R-8B,functional_group,24,alkyl fluoride,amine,0.417292,0,0
weidawang-Chem-R-8B,functional_group,24,alkyl fluoride,carboxylic acid,0.327893,0,0
weidawang-Chem-R-8B,functional_group,24,alkyl fluoride,ester,0.328601,0,0
weidawang-Chem-R-8B,functional_group,24,alkyl fluoride,ether,0.534649,0,0
weidawang-Chem-R-8B,functional_group,24,alkyl fluoride,imine,0.328587,0,0
weidawang-Chem-R-8B,functional_group,24,alkyl fluoride,ketone,0.22556,0,0
weidawang-Chem-R-8B,functional_group,24,alkyl fluoride,nitrile,0.390944,0,0
weidawang-Chem-R-8B,functional_group,24,alkyl fluoride,nitro,0.464979,0,0
weidawang-Chem-R-8B,functional_group,24,alkyl fluoride,sulfone,0.382149,0,0
weidawang-Chem-R-8B,functional_group,24,alkyl fluoride,sulfoxide,0.412516,0,0
weidawang-Chem-R-8B,functional_group,24,alkyl fluoride,thioether,0.566811,0,0
weidawang-Chem-R-8B,functional_group,24,alkyl fluoride,thiol,0.45412,0,0
weidawang-Chem-R-8B,functional_group,24,alkyl iodide,amide,0.301136,0,0
weidawang-Chem-R-8B,functional_group,24,alkyl iodide,amine,0.397117,0,0
weidawang-Chem-R-8B,functional_group,24,alkyl iodide,carboxylic acid,0.319709,0,0
weidawang-Chem-R-8B,functional_group,24,alkyl iodide,ester,0.297483,0,0
weidawang-Chem-R-8B,functional_group,24,alkyl iodide,ether,0.440537,0,0
weidawang-Chem-R-8B,functional_group,24,alkyl iodide,imine,0.383493,0,0
weidawang-Chem-R-8B,functional_group,24,alkyl iodide,ketone,0.228703,0,0
weidawang-Chem-R-8B,functional_group,24,alkyl iodide,nitrile,0.426789,0,0
weidawang-Chem-R-8B,functional_group,24,alkyl iodide,nitro,0.511505,0,0
weidawang-Chem-R-8B,functional_group,24,alkyl iodide,sulfone,0.367305,0,0
weidawang-Chem-R-8B,functional_group,24,alkyl iodide,sulfoxide,0.412425,0,0
weidawang-Chem-R-8B,functional_group,24,alkyl iodide,thioether,0.557732,0,0
weidawang-Chem-R-8B,functional_group,24,alkyl iodide,thiol,0.493645,0,0
weidawang-Chem-R-8B,functional_group,24,amide,amine,0.622185,1,0
weidawang-Chem-R-8B,functional_group,24,amide,carboxylic acid,0.716318,0,1
weidawang-Chem-R-8B,functional_group,24,amide,ester,0.640914,0,1
weidawang-Chem-R-8B,functional_group,24,amide,ether,0.37519,0,0
weidawang-Chem-R-8B,functional_group,24,amide,imine,0.609161,1,0
weidawang-Chem-R-8B,functional_group,24,amide,ketone,0.648725,0,1
weidawang-Chem-R-8B,functional_group,24,amide,nitrile,0.531762,1,0
weidawang-Chem-R-8B,functional_group,24,amide,nitro,0.477496,1,0
weidawang-Chem-R-8B,functional_group,24,amide,sulfone,0.436666,0,0
weidawang-Chem-R-8B,functional_group,24,amide,sulfoxide,0.48456,0,0
weidawang-Chem-R-8B,functional_group,24,amide,thioether,0.393354,0,0
weidawang-Chem-R-8B,functional_group,24,amide,thiol,0.438919,0,0
weidawang-Chem-R-8B,functional_group,24,amine,carboxylic acid,0.408931,0,0
weidawang-Chem-R-8B,functional_group,24,amine,ester,0.32272,0,0
weidawang-Chem-R-8B,functional_group,24,amine,ether,0.430923,0,0
weidawang-Chem-R-8B,functional_group,24,amine,imine,0.58279,1,1
weidawang-Chem-R-8B,functional_group,24,amine,ketone,0.42066,0,0
weidawang-Chem-R-8B,functional_group,24,amine,nitrile,0.492232,1,1
weidawang-Chem-R-8B,functional_group,24,amine,nitro,0.477154,1,1
weidawang-Chem-R-8B,functional_group,24,amine,sulfone,0.359801,0,0
weidawang-Chem-R-8B,functional_group,24,amine,sulfoxide,0.413827,0,0
weidawang-Chem-R-8B,functional_group,24,amine,thioether,0.432612,0,0
weidawang-Chem-R-8B,functional_group,24,amine,thiol,0.588448,0,0
weidawang-Chem-R-8B,functional_group,24,carboxylic acid,ester,0.733646,1,1
weidawang-Chem-R-8B,functional_group,24,carboxylic acid,ether,0.348082,1,0
weidawang-Chem-R-8B,functional_group,24,carboxylic acid,imine,0.403282,0,0
weidawang-Chem-R-8B,functional_group,24,carboxylic acid,ketone,0.642975,1,1
weidawang-Chem-R-8B,functional_group,24,carboxylic acid,nitrile,0.442298,0,0
weidawang-Chem-R-8B,functional_group,24,carboxylic acid,nitro,0.438857,0,0
weidawang-Chem-R-8B,functional_group,24,carboxylic acid,sulfone,0.47058,0,0
weidawang-Chem-R-8B,functional_group,24,carboxylic acid,sulfoxide,0.456633,0,0
weidawang-Chem-R-8B,functional_group,24,carboxylic acid,thioether,0.352576,0,0
weidawang-Chem-R-8B,functional_group,24,carboxylic acid,thiol,0.444425,0,0
weidawang-Chem-R-8B,functional_group,24,ester,ether,0.593325,1,0
weidawang-Chem-R-8B,functional_group,24,ester,imine,0.389106,0,0
weidawang-Chem-R-8B,functional_group,24,ester,ketone,0.674932,1,1
weidawang-Chem-R-8B,functional_group,24,ester,nitrile,0.431947,0,0
weidawang-Chem-R-8B,functional_group,24,ester,nitro,0.434387,0,0
weidawang-Chem-R-8B,functional_group,24,ester,sulfone,0.552184,0,0
weidawang-Chem-R-8B,functional_group,24,ester,sulfoxide,0.540621,0,0
weidawang-Chem-R-8B,functional_group,24,ester,thioether,0.444753,0,0
weidawang-Chem-R-8B,functional_group,24,ester,thiol,0.354749,0,0
weidawang-Chem-R-8B,functional_group,24,ether,imine,0.367998,0,0
weidawang-Chem-R-8B,functional_group,24,ether,ketone,0.348062,1,0
weidawang-Chem-R-8B,functional_group,24,ether,nitrile,0.365653,0,0
weidawang-Chem-R-8B,functional_group,24,ether,nitro,0.466489,0,0
weidawang-Chem-R-8B,functional_group,24,ether,sulfone,0.499751,0,0
weidawang-Chem-R-8B,functional_group,24,ether,sulfoxide,0.553319,0,0
weidawang-Chem-R-8B,functional_group,24,ether,thioether,0.616949,0,1
weidawang-Chem-R-8B,functional_group,24,ether,thiol,0.404529,0,1
weidawang-Chem-R-8B,functional_group,24,imine,ketone,0.504689,0,0
weidawang-Chem-R-8B,functional_group,24,imine,nitrile,0.593273,1,1
weidawang-Chem-R-8B,functional_group,24,imine,nitro,0.434893,1,1
weidawang-Chem-R-8B,functional_group,24,imine,sulfone,0.338893,0,0
weidawang-Chem-R-8B,functional_group,24,imine,sulfoxide,0.472084,0,0
weidawang-Chem-R-8B,functional_group,24,imine,thioether,0.391719,0,0
weidawang-Chem-R-8B,functional_group,24,imine,thiol,0.407414,0,0
weidawang-Chem-R-8B,functional_group,24,ketone,nitrile,0.41822,0,0
weidawang-Chem-R-8B,functional_group,24,ketone,nitro,0.388752,0,0
weidawang-Chem-R-8B,functional_group,24,ketone,sulfone,0.450935,0,0
weidawang-Chem-R-8B,functional_group,24,ketone,sulfoxide,0.53815,0,0
weidawang-Chem-R-8B,functional_group,24,ketone,thioether,0.32919,0,0
weidawang-Chem-R-8B,functional_group,24,ketone,thiol,0.424319,0,0
weidawang-Chem-R-8B,functional_group,24,nitrile,nitro,0.477488,1,1
weidawang-Chem-R-8B,functional_group,24,nitrile,sulfone,0.379831,0,0
weidawang-Chem-R-8B,functional_group,24,nitrile,sulfoxide,0.395278,0,0
weidawang-Chem-R-8B,functional_group,24,nitrile,thioether,0.410273,0,0
weidawang-Chem-R-8B,functional_group,24,nitrile,thiol,0.406746,0,0
weidawang-Chem-R-8B,functional_group,24,nitro,sulfone,0.552219,0,0
weidawang-Chem-R-8B,functional_group,24,nitro,sulfoxide,0.526733,0,0
weidawang-Chem-R-8B,functional_group,24,nitro,thioether,0.425186,0,0
weidawang-Chem-R-8B,functional_group,24,nitro,thiol,0.402674,0,0
weidawang-Chem-R-8B,functional_group,24,sulfone,sulfoxide,0.793741,1,1
weidawang-Chem-R-8B,functional_group,24,sulfone,thioether,0.592613,1,0
weidawang-Chem-R-8B,functional_group,24,sulfone,thiol,0.522276,1,0
weidawang-Chem-R-8B,functional_group,24,sulfoxide,thioether,0.693095,1,0
weidawang-Chem-R-8B,functional_group,24,sulfoxide,thiol,0.633625,1,0
weidawang-Chem-R-8B,functional_group,24,thioether,thiol,0.758105,1,1
weidawang-Chem-R-8B,functional_group,31,alcohol,aldehyde,0.512158,1,0
weidawang-Chem-R-8B,functional_group,31,alcohol,alkyl bromide,0.319922,0,0
weidawang-Chem-R-8B,functional_group,31,alcohol,alkyl chloride,0.337816,0,0
weidawang-Chem-R-8B,functional_group,31,alcohol,alkyl fluoride,0.325297,0,0
weidawang-Chem-R-8B,functional_group,31,alcohol,alkyl iodide,0.278192,0,0
weidawang-Chem-R-8B,functional_group,31,alcohol,amide,0.375326,0,0
weidawang-Chem-R-8B,functional_group,31,alcohol,amine,0.559342,0,0
weidawang-Chem-R-8B,functional_group,31,alcohol,carboxylic acid,0.47587,1,0
weidawang-Chem-R-8B,functional_group,31,alcohol,ester,0.373405,1,0
weidawang-Chem-R-8B,functional_group,31,alcohol,ether,0.473512,1,1
weidawang-Chem-R-8B,functional_group,31,alcohol,imine,0.311896,0,0
weidawang-Chem-R-8B,functional_group,31,alcohol,ketone,0.361471,1,0
weidawang-Chem-R-8B,functional_group,31,alcohol,nitrile,0.301955,0,0
weidawang-Chem-R-8B,functional_group,31,alcohol,nitro,0.385286,0,0
weidawang-Chem-R-8B,functional_group,31,alcohol,sulfone,0.333165,0,0
weidawang-Chem-R-8B,functional_group,31,alcohol,sulfoxide,0.415255,0,0
weidawang-Chem-R-8B,functional_group,31,alcohol,thioether,0.302954,0,1
weidawang-Chem-R-8B,functional_group,31,alcohol,thiol,0.490627,0,1
weidawang-Chem-R-8B,functional_group,31,aldehyde,alkyl bromide,0.307706,0,0
weidawang-Chem-R-8B,functional_group,31,aldehyde,alkyl chloride,0.285245,0,0
weidawang-Chem-R-8B,functional_group,31,aldehyde,alkyl fluoride,0.280742,0,0
weidawang-Chem-R-8B,functional_group,31,aldehyde,alkyl iodide,0.294198,0,0
weidawang-Chem-R-8B,functional_group,31,aldehyde,amide,0.566759,0,1
weidawang-Chem-R-8B,functional_group,31,aldehyde,amine,0.445331,0,0
weidawang-Chem-R-8B,functional_group,31,aldehyde,carboxylic acid,0.597311,1,1
weidawang-Chem-R-8B,functional_group,31,aldehyde,ester,0.440931,1,1
weidawang-Chem-R-8B,functional_group,31,aldehyde,ether,0.365636,1,0
weidawang-Chem-R-8B,functional_group,31,aldehyde,imine,0.51975,0,0
weidawang-Chem-R-8B,functional_group,31,aldehyde,ketone,0.520546,1,1
weidawang-Chem-R-8B,functional_group,31,aldehyde,nitrile,0.410708,0,0
weidawang-Chem-R-8B,functional_group,31,aldehyde,nitro,0.390139,0,0
weidawang-Chem-R-8B,functional_group,31,aldehyde,sulfone,0.330941,0,0
weidawang-Chem-R-8B,functional_group,31,aldehyde,sulfoxide,0.416807,0,0
weidawang-Chem-R-8B,functional_group,31,aldehyde,thioether,0.297151,0,0
weidawang-Chem-R-8B,functional_group,31,aldehyde,thiol,0.376525,0,0
weidawang-Chem-R-8B,functional_group,31,alkyl bromide,alkyl chloride,0.711829,1,1
weidawang-Chem-R-8B,functional_group,31,alkyl bromide,alkyl fluoride,0.62567,1,1
weidawang-Chem-R-8B,functional_group,31,alkyl bromide,alkyl iodide,0.665301,1,1
weidawang-Chem-R-8B,functional_group,31,alkyl bromide,amide,0.321755,0,0
weidawang-Chem-R-8B,functional_group,31,alkyl bromide,amine,0.407188,0,0
weidawang-Chem-R-8B,functional_group,31,alkyl bromide,carboxylic acid,0.255031,0,0
weidawang-Chem-R-8B,functional_group,31,alkyl bromide,ester,0.345825,0,0
weidawang-Chem-R-8B,functional_group,31,alkyl bromide,ether,0.44568,0,0
weidawang-Chem-R-8B,functional_group,31,alkyl bromide,imine,0.343949,0,0
weidawang-Chem-R-8B,functional_group,31,alkyl bromide,ketone,0.287364,0,0
weidawang-Chem-R-8B,functional_group,31,alkyl bromide,nitrile,0.443115,0,0
weidawang-Chem-R-8B,functional_group,31,alkyl bromide,nitro,0.460035,0,0
weidawang-Chem-R-8B,functional_group,31,alkyl bromide,sulfone,0.294977,0,0
weidawang-Chem-R-8B,functional_group,31,alkyl bromide,sulfoxide,0.303532,0,0
weidawang-Chem-R-8B,functional_group,31,alkyl bromide,thioether,0.504363,0,0
weidawang-Chem-R-8B,functional_group,31,alkyl bromide,thiol,0.433507,0,0
weidawang-Chem-R-8B,functional_group,31,alkyl chloride,alkyl fluoride,0.661559,1,1
weidawang-Chem-R-8B,functional_group,31,alkyl chloride,alkyl iodide,0.650774,1,1
weidawang-Chem-R-8B,functional_group,31,alkyl chloride,amide,0.297886,0,0
weidawang-Chem-R-8B,functional_group,31,alkyl chloride,amine,0.420361,0,0
weidawang-Chem-R-8B,functional_group,31,alkyl chloride,carboxylic acid,0.265275,0,0
weidawang-Chem-R-8B,functional_group,31,alkyl chloride,ester,0.313185,0,0
weidawang-Chem-R-8B,functional_group,31,alkyl chloride,ether,0.427477,0,0
weidawang-Chem-R-8B,functional_group,31,alkyl chloride,imine,0.328074,0,0
weidawang-Chem-R-8B,functional_group,31,alkyl chloride,ketone,0.265898,0,0
weidawang-Chem-R-8B,functional_group,31,alkyl chloride,nitrile,0.423719,0,0
weidawang-Chem-R-8B,functional_group,31,alkyl chloride,nitro,0.419574,0,0
weidawang-Chem-R-8B,functional_group,31,alkyl chloride,sulfone,0.279047,0,0
weidawang-Chem-R-8B,functional_group,31,alkyl chloride,sulfoxide,0.287374,0,0
weidawang-Chem-R-8B,functional_group,31,alkyl chloride,thioether,0.492208,0,0
weidawang-Chem-R-8B,functional_group,31,alkyl chloride,thiol,0.430921,0,0
weidawang-Chem-R-8B,functional_group,31,alkyl fluoride,alkyl iodide,0.61148,1,1
weidawang-Chem-R-8B,functional_group,31,alkyl fluoride,amide,0.293815,0,0
weidawang-Chem-R-8B,functional_group,31,alkyl fluoride,amine,0.399014,0,0
weidawang-Chem-R-8B,functional_group,31,alkyl fluoride,carboxylic acid,0.26583,0,0
weidawang-Chem-R-8B,functional_group,31,alkyl fluoride,ester,0.2993,0,0
weidawang-Chem-R-8B,functional_group,31,alkyl fluoride,ether,0.456766,0,0
weidawang-Chem-R-8B,functional_group,31,alkyl fluoride,imine,0.313991,0,0
weidawang-Chem-R-8B,functional_group,31,alkyl fluoride,ketone,0.251544,0,0
weidawang-Chem-R-8B,functional_group,31,alkyl fluoride,nitrile,0.412159,0,0
weidawang-Chem-R-8B,functional_group,31,alkyl fluoride,nitro,0.396124,0,0
weidawang-Chem-R-8B,functional_group,31,alkyl fluoride,sulfone,0.26899,0,0
weidawang-Chem-R-8B,functional_group,31,alkyl fluoride,sulfoxide,0.283193,0,0
weidawang-Chem-R-8B,functional_group,31,alkyl fluoride,thioether,0.466647,0,0
weidawang-Chem-R-8B,functional_group,31,alkyl fluoride,thiol,0.383611,0,0
weidawang-Chem-R-8B,functional_group,31,alkyl iodide,amide,0.309649,0,0
weidawang-Chem-R-8B,functional_group,31,alkyl iodide,amine,0.387126,0,0
weidawang-Chem-R-8B,functional_group,31,alkyl iodide,carboxylic acid,0.226556,0,0
weidawang-Chem-R-8B,functional_group,31,alkyl iodide,ester,0.28368,0,0
weidawang-Chem-R-8B,functional_group,31,alkyl iodide,ether,0.382263,0,0
weidawang-Chem-R-8B,functional_group,31,alkyl iodide,imine,0.408635,0,0
weidawang-Chem-R-8B,functional_group,31,alkyl iodide,ketone,0.244788,0,0
weidawang-Chem-R-8B,functional_group,31,alkyl iodide,nitrile,0.40636,0,0
weidawang-Chem-R-8B,functional_group,31,alkyl iodide,nitro,0.40606,0,0
weidawang-Chem-R-8B,functional_group,31,alkyl iodide,sulfone,0.25493,0,0
weidawang-Chem-R-8B,functional_group,31,alkyl iodide,sulfoxide,0.280412,0,0
weidawang-Chem-R-8B,functional_group,31,alkyl iodide,thioether,0.451126,0,0
weidawang-Chem-R-8B,functional_group,31,alkyl iodide,thiol,0.398127,0,0
weidawang-Chem-R-8B,functional_group,31,amide,amine,0.603904,1,0
weidawang-Chem-R-8B,functional_group,31,amide,carboxylic acid,0.613758,0,1
weidawang-Chem-R-8B,functional_group,31,amide,ester,0.53794,0,1
weidawang-Chem-R-8B,functional_group,31,amide,ether,0.372578,0,0
weidawang-Chem-R-8B,functional_group,31,amide,imine,0.535574,1,0
weidawang-Chem-R-8B,functional_group,31,amide,ketone,0.550586,0,1
weidawang-Chem-R-8B,functional_group,31,amide,nitrile,0.484194,1,0
weidawang-Chem-R-8B,functional_group,31,amide,nitro,0.438401,1,0
weidawang-Chem-R-8B,functional_group,31,amide,sulfone,0.328612,0,0
weidawang-Chem-R-8B,functional_group,31,amide,sulfoxide,0.379514,0,0
weidawang-Chem-R-8B,functional_group,31,amide,thioether,0.33909,0,0
weidawang-Chem-R-8B,functional_group,31,amide,thiol,0.372353,0,0
weidawang-Chem-R-8B,functional_group,31,amine,carboxylic acid,0.365184,0,0
weidawang-Chem-R-8B,functional_group,31,amine,ester,0.352228,0,0
weidawang-Chem-R-8B,functional_group,31,amine,ether,0.438641,0,0
weidawang-Chem-R-8B,functional_group,31,amine,imine,0.534312,1,1
weidawang-Chem-R-8B,functional_group,31,amine,ketone,0.398589,0,0
weidawang-Chem-R-8B,functional_group,31,amine,nitrile,0.504162,1,1
weidawang-Chem-R-8B,functional_group,31,amine,nitro,0.493258,1,1
weidawang-Chem-R-8B,functional_group,31,amine,sulfone,0.328918,0,0
weidawang-Chem-R-8B,functional_group,31,amine,sulfoxide,0.348098,0,0
weidawang-Chem-R-8B,functional_group,31,amine,thioether,0.391336,0,0
weidawang-Chem-R-8B,functional_group,31,amine,thiol,0.498832,0,0
weidawang-Chem-R-8B,functional_group,31,carboxylic acid,ester,0.596829,1,1
weidawang-Chem-R-8B,functional_group,31,carboxylic acid,ether,0.317581,1,0
weidawang-Chem-R-8B,functional_group,31,carboxylic acid,imine,0.350762,0,0
weidawang-Chem-R-8B,functional_group,31,carboxylic acid,ketone,0.542601,1,1
weidawang-Chem-R-8B,functional_group,31,carboxylic acid,nitrile,0.335874,0,0
weidawang-Chem-R-8B,functional_group,31,carboxylic acid,nitro,0.345158,0,0
weidawang-Chem-R-8B,functional_group,31,carboxylic acid,sulfone,0.370131,0,0
weidawang-Chem-R-8B,functional_group,31,carboxylic acid,sulfoxide,0.390773,0,0
weidawang-Chem-R-8B,functional_group,31,carboxylic acid,thioether,0.295584,0,0
weidawang-Chem-R-8B,functional_group,31,carboxylic acid,thiol,0.374001,0,0
weidawang-Chem-R-8B,functional_group,31,ester,ether,0.593339,1,0
weidawang-Chem-R-8B,functional_group,31,ester,imine,0.388331,0,0
weidawang-Chem-R-8B,functional_group,31,ester,ketone,0.610833,1,1
weidawang-Chem-R-8B,functional_group,31,ester,nitrile,0.39821,0,0
weidawang-Chem-R-8B,functional_group,31,ester,nitro,0.403182,0,0
weidawang-Chem-R-8B,functional_group,31,ester,sulfone,0.404866,0,0
weidawang-Chem-R-8B,functional_group,31,ester,sulfoxide,0.4181,0,0
weidawang-Chem-R-8B,functional_group,31,ester,thioether,0.427014,0,0
weidawang-Chem-R-8B,functional_group,31,ester,thiol,0.312474,0,0
weidawang-Chem-R-8B,functional_group,31,ether,imine,0.399382,0,0
weidawang-Chem-R-8B,functional_group,31,ether,ketone,0.382141,1,0
weidawang-Chem-R-8B,functional_group,31,ether,nitrile,0.397753,0,0
weidawang-Chem-R-8B,functional_group,31,ether,nitro,0.421911,0,0
weidawang-Chem-R-8B,functional_group,31,ether,sulfone,0.378248,0,0
weidawang-Chem-R-8B,functional_group,31,ether,sulfoxide,0.434812,0,0
weidawang-Chem-R-8B,functional_group,31,ether,thioether,0.511051,0,1
weidawang-Chem-R-8B,functional_group,31,ether,thiol,0.34268,0,1
weidawang-Chem-R-8B,functional_group,31,imine,ketone,0.451405,0,0
weidawang-Chem-R-8B,functional_group,31,imine,nitrile,0.505543,1,1
weidawang-Chem-R-8B,functional_group,31,imine,nitro,0.417063,1,1
weidawang-Chem-R-8B,functional_group,31,imine,sulfone,0.2939,0,0
weidawang-Chem-R-8B,functional_group,31,imine,sulfoxide,0.382183,0,0
weidawang-Chem-R-8B,functional_group,31,imine,thioether,0.332717,0,0
weidawang-Chem-R-8B,functional_group,31,imine,thiol,0.324789,0,0
weidawang-Chem-R-8B,functional_group,31,ketone,nitrile,0.390199,0,0
weidawang-Chem-R-8B,functional_group,31,ketone,nitro,0.360209,0,0
weidawang-Chem-R-8B,functional_group,31,ketone,sulfone,0.388673,0,0
weidawang-Chem-R-8B,functional_group,31,ketone,sulfoxide,0.441533,0,0
weidawang-Chem-R-8B,functional_group,31,ketone,thioether,0.337537,0,0
weidawang-Chem-R-8B,functional_group,31,ketone,thiol,0.366818,0,0
weidawang-Chem-R-8B,functional_group,31,nitrile,nitro,0.517064,1,1
weidawang-Chem-R-8B,functional_group,31,nitrile,sulfone,0.299821,0,0
weidawang-Chem-R-8B,functional_group,31,nitrile,sulfoxide,0.287048,0,0
weidawang-Chem-R-8B,functional_group,31,nitrile,thioether,0.370485,0,0
weidawang-Chem-R-8B,functional_group,31,nitrile,thiol,0.346135,0,0
weidawang-Chem-R-8B,functional_group,31,nitro,sulfone,0.370699,0,0
weidawang-Chem-R-8B,functional_group,31,nitro,sulfoxide,0.383171,0,0
weidawang-Chem-R-8B,functional_group,31,nitro,thioether,0.365294,0,0
weidawang-Chem-R-8B,functional_group,31,nitro,thiol,0.328755,0,0
weidawang-Chem-R-8B,functional_group,31,sulfone,sulfoxide,0.766204,1,1
weidawang-Chem-R-8B,functional_group,31,sulfone,thioether,0.507571,1,0
weidawang-Chem-R-8B,functional_group,31,sulfone,thiol,0.48947,1,0
weidawang-Chem-R-8B,functional_group,31,sulfoxide,thioether,0.548778,1,0
weidawang-Chem-R-8B,functional_group,31,sulfoxide,thiol,0.549166,1,0
weidawang-Chem-R-8B,functional_group,31,thioether,thiol,0.673876,1,1
OpenDFM-ChemDFM-v1.5-8B,functional_group,0,alcohol,aldehyde,0.37685,1,0
OpenDFM-ChemDFM-v1.5-8B,functional_group,0,alcohol,alkyl bromide,0.581223,0,0
OpenDFM-ChemDFM-v1.5-8B,functional_group,0,alcohol,alkyl chloride,0.546778,0,0
OpenDFM-ChemDFM-v1.5-8B,functional_group,0,alcohol,alkyl fluoride,0.666908,0,0
OpenDFM-ChemDFM-v1.5-8B,functional_group,0,alcohol,alkyl iodide,0.590916,0,0
OpenDFM-ChemDFM-v1.5-8B,functional_group,0,alcohol,amide,0.241484,0,0
OpenDFM-ChemDFM-v1.5-8B,functional_group,0,alcohol,amine,0.934584,0,0
OpenDFM-ChemDFM-v1.5-8B,functional_group,0,alcohol,carboxylic acid,0.314815,1,0
OpenDFM-ChemDFM-v1.5-8B,functional_group,0,alcohol,ester,0.654052,1,0
OpenDFM-ChemDFM-v1.5-8B,functional_group,0,alcohol,ether,0.634712,1,1
OpenDFM-ChemDFM-v1.5-8B,functional_group,0,alcohol,imine,0.57465,0,0
OpenDFM-ChemDFM-v1.5-8B,functional_group,0,alcohol,ketone,0.763121,1,0
OpenDFM-ChemDFM-v1.5-8B,functional_group,0,alcohol,nitrile,0.177054,0,0
OpenDFM-ChemDFM-v1.5-8B,functional_group,0,alcohol,nitro,-0.090491,0,0
OpenDFM-ChemDFM-v1.5-8B,functional_group,0,alcohol,sulfone,0.6734,0,0
OpenDFM-ChemDFM-v1.5-8B,functional_group,0,alcohol,sulfoxide,0.65518,0,0
OpenDFM-ChemDFM-v1.5-8B,functional_group,0,alcohol,thioether,0.654143,0,1
OpenDFM-ChemDFM-v1.5-8B,functional_group,0,alcohol,thiol,0.886302,0,1
OpenDFM-ChemDFM-v1.5-8B,functional_group,0,aldehyde,alkyl bromide,0.32287,0,0
OpenDFM-ChemDFM-v1.5-8B,functional_group,0,aldehyde,alkyl chloride,0.276143,0,0
OpenDFM-ChemDFM-v1.5-8B,functional_group,0,aldehyde,alkyl fluoride,0.433708,0,0
OpenDFM-ChemDFM-v1.5-8B,functional_group,0,aldehyde,alkyl iodide,0.253285,0,0
OpenDFM-ChemDFM-v1.5-8B,functional_group,0,aldehyde,amide,0.637507,0,1
OpenDFM-ChemDFM-v1.5-8B,functional_group,0,aldehyde,amine,0.371562,0,0
OpenDFM-ChemDFM-v1.5-8B,functional_group,0,aldehyde,carboxylic acid,0.595939,1,1
OpenDFM-ChemDFM-v1.5-8B,functional_group,0,aldehyde,ester,0.257876,1,1
OpenDFM-ChemDFM-v1.5-8B,functional_group,0,aldehyde,ether,0.128125,1,0
OpenDFM-ChemDFM-v1.5-8B,functional_group,0,aldehyde,imine,0.554697,0,0
OpenDFM-ChemDFM-v1.5-8B,functional_group,0,aldehyde,ketone,0.361794,1,1
OpenDFM-ChemDFM-v1.5-8B,functional_group,0,aldehyde,nitrile,0.358838,0,0
OpenDFM-ChemDFM-v1.5-8B,functional_group,0,aldehyde,nitro,0.362154,0,0
OpenDFM-ChemDFM-v1.5-8B,functional_group,0,aldehyde,sulfone,0.463211,0,0
OpenDFM-ChemDFM-v1.5-8B,functional_group,0,aldehyde,sulfoxide,0.246479,0,0
OpenDFM-ChemDFM-v1.5-8B,functional_group,0,aldehyde,thioether,0.103433,0,0
OpenDFM-ChemDFM-v1.5-8B,functional_group,0,aldehyde,thiol,0.355033,0,0
OpenDFM-ChemDFM-v1.5-8B,functional_group,0,alkyl bromide,alkyl chloride,0.848799,1,1
OpenDFM-ChemDFM-v1.5-8B,functional_group,0,alkyl bromide,alkyl fluoride,0.812444,1,1
OpenDFM-ChemDFM-v1.5-8B,functional_group,0,alkyl bromide,alkyl iodide,0.814733,1,1
OpenDFM-ChemDFM-v1.5-8B,functional_group,0,alkyl bromide,amide,0.163125,0,0
OpenDFM-ChemDFM-v1.5-8B,functional_group,0,alkyl bromide,amine,0.525378,0,0
OpenDFM-ChemDFM-v1.5-8B,functional_group,0,alkyl bromide,carboxylic acid,0.210074,0,0
OpenDFM-ChemDFM-v1.5-8B,functional_group,0,alkyl bromide,ester,0.528656,0,0
OpenDFM-ChemDFM-v1.5-8B,functional_group,0,alkyl bromide,ether,0.766291,0,0
OpenDFM-ChemDFM-v1.5-8B,functional_group,0,alkyl bromide,imine,0.437091,0,0
OpenDFM-ChemDFM-v1.5-8B,functional_group,0,alkyl bromide,ketone,0.516986,0,0
OpenDFM-ChemDFM-v1.5-8B,functional_group,0,alkyl bromide,nitrile,0.200171,0,0
OpenDFM-ChemDFM-v1.5-8B,functional_group,0,alkyl bromide,nitro,-0.134977,0,0
OpenDFM-ChemDFM-v1.5-8B,functional_group,0,alkyl bromide,sulfone,0.529019,0,0
OpenDFM-ChemDFM-v1.5-8B,functional_group,0,alkyl bromide,sulfoxide,0.525344,0,0
OpenDFM-ChemDFM-v1.5-8B,functional_group,0,alkyl bromide,thioether,0.621548,0,0
OpenDFM-ChemDFM-v1.5-8B,functional_group,0,alkyl bromide,thiol,0.601614,0,0
OpenDFM-ChemDFM-v1.5-8B,functional_group,0,alkyl chloride,alkyl fluoride,0.727588,1,1
OpenDFM-ChemDFM-v1.5-8B,functional_group,0,alkyl chloride,alkyl iodide,0.804281,1,1
OpenDFM-ChemDFM-v1.5-8B,functional_group,0,alkyl chloride,amide,0.197926,0,0
OpenDFM-ChemDFM-v1.5-8B,functional_group,0,alkyl chloride,amine,0.46964,0,0
OpenDFM-ChemDFM-v1.5-8B,functional_group,0,alkyl chloride,carboxylic acid,0.257097,0,0
OpenDFM-ChemDFM-v1.5-8B,functional_group,0,alkyl chloride,ester,0.579509,0,0
OpenDFM-ChemDFM-v1.5-8B,functional_group,0,alkyl chloride,ether,0.735016,0,0
OpenDFM-ChemDFM-v1.5-8B,functional_group,0,alkyl chloride,imine,0.404305,0,0
OpenDFM-ChemDFM-v1.5-8B,functional_group,0,alkyl chloride,ketone,0.544118,0,0
OpenDFM-ChemDFM-v1.5-8B,functional_group,0,alkyl chloride,nitrile,0.13219,0,0
OpenDFM-ChemDFM-v1.5-8B,functional_group,0,alkyl chloride,nitro,-0.329664,0,0
OpenDFM-ChemDFM-v1.5-8B,functional_group,0,alkyl chloride,sulfone,0.592152,0,0
OpenDFM-ChemDFM-v1.5-8B,functional_group,0,alkyl chloride,sulfoxide,0.58466,0,0
OpenDFM-ChemDFM-v1.5-8B,functional_group,0,alkyl chloride,thioether,0.68898,0,0
OpenDFM-ChemDFM-v1.5-8B,functional_group,0,alkyl chloride,thiol,0.575175,0,0
OpenDFM-ChemDFM-v1.5-8B,functional_group,0,alkyl fluoride,alkyl iodide,0.696822,1,1
OpenDFM-ChemDFM-v1.5-8B,functional_group,0,alkyl fluoride,amide,0.23364,0,0
OpenDFM-ChemDFM-v1.5-8B,functional_group,0,alkyl fluoride,amine,0.631582,0,0
OpenDFM-ChemDFM-v1.5-8B,functional_group,0,alkyl fluoride,carboxylic acid,0.260301,0,0
OpenDFM-ChemDFM-v1.5-8B,functional_group,0,alkyl fluoride,ester,0.398551,0,0
OpenDFM-ChemDFM-v1.5-8B,functional_group,0,alkyl fluoride,ether,0.60831,0,0
OpenDFM-ChemDFM-v1.5-8B,functional_group,0,alkyl fluoride,imine,0.559329,0,0
OpenDFM-ChemDFM-v1.5-8B,functional_group,0,alkyl fluoride,ketone,0.467416,0,0
OpenDFM-ChemDFM-v1.5-8B,functional_group,0,alkyl fluoride,nitrile,0.32996,0,0
OpenDFM-ChemDFM-v1.5-8B,functional_group,0,alkyl fluoride,nitro,0.118399,0,0
OpenDFM-ChemDFM-v1.5-8B,functional_group,0,alkyl fluoride,sulfone,0.442272,0,0
OpenDFM-ChemDFM-v1.5-8B,functional_group,0,alkyl fluoride,sulfoxide,0.398258,0,0
OpenDFM-ChemDFM-v1.5-8B,functional_group,0,alkyl fluoride,thioether,0.458586,0,0
OpenDFM-ChemDFM-v1.5-8B,functional_group,0,alkyl fluoride,thiol,0.576783,0,0
OpenDFM-ChemDFM-v1.5-8B,functional_group,0,alkyl iodide,amide,0.096742,0,0
OpenDFM-ChemDFM-v1.5-8B,functional_group,0,alkyl iodide,amine,0.530078,0,0
OpenDFM-ChemDFM-v1.5-8B,functional_group,0,alkyl iodide,carboxylic acid,0.145103,0,0
OpenDFM-ChemDFM-v1.5-8B,functional_group,0,alkyl iodide,ester,0.570788,0,0
OpenDFM-ChemDFM-v1.5-8B,functional_group,0,alkyl iodide,ether,0.814757,0,0
OpenDFM-ChemDFM-v1.5-8B,functional_group,0,alkyl iodide,imine,0.309576,0,0
OpenDFM-ChemDFM-v1.5-8B,functional_group,0,alkyl iodide,ketone,0.559187,0,0
OpenDFM-ChemDFM-v1.5-8B,functional_group,0,alkyl iodide,nitrile,0.088028,0,0
OpenDFM-ChemDFM-v1.5-8B,functional_group,0,alkyl iodide,nitro,-0.376472,0,0
OpenDFM-ChemDFM-v1.5-8B,functional_group,0,alkyl iodide,sulfone,0.540059,0,0
OpenDFM-ChemDFM-v1.5-8B,functional_group,0,alkyl iodide,sulfoxide,0.569971,0,0
OpenDFM-ChemDFM-v1.5-8B,functional_group,0,alkyl iodide,thioether,0.706595,0,0
OpenDFM-ChemDFM-v1.5-8B,functional_group,0,alkyl iodide,thiol,0.625633,0,0
OpenDFM-ChemDFM-v1.5-8B,functional_group,0,amide,amine,0.276082,1,0
OpenDFM-ChemDFM-v1.5-8B,functional_group,0,amide,carboxylic acid,0.948302,0,1
OpenDFM-ChemDFM-v1.5-8B,functional_group,0,amide,ester,0.293669,0,1
OpenDFM-ChemDFM-v1.5-8B,functional_group,0,amide,ether,0.013853,0,0
OpenDFM-ChemDFM-v1.5-8B,functional_group,0,amide,imine,0.526685,1,0
OpenDFM-ChemDFM-v1.5-8B,functional_group,0,amide,ketone,0.335486,0,1
OpenDFM-ChemDFM-v1.5-8B,functional_group,0,amide,nitrile,0.24669,1,0
OpenDFM-ChemDFM-v1.5-8B,functional_group,0,amide,nitro,0.385714,1,0
OpenDFM-ChemDFM-v1.5-8B,functional_group,0,amide,sulfone,0.474122,0,0
OpenDFM-ChemDFM-v1.5-8B,functional_group,0,amide,sulfoxide,0.304384,0,0
OpenDFM-ChemDFM-v1.5-8B,functional_group,0,amide,thioether,0.115828,0,0
OpenDFM-ChemDFM-v1.5-8B,functional_group,0,amide,thiol,0.273058,0,0
OpenDFM-ChemDFM-v1.5-8B,functional_group,0,amine,carboxylic acid,0.28264,0,0
OpenDFM-ChemDFM-v1.5-8B,functional_group,0,amine,ester,0.584295,0,0
OpenDFM-ChemDFM-v1.5-8B,functional_group,0,amine,ether,0.558246,0,0
OpenDFM-ChemDFM-v1.5-8B,functional_group,0,amine,imine,0.621582,1,1
OpenDFM-ChemDFM-v1.5-8B,functional_group,0,amine,ketone,0.721489,0,0
OpenDFM-ChemDFM-v1.5-8B,functional_group,0,amine,nitrile,0.202101,1,1
OpenDFM-ChemDFM-v1.5-8B,functional_group,0,amine,nitro,-0.029468,1,1
OpenDFM-ChemDFM-v1.5-8B,functional_group,0,amine,sulfone,0.621817,0,0
OpenDFM-ChemDFM-v1.5-8B,functional_group,0,amine,sulfoxide,0.589196,0,0
OpenDFM-ChemDFM-v1.5-8B,functional_group,0,amine,thioether,0.592206,0,0
OpenDFM-ChemDFM-v1.5-8B,functional_group,0,amine,thiol,0.84581,0,0
OpenDFM-ChemDFM-v1.5-8B,functional_group,0,carboxylic acid,ester,0.375496,1,1
OpenDFM-ChemDFM-v1.5-8B,functional_group,0,carboxylic acid,ether,0.115713,1,0
OpenDFM-ChemDFM-v1.5-8B,functional_group,0,carboxylic acid,imine,0.488649,0,0
OpenDFM-ChemDFM-v1.5-8B,functional_group,0,carboxylic acid,ketone,0.375826,1,1
OpenDFM-ChemDFM-v1.5-8B,functional_group,0,carboxylic acid,nitrile,0.204244,0,0
OpenDFM-ChemDFM-v1.5-8B,functional_group,0,carboxylic acid,nitro,0.324049,0,0
OpenDFM-ChemDFM-v1.5-8B,functional_group,0,carboxylic acid,sulfone,0.535864,0,0
OpenDFM-ChemDFM-v1.5-8B,functional_group,0,carboxylic acid,sulfoxide,0.38759,0,0
OpenDFM-ChemDFM-v1.5-8B,functional_group,0,carboxylic acid,thioether,0.216793,0,0
OpenDFM-ChemDFM-v1.5-8B,functional_group,0,carboxylic acid,thiol,0.330843,0,0
OpenDFM-ChemDFM-v1.5-8B,functional_group,0,ester,ether,0.686835,1,0
OpenDFM-ChemDFM-v1.5-8B,functional_group,0,ester,imine,0.300596,0,0
OpenDFM-ChemDFM-v1.5-8B,functional_group,0,ester,ketone,0.905364,1,1
OpenDFM-ChemDFM-v1.5-8B,functional_group,0,ester,nitrile,0.041359,0,0
OpenDFM-ChemDFM-v1.5-8B,functional_group,0,ester,nitro,-0.327394,0,0
OpenDFM-ChemDFM-v1.5-8B,functional_group,0,ester,sulfone,0.923062,0,0
OpenDFM-ChemDFM-v1.5-8B,functional_group,0,ester,sulfoxide,0.96916,0,0
OpenDFM-ChemDFM-v1.5-8B,functional_group,0,ester,thioether,0.787833,0,0
OpenDFM-ChemDFM-v1.5-8B,functional_group,0,ester,thiol,0.711479,0,0
OpenDFM-ChemDFM-v1.5-8B,functional_group,0,ether,imine,0.225684,0,0
OpenDFM-ChemDFM-v1.5-8B,functional_group,0,ether,ketone,0.584937,1,0
OpenDFM-ChemDFM-v1.5-8B,functional_group,0,ether,nitrile,0.055212,0,0
OpenDFM-ChemDFM-v1.5-8B,functional_group,0,ether,nitro,-0.410432,0,0
OpenDFM-ChemDFM-v1.5-8B,functional_group,0,ether,sulfone,0.612838,0,0
OpenDFM-ChemDFM-v1.5-8B,functional_group,0,ether,sulfoxide,0.674107,0,0
OpenDFM-ChemDFM-v1.5-8B,functional_group,0,ether,thioether,0.83311,0,1
OpenDFM-ChemDFM-v1.5-8B,functional_group,0,ether,thiol,0.66773,0,1
OpenDFM-ChemDFM-v1.5-8B,functional_group,0,imine,ketone,0.423775,0,0
OpenDFM-ChemDFM-v1.5-8B,functional_group,0,imine,nitrile,0.379426,1,1
OpenDFM-ChemDFM-v1.5-8B,functional_group,0,imine,nitro,0.322356,1,1
OpenDFM-ChemDFM-v1.5-8B,functional_group,0,imine,sulfone,0.434049,0,0
OpenDFM-ChemDFM-v1.5-8B,functional_group,0,imine,sulfoxide,0.311133,0,0
OpenDFM-ChemDFM-v1.5-8B,functional_group,0,imine,thioether,0.252952,0,0
OpenDFM-ChemDFM-v1.5-8B,functional_group,0,imine,thiol,0.529764,0,0
OpenDFM-ChemDFM-v1.5-8B,functional_group,0,ketone,nitrile,0.107719,0,0
OpenDFM-ChemDFM-v1.5-8B,functional_group,0,ketone,nitro,-0.238518,0,0
OpenDFM-ChemDFM-v1.5-8B,functional_group,0,ketone,sulfone,0.870584,0,0
OpenDFM-ChemDFM-v1.5-8B,functional_group,0,ketone,sulfoxide,0.877749,0,0
OpenDFM-ChemDFM-v1.5-8B,functional_group,0,ketone,thioether,0.671577,0,0
OpenDFM-ChemDFM-v1.5-8B,functional_group,0,ketone,thiol,0.783194,0,0
OpenDFM-ChemDFM-v1.5-8B,functional_group,0,nitrile,nitro,0.317269,1,1
OpenDFM-ChemDFM-v1.5-8B,functional_group,0,nitrile,sulfone,0.104351,0,0
OpenDFM-ChemDFM-v1.5-8B,functional_group,0,nitrile,sulfoxide,0.043463,0,0
OpenDFM-ChemDFM-v1.5-8B,functional_group,0,nitrile,thioether,-0.010318,0,0
OpenDFM-ChemDFM-v1.5-8B,functional_group,0,nitrile,thiol,0.104657,0,0
OpenDFM-ChemDFM-v1.5-8B,functional_group,0,nitro,sulfone,-0.161692,0,0
OpenDFM-ChemDFM-v1.5-8B,functional_group,0,nitro,sulfoxide,-0.311583,0,0
OpenDFM-ChemDFM-v1.5-8B,functional_group,0,nitro,thioether,-0.474231,0,0
OpenDFM-ChemDFM-v1.5-8B,functional_group,0,nitro,thiol,-0.192129,0,0
OpenDFM-ChemDFM-v1.5-8B,functional_group,0,sulfone,sulfoxide,0.932825,1,1
OpenDFM-ChemDFM-v1.5-8B,functional_group,0,sulfone,thioether,0.752872,1,0
OpenDFM-ChemDFM-v1.5-8B,functional_group,0,sulfone,thiol,0.742713,1,0
OpenDFM-ChemDFM-v1.5-8B,functional_group,0,sulfoxide,thioether,0.809151,1,0
OpenDFM-ChemDFM-v1.5-8B,functional_group,0,sulfoxide,thiol,0.725826,1,0
OpenDFM-ChemDFM-v1.5-8B,functional_group,0,thioether,thiol,0.741368,1,1
OpenDFM-ChemDFM-v1.5-8B,functional_group,8,alcohol,aldehyde,0.628905,1,0
OpenDFM-ChemDFM-v1.5-8B,functional_group,8,alcohol,alkyl bromide,0.621213,0,0
OpenDFM-ChemDFM-v1.5-8B,functional_group,8,alcohol,alkyl chloride,0.641351,0,0
OpenDFM-ChemDFM-v1.5-8B,functional_group,8,alcohol,alkyl fluoride,0.616579,0,0
OpenDFM-ChemDFM-v1.5-8B,functional_group,8,alcohol,alkyl iodide,0.565488,0,0
OpenDFM-ChemDFM-v1.5-8B,functional_group,8,alcohol,amide,0.632979,0,0
OpenDFM-ChemDFM-v1.5-8B,functional_group,8,alcohol,amine,0.830391,0,0
OpenDFM-ChemDFM-v1.5-8B,functional_group,8,alcohol,carboxylic acid,0.692772,1,0
OpenDFM-ChemDFM-v1.5-8B,functional_group,8,alcohol,ester,0.6872,1,0
OpenDFM-ChemDFM-v1.5-8B,functional_group,8,alcohol,ether,0.706536,1,1
OpenDFM-ChemDFM-v1.5-8B,functional_group,8,alcohol,imine,0.629741,0,0
OpenDFM-ChemDFM-v1.5-8B,functional_group,8,alcohol,ketone,0.759395,1,0
OpenDFM-ChemDFM-v1.5-8B,functional_group,8,alcohol,nitrile,0.666894,0,0
OpenDFM-ChemDFM-v1.5-8B,functional_group,8,alcohol,nitro,0.558138,0,0
OpenDFM-ChemDFM-v1.5-8B,functional_group,8,alcohol,sulfone,0.652105,0,0
OpenDFM-ChemDFM-v1.5-8B,functional_group,8,alcohol,sulfoxide,0.648185,0,0
OpenDFM-ChemDFM-v1.5-8B,functional_group,8,alcohol,thioether,0.683681,0,1
OpenDFM-ChemDFM-v1.5-8B,functional_group,8,alcohol,thiol,0.816591,0,1
OpenDFM-ChemDFM-v1.5-8B,functional_group,8,aldehyde,alkyl bromide,0.443001,0,0
OpenDFM-ChemDFM-v1.5-8B,functional_group,8,aldehyde,alkyl chloride,0.450013,0,0
OpenDFM-ChemDFM-v1.5-8B,functional_group,8,aldehyde,alkyl fluoride,0.389517,0,0
OpenDFM-ChemDFM-v1.5-8B,functional_group,8,aldehyde,alkyl iodide,0.454628,0,0
OpenDFM-ChemDFM-v1.5-8B,functional_group,8,aldehyde,amide,0.673421,0,1
OpenDFM-ChemDFM-v1.5-8B,functional_group,8,aldehyde,amine,0.513213,0,0
OpenDFM-ChemDFM-v1.5-8B,functional_group,8,aldehyde,carboxylic acid,0.70499,1,1
OpenDFM-ChemDFM-v1.5-8B,functional_group,8,aldehyde,ester,0.625484,1,1
OpenDFM-ChemDFM-v1.5-8B,functional_group,8,aldehyde,ether,0.415538,1,0
OpenDFM-ChemDFM-v1.5-8B,functional_group,8,aldehyde,imine,0.658848,0,0
OpenDFM-ChemDFM-v1.5-8B,functional_group,8,aldehyde,ketone,0.643545,1,1
OpenDFM-ChemDFM-v1.5-8B,functional_group,8,aldehyde,nitrile,0.643366,0,0
OpenDFM-ChemDFM-v1.5-8B,functional_group,8,aldehyde,nitro,0.380824,0,0
OpenDFM-ChemDFM-v1.5-8B,functional_group,8,aldehyde,sulfone,0.482088,0,0
OpenDFM-ChemDFM-v1.5-8B,functional_group,8,aldehyde,sulfoxide,0.463126,0,0
OpenDFM-ChemDFM-v1.5-8B,functional_group,8,aldehyde,thioether,0.451297,0,0
OpenDFM-ChemDFM-v1.5-8B,functional_group,8,aldehyde,thiol,0.548423,0,0
OpenDFM-ChemDFM-v1.5-8B,functional_group,8,alkyl bromide,alkyl chloride,0.913263,1,1
OpenDFM-ChemDFM-v1.5-8B,functional_group,8,alkyl bromide,alkyl fluoride,0.841512,1,1
OpenDFM-ChemDFM-v1.5-8B,functional_group,8,alkyl bromide,alkyl iodide,0.887693,1,1
OpenDFM-ChemDFM-v1.5-8B,functional_group,8,alkyl bromide,amide,0.455166,0,0
OpenDFM-ChemDFM-v1.5-8B,functional_group,8,alkyl bromide,amine,0.594514,0,0
OpenDFM-ChemDFM-v1.5-8B,functional_group,8,alkyl bromide,carboxylic acid,0.484805,0,0
OpenDFM-ChemDFM-v1.5-8B,functional_group,8,alkyl bromide,ester,0.520212,0,0
OpenDFM-ChemDFM-v1.5-8B,functional_group,8,alkyl bromide,ether,0.761303,0,0
OpenDFM-ChemDFM-v1.5-8B,functional_group,8,alkyl bromide,imine,0.58052,0,0
OpenDFM-ChemDFM-v1.5-8B,functional_group,8,alkyl bromide,ketone,0.506197,0,0
OpenDFM-ChemDFM-v1.5-8B,functional_group,8,alkyl bromide,nitrile,0.599771,0,0
OpenDFM-ChemDFM-v1.5-8B,functional_group,8,alkyl bromide,nitro,0.698044,0,0
OpenDFM-ChemDFM-v1.5-8B,functional_group,8,alkyl bromide,sulfone,0.533572,0,0
OpenDFM-ChemDFM-v1.5-8B,functional_group,8,alkyl bromide,sulfoxide,0.514479,0,0
OpenDFM-ChemDFM-v1.5-8B,functional_group,8,alkyl bromide,thioether,0.739593,0,0
OpenDFM-ChemDFM-v1.5-8B,functional_group,8,alkyl bromide,thiol,0.664954,0,0
OpenDFM-ChemDFM-v1.5-8B,functional_group,8,alkyl chloride,alkyl fluoride,0.865453,1,1
OpenDFM-ChemDFM-v1.5-8B,functional_group,8,alkyl chloride,alkyl iodide,0.855236,1,1
OpenDFM-ChemDFM-v1.5-8B,functional_group,8,alkyl chloride,amide,0.504482,0,0
OpenDFM-ChemDFM-v1.5-8B,functional_group,8,alkyl chloride,amine,0.595412,0,0
OpenDFM-ChemDFM-v1.5-8B,functional_group,8,alkyl chloride,carboxylic acid,0.529838,0,0
OpenDFM-ChemDFM-v1.5-8B,functional_group,8,alkyl chloride,ester,0.573398,0,0
OpenDFM-ChemDFM-v1.5-8B,functional_group,8,alkyl chloride,ether,0.792076,0,0
OpenDFM-ChemDFM-v1.5-8B,functional_group,8,alkyl chloride,imine,0.57734,0,0
OpenDFM-ChemDFM-v1.5-8B,functional_group,8,alkyl chloride,ketone,0.52866,0,0
OpenDFM-ChemDFM-v1.5-8B,functional_group,8,alkyl chloride,nitrile,0.627074,0,0
OpenDFM-ChemDFM-v1.5-8B,functional_group,8,alkyl chloride,nitro,0.69981,0,0
OpenDFM-ChemDFM-v1.5-8B,functional_group,8,alkyl chloride,sulfone,0.581292,0,0
OpenDFM-ChemDFM-v1.5-8B,functional_group,8,alkyl chloride,sulfoxide,0.54863,0,0
OpenDFM-ChemDFM-v1.5-8B,functional_group,8,alkyl chloride,thioether,0.751532,0,0
OpenDFM-ChemDFM-v1.5-8B,functional_group,8,alkyl chloride,thiol,0.665248,0,0
OpenDFM-ChemDFM-v1.5-8B,functional_group,8,alkyl fluoride,alkyl iodide,0.848538,1,1
OpenDFM-ChemDFM-v1.5-8B,functional_group,8,alkyl fluoride,amide,0.451916,0,0
OpenDFM-ChemDFM-v1.5-8B,functional_group,8,alkyl fluoride,amine,0.612319,0,0
OpenDFM-ChemDFM-v1.5-8B,functional_group,8,alkyl fluoride,carboxylic acid,0.445602,0,0
OpenDFM-ChemDFM-v1.5-8B,functional_group,8,alkyl fluoride,ester,0.513508,0,0
OpenDFM-ChemDFM-v1.5-8B,functional_group,8,alkyl fluoride,ether,0.810862,0,0
OpenDFM-ChemDFM-v1.5-8B,functional_group,8,alkyl fluoride,imine,0.529676,0,0
OpenDFM-ChemDFM-v1.5-8B,functional_group,8,alkyl fluoride,ketone,0.492247,0,0
OpenDFM-ChemDFM-v1.5-8B,functional_group,8,alkyl fluoride,nitrile,0.63352,0,0
OpenDFM-ChemDFM-v1.5-8B,functional_group,8,alkyl fluoride,nitro,0.69846,0,0
OpenDFM-ChemDFM-v1.5-8B,functional_group,8,alkyl fluoride,sulfone,0.594901,0,0
OpenDFM-ChemDFM-v1.5-8B,functional_group,8,alkyl fluoride,sulfoxide,0.589351,0,0
OpenDFM-ChemDFM-v1.5-8B,functional_group,8,alkyl fluoride,thioether,0.79595,0,0
OpenDFM-ChemDFM-v1.5-8B,functional_group,8,alkyl fluoride,thiol,0.693475,0,0
OpenDFM-ChemDFM-v1.5-8B,functional_group,8,alkyl iodide,amide,0.439766,0,0
OpenDFM-ChemDFM-v1.5-8B,functional_group,8,alkyl iodide,amine,0.569143,0,0
OpenDFM-ChemDFM-v1.5-8B,functional_group,8,alkyl iodide,carboxylic acid,0.450368,0,0
OpenDFM-ChemDFM-v1.5-8B,functional_group,8,alkyl iodide,ester,0.490321,0,0
OpenDFM-ChemDFM-v1.5-8B,functional_group,8,alkyl iodide,ether,0.754248,0,0
OpenDFM-ChemDFM-v1.5-8B,functional_group,8,alkyl iodide,imine,0.593372,0,0
OpenDFM-ChemDFM-v1.5-8B,functional_group,8,alkyl iodide,ketone,0.47692,0,0
OpenDFM-ChemDFM-v1.5-8B,functional_group,8,alkyl iodide,nitrile,0.585468,0,0
OpenDFM-ChemDFM-v1.5-8B,functional_group,8,alkyl iodide,nitro,0.644835,0,0
OpenDFM-ChemDFM-v1.5-8B,functional_group,8,alkyl iodide,sulfone,0.549245,0,0
OpenDFM-ChemDFM-v1.5-8B,functional_group,8,alkyl iodide,sulfoxide,0.546791,0,0
OpenDFM-ChemDFM-v1.5-8B,functional_group,8,alkyl iodide,thioether,0.758149,0,0
OpenDFM-ChemDFM-v1.5-8B,functional_group,8,alkyl iodide,thiol,0.656196,0,0
OpenDFM-ChemDFM-v1.5-8B,functional_group,8,amide,amine,0.665951,1,0
OpenDFM-ChemDFM-v1.5-8B,functional_group,8,amide,carboxylic acid,0.841276,0,1
OpenDFM-ChemDFM-v1.5-8B,functional_group,8,amide,ester,0.756322,0,1
OpenDFM-ChemDFM-v1.5-8B,functional_group,8,amide,ether,0.50349,0,0
OpenDFM-ChemDFM-v1.5-8B,functional_group,8,amide,imine,0.662103,1,0
OpenDFM-ChemDFM-v1.5-8B,functional_group,8,amide,ketone,0.663237,0,1
OpenDFM-ChemDFM-v1.5-8B,functional_group,8,amide,nitrile,0.713121,1,0
OpenDFM-ChemDFM-v1.5-8B,functional_group,8,amide,nitro,0.548021,1,0
OpenDFM-ChemDFM-v1.5-8B,functional_group,8,amide,sulfone,0.645786,0,0
OpenDFM-ChemDFM-v1.5-8B,functional_group,8,amide,sulfoxide,0.613582,0,0
OpenDFM-ChemDFM-v1.5-8B,functional_group,8,amide,thioether,0.478377,0,0
OpenDFM-ChemDFM-v1.5-8B,functional_group,8,amide,thiol,0.616548,0,0
OpenDFM-ChemDFM-v1.5-8B,functional_group,8,amine,carboxylic acid,0.600422,0,0
OpenDFM-ChemDFM-v1.5-8B,functional_group,8,amine,ester,0.637951,0,0
OpenDFM-ChemDFM-v1.5-8B,functional_group,8,amine,ether,0.648887,0,0
OpenDFM-ChemDFM-v1.5-8B,functional_group,8,amine,imine,0.69765,1,1
OpenDFM-ChemDFM-v1.5-8B,functional_group,8,amine,ketone,0.722064,0,0
OpenDFM-ChemDFM-v1.5-8B,functional_group,8,amine,nitrile,0.663408,1,1
OpenDFM-ChemDFM-v1.5-8B,functional_group,8,amine,nitro,0.604444,1,1
OpenDFM-ChemDFM-v1.5-8B,functional_group,8,amine,sulfone,0.651814,0,0
OpenDFM-ChemDFM-v1.5-8B,functional_group,8,amine,sulfoxide,0.669861,0,0
OpenDFM-ChemDFM-v1.5-8B,functional_group,8,amine,thioether,0.689214,0,0
OpenDFM-ChemDFM-v1.5-8B,functional_group,8,amine,thiol,0.791385,0,0
OpenDFM-ChemDFM-v1.5-8B,functional_group,8,carboxylic acid,ester,0.743962,1,1
OpenDFM-ChemDFM-v1.5-8B,functional_group,8,carboxylic acid,ether,0.486787,1,0
OpenDFM-ChemDFM-v1.5-8B,functional_group,8,carboxylic acid,imine,0.573008,0,0
OpenDFM-ChemDFM-v1.5-8B,functional_group,8,carboxylic acid,ketone,0.66785,1,1
OpenDFM-ChemDFM-v1.5-8B,functional_group,8,carboxylic acid,nitrile,0.684905,0,0
OpenDFM-ChemDFM-v1.5-8B,functional_group,8,carboxylic acid,nitro,0.529607,0,0
OpenDFM-ChemDFM-v1.5-8B,functional_group,8,carboxylic acid,sulfone,0.609134,0,0
OpenDFM-ChemDFM-v1.5-8B,functional_group,8,carboxylic acid,sulfoxide,0.574632,0,0
OpenDFM-ChemDFM-v1.5-8B,functional_group,8,carboxylic acid,thioether,0.456848,0,0
OpenDFM-ChemDFM-v1.5-8B,functional_group,8,carboxylic acid,thiol,0.630358,0,0
OpenDFM-ChemDFM-v1.5-8B,functional_group,8,ester,ether,0.632256,1,0
OpenDFM-ChemDFM-v1.5-8B,functional_group,8,ester,imine,0.611906,0,0
OpenDFM-ChemDFM-v1.5-8B,functional_group,8,ester,ketone,0.804103,1,1
OpenDFM-ChemDFM-v1.5-8B,functional_group,8,ester,nitrile,0.677091,0,0
OpenDFM-ChemDFM-v1.5-8B,functional_group,8,ester,nitro,0.550887,0,0
OpenDFM-ChemDFM-v1.5-8B,functional_group,8,ester,sulfone,0.745287,0,0
OpenDFM-ChemDFM-v1.5-8B,functional_group,8,ester,sulfoxide,0.716773,0,0
OpenDFM-ChemDFM-v1.5-8B,functional_group,8,ester,thioether,0.588392,0,0
OpenDFM-ChemDFM-v1.5-8B,functional_group,8,ester,thiol,0.615195,0,0
OpenDFM-ChemDFM-v1.5-8B,functional_group,8,ether,imine,0.562391,0,0
OpenDFM-ChemDFM-v1.5-8B,functional_group,8,ether,ketone,0.571083,1,0
OpenDFM-ChemDFM-v1.5-8B,functional_group,8,ether,nitrile,0.574488,0,0
OpenDFM-ChemDFM-v1.5-8B,functional_group,8,ether,nitro,0.630479,0,0
OpenDFM-ChemDFM-v1.5-8B,functional_group,8,ether,sulfone,0.605128,0,0
OpenDFM-ChemDFM-v1.5-8B,functional_group,8,ether,sulfoxide,0.624241,0,0
OpenDFM-ChemDFM-v1.5-8B,functional_group,8,ether,thioether,0.840594,0,1
OpenDFM-ChemDFM-v1.5-8B,functional_group,8,ether,thiol,0.690194,0,1
OpenDFM-ChemDFM-v1.5-8B,functional_group,8,imine,ketone,0.634787,0,0
OpenDFM-ChemDFM-v1.5-8B,functional_group,8,imine,nitrile,0.701177,1,1
OpenDFM-ChemDFM-v1.5-8B,functional_group,8,imine,nitro,0.574886,1,1
OpenDFM-ChemDFM-v1.5-8B,functional_group,8,imine,sulfone,0.601954,0,0
OpenDFM-ChemDFM-v1.5-8B,functional_group,8,imine,sulfoxide,0.616069,0,0
OpenDFM-ChemDFM-v1.5-8B,functional_group,8,imine,thioether,0.63785,0,0
OpenDFM-ChemDFM-v1.5-8B,functional_group,8,imine,thiol,0.6491,0,0
OpenDFM-ChemDFM-v1.5-8B,functional_group,8,ketone,nitrile,0.648779,0,0
OpenDFM-ChemDFM-v1.5-8B,functional_group,8,ketone,nitro,0.531223,0,0
OpenDFM-ChemDFM-v1.5-8B,functional_group,8,ketone,sulfone,0.682036,0,0
OpenDFM-ChemDFM-v1.5-8B,functional_group,8,ketone,sulfoxide,0.656141,0,0
OpenDFM-ChemDFM-v1.5-8B,functional_group,8,ketone,thioether,0.599305,0,0
OpenDFM-ChemDFM-v1.5-8B,functional_group,8,ketone,thiol,0.628048,0,0
OpenDFM-ChemDFM-v1.5-8B,functional_group,8,nitrile,nitro,0.592208,1,1
OpenDFM-ChemDFM-v1.5-8B,functional_group,8,nitrile,sulfone,0.66382,0,0
OpenDFM-ChemDFM-v1.5-8B,functional_group,8,nitrile,sulfoxide,0.647007,0,0
OpenDFM-ChemDFM-v1.5-8B,functional_group,8,nitrile,thioether,0.606992,0,0
OpenDFM-ChemDFM-v1.5-8B,functional_group,8,nitrile,thiol,0.709385,0,0
OpenDFM-ChemDFM-v1.5-8B,functional_group,8,nitro,sulfone,0.655838,0,0
OpenDFM-ChemDFM-v1.5-8B,functional_group,8,nitro,sulfoxide,0.59504,0,0
OpenDFM-ChemDFM-v1.5-8B,functional_group,8,nitro,thioether,0.655374,0,0
OpenDFM-ChemDFM-v1.5-8B,functional_group,8,nitro,thiol,0.61135,0,0
OpenDFM-ChemDFM-v1.5-8B,functional_group,8,sulfone,sulfoxide,0.918415,1,1
OpenDFM-ChemDFM-v1.5-8B,functional_group,8,sulfone,thioether,0.704401,1,0
OpenDFM-ChemDFM-v1.5-8B,functional_group,8,sulfone,thiol,0.722801,1,0
OpenDFM-ChemDFM-v1.5-8B,functional_group,8,sulfoxide,thioether,0.716519,1,0
OpenDFM-ChemDFM-v1.5-8B,functional_group,8,sulfoxide,thiol,0.733527,1,0
OpenDFM-ChemDFM-v1.5-8B,functional_group,8,thioether,thiol,0.758972,1,1
OpenDFM-ChemDFM-v1.5-8B,functional_group,16,alcohol,aldehyde,0.660128,1,0
OpenDFM-ChemDFM-v1.5-8B,functional_group,16,alcohol,alkyl bromide,0.638,0,0
OpenDFM-ChemDFM-v1.5-8B,functional_group,16,alcohol,alkyl chloride,0.641669,0,0
OpenDFM-ChemDFM-v1.5-8B,functional_group,16,alcohol,alkyl fluoride,0.638744,0,0
OpenDFM-ChemDFM-v1.5-8B,functional_group,16,alcohol,alkyl iodide,0.624081,0,0
OpenDFM-ChemDFM-v1.5-8B,functional_group,16,alcohol,amide,0.673924,0,0
OpenDFM-ChemDFM-v1.5-8B,functional_group,16,alcohol,amine,0.806818,0,0
OpenDFM-ChemDFM-v1.5-8B,functional_group,16,alcohol,carboxylic acid,0.691861,1,0
OpenDFM-ChemDFM-v1.5-8B,functional_group,16,alcohol,ester,0.630145,1,0
OpenDFM-ChemDFM-v1.5-8B,functional_group,16,alcohol,ether,0.722778,1,1
OpenDFM-ChemDFM-v1.5-8B,functional_group,16,alcohol,imine,0.579603,0,0
OpenDFM-ChemDFM-v1.5-8B,functional_group,16,alcohol,ketone,0.705973,1,0
OpenDFM-ChemDFM-v1.5-8B,functional_group,16,alcohol,nitrile,0.640559,0,0
OpenDFM-ChemDFM-v1.5-8B,functional_group,16,alcohol,nitro,0.615758,0,0
OpenDFM-ChemDFM-v1.5-8B,functional_group,16,alcohol,sulfone,0.589485,0,0
OpenDFM-ChemDFM-v1.5-8B,functional_group,16,alcohol,sulfoxide,0.641881,0,0
OpenDFM-ChemDFM-v1.5-8B,functional_group,16,alcohol,thioether,0.653641,0,1
OpenDFM-ChemDFM-v1.5-8B,functional_group,16,alcohol,thiol,0.810095,0,1
OpenDFM-ChemDFM-v1.5-8B,functional_group,16,aldehyde,alkyl bromide,0.617136,0,0
OpenDFM-ChemDFM-v1.5-8B,functional_group,16,aldehyde,alkyl chloride,0.582668,0,0
OpenDFM-ChemDFM-v1.5-8B,functional_group,16,aldehyde,alkyl fluoride,0.558349,0,0
OpenDFM-ChemDFM-v1.5-8B,functional_group,16,aldehyde,alkyl iodide,0.600099,0,0
OpenDFM-ChemDFM-v1.5-8B,functional_group,16,aldehyde,amide,0.731263,0,1
OpenDFM-ChemDFM-v1.5-8B,functional_group,16,aldehyde,amine,0.572716,0,0
OpenDFM-ChemDFM-v1.5-8B,functional_group,16,aldehyde,carboxylic acid,0.773325,1,1
OpenDFM-ChemDFM-v1.5-8B,functional_group,16,aldehyde,ester,0.674343,1,1
OpenDFM-ChemDFM-v1.5-8B,functional_group,16,aldehyde,ether,0.525597,1,0
OpenDFM-ChemDFM-v1.5-8B,functional_group,16,aldehyde,imine,0.715478,0,0
OpenDFM-ChemDFM-v1.5-8B,functional_group,16,aldehyde,ketone,0.711967,1,1
OpenDFM-ChemDFM-v1.5-8B,functional_group,16,aldehyde,nitrile,0.710218,0,0
OpenDFM-ChemDFM-v1.5-8B,functional_group,16,aldehyde,nitro,0.565811,0,0
OpenDFM-ChemDFM-v1.5-8B,functional_group,16,aldehyde,sulfone,0.525427,0,0
OpenDFM-ChemDFM-v1.5-8B,functional_group,16,aldehyde,sulfoxide,0.558875,0,0
OpenDFM-ChemDFM-v1.5-8B,functional_group,16,aldehyde,thioether,0.55776,0,0
OpenDFM-ChemDFM-v1.5-8B,functional_group,16,aldehyde,thiol,0.632468,0,0
OpenDFM-ChemDFM-v1.5-8B,functional_group,16,alkyl bromide,alkyl chloride,0.925003,1,1
OpenDFM-ChemDFM-v1.5-8B,functional_group,16,alkyl bromide,alkyl fluoride,0.8464,1,1
OpenDFM-ChemDFM-v1.5-8B,functional_group,16,alkyl bromide,alkyl iodide,0.90536,1,1
OpenDFM-ChemDFM-v1.5-8B,functional_group,16,alkyl bromide,amide,0.565191,0,0
OpenDFM-ChemDFM-v1.5-8B,functional_group,16,alkyl bromide,amine,0.594331,0,0
OpenDFM-ChemDFM-v1.5-8B,functional_group,16,alkyl bromide,carboxylic acid,0.597407,0,0
OpenDFM-ChemDFM-v1.5-8B,functional_group,16,alkyl bromide,ester,0.613751,0,0
OpenDFM-ChemDFM-v1.5-8B,functional_group,16,alkyl bromide,ether,0.695915,0,0
OpenDFM-ChemDFM-v1.5-8B,functional_group,16,alkyl bromide,imine,0.560055,0,0
OpenDFM-ChemDFM-v1.5-8B,functional_group,16,alkyl bromide,ketone,0.533676,0,0
OpenDFM-ChemDFM-v1.5-8B,functional_group,16,alkyl bromide,nitrile,0.667377,0,0
OpenDFM-ChemDFM-v1.5-8B,functional_group,16,alkyl bromide,nitro,0.741147,0,0
OpenDFM-ChemDFM-v1.5-8B,functional_group,16,alkyl bromide,sulfone,0.602278,0,0
OpenDFM-ChemDFM-v1.5-8B,functional_group,16,alkyl bromide,sulfoxide,0.609276,0,0
OpenDFM-ChemDFM-v1.5-8B,functional_group,16,alkyl bromide,thioether,0.743215,0,0
OpenDFM-ChemDFM-v1.5-8B,functional_group,16,alkyl bromide,thiol,0.717274,0,0
OpenDFM-ChemDFM-v1.5-8B,functional_group,16,alkyl chloride,alkyl fluoride,0.888086,1,1
OpenDFM-ChemDFM-v1.5-8B,functional_group,16,alkyl chloride,alkyl iodide,0.865457,1,1
OpenDFM-ChemDFM-v1.5-8B,functional_group,16,alkyl chloride,amide,0.525579,0,0
OpenDFM-ChemDFM-v1.5-8B,functional_group,16,alkyl chloride,amine,0.56923,0,0
OpenDFM-ChemDFM-v1.5-8B,functional_group,16,alkyl chloride,carboxylic acid,0.555961,0,0
OpenDFM-ChemDFM-v1.5-8B,functional_group,16,alkyl chloride,ester,0.559666,0,0
OpenDFM-ChemDFM-v1.5-8B,functional_group,16,alkyl chloride,ether,0.727221,0,0
OpenDFM-ChemDFM-v1.5-8B,functional_group,16,alkyl chloride,imine,0.535477,0,0
OpenDFM-ChemDFM-v1.5-8B,functional_group,16,alkyl chloride,ketone,0.511362,0,0
OpenDFM-ChemDFM-v1.5-8B,functional_group,16,alkyl chloride,nitrile,0.62827,0,0
OpenDFM-ChemDFM-v1.5-8B,functional_group,16,alkyl chloride,nitro,0.717792,0,0
OpenDFM-ChemDFM-v1.5-8B,functional_group,16,alkyl chloride,sulfone,0.580765,0,0
OpenDFM-ChemDFM-v1.5-8B,functional_group,16,alkyl chloride,sulfoxide,0.603423,0,0
OpenDFM-ChemDFM-v1.5-8B,functional_group,16,alkyl chloride,thioether,0.741591,0,0
OpenDFM-ChemDFM-v1.5-8B,functional_group,16,alkyl chloride,thiol,0.708946,0,0
OpenDFM-ChemDFM-v1.5-8B,functional_group,16,alkyl fluoride,alkyl iodide,0.870725,1,1
OpenDFM-ChemDFM-v1.5-8B,functional_group,16,alkyl fluoride,amide,0.550073,0,0
OpenDFM-ChemDFM-v1.5-8B,functional_group,16,alkyl fluoride,amine,0.619879,0,0
OpenDFM-ChemDFM-v1.5-8B,functional_group,16,alkyl fluoride,carboxylic acid,0.535265,0,0
OpenDFM-ChemDFM-v1.5-8B,functional_group,16,alkyl fluoride,ester,0.556028,0,0
OpenDFM-ChemDFM-v1.5-8B,functional_group,16,alkyl fluoride,ether,0.757267,0,0
OpenDFM-ChemDFM-v1.5-8B,functional_group,16,alkyl fluoride,imine,0.571422,0,0
OpenDFM-ChemDFM-v1.5-8B,functional_group,16,alkyl fluoride,ketone,0.493999,0,0
OpenDFM-ChemDFM-v1.5-8B,functional_group,16,alkyl fluoride,nitrile,0.665071,0,0
OpenDFM-ChemDFM-v1.5-8B,functional_group,16,alkyl fluoride,nitro,0.73458,0,0
OpenDFM-ChemDFM-v1.5-8B,functional_group,16,alkyl fluoride,sulfone,0.611464,0,0
OpenDFM-ChemDFM-v1.5-8B,functional_group,16,alkyl fluoride,sulfoxide,0.632328,0,0
OpenDFM-ChemDFM-v1.5-8B,functional_group,16,alkyl fluoride,thioether,0.758866,0,0
OpenDFM-ChemDFM-v1.5-8B,functional_group,16,alkyl fluoride,thiol,0.729776,0,0
OpenDFM-ChemDFM-v1.5-8B,functional_group,16,alkyl iodide,amide,0.570912,0,0
OpenDFM-ChemDFM-v1.5-8B,functional_group,16,alkyl iodide,amine,0.597582,0,0
OpenDFM-ChemDFM-v1.5-8B,functional_group,16,alkyl iodide,carboxylic acid,0.564736,0,0
OpenDFM-ChemDFM-v1.5-8B,functional_group,16,alkyl iodide,ester,0.581096,0,0
OpenDFM-ChemDFM-v1.5-8B,functional_group,16,alkyl iodide,ether,0.702963,0,0
OpenDFM-ChemDFM-v1.5-8B,functional_group,16,alkyl iodide,imine,0.614934,0,0
OpenDFM-ChemDFM-v1.5-8B,functional_group,16,alkyl iodide,ketone,0.507492,0,0
OpenDFM-ChemDFM-v1.5-8B,functional_group,16,alkyl iodide,nitrile,0.669268,0,0
OpenDFM-ChemDFM-v1.5-8B,functional_group,16,alkyl iodide,nitro,0.739833,0,0
OpenDFM-ChemDFM-v1.5-8B,functional_group,16,alkyl iodide,sulfone,0.638207,0,0
OpenDFM-ChemDFM-v1.5-8B,functional_group,16,alkyl iodide,sulfoxide,0.661279,0,0
OpenDFM-ChemDFM-v1.5-8B,functional_group,16,alkyl iodide,thioether,0.76889,0,0
OpenDFM-ChemDFM-v1.5-8B,functional_group,16,alkyl iodide,thiol,0.73972,0,0
OpenDFM-ChemDFM-v1.5-8B,functional_group,16,amide,amine,0.689796,1,0
OpenDFM-ChemDFM-v1.5-8B,functional_group,16,amide,carboxylic acid,0.853345,0,1
OpenDFM-ChemDFM-v1.5-8B,functional_group,16,amide,ester,0.756606,0,1
OpenDFM-ChemDFM-v1.5-8B,functional_group,16,amide,ether,0.551466,0,0
OpenDFM-ChemDFM-v1.5-8B,functional_group,16,amide,imine,0.700437,1,0
OpenDFM-ChemDFM-v1.5-8B,functional_group,16,amide,ketone,0.701662,0,1
OpenDFM-ChemDFM-v1.5-8B,functional_group,16,amide,nitrile,0.761321,1,0
OpenDFM-ChemDFM-v1.5-8B,functional_group,16,amide,nitro,0.64757,1,0
OpenDFM-ChemDFM-v1.5-8B,functional_group,16,amide,sulfone,0.665881,0,0
OpenDFM-ChemDFM-v1.5-8B,functional_group,16,amide,sulfoxide,0.663791,0,0
OpenDFM-ChemDFM-v1.5-8B,functional_group,16,amide,thioether,0.592112,0,0
OpenDFM-ChemDFM-v1.5-8B,functional_group,16,amide,thiol,0.660145,0,0
OpenDFM-ChemDFM-v1.5-8B,functional_group,16,amine,carboxylic acid,0.57987,0,0
OpenDFM-ChemDFM-v1.5-8B,functional_group,16,amine,ester,0.535202,0,0
OpenDFM-ChemDFM-v1.5-8B,functional_group,16,amine,ether,0.612233,0,0
OpenDFM-ChemDFM-v1.5-8B,functional_group,16,amine,imine,0.68955,1,1
OpenDFM-ChemDFM-v1.5-8B,functional_group,16,amine,ketone,0.575107,0,0
OpenDFM-ChemDFM-v1.5-8B,functional_group,16,amine,nitrile,0.65322,1,1
OpenDFM-ChemDFM-v1.5-8B,functional_group,16,amine,nitro,0.65221,1,1
OpenDFM-ChemDFM-v1.5-8B,functional_group,16,amine,sulfone,0.564154,0,0
OpenDFM-ChemDFM-v1.5-8B,functional_group,16,amine,sulfoxide,0.617361,0,0
OpenDFM-ChemDFM-v1.5-8B,functional_group,16,amine,thioether,0.649422,0,0
OpenDFM-ChemDFM-v1.5-8B,functional_group,16,amine,thiol,0.794135,0,0
OpenDFM-ChemDFM-v1.5-8B,functional_group,16,carboxylic acid,ester,0.79759,1,1
OpenDFM-ChemDFM-v1.5-8B,functional_group,16,carboxylic acid,ether,0.52321,1,0
OpenDFM-ChemDFM-v1.5-8B,functional_group,16,carboxylic acid,imine,0.567949,0,0
OpenDFM-ChemDFM-v1.5-8B,functional_group,16,carboxylic acid,ketone,0.7059,1,1
OpenDFM-ChemDFM-v1.5-8B,functional_group,16,carboxylic acid,nitrile,0.680348,0,0
OpenDFM-ChemDFM-v1.5-8B,functional_group,16,carboxylic acid,nitro,0.618681,0,0
OpenDFM-ChemDFM-v1.5-8B,functional_group,16,carboxylic acid,sulfone,0.639343,0,0
OpenDFM-ChemDFM-v1.5-8B,functional_group,16,carboxylic acid,sulfoxide,0.62679,0,0
OpenDFM-ChemDFM-v1.5-8B,functional_group,16,carboxylic acid,thioether,0.535146,0,0
OpenDFM-ChemDFM-v1.5-8B,functional_group,16,carboxylic acid,thiol,0.640242,0,0
OpenDFM-ChemDFM-v1.5-8B,functional_group,16,ester,ether,0.69754,1,0
OpenDFM-ChemDFM-v1.5-8B,functional_group,16,ester,imine,0.581569,0,0
OpenDFM-ChemDFM-v1.5-8B,functional_group,16,ester,ketone,0.771687,1,1
OpenDFM-ChemDFM-v1.5-8B,functional_group,16,ester,nitrile,0.67791,0,0
OpenDFM-ChemDFM-v1.5-8B,functional_group,16,ester,nitro,0.627709,0,0
OpenDFM-ChemDFM-v1.5-8B,functional_group,16,ester,sulfone,0.679438,0,0
OpenDFM-ChemDFM-v1.5-8B,functional_group,16,ester,sulfoxide,0.665403,0,0
OpenDFM-ChemDFM-v1.5-8B,functional_group,16,ester,thioether,0.638882,0,0
OpenDFM-ChemDFM-v1.5-8B,functional_group,16,ester,thiol,0.614737,0,0
OpenDFM-ChemDFM-v1.5-8B,functional_group,16,ether,imine,0.549381,0,0
OpenDFM-ChemDFM-v1.5-8B,functional_group,16,ether,ketone,0.598888,1,0
OpenDFM-ChemDFM-v1.5-8B,functional_group,16,ether,nitrile,0.590522,0,0
OpenDFM-ChemDFM-v1.5-8B,functional_group,16,ether,nitro,0.660759,0,0
OpenDFM-ChemDFM-v1.5-8B,functional_group,16,ether,sulfone,0.645486,0,0
OpenDFM-ChemDFM-v1.5-8B,functional_group,16,ether,sulfoxide,0.701853,0,0
OpenDFM-ChemDFM-v1.5-8B,functional_group,16,ether,thioether,0.818148,0,1
OpenDFM-ChemDFM-v1.5-8B,functional_group,16,ether,thiol,0.72403,0,1
OpenDFM-ChemDFM-v1.5-8B,functional_group,16,imine,ketone,0.599516,0,0
OpenDFM-ChemDFM-v1.5-8B,functional_group,16,imine,nitrile,0.754547,1,1
OpenDFM-ChemDFM-v1.5-8B,functional_group,16,imine,nitro,0.590419,1,1
OpenDFM-ChemDFM-v1.5-8B,functional_group,16,imine,sulfone,0.561716,0,0
OpenDFM-ChemDFM-v1.5-8B,functional_group,16,imine,sulfoxide,0.635319,0,0
OpenDFM-ChemDFM-v1.5-8B,functional_group,16,imine,thioether,0.650347,0,0
OpenDFM-ChemDFM-v1.5-8B,functional_group,16,imine,thiol,0.669865,0,0
OpenDFM-ChemDFM-v1.5-8B,functional_group,16,ketone,nitrile,0.656742,0,0
OpenDFM-ChemDFM-v1.5-8B,functional_group,16,ketone,nitro,0.577987,0,0
OpenDFM-ChemDFM-v1.5-8B,functional_group,16,ketone,sulfone,0.625737,0,0
OpenDFM-ChemDFM-v1.5-8B,functional_group,16,ketone,sulfoxide,0.634257,0,0
OpenDFM-ChemDFM-v1.5-8B,functional_group,16,ketone,thioether,0.592675,0,0
OpenDFM-ChemDFM-v1.5-8B,functional_group,16,ketone,thiol,0.64481,0,0
OpenDFM-ChemDFM-v1.5-8B,functional_group,16,nitrile,nitro,0.663933,1,1
OpenDFM-ChemDFM-v1.5-8B,functional_group,16,nitrile,sulfone,0.639659,0,0
OpenDFM-ChemDFM-v1.5-8B,functional_group,16,nitrile,sulfoxide,0.64223,0,0
OpenDFM-ChemDFM-v1.5-8B,functional_group,16,nitrile,thioether,0.657903,0,0
OpenDFM-ChemDFM-v1.5-8B,functional_group,16,nitrile,thiol,0.723949,0,0
OpenDFM-ChemDFM-v1.5-8B,functional_group,16,nitro,sulfone,0.727849,0,0
OpenDFM-ChemDFM-v1.5-8B,functional_group,16,nitro,sulfoxide,0.696248,0,0
OpenDFM-ChemDFM-v1.5-8B,functional_group,16,nitro,thioether,0.692883,0,0
OpenDFM-ChemDFM-v1.5-8B,functional_group,16,nitro,thiol,0.680667,0,0
OpenDFM-ChemDFM-v1.5-8B,functional_group,16,sulfone,sulfoxide,0.909057,1,1
OpenDFM-ChemDFM-v1.5-8B,functional_group,16,sulfone,thioether,0.724488,1,0
OpenDFM-ChemDFM-v1.5-8B,functional_group,16,sulfone,thiol,0.705395,1,0
OpenDFM-ChemDFM-v1.5-8B,functional_group,16,sulfoxide,thioether,0.792308,1,0
OpenDFM-ChemDFM-v1.5-8B,functional_group,16,sulfoxide,thiol,0.76941,1,0
OpenDFM-ChemDFM-v1.5-8B,functional_group,16,thioether,thiol,0.847217,1,1
OpenDFM-ChemDFM-v1.5-8B,functional_group,24,alcohol,aldehyde,0.550552,1,0
OpenDFM-ChemDFM-v1.5-8B,functional_group,24,alcohol,alkyl bromide,0.32189,0,0
OpenDFM-ChemDFM-v1.5-8B,functional_group,24,alcohol,alkyl chloride,0.379478,0,0
OpenDFM-ChemDFM-v1.5-8B,functional_group,24,alcohol,alkyl fluoride,0.355643,0,0
OpenDFM-ChemDFM-v1.5-8B,functional_group,24,alcohol,alkyl iodide,0.37415,0,0
OpenDFM-ChemDFM-v1.5-8B,functional_group,24,alcohol,amide,0.447574,0,0
OpenDFM-ChemDFM-v1.5-8B,functional_group,24,alcohol,amine,0.62404,0,0
OpenDFM-ChemDFM-v1.5-8B,functional_group,24,alcohol,carboxylic acid,0.629979,1,0
OpenDFM-ChemDFM-v1.5-8B,functional_group,24,alcohol,ester,0.50605,1,0
OpenDFM-ChemDFM-v1.5-8B,functional_group,24,alcohol,ether,0.572385,1,1
OpenDFM-ChemDFM-v1.5-8B,functional_group,24,alcohol,imine,0.400711,0,0
OpenDFM-ChemDFM-v1.5-8B,functional_group,24,alcohol,ketone,0.49105,1,0
OpenDFM-ChemDFM-v1.5-8B,functional_group,24,alcohol,nitrile,0.382087,0,0
OpenDFM-ChemDFM-v1.5-8B,functional_group,24,alcohol,nitro,0.431483,0,0
OpenDFM-ChemDFM-v1.5-8B,functional_group,24,alcohol,sulfone,0.450501,0,0
OpenDFM-ChemDFM-v1.5-8B,functional_group,24,alcohol,sulfoxide,0.490999,0,0
OpenDFM-ChemDFM-v1.5-8B,functional_group,24,alcohol,thioether,0.454367,0,1
OpenDFM-ChemDFM-v1.5-8B,functional_group,24,alcohol,thiol,0.610024,0,1
OpenDFM-ChemDFM-v1.5-8B,functional_group,24,aldehyde,alkyl bromide,0.273215,0,0
OpenDFM-ChemDFM-v1.5-8B,functional_group,24,aldehyde,alkyl chloride,0.276105,0,0
OpenDFM-ChemDFM-v1.5-8B,functional_group,24,aldehyde,alkyl fluoride,0.284062,0,0
OpenDFM-ChemDFM-v1.5-8B,functional_group,24,aldehyde,alkyl iodide,0.294058,0,0
OpenDFM-ChemDFM-v1.5-8B,functional_group,24,aldehyde,amide,0.650566,0,1
OpenDFM-ChemDFM-v1.5-8B,functional_group,24,aldehyde,amine,0.448517,0,0
OpenDFM-ChemDFM-v1.5-8B,functional_group,24,aldehyde,carboxylic acid,0.690163,1,1
OpenDFM-ChemDFM-v1.5-8B,functional_group,24,aldehyde,ester,0.650354,1,1
OpenDFM-ChemDFM-v1.5-8B,functional_group,24,aldehyde,ether,0.348186,1,0
OpenDFM-ChemDFM-v1.5-8B,functional_group,24,aldehyde,imine,0.622523,0,0
OpenDFM-ChemDFM-v1.5-8B,functional_group,24,aldehyde,ketone,0.663957,1,1
OpenDFM-ChemDFM-v1.5-8B,functional_group,24,aldehyde,nitrile,0.525568,0,0
OpenDFM-ChemDFM-v1.5-8B,functional_group,24,aldehyde,nitro,0.430664,0,0
OpenDFM-ChemDFM-v1.5-8B,functional_group,24,aldehyde,sulfone,0.386717,0,0
OpenDFM-ChemDFM-v1.5-8B,functional_group,24,aldehyde,sulfoxide,0.416447,0,0
OpenDFM-ChemDFM-v1.5-8B,functional_group,24,aldehyde,thioether,0.357508,0,0
OpenDFM-ChemDFM-v1.5-8B,functional_group,24,aldehyde,thiol,0.366803,0,0
OpenDFM-ChemDFM-v1.5-8B,functional_group,24,alkyl bromide,alkyl chloride,0.72342,1,1
OpenDFM-ChemDFM-v1.5-8B,functional_group,24,alkyl bromide,alkyl fluoride,0.588477,1,1
OpenDFM-ChemDFM-v1.5-8B,functional_group,24,alkyl bromide,alkyl iodide,0.69179,1,1
OpenDFM-ChemDFM-v1.5-8B,functional_group,24,alkyl bromide,amide,0.215575,0,0
OpenDFM-ChemDFM-v1.5-8B,functional_group,24,alkyl bromide,amine,0.282391,0,0
OpenDFM-ChemDFM-v1.5-8B,functional_group,24,alkyl bromide,carboxylic acid,0.250715,0,0
OpenDFM-ChemDFM-v1.5-8B,functional_group,24,alkyl bromide,ester,0.284241,0,0
OpenDFM-ChemDFM-v1.5-8B,functional_group,24,alkyl bromide,ether,0.424146,0,0
OpenDFM-ChemDFM-v1.5-8B,functional_group,24,alkyl bromide,imine,0.246948,0,0
OpenDFM-ChemDFM-v1.5-8B,functional_group,24,alkyl bromide,ketone,0.183668,0,0
OpenDFM-ChemDFM-v1.5-8B,functional_group,24,alkyl bromide,nitrile,0.316505,0,0
OpenDFM-ChemDFM-v1.5-8B,functional_group,24,alkyl bromide,nitro,0.407937,0,0
OpenDFM-ChemDFM-v1.5-8B,functional_group,24,alkyl bromide,sulfone,0.345234,0,0
OpenDFM-ChemDFM-v1.5-8B,functional_group,24,alkyl bromide,sulfoxide,0.346915,0,0
OpenDFM-ChemDFM-v1.5-8B,functional_group,24,alkyl bromide,thioether,0.416038,0,0
OpenDFM-ChemDFM-v1.5-8B,functional_group,24,alkyl bromide,thiol,0.361181,0,0
OpenDFM-ChemDFM-v1.5-8B,functional_group,24,alkyl chloride,alkyl fluoride,0.68905,1,1
OpenDFM-ChemDFM-v1.5-8B,functional_group,24,alkyl chloride,alkyl iodide,0.665573,1,1
OpenDFM-ChemDFM-v1.5-8B,functional_group,24,alkyl chloride,amide,0.233534,0,0
OpenDFM-ChemDFM-v1.5-8B,functional_group,24,alkyl chloride,amine,0.340722,0,0
OpenDFM-ChemDFM-v1.5-8B,functional_group,24,alkyl chloride,carboxylic acid,0.244101,0,0
OpenDFM-ChemDFM-v1.5-8B,functional_group,24,alkyl chloride,ester,0.272723,0,0
OpenDFM-ChemDFM-v1.5-8B,functional_group,24,alkyl chloride,ether,0.473601,0,0
OpenDFM-ChemDFM-v1.5-8B,functional_group,24,alkyl chloride,imine,0.248511,0,0
OpenDFM-ChemDFM-v1.5-8B,functional_group,24,alkyl chloride,ketone,0.180109,0,0
OpenDFM-ChemDFM-v1.5-8B,functional_group,24,alkyl chloride,nitrile,0.296232,0,0
OpenDFM-ChemDFM-v1.5-8B,functional_group,24,alkyl chloride,nitro,0.422421,0,0
OpenDFM-ChemDFM-v1.5-8B,functional_group,24,alkyl chloride,sulfone,0.337253,0,0
OpenDFM-ChemDFM-v1.5-8B,functional_group,24,alkyl chloride,sulfoxide,0.363746,0,0
OpenDFM-ChemDFM-v1.5-8B,functional_group,24,alkyl chloride,thioether,0.43871,0,0
OpenDFM-ChemDFM-v1.5-8B,functional_group,24,alkyl chloride,thiol,0.379501,0,0
OpenDFM-ChemDFM-v1.5-8B,functional_group,24,alkyl fluoride,alkyl iodide,0.635646,1,1
OpenDFM-ChemDFM-v1.5-8B,functional_group,24,alkyl fluoride,amide,0.270243,0,0
OpenDFM-ChemDFM-v1.5-8B,functional_group,24,alkyl fluoride,amine,0.352151,0,0
OpenDFM-ChemDFM-v1.5-8B,functional_group,24,alkyl fluoride,carboxylic acid,0.272686,0,0
OpenDFM-ChemDFM-v1.5-8B,functional_group,24,alkyl fluoride,ester,0.307857,0,0
OpenDFM-ChemDFM-v1.5-8B,functional_group,24,alkyl fluoride,ether,0.48571,0,0
OpenDFM-ChemDFM-v1.5-8B,functional_group,24,alkyl fluoride,imine,0.299286,0,0
OpenDFM-ChemDFM-v1.5-8B,functional_group,24,alkyl fluoride,ketone,0.199226,0,0
OpenDFM-ChemDFM-v1.5-8B,functional_group,24,alkyl fluoride,nitrile,0.340742,0,0
OpenDFM-ChemDFM-v1.5-8B,functional_group,24,alkyl fluoride,nitro,0.418848,0,0
OpenDFM-ChemDFM-v1.5-8B,functional_group,24,alkyl fluoride,sulfone,0.363643,0,0
OpenDFM-ChemDFM-v1.5-8B,functional_group,24,alkyl fluoride,sulfoxide,0.3791,0,0
OpenDFM-ChemDFM-v1.5-8B,functional_group,24,alkyl fluoride,thioether,0.402567,0,0
OpenDFM-ChemDFM-v1.5-8B,functional_group,24,alkyl fluoride,thiol,0.339688,0,0
OpenDFM-ChemDFM-v1.5-8B,functional_group,24,alkyl iodide,amide,0.231068,0,0
OpenDFM-ChemDFM-v1.5-8B,functional_group,24,alkyl iodide,amine,0.335439,0,0
OpenDFM-ChemDFM-v1.5-8B,functional_group,24,alkyl iodide,carboxylic acid,0.261379,0,0
OpenDFM-ChemDFM-v1.5-8B,functional_group,24,alkyl iodide,ester,0.286008,0,0
OpenDFM-ChemDFM-v1.5-8B,functional_group,24,alkyl iodide,ether,0.457306,0,0
OpenDFM-ChemDFM-v1.5-8B,functional_group,24,alkyl iodide,imine,0.343255,0,0
OpenDFM-ChemDFM-v1.5-8B,functional_group,24,alkyl iodide,ketone,0.209145,0,0
OpenDFM-ChemDFM-v1.5-8B,functional_group,24,alkyl iodide,nitrile,0.352712,0,0
OpenDFM-ChemDFM-v1.5-8B,functional_group,24,alkyl iodide,nitro,0.412947,0,0
OpenDFM-ChemDFM-v1.5-8B,functional_group,24,alkyl iodide,sulfone,0.379673,0,0
OpenDFM-ChemDFM-v1.5-8B,functional_group,24,alkyl iodide,sulfoxide,0.387044,0,0
OpenDFM-ChemDFM-v1.5-8B,functional_group,24,alkyl iodide,thioether,0.451076,0,0
OpenDFM-ChemDFM-v1.5-8B,functional_group,24,alkyl iodide,thiol,0.416513,0,0
OpenDFM-ChemDFM-v1.5-8B,functional_group,24,amide,amine,0.579302,1,0
OpenDFM-ChemDFM-v1.5-8B,functional_group,24,amide,carboxylic acid,0.725318,0,1
OpenDFM-ChemDFM-v1.5-8B,functional_group,24,amide,ester,0.710526,0,1
OpenDFM-ChemDFM-v1.5-8B,functional_group,24,amide,ether,0.321683,0,0
OpenDFM-ChemDFM-v1.5-8B,functional_group,24,amide,imine,0.521887,1,0
OpenDFM-ChemDFM-v1.5-8B,functional_group,24,amide,ketone,0.601689,0,1
OpenDFM-ChemDFM-v1.5-8B,functional_group,24,amide,nitrile,0.53905,1,0
OpenDFM-ChemDFM-v1.5-8B,functional_group,24,amide,nitro,0.493223,1,0
OpenDFM-ChemDFM-v1.5-8B,functional_group,24,amide,sulfone,0.412034,0,0
OpenDFM-ChemDFM-v1.5-8B,functional_group,24,amide,sulfoxide,0.414132,0,0
OpenDFM-ChemDFM-v1.5-8B,functional_group,24,amide,thioether,0.354593,0,0
OpenDFM-ChemDFM-v1.5-8B,functional_group,24,amide,thiol,0.335714,0,0
OpenDFM-ChemDFM-v1.5-8B,functional_group,24,amine,carboxylic acid,0.462919,0,0
OpenDFM-ChemDFM-v1.5-8B,functional_group,24,amine,ester,0.373712,0,0
OpenDFM-ChemDFM-v1.5-8B,functional_group,24,amine,ether,0.35507,0,0
OpenDFM-ChemDFM-v1.5-8B,functional_group,24,amine,imine,0.550587,1,1
OpenDFM-ChemDFM-v1.5-8B,functional_group,24,amine,ketone,0.353708,0,0
OpenDFM-ChemDFM-v1.5-8B,functional_group,24,amine,nitrile,0.420129,1,1
OpenDFM-ChemDFM-v1.5-8B,functional_group,24,amine,nitro,0.50656,1,1
OpenDFM-ChemDFM-v1.5-8B,functional_group,24,amine,sulfone,0.358935,0,0
OpenDFM-ChemDFM-v1.5-8B,functional_group,24,amine,sulfoxide,0.387846,0,0
OpenDFM-ChemDFM-v1.5-8B,functional_group,24,amine,thioether,0.418975,0,0
OpenDFM-ChemDFM-v1.5-8B,functional_group,24,amine,thiol,0.523912,0,0
OpenDFM-ChemDFM-v1.5-8B,functional_group,24,carboxylic acid,ester,0.773336,1,1
OpenDFM-ChemDFM-v1.5-8B,functional_group,24,carboxylic acid,ether,0.364502,1,0
OpenDFM-ChemDFM-v1.5-8B,functional_group,24,carboxylic acid,imine,0.415747,0,0
OpenDFM-ChemDFM-v1.5-8B,functional_group,24,carboxylic acid,ketone,0.598198,1,1
OpenDFM-ChemDFM-v1.5-8B,functional_group,24,carboxylic acid,nitrile,0.46221,0,0
OpenDFM-ChemDFM-v1.5-8B,functional_group,24,carboxylic acid,nitro,0.441476,0,0
OpenDFM-ChemDFM-v1.5-8B,functional_group,24,carboxylic acid,sulfone,0.451871,0,0
OpenDFM-ChemDFM-v1.5-8B,functional_group,24,carboxylic acid,sulfoxide,0.439713,0,0
OpenDFM-ChemDFM-v1.5-8B,functional_group,24,carboxylic acid,thioether,0.360819,0,0
OpenDFM-ChemDFM-v1.5-8B,functional_group,24,carboxylic acid,thiol,0.43318,0,0
OpenDFM-ChemDFM-v1.5-8B,functional_group,24,ester,ether,0.561587,1,0
OpenDFM-ChemDFM-v1.5-8B,functional_group,24,ester,imine,0.461267,0,0
OpenDFM-ChemDFM-v1.5-8B,functional_group,24,ester,ketone,0.677424,1,1
OpenDFM-ChemDFM-v1.5-8B,functional_group,24,ester,nitrile,0.501345,0,0
OpenDFM-ChemDFM-v1.5-8B,functional_group,24,ester,nitro,0.487504,0,0
OpenDFM-ChemDFM-v1.5-8B,functional_group,24,ester,sulfone,0.532174,0,0
OpenDFM-ChemDFM-v1.5-8B,functional_group,24,ester,sulfoxide,0.522457,0,0
OpenDFM-ChemDFM-v1.5-8B,functional_group,24,ester,thioether,0.439976,0,0
OpenDFM-ChemDFM-v1.5-8B,functional_group,24,ester,thiol,0.33316,0,0
OpenDFM-ChemDFM-v1.5-8B,functional_group,24,ether,imine,0.331459,0,0
OpenDFM-ChemDFM-v1.5-8B,functional_group,24,ether,ketone,0.379433,1,0
OpenDFM-ChemDFM-v1.5-8B,functional_group,24,ether,nitrile,0.291014,0,0
OpenDFM-ChemDFM-v1.5-8B,functional_group,24,ether,nitro,0.455928,0,0
OpenDFM-ChemDFM-v1.5-8B,functional_group,24,ether,sulfone,0.546227,0,0
OpenDFM-ChemDFM-v1.5-8B,functional_group,24,ether,sulfoxide,0.603565,0,0
OpenDFM-ChemDFM-v1.5-8B,functional_group,24,ether,thioether,0.60048,0,1
OpenDFM-ChemDFM-v1.5-8B,functional_group,24,ether,thiol,0.364123,0,1
OpenDFM-ChemDFM-v1.5-8B,functional_group,24,imine,ketone,0.486565,0,0
OpenDFM-ChemDFM-v1.5-8B,functional_group,24,imine,nitrile,0.584972,1,1
OpenDFM-ChemDFM-v1.5-8B,functional_group,24,imine,nitro,0.445693,1,1
OpenDFM-ChemDFM-v1.5-8B,functional_group,24,imine,sulfone,0.389043,0,0
OpenDFM-ChemDFM-v1.5-8B,functional_group,24,imine,sulfoxide,0.42542,0,0
OpenDFM-ChemDFM-v1.5-8B,functional_group,24,imine,thioether,0.411106,0,0
OpenDFM-ChemDFM-v1.5-8B,functional_group,24,imine,thiol,0.357175,0,0
OpenDFM-ChemDFM-v1.5-8B,functional_group,24,ketone,nitrile,0.402509,0,0
OpenDFM-ChemDFM-v1.5-8B,functional_group,24,ketone,nitro,0.359715,0,0
OpenDFM-ChemDFM-v1.5-8B,functional_group,24,ketone,sulfone,0.483829,0,0
OpenDFM-ChemDFM-v1.5-8B,functional_group,24,ketone,sulfoxide,0.461284,0,0
OpenDFM-ChemDFM-v1.5-8B,functional_group,24,ketone,thioether,0.362059,0,0
OpenDFM-ChemDFM-v1.5-8B,functional_group,24,ketone,thiol,0.337151,0,0
OpenDFM-ChemDFM-v1.5-8B,functional_group,24,nitrile,nitro,0.513262,1,1
OpenDFM-ChemDFM-v1.5-8B,functional_group,24,nitrile,sulfone,0.395616,0,0
OpenDFM-ChemDFM-v1.5-8B,functional_group,24,nitrile,sulfoxide,0.383451,0,0
OpenDFM-ChemDFM-v1.5-8B,functional_group,24,nitrile,thioether,0.367875,0,0
OpenDFM-ChemDFM-v1.5-8B,functional_group,24,nitrile,thiol,0.379108,0,0
OpenDFM-ChemDFM-v1.5-8B,functional_group,24,nitro,sulfone,0.512969,0,0
OpenDFM-ChemDFM-v1.5-8B,functional_group,24,nitro,sulfoxide,0.47335,0,0
OpenDFM-ChemDFM-v1.5-8B,functional_group,24,nitro,thioether,0.424793,0,0
OpenDFM-ChemDFM-v1.5-8B,functional_group,24,nitro,thiol,0.349599,0,0
OpenDFM-ChemDFM-v1.5-8B,functional_group,24,sulfone,sulfoxide,0.886614,1,1
OpenDFM-ChemDFM-v1.5-8B,functional_group,24,sulfone,thioether,0.65822,1,0
OpenDFM-ChemDFM-v1.5-8B,functional_group,24,sulfone,thiol,0.51214,1,0
OpenDFM-ChemDFM-v1.5-8B,functional_group,24,sulfoxide,thioether,0.784553,1,0
OpenDFM-ChemDFM-v1.5-8B,functional_group,24,sulfoxide,thiol,0.603717,1,0
OpenDFM-ChemDFM-v1.5-8B,functional_group,24,thioether,thiol,0.76374,1,1
OpenDFM-ChemDFM-v1.5-8B,functional_group,31,alcohol,aldehyde,0.574579,1,0
OpenDFM-ChemDFM-v1.5-8B,functional_group,31,alcohol,alkyl bromide,0.312483,0,0
OpenDFM-ChemDFM-v1.5-8B,functional_group,31,alcohol,alkyl chloride,0.330628,0,0
OpenDFM-ChemDFM-v1.5-8B,functional_group,31,alcohol,alkyl fluoride,0.28054,0,0
OpenDFM-ChemDFM-v1.5-8B,functional_group,31,alcohol,alkyl iodide,0.340488,0,0
OpenDFM-ChemDFM-v1.5-8B,functional_group,31,alcohol,amide,0.461005,0,0
OpenDFM-ChemDFM-v1.5-8B,functional_group,31,alcohol,amine,0.556186,0,0
OpenDFM-ChemDFM-v1.5-8B,functional_group,31,alcohol,carboxylic acid,0.597197,1,0
OpenDFM-ChemDFM-v1.5-8B,functional_group,31,alcohol,ester,0.487652,1,0
OpenDFM-ChemDFM-v1.5-8B,functional_group,31,alcohol,ether,0.52056,1,1
OpenDFM-ChemDFM-v1.5-8B,functional_group,31,alcohol,imine,0.404176,0,0
OpenDFM-ChemDFM-v1.5-8B,functional_group,31,alcohol,ketone,0.50548,1,0
OpenDFM-ChemDFM-v1.5-8B,functional_group,31,alcohol,nitrile,0.3701,0,0
OpenDFM-ChemDFM-v1.5-8B,functional_group,31,alcohol,nitro,0.378045,0,0
OpenDFM-ChemDFM-v1.5-8B,functional_group,31,alcohol,sulfone,0.449488,0,0
OpenDFM-ChemDFM-v1.5-8B,functional_group,31,alcohol,sulfoxide,0.454794,0,0
OpenDFM-ChemDFM-v1.5-8B,functional_group,31,alcohol,thioether,0.395862,0,1
OpenDFM-ChemDFM-v1.5-8B,functional_group,31,alcohol,thiol,0.544309,0,1
OpenDFM-ChemDFM-v1.5-8B,functional_group,31,aldehyde,alkyl bromide,0.302506,0,0
OpenDFM-ChemDFM-v1.5-8B,functional_group,31,aldehyde,alkyl chloride,0.303539,0,0
OpenDFM-ChemDFM-v1.5-8B,functional_group,31,aldehyde,alkyl fluoride,0.263841,0,0
OpenDFM-ChemDFM-v1.5-8B,functional_group,31,aldehyde,alkyl iodide,0.345426,0,0
OpenDFM-ChemDFM-v1.5-8B,functional_group,31,aldehyde,amide,0.562885,0,1
OpenDFM-ChemDFM-v1.5-8B,functional_group,31,aldehyde,amine,0.410927,0,0
OpenDFM-ChemDFM-v1.5-8B,functional_group,31,aldehyde,carboxylic acid,0.631684,1,1
OpenDFM-ChemDFM-v1.5-8B,functional_group,31,aldehyde,ester,0.588857,1,1
OpenDFM-ChemDFM-v1.5-8B,functional_group,31,aldehyde,ether,0.378837,1,0
OpenDFM-ChemDFM-v1.5-8B,functional_group,31,aldehyde,imine,0.527282,0,0
OpenDFM-ChemDFM-v1.5-8B,functional_group,31,aldehyde,ketone,0.596122,1,1
OpenDFM-ChemDFM-v1.5-8B,functional_group,31,aldehyde,nitrile,0.438199,0,0
OpenDFM-ChemDFM-v1.5-8B,functional_group,31,aldehyde,nitro,0.376872,0,0
OpenDFM-ChemDFM-v1.5-8B,functional_group,31,aldehyde,sulfone,0.436177,0,0
OpenDFM-ChemDFM-v1.5-8B,functional_group,31,aldehyde,sulfoxide,0.432464,0,0
OpenDFM-ChemDFM-v1.5-8B,functional_group,31,aldehyde,thioether,0.354895,0,0
OpenDFM-ChemDFM-v1.5-8B,functional_group,31,aldehyde,thiol,0.397333,0,0
OpenDFM-ChemDFM-v1.5-8B,functional_group,31,alkyl bromide,alkyl chloride,0.606726,1,1
OpenDFM-ChemDFM-v1.5-8B,functional_group,31,alkyl bromide,alkyl fluoride,0.495683,1,1
OpenDFM-ChemDFM-v1.5-8B,functional_group,31,alkyl bromide,alkyl iodide,0.606365,1,1
OpenDFM-ChemDFM-v1.5-8B,functional_group,31,alkyl bromide,amide,0.269927,0,0
OpenDFM-ChemDFM-v1.5-8B,functional_group,31,alkyl bromide,amine,0.277459,0,0
OpenDFM-ChemDFM-v1.5-8B,functional_group,31,alkyl bromide,carboxylic acid,0.302907,0,0
OpenDFM-ChemDFM-v1.5-8B,functional_group,31,alkyl bromide,ester,0.334614,0,0
OpenDFM-ChemDFM-v1.5-8B,functional_group,31,alkyl bromide,ether,0.362104,0,0
OpenDFM-ChemDFM-v1.5-8B,functional_group,31,alkyl bromide,imine,0.26561,0,0
OpenDFM-ChemDFM-v1.5-8B,functional_group,31,alkyl bromide,ketone,0.238514,0,0
OpenDFM-ChemDFM-v1.5-8B,functional_group,31,alkyl bromide,nitrile,0.354295,0,0
OpenDFM-ChemDFM-v1.5-8B,functional_group,31,alkyl bromide,nitro,0.355368,0,0
OpenDFM-ChemDFM-v1.5-8B,functional_group,31,alkyl bromide,sulfone,0.301881,0,0
OpenDFM-ChemDFM-v1.5-8B,functional_group,31,alkyl bromide,sulfoxide,0.292043,0,0
OpenDFM-ChemDFM-v1.5-8B,functional_group,31,alkyl bromide,thioether,0.332857,0,0
OpenDFM-ChemDFM-v1.5-8B,functional_group,31,alkyl bromide,thiol,0.312463,0,0
OpenDFM-ChemDFM-v1.5-8B,functional_group,31,alkyl chloride,alkyl fluoride,0.590189,1,1
OpenDFM-ChemDFM-v1.5-8B,functional_group,31,alkyl chloride,alkyl iodide,0.549613,1,1
OpenDFM-ChemDFM-v1.5-8B,functional_group,31,alkyl chloride,amide,0.259422,0,0
OpenDFM-ChemDFM-v1.5-8B,functional_group,31,alkyl chloride,amine,0.316126,0,0
OpenDFM-ChemDFM-v1.5-8B,functional_group,31,alkyl chloride,carboxylic acid,0.299483,0,0
OpenDFM-ChemDFM-v1.5-8B,functional_group,31,alkyl chloride,ester,0.315191,0,0
OpenDFM-ChemDFM-v1.5-8B,functional_group,31,alkyl chloride,ether,0.433654,0,0
OpenDFM-ChemDFM-v1.5-8B,functional_group,31,alkyl chloride,imine,0.257175,0,0
OpenDFM-ChemDFM-v1.5-8B,functional_group,31,alkyl chloride,ketone,0.234062,0,0
OpenDFM-ChemDFM-v1.5-8B,functional_group,31,alkyl chloride,nitrile,0.348618,0,0
OpenDFM-ChemDFM-v1.5-8B,functional_group,31,alkyl chloride,nitro,0.398881,0,0
OpenDFM-ChemDFM-v1.5-8B,functional_group,31,alkyl chloride,sulfone,0.296842,0,0
OpenDFM-ChemDFM-v1.5-8B,functional_group,31,alkyl chloride,sulfoxide,0.29666,0,0
OpenDFM-ChemDFM-v1.5-8B,functional_group,31,alkyl chloride,thioether,0.327552,0,0
OpenDFM-ChemDFM-v1.5-8B,functional_group,31,alkyl chloride,thiol,0.318813,0,0
OpenDFM-ChemDFM-v1.5-8B,functional_group,31,alkyl fluoride,alkyl iodide,0.525086,1,1
OpenDFM-ChemDFM-v1.5-8B,functional_group,31,alkyl fluoride,amide,0.269363,0,0
OpenDFM-ChemDFM-v1.5-8B,functional_group,31,alkyl fluoride,amine,0.274007,0,0
OpenDFM-ChemDFM-v1.5-8B,functional_group,31,alkyl fluoride,carboxylic acid,0.277844,0,0
OpenDFM-ChemDFM-v1.5-8B,functional_group,31,alkyl fluoride,ester,0.312086,0,0
OpenDFM-ChemDFM-v1.5-8B,functional_group,31,alkyl fluoride,ether,0.39392,0,0
OpenDFM-ChemDFM-v1.5-8B,functional_group,31,alkyl fluoride,imine,0.260042,0,0
OpenDFM-ChemDFM-v1.5-8B,functional_group,31,alkyl fluoride,ketone,0.23744,0,0
OpenDFM-ChemDFM-v1.5-8B,functional_group,31,alkyl fluoride,nitrile,0.350436,0,0
OpenDFM-ChemDFM-v1.5-8B,functional_group,31,alkyl fluoride,nitro,0.354289,0,0
OpenDFM-ChemDFM-v1.5-8B,functional_group,31,alkyl fluoride,sulfone,0.31027,0,0
OpenDFM-ChemDFM-v1.5-8B,functional_group,31,alkyl fluoride,sulfoxide,0.282494,0,0
OpenDFM-ChemDFM-v1.5-8B,functional_group,31,alkyl fluoride,thioether,0.314944,0,0
OpenDFM-ChemDFM-v1.5-8B,functional_group,31,alkyl fluoride,thiol,0.302863,0,0
OpenDFM-ChemDFM-v1.5-8B,functional_group,31,alkyl iodide,amide,0.330551,0,0
OpenDFM-ChemDFM-v1.5-8B,functional_group,31,alkyl iodide,amine,0.349579,0,0
OpenDFM-ChemDFM-v1.5-8B,functional_group,31,alkyl iodide,carboxylic acid,0.345924,0,0
OpenDFM-ChemDFM-v1.5-8B,functional_group,31,alkyl iodide,ester,0.365508,0,0
OpenDFM-ChemDFM-v1.5-8B,functional_group,31,alkyl iodide,ether,0.393192,0,0
OpenDFM-ChemDFM-v1.5-8B,functional_group,31,alkyl iodide,imine,0.363004,0,0
OpenDFM-ChemDFM-v1.5-8B,functional_group,31,alkyl iodide,ketone,0.269524,0,0
OpenDFM-ChemDFM-v1.5-8B,functional_group,31,alkyl iodide,nitrile,0.42159,0,0
OpenDFM-ChemDFM-v1.5-8B,functional_group,31,alkyl iodide,nitro,0.399345,0,0
OpenDFM-ChemDFM-v1.5-8B,functional_group,31,alkyl iodide,sulfone,0.364305,0,0
OpenDFM-ChemDFM-v1.5-8B,functional_group,31,alkyl iodide,sulfoxide,0.342729,0,0
OpenDFM-ChemDFM-v1.5-8B,functional_group,31,alkyl iodide,thioether,0.390524,0,0
OpenDFM-ChemDFM-v1.5-8B,functional_group,31,alkyl iodide,thiol,0.368696,0,0
OpenDFM-ChemDFM-v1.5-8B,functional_group,31,amide,amine,0.573751,1,0
OpenDFM-ChemDFM-v1.5-8B,functional_group,31,amide,carboxylic acid,0.668508,0,1
OpenDFM-ChemDFM-v1.5-8B,functional_group,31,amide,ester,0.647826,0,1
OpenDFM-ChemDFM-v1.5-8B,functional_group,31,amide,ether,0.328542,0,0
OpenDFM-ChemDFM-v1.5-8B,functional_group,31,amide,imine,0.439954,1,0
OpenDFM-ChemDFM-v1.5-8B,functional_group,31,amide,ketone,0.560425,0,1
OpenDFM-ChemDFM-v1.5-8B,functional_group,31,amide,nitrile,0.503499,1,0
OpenDFM-ChemDFM-v1.5-8B,functional_group,31,amide,nitro,0.447579,1,0
OpenDFM-ChemDFM-v1.5-8B,functional_group,31,amide,sulfone,0.449849,0,0
OpenDFM-ChemDFM-v1.5-8B,functional_group,31,amide,sulfoxide,0.410051,0,0
OpenDFM-ChemDFM-v1.5-8B,functional_group,31,amide,thioether,0.391345,0,0
OpenDFM-ChemDFM-v1.5-8B,functional_group,31,amide,thiol,0.408221,0,0
OpenDFM-ChemDFM-v1.5-8B,functional_group,31,amine,carboxylic acid,0.447875,0,0
OpenDFM-ChemDFM-v1.5-8B,functional_group,31,amine,ester,0.394721,0,0
OpenDFM-ChemDFM-v1.5-8B,functional_group,31,amine,ether,0.366893,0,0
OpenDFM-ChemDFM-v1.5-8B,functional_group,31,amine,imine,0.518426,1,1
OpenDFM-ChemDFM-v1.5-8B,functional_group,31,amine,ketone,0.379477,0,0
OpenDFM-ChemDFM-v1.5-8B,functional_group,31,amine,nitrile,0.437638,1,1
OpenDFM-ChemDFM-v1.5-8B,functional_group,31,amine,nitro,0.483302,1,1
OpenDFM-ChemDFM-v1.5-8B,functional_group,31,amine,sulfone,0.406642,0,0
OpenDFM-ChemDFM-v1.5-8B,functional_group,31,amine,sulfoxide,0.403093,0,0
OpenDFM-ChemDFM-v1.5-8B,functional_group,31,amine,thioether,0.399638,0,0
OpenDFM-ChemDFM-v1.5-8B,functional_group,31,amine,thiol,0.49116,0,0
OpenDFM-ChemDFM-v1.5-8B,functional_group,31,carboxylic acid,ester,0.719157,1,1
OpenDFM-ChemDFM-v1.5-8B,functional_group,31,carboxylic acid,ether,0.37315,1,0
OpenDFM-ChemDFM-v1.5-8B,functional_group,31,carboxylic acid,imine,0.37419,0,0
OpenDFM-ChemDFM-v1.5-8B,functional_group,31,carboxylic acid,ketone,0.572833,1,1
OpenDFM-ChemDFM-v1.5-8B,functional_group,31,carboxylic acid,nitrile,0.44209,0,0
OpenDFM-ChemDFM-v1.5-8B,functional_group,31,carboxylic acid,nitro,0.414131,0,0
OpenDFM-ChemDFM-v1.5-8B,functional_group,31,carboxylic acid,sulfone,0.440928,0,0
OpenDFM-ChemDFM-v1.5-8B,functional_group,31,carboxylic acid,sulfoxide,0.414917,0,0
OpenDFM-ChemDFM-v1.5-8B,functional_group,31,carboxylic acid,thioether,0.37406,0,0
OpenDFM-ChemDFM-v1.5-8B,functional_group,31,carboxylic acid,thiol,0.460781,0,0
OpenDFM-ChemDFM-v1.5-8B,functional_group,31,ester,ether,0.504694,1,0
OpenDFM-ChemDFM-v1.5-8B,functional_group,31,ester,imine,0.430387,0,0
OpenDFM-ChemDFM-v1.5-8B,functional_group,31,ester,ketone,0.636399,1,1
OpenDFM-ChemDFM-v1.5-8B,functional_group,31,ester,nitrile,0.480387,0,0
OpenDFM-ChemDFM-v1.5-8B,functional_group,31,ester,nitro,0.448491,0,0
OpenDFM-ChemDFM-v1.5-8B,functional_group,31,ester,sulfone,0.517547,0,0
OpenDFM-ChemDFM-v1.5-8B,functional_group,31,ester,sulfoxide,0.487348,0,0
OpenDFM-ChemDFM-v1.5-8B,functional_group,31,ester,thioether,0.452103,0,0
OpenDFM-ChemDFM-v1.5-8B,functional_group,31,ester,thiol,0.393227,0,0
OpenDFM-ChemDFM-v1.5-8B,functional_group,31,ether,imine,0.365379,0,0
OpenDFM-ChemDFM-v1.5-8B,functional_group,31,ether,ketone,0.407633,1,0
OpenDFM-ChemDFM-v1.5-8B,functional_group,31,ether,nitrile,0.338891,0,0
OpenDFM-ChemDFM-v1.5-8B,functional_group,31,ether,nitro,0.412376,0,0
OpenDFM-ChemDFM-v1.5-8B,functional_group,31,ether,sulfone,0.510115,0,0
OpenDFM-ChemDFM-v1.5-8B,functional_group,31,ether,sulfoxide,0.516221,0,0
OpenDFM-ChemDFM-v1.5-8B,functional_group,31,ether,thioether,0.491466,0,1
OpenDFM-ChemDFM-v1.5-8B,functional_group,31,ether,thiol,0.358211,0,1
OpenDFM-ChemDFM-v1.5-8B,functional_group,31,imine,ketone,0.474893,0,0
OpenDFM-ChemDFM-v1.5-8B,functional_group,31,imine,nitrile,0.536659,1,1
OpenDFM-ChemDFM-v1.5-8B,functional_group,31,imine,nitro,0.414385,1,1
OpenDFM-ChemDFM-v1.5-8B,functional_group,31,imine,sulfone,0.443584,0,0
OpenDFM-ChemDFM-v1.5-8B,functional_group,31,imine,sulfoxide,0.434182,0,0
OpenDFM-ChemDFM-v1.5-8B,functional_group,31,imine,thioether,0.375327,0,0
OpenDFM-ChemDFM-v1.5-8B,functional_group,31,imine,thiol,0.330566,0,0
OpenDFM-ChemDFM-v1.5-8B,functional_group,31,ketone,nitrile,0.386319,0,0
OpenDFM-ChemDFM-v1.5-8B,functional_group,31,ketone,nitro,0.378315,0,0
OpenDFM-ChemDFM-v1.5-8B,functional_group,31,ketone,sulfone,0.515913,0,0
OpenDFM-ChemDFM-v1.5-8B,functional_group,31,ketone,sulfoxide,0.477821,0,0
OpenDFM-ChemDFM-v1.5-8B,functional_group,31,ketone,thioether,0.382179,0,0
OpenDFM-ChemDFM-v1.5-8B,functional_group,31,ketone,thiol,0.358068,0,0
OpenDFM-ChemDFM-v1.5-8B,functional_group,31,nitrile,nitro,0.497092,1,1
OpenDFM-ChemDFM-v1.5-8B,functional_group,31,nitrile,sulfone,0.388193,0,0
OpenDFM-ChemDFM-v1.5-8B,functional_group,31,nitrile,sulfoxide,0.363263,0,0
OpenDFM-ChemDFM-v1.5-8B,functional_group,31,nitrile,thioether,0.38982,0,0
OpenDFM-ChemDFM-v1.5-8B,functional_group,31,nitrile,thiol,0.375779,0,0
OpenDFM-ChemDFM-v1.5-8B,functional_group,31,nitro,sulfone,0.457344,0,0
OpenDFM-ChemDFM-v1.5-8B,functional_group,31,nitro,sulfoxide,0.407341,0,0
OpenDFM-ChemDFM-v1.5-8B,functional_group,31,nitro,thioether,0.375362,0,0
OpenDFM-ChemDFM-v1.5-8B,functional_group,31,nitro,thiol,0.354456,0,0
OpenDFM-ChemDFM-v1.5-8B,functional_group,31,sulfone,sulfoxide,0.871451,1,1
OpenDFM-ChemDFM-v1.5-8B,functional_group,31,sulfone,thioether,0.626936,1,0
OpenDFM-ChemDFM-v1.5-8B,functional_group,31,sulfone,thiol,0.522768,1,0
OpenDFM-ChemDFM-v1.5-8B,functional_group,31,sulfoxide,thioether,0.722442,1,0
OpenDFM-ChemDFM-v1.5-8B,functional_group,31,sulfoxide,thiol,0.596509,1,0
OpenDFM-ChemDFM-v1.5-8B,functional_group,31,thioether,thiol,0.744877,1,1
